grid_cell_id,cell_code,region_id,reference_date,centroid_lat,centroid_lon,elevation_m,slope_deg,aspect_deg,aspect_sin,aspect_cos,fuel_type,ndvi,ndwi,temperature_c,relative_humidity_pct,wind_speed_ms,wind_direction_deg,wind_u_ms,wind_v_ms,precipitation_24h_mm,precipitation_7d_mm,fwi,fire_count_7d,fire_count_30d,days_since_last_fire,dist_to_recent_fire_m,target_fire_next_24h
UTT_CELL_0038_0142,CELL_0038_0142,UTT,2022-05-01,30.17276,79.23186,1796.4,11.6,137.3,0.678,-0.735,CONIFER_HIGH_FLAMMABILITY,0.576,0.072,13.85,62.75,2.6475,107.75,-2.521,0.807,1.1,1.1,27.6,0,0,365.0,50000.0,0
UTT_CELL_0084_0049,CELL_0084_0049,UTT,2022-05-01,30.37277,78.74448,1721.5,7.7,157.3,0.386,-0.923,CONIFER_HIGH_FLAMMABILITY,0.615,0.072,13.85,62.75,2.6475,107.75,-2.521,0.807,1.1,1.1,27.6,0,0,365.0,50000.0,1
UTT_CELL_0051_0144,CELL_0051_0144,UTT,2022-05-01,30.23154,79.2412,1835.4,30.7,143.2,0.599,-0.801,CONIFER_HIGH_FLAMMABILITY,0.385,0.072,13.85,62.75,2.6475,107.75,-2.521,0.807,1.1,1.1,27.6,0,0,365.0,50000.0,0
UTT_CELL_0084_0051,CELL_0084_0051,UTT,2022-05-01,30.37295,78.75487,1725.7,7.8,157.3,0.386,-0.923,CONIFER_HIGH_FLAMMABILITY,0.614,0.072,13.85,62.75,2.6475,107.75,-2.521,0.807,1.1,1.1,27.6,0,0,365.0,50000.0,0
UTT_CELL_0116_0121,CELL_0116_0121,UTT,2022-05-01,30.523,79.11613,1960.3,26.6,172.3,0.134,-0.991,CONIFER_HIGH_FLAMMABILITY,0.426,0.072,13.85,62.75,2.6475,107.75,-2.521,0.807,1.1,1.1,27.6,0,0,365.0,50000.0,0
UTT_CELL_0052_0000,CELL_0052_0000,UTT,2022-05-01,30.22387,78.4934,1531.7,29.1,142.4,0.61,-0.792,CONIFER_HIGH_FLAMMABILITY,0.401,0.072,13.85,62.75,2.6475,107.75,-2.521,0.807,1.1,1.1,27.6,0,0,365.0,50000.0,1
UTT_CELL_0045_0083,CELL_0045_0083,UTT,2022-05-01,30.19984,78.92498,1689.9,22.0,140.0,0.643,-0.766,CONIFER_HIGH_FLAMMABILITY,0.472,0.072,13.85,62.75,2.6475,107.75,-2.521,0.807,1.1,1.1,27.6,0,0,365.0,50000.0,0
UTT_CELL_0026_0014,CELL_0026_0014,UTT,2022-05-01,30.10803,78.56895,1492.4,25.5,130.8,0.757,-0.653,CONIFER_HIGH_FLAMMABILITY,0.437,0.072,13.85,62.75,2.6475,107.75,-2.521,0.807,1.1,1.1,27.6,0,0,365.0,50000.0,0
UTT_CELL_0084_0065,CELL_0084_0065,UTT,2022-05-01,30.37418,78.82767,1755.6,8.3,157.4,0.384,-0.923,CONIFER_HIGH_FLAMMABILITY,0.609,0.072,13.85,62.75,2.6475,107.75,-2.521,0.807,1.1,1.1,27.6,0,0,365.0,50000.0,0
UTT_CELL_0045_0089,CELL_0045_0089,UTT,2022-05-01,30.20033,78.95613,1702.7,22.2,140.0,0.643,-0.766,CONIFER_HIGH_FLAMMABILITY,0.47,0.072,13.85,62.75,2.6475,107.75,-2.521,0.807,1.1,1.1,27.6,0,0,365.0,50000.0,0
UTT_CELL_0129_0130,CELL_0129_0130,UTT,2022-05-01,30.5823,79.16191,2014.1,7.7,178.2,0.031,-1.0,CONIFER_MODERATE_FLAMMABILITY,0.615,0.072,13.85,62.75,2.6475,107.75,-2.521,0.807,1.1,1.1,27.6,0,0,365.0,50000.0,0
UTT_CELL_0013_0027,CELL_0013_0027,UTT,2022-05-01,30.05065,78.63775,1485.5,34.0,125.1,0.818,-0.575,CONIFER_HIGH_FLAMMABILITY,0.352,0.072,13.85,62.75,2.6475,107.75,-2.521,0.807,1.1,1.1,27.6,0,0,365.0,50000.0,0
UTT_CELL_0000_0034,CELL_0000_0034,UTT,2022-05-01,29.99269,78.6754,1465.8,22.8,119.3,0.872,-0.489,CONIFER_HIGH_FLAMMABILITY,0.464,0.072,13.85,62.75,2.6475,107.75,-2.521,0.807,1.1,1.1,27.6,0,0,365.0,50000.0,0
UTT_CELL_0116_0139,CELL_0116_0139,UTT,2022-05-01,30.52432,79.2099,1998.6,26.2,172.4,0.132,-0.991,CONIFER_HIGH_FLAMMABILITY,0.43,0.072,13.85,62.75,2.6475,107.75,-2.521,0.807,1.1,1.1,27.6,0,0,365.0,50000.0,0
UTT_CELL_0006_0109,CELL_0006_0109,UTT,2022-05-01,30.02604,79.0634,1641.0,31.5,122.6,0.842,-0.539,CONIFER_HIGH_FLAMMABILITY,0.377,0.072,13.85,62.75,2.6475,107.75,-2.521,0.807,1.1,1.1,27.6,0,0,365.0,50000.0,0
UTT_CELL_0019_0110,CELL_0019_0110,UTT,2022-05-01,30.08474,79.06744,1677.8,31.2,128.5,0.783,-0.623,CONIFER_HIGH_FLAMMABILITY,0.38,0.072,13.85,62.75,2.6475,107.75,-2.521,0.807,1.1,1.1,27.6,0,0,365.0,50000.0,0
UTT_CELL_0000_0044,CELL_0000_0044,UTT,2022-05-01,29.99359,78.72719,1487.0,23.1,119.4,0.871,-0.491,CONIFER_HIGH_FLAMMABILITY,0.461,0.072,13.85,62.75,2.6475,107.75,-2.521,0.807,1.1,1.1,27.6,0,0,365.0,50000.0,0
UTT_CELL_0006_0120,CELL_0006_0120,UTT,2022-05-01,30.02686,79.12041,1664.3,31.6,122.7,0.842,-0.54,CONIFER_HIGH_FLAMMABILITY,0.376,0.072,13.85,62.75,2.6475,107.75,-2.521,0.807,1.1,1.1,27.6,0,0,365.0,50000.0,0
UTT_CELL_0026_0038,CELL_0026_0038,UTT,2022-05-01,30.11028,78.6934,1543.5,24.8,131.0,0.755,-0.656,CONIFER_HIGH_FLAMMABILITY,0.444,0.072,13.85,62.75,2.6475,107.75,-2.521,0.807,1.1,1.1,27.6,0,0,365.0,50000.0,0
UTT_CELL_0065_0025,CELL_0065_0025,UTT,2022-05-01,30.2849,78.62176,1619.6,32.6,148.5,0.522,-0.853,CONIFER_HIGH_FLAMMABILITY,0.366,0.072,13.85,62.75,2.6475,107.75,-2.521,0.807,1.1,1.1,27.6,0,0,365.0,50000.0,0
UTT_CELL_0052_0036,CELL_0052_0036,UTT,2022-05-01,30.22731,78.68028,1608.5,29.9,142.7,0.606,-0.795,CONIFER_HIGH_FLAMMABILITY,0.393,0.072,13.85,62.75,2.6475,107.75,-2.521,0.807,1.1,1.1,27.6,0,0,365.0,50000.0,0
UTT_CELL_0071_0108,CELL_0071_0108,UTT,2022-05-01,30.31908,79.05246,1812.4,25.0,151.9,0.471,-0.882,CONIFER_HIGH_FLAMMABILITY,0.442,0.072,13.85,62.75,2.6475,107.75,-2.521,0.807,1.1,1.1,27.6,0,0,365.0,50000.0,0
UTT_CELL_0032_0131,CELL_0032_0131,UTT,2022-05-01,30.14492,79.17526,1757.1,12.0,134.5,0.713,-0.701,CONIFER_HIGH_FLAMMABILITY,0.572,0.072,13.85,62.75,2.6475,107.75,-2.521,0.807,1.1,1.1,27.6,0,0,365.0,50000.0,0
UTT_CELL_0058_0119,CELL_0058_0119,UTT,2022-05-01,30.2613,79.11076,1801.1,34.0,146.1,0.558,-0.83,CONIFER_HIGH_FLAMMABILITY,0.352,0.072,13.85,62.75,2.6475,107.75,-2.521,0.807,1.1,1.1,27.6,0,0,365.0,50000.0,0
UTT_CELL_0117_0015,CELL_0117_0015,UTT,2022-05-01,30.51836,78.564,1736.6,27.9,171.8,0.143,-0.99,CONIFER_HIGH_FLAMMABILITY,0.413,0.072,13.85,62.75,2.6475,107.75,-2.521,0.807,1.1,1.1,27.6,0,0,365.0,50000.0,0
UTT_CELL_0091_0027,CELL_0091_0027,UTT,2022-05-01,30.4023,78.62933,1693.1,19.5,160.2,0.339,-0.941,CONIFER_HIGH_FLAMMABILITY,0.497,0.072,13.85,62.75,2.6475,107.75,-2.521,0.807,1.1,1.1,27.6,0,0,365.0,50000.0,0
UTT_CELL_0097_0109,CELL_0097_0109,UTT,2022-05-01,30.43641,79.05533,1884.0,29.8,163.6,0.282,-0.959,CONIFER_HIGH_FLAMMABILITY,0.394,0.072,13.85,62.75,2.6475,107.75,-2.521,0.807,1.1,1.1,27.6,0,0,365.0,50000.0,0
UTT_CELL_0058_0135,CELL_0058_0135,UTT,2022-05-01,30.26247,79.19388,1835.0,34.0,146.2,0.556,-0.831,CONIFER_HIGH_FLAMMABILITY,0.352,0.072,13.85,62.75,2.6475,107.75,-2.521,0.807,1.1,1.1,27.6,0,0,365.0,50000.0,0
UTT_CELL_0091_0050,CELL_0091_0050,UTT,2022-05-01,30.40442,78.74895,1742.2,20.3,160.4,0.335,-0.942,CONIFER_HIGH_FLAMMABILITY,0.489,0.072,13.85,62.75,2.6475,107.75,-2.521,0.807,1.1,1.1,27.6,0,0,365.0,50000.0,0
UTT_CELL_0123_0114,CELL_0123_0114,UTT,2022-05-01,30.55403,79.07905,1964.0,15.9,175.4,0.08,-0.997,CONIFER_HIGH_FLAMMABILITY,0.533,0.072,13.85,62.75,2.6475,107.75,-2.521,0.807,1.1,1.1,27.6,0,0,365.0,50000.0,0
UTT_CELL_0104_0047,CELL_0104_0047,UTT,2022-05-01,30.46276,78.73199,1770.5,33.6,166.3,0.237,-0.972,CONIFER_HIGH_FLAMMABILITY,0.356,0.072,13.85,62.75,2.6475,107.75,-2.521,0.807,1.1,1.1,27.6,0,0,365.0,50000.0,0
UTT_CELL_0007_0013,CELL_0007_0013,UTT,2022-05-01,30.02228,78.56586,1439.7,30.8,122.2,0.846,-0.533,CONIFER_HIGH_FLAMMABILITY,0.384,0.072,13.85,62.75,2.6475,107.75,-2.521,0.807,1.1,1.1,27.6,0,0,365.0,50000.0,0
UTT_CELL_0033_0004,CELL_0033_0004,UTT,2022-05-01,30.13862,78.51631,1489.7,14.5,133.9,0.721,-0.693,CONIFER_HIGH_FLAMMABILITY,0.547,0.072,13.85,62.75,2.6475,107.75,-2.521,0.807,1.1,1.1,27.6,0,0,365.0,50000.0,0
UTT_CELL_0000_0099,CELL_0000_0099,UTT,2022-05-01,29.9982,79.01211,1603.8,24.6,119.8,0.868,-0.497,CONIFER_HIGH_FLAMMABILITY,0.446,0.072,13.85,62.75,2.6475,107.75,-2.521,0.807,1.1,1.1,27.6,0,0,365.0,50000.0,1
UTT_CELL_0078_0067,CELL_0078_0067,UTT,2022-05-01,30.3473,78.83867,1743.8,14.8,154.7,0.427,-0.904,CONIFER_HIGH_FLAMMABILITY,0.544,0.072,13.85,62.75,2.6475,107.75,-2.521,0.807,1.1,1.1,27.6,0,0,365.0,50000.0,0
UTT_CELL_0026_0093,CELL_0026_0093,UTT,2022-05-01,30.11498,78.97865,1660.4,23.3,131.5,0.749,-0.663,CONIFER_HIGH_FLAMMABILITY,0.459,0.072,13.85,62.75,2.6475,107.75,-2.521,0.807,1.1,1.1,27.6,0,0,365.0,50000.0,0
UTT_CELL_0039_0092,CELL_0039_0092,UTT,2022-05-01,30.17352,78.97226,1693.0,11.9,137.4,0.677,-0.736,CONIFER_HIGH_FLAMMABILITY,0.573,0.072,13.85,62.75,2.6475,107.75,-2.521,0.807,1.1,1.1,27.6,0,0,365.0,50000.0,0
UTT_CELL_0123_0136,CELL_0123_0136,UTT,2022-05-01,30.55568,79.19369,2010.9,15.3,175.6,0.077,-0.997,CONIFER_MODERATE_FLAMMABILITY,0.539,0.072,13.85,62.75,2.6475,107.75,-2.521,0.807,1.1,1.1,27.6,0,0,365.0,50000.0,0
UTT_CELL_0052_0095,CELL_0052_0095,UTT,2022-05-01,30.23238,78.98664,1734.1,30.9,143.2,0.599,-0.801,CONIFER_HIGH_FLAMMABILITY,0.383,0.072,13.85,62.75,2.6475,107.75,-2.521,0.807,1.1,1.1,27.6,0,0,365.0,50000.0,0
UTT_CELL_0020_0035,CELL_0020_0035,UTT,2022-05-01,30.08295,78.67847,1521.2,31.5,128.3,0.785,-0.62,CONIFER_HIGH_FLAMMABILITY,0.377,0.072,13.85,62.75,2.6475,107.75,-2.521,0.807,1.1,1.1,27.6,0,0,365.0,50000.0,0
UTT_CELL_0085_0006,CELL_0085_0006,UTT,2022-05-01,30.37322,78.5208,1632.3,7.9,157.3,0.386,-0.923,CONIFER_HIGH_FLAMMABILITY,0.613,0.072,13.85,62.75,2.6475,107.75,-2.521,0.807,1.1,1.1,27.6,0,0,365.0,50000.0,0
UTT_CELL_0046_0024,CELL_0046_0024,UTT,2022-05-01,30.19915,78.61863,1566.9,21.8,139.9,0.644,-0.765,CONIFER_HIGH_FLAMMABILITY,0.474,0.072,13.85,62.75,2.6475,107.75,-2.521,0.807,1.1,1.1,27.6,0,0,365.0,50000.0,0
UTT_CELL_0013_0123,CELL_0013_0123,UTT,2022-05-01,30.05865,79.13536,1689.3,33.9,125.9,0.81,-0.586,CONIFER_HIGH_FLAMMABILITY,0.353,0.072,13.85,62.75,2.6475,107.75,-2.521,0.807,1.1,1.1,27.6,0,0,365.0,50000.0,0
UTT_CELL_0065_0103,CELL_0065_0103,UTT,2022-05-01,30.29164,79.02701,1785.8,31.6,149.2,0.512,-0.859,CONIFER_HIGH_FLAMMABILITY,0.376,0.072,13.85,62.75,2.6475,107.75,-2.521,0.807,1.1,1.1,27.6,0,0,365.0,50000.0,0
UTT_CELL_0039_0116,CELL_0039_0116,UTT,2022-05-01,30.17539,79.09682,1744.0,12.7,137.5,0.676,-0.737,CONIFER_HIGH_FLAMMABILITY,0.565,0.072,13.85,62.75,2.6475,107.75,-2.521,0.807,1.1,1.1,27.6,0,0,365.0,50000.0,0
UTT_CELL_0052_0113,CELL_0052_0113,UTT,2022-05-01,30.23379,79.08012,1772.3,31.2,143.4,0.596,-0.803,CONIFER_HIGH_FLAMMABILITY,0.38,0.072,13.85,62.75,2.6475,107.75,-2.521,0.807,1.1,1.1,27.6,0,0,365.0,50000.0,0
UTT_CELL_0091_0095,CELL_0091_0095,UTT,2022-05-01,30.40824,78.98304,1838.2,21.6,160.8,0.329,-0.944,CONIFER_HIGH_FLAMMABILITY,0.476,0.072,13.85,62.75,2.6475,107.75,-2.521,0.807,1.1,1.1,27.6,0,0,365.0,50000.0,0
UTT_CELL_0033_0045,CELL_0033_0045,UTT,2022-05-01,30.14247,78.72898,1577.1,13.0,134.2,0.717,-0.697,CONIFER_HIGH_FLAMMABILITY,0.562,0.072,13.85,62.75,2.6475,107.75,-2.521,0.807,1.1,1.1,27.6,0,0,365.0,50000.0,0
UTT_CELL_0091_0100,CELL_0091_0100,UTT,2022-05-01,30.40864,79.00905,1848.8,21.8,160.9,0.327,-0.945,CONIFER_HIGH_FLAMMABILITY,0.474,0.072,13.85,62.75,2.6475,107.75,-2.521,0.807,1.1,1.1,27.6,0,0,365.0,50000.0,0
UTT_CELL_0065_0118,CELL_0065_0118,UTT,2022-05-01,30.29279,79.10496,1817.7,31.4,149.3,0.511,-0.86,CONIFER_HIGH_FLAMMABILITY,0.378,0.072,13.85,62.75,2.6475,107.75,-2.521,0.807,1.1,1.1,27.6,0,0,365.0,50000.0,1
UTT_CELL_0046_0049,CELL_0046_0049,UTT,2022-05-01,30.20144,78.74839,1620.2,22.5,140.1,0.641,-0.767,CONIFER_HIGH_FLAMMABILITY,0.467,0.072,13.85,62.75,2.6475,107.75,-2.521,0.807,1.1,1.1,27.6,0,0,365.0,50000.0,1
UTT_CELL_0085_0035,CELL_0085_0035,UTT,2022-05-01,30.376,78.67158,1694.2,9.0,157.6,0.381,-0.925,CONIFER_HIGH_FLAMMABILITY,0.602,0.072,13.85,62.75,2.6475,107.75,-2.521,0.807,1.1,1.1,27.6,0,0,365.0,50000.0,1
UTT_CELL_0013_0154,CELL_0013_0154,UTT,2022-05-01,30.06084,79.29609,1754.9,33.9,126.1,0.808,-0.589,CONIFER_HIGH_FLAMMABILITY,0.353,0.072,13.85,62.75,2.6475,107.75,-2.521,0.807,1.1,1.1,27.6,0,0,365.0,50000.0,0
UTT_CELL_0059_0054,CELL_0059_0054,UTT,2022-05-01,30.2605,78.77303,1665.5,34.0,146.0,0.559,-0.829,CONIFER_HIGH_FLAMMABILITY,0.352,0.072,13.85,62.75,2.6475,107.75,-2.521,0.807,1.1,1.1,27.6,0,0,365.0,50000.0,0
UTT_CELL_0117_0108,CELL_0117_0108,UTT,2022-05-01,30.52651,79.04833,1935.2,25.6,172.7,0.127,-0.992,CONIFER_HIGH_FLAMMABILITY,0.436,0.072,13.85,62.75,2.6475,107.75,-2.521,0.807,1.1,1.1,27.6,0,0,365.0,50000.0,0
UTT_CELL_0026_0151,CELL_0026_0151,UTT,2022-05-01,30.11926,79.27952,1783.4,21.8,131.9,0.744,-0.668,CONIFER_HIGH_FLAMMABILITY,0.474,0.072,13.85,62.75,2.6475,107.75,-2.521,0.807,1.1,1.1,27.6,0,0,365.0,50000.0,0
UTT_CELL_0117_0110,CELL_0117_0110,UTT,2022-05-01,30.52667,79.05875,1939.5,25.5,172.7,0.127,-0.992,CONIFER_HIGH_FLAMMABILITY,0.437,0.072,13.85,62.75,2.6475,107.75,-2.521,0.807,1.1,1.1,27.6,0,0,365.0,50000.0,0
UTT_CELL_0078_0132,CELL_0078_0132,UTT,2022-05-01,30.35245,79.17663,1882.1,12.8,155.2,0.419,-0.908,CONIFER_HIGH_FLAMMABILITY,0.564,0.072,13.85,62.75,2.6475,107.75,-2.521,0.807,1.1,1.1,27.6,0,0,365.0,50000.0,0
UTT_CELL_0111_0038,CELL_0111_0038,UTT,2022-05-01,30.49349,78.68441,1769.9,32.7,169.3,0.186,-0.983,CONIFER_HIGH_FLAMMABILITY,0.365,0.072,13.85,62.75,2.6475,107.75,-2.521,0.807,1.1,1.1,27.6,0,0,365.0,50000.0,0
UTT_CELL_0104_0129,CELL_0104_0129,UTT,2022-05-01,30.46948,79.15883,1945.2,34.0,166.9,0.227,-0.974,CONIFER_HIGH_FLAMMABILITY,0.352,0.072,13.85,62.75,2.6475,107.75,-2.521,0.807,1.1,1.1,27.6,0,0,365.0,50000.0,0
UTT_CELL_0052_0155,CELL_0052_0155,UTT,2022-05-01,30.2368,79.29826,1861.4,31.7,143.7,0.592,-0.806,CONIFER_HIGH_FLAMMABILITY,0.375,0.072,13.85,62.75,2.6475,107.75,-2.521,0.807,1.1,1.1,27.6,0,0,365.0,50000.0,0
UTT_CELL_0027_0010,CELL_0027_0010,UTT,2022-05-01,30.11215,78.5481,1486.5,24.2,131.2,0.752,-0.659,CONIFER_HIGH_FLAMMABILITY,0.45,0.072,13.85,62.75,2.6475,107.75,-2.521,0.807,1.1,1.1,27.6,0,0,365.0,50000.0,0
UTT_CELL_0091_0138,CELL_0091_0138,UTT,2022-05-01,30.41151,79.20676,1929.6,22.8,161.2,0.322,-0.947,CONIFER_HIGH_FLAMMABILITY,0.464,0.072,13.85,62.75,2.6475,107.75,-2.521,0.807,1.1,1.1,27.6,0,0,365.0,50000.0,0
UTT_CELL_0020_0092,CELL_0020_0092,UTT,2022-05-01,30.08784,78.97401,1642.3,30.6,128.8,0.779,-0.627,CONIFER_HIGH_FLAMMABILITY,0.386,0.072,13.85,62.75,2.6475,107.75,-2.521,0.807,1.1,1.1,27.6,0,0,365.0,50000.0,0
UTT_CELL_0020_0094,CELL_0020_0094,UTT,2022-05-01,30.088,78.98438,1646.6,30.6,128.8,0.779,-0.627,CONIFER_HIGH_FLAMMABILITY,0.386,0.072,13.85,62.75,2.6475,107.75,-2.521,0.807,1.1,1.1,27.6,0,0,365.0,50000.0,0
UTT_CELL_0059_0082,CELL_0059_0082,UTT,2022-05-01,30.26289,78.91846,1725.1,34.0,146.3,0.555,-0.832,CONIFER_HIGH_FLAMMABILITY,0.352,0.072,13.85,62.75,2.6475,107.75,-2.521,0.807,1.1,1.1,27.6,0,0,365.0,50000.0,0
UTT_CELL_0130_0129,CELL_0130_0129,UTT,2022-05-01,30.58673,79.15661,2014.7,9.6,178.7,0.023,-1.0,CONIFER_MODERATE_FLAMMABILITY,0.596,0.072,13.85,62.75,2.6475,107.75,-2.521,0.807,1.1,1.1,27.6,0,0,365.0,50000.0,0
UTT_CELL_0033_0096,CELL_0033_0096,UTT,2022-05-01,30.14678,78.99357,1685.5,11.2,134.7,0.711,-0.703,CONIFER_HIGH_FLAMMABILITY,0.58,0.072,13.85,62.75,2.6475,107.75,-2.521,0.807,1.1,1.1,27.6,0,0,365.0,50000.0,1
UTT_CELL_0104_0144,CELL_0104_0144,UTT,2022-05-01,30.47056,79.23692,1977.1,34.0,167.1,0.223,-0.975,CONIFER_HIGH_FLAMMABILITY,0.352,0.072,13.85,62.75,2.6475,107.75,-2.521,0.807,1.1,1.1,27.6,0,0,365.0,50000.0,0
UTT_CELL_0066_0006,CELL_0066_0006,UTT,2022-05-01,30.28757,78.52296,1581.7,32.3,148.8,0.518,-0.855,CONIFER_HIGH_FLAMMABILITY,0.369,0.072,13.85,62.75,2.6475,107.75,-2.521,0.807,1.1,1.1,27.6,0,0,365.0,50000.0,0
UTT_CELL_0033_0100,CELL_0033_0100,UTT,2022-05-01,30.1471,79.01432,1694.0,11.1,134.7,0.711,-0.703,CONIFER_HIGH_FLAMMABILITY,0.581,0.072,13.85,62.75,2.6475,107.75,-2.521,0.807,1.1,1.1,27.6,0,0,365.0,50000.0,0
UTT_CELL_0007_0114,CELL_0007_0114,UTT,2022-05-01,30.03092,79.08922,1654.2,32.3,123.1,0.838,-0.546,CONIFER_HIGH_FLAMMABILITY,0.369,0.072,13.85,62.75,2.6475,107.75,-2.521,0.807,1.1,1.1,27.6,0,0,365.0,50000.0,0
UTT_CELL_0124_0061,CELL_0124_0061,UTT,2022-05-01,30.55418,78.80283,1853.6,15.9,175.4,0.08,-0.997,CONIFER_HIGH_FLAMMABILITY,0.533,0.072,13.85,62.75,2.6475,107.75,-2.521,0.807,1.1,1.1,27.6,0,0,365.0,50000.0,0
UTT_CELL_0020_0109,CELL_0020_0109,UTT,2022-05-01,30.08917,79.06217,1678.4,30.3,128.9,0.778,-0.628,CONIFER_HIGH_FLAMMABILITY,0.389,0.072,13.85,62.75,2.6475,107.75,-2.521,0.807,1.1,1.1,27.6,0,0,365.0,50000.0,0
UTT_CELL_0040_0023,CELL_0040_0023,UTT,2022-05-01,30.172,78.6141,1548.8,11.3,137.2,0.679,-0.734,CONIFER_HIGH_FLAMMABILITY,0.579,0.072,13.85,62.75,2.6475,107.75,-2.521,0.807,1.1,1.1,27.6,0,0,365.0,50000.0,0
UTT_CELL_0027_0032,CELL_0027_0032,UTT,2022-05-01,30.11423,78.66218,1533.4,23.5,131.4,0.75,-0.661,CONIFER_HIGH_FLAMMABILITY,0.457,0.072,13.85,62.75,2.6475,107.75,-2.521,0.807,1.1,1.1,27.6,0,0,365.0,50000.0,0
UTT_CELL_0059_0097,CELL_0059_0097,UTT,2022-05-01,30.26411,78.99638,1757.0,34.0,146.4,0.553,-0.833,CONIFER_HIGH_FLAMMABILITY,0.352,0.072,13.85,62.75,2.6475,107.75,-2.521,0.807,1.1,1.1,27.6,0,0,365.0,50000.0,0
UTT_CELL_0001_0051,CELL_0001_0051,UTT,2022-05-01,29.99872,78.76335,1504.6,24.7,119.9,0.867,-0.498,CONIFER_HIGH_FLAMMABILITY,0.445,0.072,13.85,62.75,2.6475,107.75,-2.521,0.807,1.1,1.1,27.6,0,0,365.0,50000.0,0
UTT_CELL_0001_0053,CELL_0001_0053,UTT,2022-05-01,29.9989,78.77371,1508.8,24.8,119.9,0.867,-0.498,CONIFER_HIGH_FLAMMABILITY,0.444,0.072,13.85,62.75,2.6475,107.75,-2.521,0.807,1.1,1.1,27.6,0,0,365.0,50000.0,0
UTT_CELL_0059_0110,CELL_0059_0110,UTT,2022-05-01,30.26512,79.06392,1784.6,34.0,146.5,0.552,-0.834,CONIFER_HIGH_FLAMMABILITY,0.352,0.072,13.85,62.75,2.6475,107.75,-2.521,0.807,1.1,1.1,27.6,0,0,365.0,50000.0,0
UTT_CELL_0072_0105,CELL_0072_0105,UTT,2022-05-01,30.32336,79.03677,1808.7,23.6,152.3,0.465,-0.885,CONIFER_HIGH_FLAMMABILITY,0.456,0.072,13.85,62.75,2.6475,107.75,-2.521,0.807,1.1,1.1,27.6,0,0,365.0,50000.0,0
UTT_CELL_0066_0030,CELL_0066_0030,UTT,2022-05-01,30.28987,78.64763,1633.0,31.9,149.0,0.515,-0.857,CONIFER_HIGH_FLAMMABILITY,0.373,0.072,13.85,62.75,2.6475,107.75,-2.521,0.807,1.1,1.1,27.6,0,0,365.0,50000.0,0
UTT_CELL_0059_0112,CELL_0059_0112,UTT,2022-05-01,30.26527,79.07431,1788.9,34.0,146.5,0.552,-0.834,CONIFER_HIGH_FLAMMABILITY,0.352,0.072,13.85,62.75,2.6475,107.75,-2.521,0.807,1.1,1.1,27.6,0,0,365.0,50000.0,0
UTT_CELL_0098_0092,CELL_0098_0092,UTT,2022-05-01,30.43957,78.96677,1850.4,30.5,164.0,0.276,-0.961,CONIFER_HIGH_FLAMMABILITY,0.387,0.072,13.85,62.75,2.6475,107.75,-2.521,0.807,1.1,1.1,27.6,0,0,365.0,50000.0,0
UTT_CELL_0014_0059,CELL_0014_0059,UTT,2022-05-01,30.05804,78.8035,1556.2,34.0,125.8,0.811,-0.585,CONIFER_HIGH_FLAMMABILITY,0.352,0.072,13.85,62.75,2.6475,107.75,-2.521,0.807,1.1,1.1,27.6,0,0,365.0,50000.0,0
UTT_CELL_0111_0097,CELL_0111_0097,UTT,2022-05-01,30.49859,78.99159,1895.8,32.0,169.9,0.175,-0.985,CONIFER_HIGH_FLAMMABILITY,0.372,0.072,13.85,62.75,2.6475,107.75,-2.521,0.807,1.1,1.1,27.6,0,0,365.0,50000.0,0
UTT_CELL_0111_0102,CELL_0111_0102,UTT,2022-05-01,30.49899,79.01763,1906.4,32.0,169.9,0.175,-0.985,CONIFER_HIGH_FLAMMABILITY,0.372,0.072,13.85,62.75,2.6475,107.75,-2.521,0.807,1.1,1.1,27.6,0,0,365.0,50000.0,0
UTT_CELL_0124_0099,CELL_0124_0099,UTT,2022-05-01,30.55737,79.00081,1934.7,14.6,175.7,0.075,-0.997,CONIFER_HIGH_FLAMMABILITY,0.546,0.072,13.85,62.75,2.6475,107.75,-2.521,0.807,1.1,1.1,27.6,0,0,365.0,50000.0,0
UTT_CELL_0079_0047,CELL_0079_0047,UTT,2022-05-01,30.35005,78.7346,1703.9,13.7,155.0,0.423,-0.906,CONIFER_HIGH_FLAMMABILITY,0.555,0.072,13.85,62.75,2.6475,107.75,-2.521,0.807,1.1,1.1,27.6,0,0,365.0,50000.0,0
UTT_CELL_0118_0033,CELL_0118_0033,UTT,2022-05-01,30.52458,78.65762,1777.8,26.2,172.5,0.131,-0.991,CONIFER_HIGH_FLAMMABILITY,0.43,0.072,13.85,62.75,2.6475,107.75,-2.521,0.807,1.1,1.1,27.6,0,0,365.0,50000.0,0
UTT_CELL_0098_0123,CELL_0098_0123,UTT,2022-05-01,30.44198,79.12811,1916.4,30.9,164.2,0.272,-0.962,CONIFER_HIGH_FLAMMABILITY,0.383,0.072,13.85,62.75,2.6475,107.75,-2.521,0.807,1.1,1.1,27.6,0,0,365.0,50000.0,0
UTT_CELL_0001_0090,CELL_0001_0090,UTT,2022-05-01,30.002,78.96539,1587.4,25.7,120.2,0.864,-0.503,CONIFER_HIGH_FLAMMABILITY,0.435,0.072,13.85,62.75,2.6475,107.75,-2.521,0.807,1.1,1.1,27.6,0,0,365.0,50000.0,0
UTT_CELL_0079_0062,CELL_0079_0062,UTT,2022-05-01,30.35137,78.81258,1735.9,13.2,155.1,0.421,-0.907,CONIFER_HIGH_FLAMMABILITY,0.56,0.072,13.85,62.75,2.6475,107.75,-2.521,0.807,1.1,1.1,27.6,0,0,365.0,50000.0,0
UTT_CELL_0040_0082,CELL_0040_0082,UTT,2022-05-01,30.17722,78.92027,1674.4,13.4,137.7,0.673,-0.74,CONIFER_HIGH_FLAMMABILITY,0.558,0.072,13.85,62.75,2.6475,107.75,-2.521,0.807,1.1,1.1,27.6,0,0,365.0,50000.0,0
UTT_CELL_0111_0134,CELL_0111_0134,UTT,2022-05-01,30.50142,79.18427,1974.6,31.6,170.1,0.172,-0.985,CONIFER_HIGH_FLAMMABILITY,0.376,0.072,13.85,62.75,2.6475,107.75,-2.521,0.807,1.1,1.1,27.6,0,0,365.0,50000.0,0
UTT_CELL_0085_0147,CELL_0085_0147,UTT,2022-05-01,30.38508,79.25407,1932.7,12.8,158.5,0.367,-0.93,CONIFER_HIGH_FLAMMABILITY,0.564,0.072,13.85,62.75,2.6475,107.75,-2.521,0.807,1.1,1.1,27.6,0,0,365.0,50000.0,0
UTT_CELL_0040_0090,CELL_0040_0090,UTT,2022-05-01,30.17787,78.96179,1691.4,13.7,137.8,0.672,-0.741,CONIFER_HIGH_FLAMMABILITY,0.555,0.072,13.85,62.75,2.6475,107.75,-2.521,0.807,1.1,1.1,27.6,0,0,365.0,50000.0,0
UTT_CELL_0079_0074,CELL_0079_0074,UTT,2022-05-01,30.3524,78.87496,1761.4,12.8,155.2,0.419,-0.908,CONIFER_HIGH_FLAMMABILITY,0.564,0.072,13.85,62.75,2.6475,107.75,-2.521,0.807,1.1,1.1,27.6,0,0,365.0,50000.0,0
UTT_CELL_0118_0057,CELL_0118_0057,UTT,2022-05-01,30.52677,78.78261,1829.1,25.5,172.7,0.127,-0.992,CONIFER_HIGH_FLAMMABILITY,0.437,0.072,13.85,62.75,2.6475,107.75,-2.521,0.807,1.1,1.1,27.6,0,0,365.0,50000.0,0
UTT_CELL_0111_0138,CELL_0111_0138,UTT,2022-05-01,30.5017,79.2051,1983.1,31.5,170.2,0.17,-0.985,CONIFER_HIGH_FLAMMABILITY,0.377,0.072,13.85,62.75,2.6475,107.75,-2.521,0.807,1.1,1.1,27.6,0,0,365.0,50000.0,0
UTT_CELL_0053_0089,CELL_0053_0089,UTT,2022-05-01,30.23641,78.95539,1724.0,31.6,143.6,0.593,-0.805,CONIFER_HIGH_FLAMMABILITY,0.376,0.072,13.85,62.75,2.6475,107.75,-2.521,0.807,1.1,1.1,27.6,0,0,365.0,50000.0,0
UTT_CELL_0021_0029,CELL_0021_0029,UTT,2022-05-01,30.08691,78.64726,1511.0,30.8,128.7,0.78,-0.625,CONIFER_HIGH_FLAMMABILITY,0.384,0.072,13.85,62.75,2.6475,107.75,-2.521,0.807,1.1,1.1,27.6,0,0,365.0,50000.0,0
UTT_CELL_0118_0066,CELL_0118_0066,UTT,2022-05-01,30.52756,78.82948,1848.3,25.3,172.8,0.125,-0.992,CONIFER_HIGH_FLAMMABILITY,0.439,0.072,13.85,62.75,2.6475,107.75,-2.521,0.807,1.1,1.1,27.6,0,0,365.0,50000.0,0
UTT_CELL_0027_0116,CELL_0027_0116,UTT,2022-05-01,30.12127,79.09786,1711.9,21.1,132.1,0.742,-0.67,CONIFER_HIGH_FLAMMABILITY,0.481,0.072,13.85,62.75,2.6475,107.75,-2.521,0.807,1.1,1.1,27.6,0,0,365.0,50000.0,0
UTT_CELL_0086_0015,CELL_0086_0015,UTT,2022-05-01,30.37861,78.56748,1654.2,10.1,157.9,0.376,-0.927,CONIFER_HIGH_FLAMMABILITY,0.591,0.072,13.85,62.75,2.6475,107.75,-2.521,0.807,1.1,1.1,27.6,0,0,365.0,50000.0,0
UTT_CELL_0125_0003,CELL_0125_0003,UTT,2022-05-01,30.55323,78.5006,1732.2,16.2,175.3,0.082,-0.997,CONIFER_HIGH_FLAMMABILITY,0.53,0.072,13.85,62.75,2.6475,107.75,-2.521,0.807,1.1,1.1,27.6,0,0,365.0,50000.0,0
UTT_CELL_0105_0092,CELL_0105_0092,UTT,2022-05-01,30.47113,78.96612,1869.1,34.0,167.1,0.223,-0.975,CONIFER_HIGH_FLAMMABILITY,0.352,0.072,13.85,62.75,2.6475,107.75,-2.521,0.807,1.1,1.1,27.6,0,0,365.0,50000.0,0
UTT_CELL_0060_0033,CELL_0060_0033,UTT,2022-05-01,30.2631,78.66385,1623.4,34.0,146.3,0.555,-0.832,CONIFER_HIGH_FLAMMABILITY,0.352,0.072,13.85,62.75,2.6475,107.75,-2.521,0.807,1.1,1.1,27.6,0,0,365.0,50000.0,0
UTT_CELL_0034_0048,CELL_0034_0048,UTT,2022-05-01,30.14725,78.74444,1586.1,11.0,134.7,0.711,-0.703,CONIFER_HIGH_FLAMMABILITY,0.582,0.072,13.85,62.75,2.6475,107.75,-2.521,0.807,1.1,1.1,27.6,0,0,365.0,50000.0,0
UTT_CELL_0060_0037,CELL_0060_0037,UTT,2022-05-01,30.26347,78.68463,1631.9,34.0,146.3,0.555,-0.832,CONIFER_HIGH_FLAMMABILITY,0.352,0.072,13.85,62.75,2.6475,107.75,-2.521,0.807,1.1,1.1,27.6,0,0,365.0,50000.0,0
UTT_CELL_0014_0140,CELL_0014_0140,UTT,2022-05-01,30.06438,79.22342,1728.0,33.7,126.4,0.805,-0.593,CONIFER_HIGH_FLAMMABILITY,0.355,0.072,13.85,62.75,2.6475,107.75,-2.521,0.807,1.1,1.1,27.6,0,0,365.0,50000.0,0
UTT_CELL_0066_0117,CELL_0066_0117,UTT,2022-05-01,30.29722,79.09967,1818.2,30.6,149.7,0.505,-0.863,CONIFER_HIGH_FLAMMABILITY,0.386,0.072,13.85,62.75,2.6475,107.75,-2.521,0.807,1.1,1.1,27.6,0,0,365.0,50000.0,1
UTT_CELL_0079_0113,CELL_0079_0113,UTT,2022-05-01,30.35554,79.07774,1844.4,11.5,155.6,0.413,-0.911,CONIFER_HIGH_FLAMMABILITY,0.577,0.072,13.85,62.75,2.6475,107.75,-2.521,0.807,1.1,1.1,27.6,0,0,365.0,50000.0,0
UTT_CELL_0099_0033,CELL_0099_0033,UTT,2022-05-01,30.43893,78.65967,1727.2,30.3,163.9,0.277,-0.961,CONIFER_HIGH_FLAMMABILITY,0.389,0.072,13.85,62.75,2.6475,107.75,-2.521,0.807,1.1,1.1,27.6,0,0,365.0,50000.0,0
UTT_CELL_0073_0047,CELL_0073_0047,UTT,2022-05-01,30.32299,78.73522,1687.9,23.7,152.3,0.465,-0.885,CONIFER_HIGH_FLAMMABILITY,0.455,0.072,13.85,62.75,2.6475,107.75,-2.521,0.807,1.1,1.1,27.6,0,0,365.0,50000.0,0
UTT_CELL_0014_0155,CELL_0014_0155,UTT,2022-05-01,30.06541,79.3012,1759.7,33.6,126.5,0.804,-0.595,CONIFER_HIGH_FLAMMABILITY,0.356,0.072,13.85,62.75,2.6475,107.75,-2.521,0.807,1.1,1.1,27.6,0,0,365.0,50000.0,0
UTT_CELL_0021_0074,CELL_0021_0074,UTT,2022-05-01,30.09088,78.88058,1606.8,29.9,129.1,0.776,-0.631,CONIFER_HIGH_FLAMMABILITY,0.393,0.072,13.85,62.75,2.6475,107.75,-2.521,0.807,1.1,1.1,27.6,0,0,365.0,50000.0,0
UTT_CELL_0105_0117,CELL_0105_0117,UTT,2022-05-01,30.4731,79.09627,1922.4,34.0,167.3,0.22,-0.976,CONIFER_HIGH_FLAMMABILITY,0.352,0.072,13.85,62.75,2.6475,107.75,-2.521,0.807,1.1,1.1,27.6,0,0,365.0,50000.0,0
UTT_CELL_0073_0053,CELL_0073_0053,UTT,2022-05-01,30.32353,78.7664,1700.7,23.6,152.4,0.463,-0.886,CONIFER_HIGH_FLAMMABILITY,0.456,0.072,13.85,62.75,2.6475,107.75,-2.521,0.807,1.1,1.1,27.6,0,0,365.0,50000.0,0
UTT_CELL_0021_0084,CELL_0021_0084,UTT,2022-05-01,30.0917,78.93243,1628.0,29.8,129.2,0.775,-0.632,CONIFER_HIGH_FLAMMABILITY,0.394,0.072,13.85,62.75,2.6475,107.75,-2.521,0.807,1.1,1.1,27.6,0,0,365.0,50000.0,0
UTT_CELL_0131_0116,CELL_0131_0116,UTT,2022-05-01,30.59026,79.08877,1989.7,11.1,179.0,0.017,-1.0,CONIFER_HIGH_FLAMMABILITY,0.581,0.072,13.85,62.75,2.6475,107.75,-2.521,0.807,1.1,1.1,27.6,0,0,365.0,50000.0,0
UTT_CELL_0105_0129,CELL_0105_0129,UTT,2022-05-01,30.47399,79.15874,1947.9,34.0,167.4,0.218,-0.976,CONIFER_HIGH_FLAMMABILITY,0.352,0.072,13.85,62.75,2.6475,107.75,-2.521,0.807,1.1,1.1,27.6,0,0,365.0,50000.0,0
UTT_CELL_0034_0082,CELL_0034_0082,UTT,2022-05-01,30.15016,78.92083,1658.4,9.8,135.0,0.707,-0.707,CONIFER_HIGH_FLAMMABILITY,0.594,0.072,13.85,62.75,2.6475,107.75,-2.521,0.807,1.1,1.1,27.6,0,0,365.0,50000.0,0
UTT_CELL_0034_0089,CELL_0034_0089,UTT,2022-05-01,30.15073,78.95716,1673.3,9.6,135.1,0.706,-0.708,CONIFER_HIGH_FLAMMABILITY,0.596,0.072,13.85,62.75,2.6475,107.75,-2.521,0.807,1.1,1.1,27.6,0,0,365.0,50000.0,0
UTT_CELL_0079_0148,CELL_0079_0148,UTT,2022-05-01,30.35809,79.25975,1918.8,10.4,155.8,0.41,-0.912,CONIFER_HIGH_FLAMMABILITY,0.588,0.072,13.85,62.75,2.6475,107.75,-2.521,0.807,1.1,1.1,27.6,0,0,365.0,50000.0,0
UTT_CELL_0073_0080,CELL_0073_0080,UTT,2022-05-01,30.32585,78.90673,1758.2,22.8,152.6,0.46,-0.888,CONIFER_HIGH_FLAMMABILITY,0.464,0.072,13.85,62.75,2.6475,107.75,-2.521,0.807,1.1,1.1,27.6,0,0,365.0,50000.0,0
UTT_CELL_0028_0024,CELL_0028_0024,UTT,2022-05-01,30.118,78.62059,1519.0,22.3,131.8,0.745,-0.667,CONIFER_HIGH_FLAMMABILITY,0.469,0.072,13.85,62.75,2.6475,107.75,-2.521,0.807,1.1,1.1,27.6,0,0,365.0,50000.0,0
UTT_CELL_0131_0136,CELL_0131_0136,UTT,2022-05-01,30.59175,79.19302,2032.3,11.7,179.2,0.014,-1.0,CONIFER_MODERATE_FLAMMABILITY,0.575,0.072,13.85,62.75,2.6475,107.75,-2.521,0.807,1.1,1.1,27.6,0,0,365.0,50000.0,0
UTT_CELL_0125_0065,CELL_0125_0065,UTT,2022-05-01,30.55904,78.82357,1864.8,13.9,175.9,0.071,-0.997,CONIFER_HIGH_FLAMMABILITY,0.553,0.072,13.85,62.75,2.6475,107.75,-2.521,0.807,1.1,1.1,27.6,0,0,365.0,50000.0,0
UTT_CELL_0080_0008,CELL_0080_0008,UTT,2022-05-01,30.35088,78.53176,1623.2,13.4,155.1,0.421,-0.907,CONIFER_HIGH_FLAMMABILITY,0.558,0.072,13.85,62.75,2.6475,107.75,-2.521,0.807,1.1,1.1,27.6,0,0,365.0,50000.0,0
UTT_CELL_0041_0027,CELL_0041_0027,UTT,2022-05-01,30.17689,78.63474,1560.0,13.3,137.7,0.673,-0.74,CONIFER_HIGH_FLAMMABILITY,0.559,0.072,13.85,62.75,2.6475,107.75,-2.521,0.807,1.1,1.1,27.6,0,0,365.0,50000.0,0
UTT_CELL_0028_0033,CELL_0028_0033,UTT,2022-05-01,30.11884,78.66726,1538.2,22.0,131.9,0.744,-0.668,CONIFER_HIGH_FLAMMABILITY,0.472,0.072,13.85,62.75,2.6475,107.75,-2.521,0.807,1.1,1.1,27.6,0,0,365.0,50000.0,0
UTT_CELL_0112_0074,CELL_0112_0074,UTT,2022-05-01,30.5012,78.87173,1849.4,31.6,170.1,0.172,-0.985,CONIFER_HIGH_FLAMMABILITY,0.376,0.072,13.85,62.75,2.6475,107.75,-2.521,0.807,1.1,1.1,27.6,0,0,365.0,50000.0,0
UTT_CELL_0060_0100,CELL_0060_0100,UTT,2022-05-01,30.26885,79.01188,1766.1,33.9,146.9,0.546,-0.838,CONIFER_HIGH_FLAMMABILITY,0.353,0.072,13.85,62.75,2.6475,107.75,-2.521,0.807,1.1,1.1,27.6,0,0,365.0,50000.0,0
UTT_CELL_0060_0105,CELL_0060_0105,UTT,2022-05-01,30.26925,79.03785,1776.7,33.9,146.9,0.546,-0.838,CONIFER_HIGH_FLAMMABILITY,0.353,0.072,13.85,62.75,2.6475,107.75,-2.521,0.807,1.1,1.1,27.6,0,0,365.0,50000.0,0
UTT_CELL_0002_0054,CELL_0002_0054,UTT,2022-05-01,30.0035,78.77879,1513.6,26.2,120.3,0.863,-0.505,CONIFER_HIGH_FLAMMABILITY,0.43,0.072,13.85,62.75,2.6475,107.75,-2.521,0.807,1.1,1.1,27.6,0,0,365.0,50000.0,0
UTT_CELL_0054_0031,CELL_0054_0031,UTT,2022-05-01,30.23587,78.65411,1603.2,31.5,143.6,0.593,-0.805,CONIFER_HIGH_FLAMMABILITY,0.377,0.072,13.85,62.75,2.6475,107.75,-2.521,0.807,1.1,1.1,27.6,0,0,365.0,50000.0,0
UTT_CELL_0002_0062,CELL_0002_0062,UTT,2022-05-01,30.00419,78.82023,1530.6,26.4,120.4,0.863,-0.506,CONIFER_HIGH_FLAMMABILITY,0.428,0.072,13.85,62.75,2.6475,107.75,-2.521,0.807,1.1,1.1,27.6,0,0,365.0,50000.0,1
UTT_CELL_0008_0139,CELL_0008_0139,UTT,2022-05-01,30.03725,79.21872,1709.8,33.1,123.7,0.832,-0.555,CONIFER_HIGH_FLAMMABILITY,0.361,0.072,13.85,62.75,2.6475,107.75,-2.521,0.807,1.1,1.1,27.6,0,0,365.0,50000.0,0
UTT_CELL_0060_0116,CELL_0060_0116,UTT,2022-05-01,30.27009,79.095,1800.1,33.9,147.0,0.545,-0.839,CONIFER_HIGH_FLAMMABILITY,0.353,0.072,13.85,62.75,2.6475,107.75,-2.521,0.807,1.1,1.1,27.6,0,0,365.0,50000.0,1
UTT_CELL_0060_0128,CELL_0060_0128,UTT,2022-05-01,30.27098,79.15735,1825.5,33.8,147.1,0.543,-0.84,CONIFER_HIGH_FLAMMABILITY,0.354,0.072,13.85,62.75,2.6475,107.75,-2.521,0.807,1.1,1.1,27.6,0,0,365.0,50000.0,0
UTT_CELL_0073_0125,CELL_0073_0125,UTT,2022-05-01,30.32939,79.14065,1853.9,21.6,152.9,0.456,-0.89,CONIFER_HIGH_FLAMMABILITY,0.476,0.072,13.85,62.75,2.6475,107.75,-2.521,0.807,1.1,1.1,27.6,0,0,365.0,50000.0,0
UTT_CELL_0060_0132,CELL_0060_0132,UTT,2022-05-01,30.27127,79.17813,1834.0,33.8,147.1,0.543,-0.84,CONIFER_HIGH_FLAMMABILITY,0.354,0.072,13.85,62.75,2.6475,107.75,-2.521,0.807,1.1,1.1,27.6,0,0,365.0,50000.0,0
UTT_CELL_0047_0142,CELL_0047_0142,UTT,2022-05-01,30.21336,79.23114,1820.5,26.3,141.3,0.625,-0.78,CONIFER_HIGH_FLAMMABILITY,0.429,0.072,13.85,62.75,2.6475,107.75,-2.521,0.807,1.1,1.1,27.6,0,0,365.0,50000.0,0
UTT_CELL_0034_0148,CELL_0034_0148,UTT,2022-05-01,30.15514,79.26332,1798.4,7.7,135.5,0.701,-0.713,CONIFER_HIGH_FLAMMABILITY,0.615,0.072,13.85,62.75,2.6475,107.75,-2.521,0.807,1.1,1.1,27.6,0,0,365.0,50000.0,0
UTT_CELL_0041_0068,CELL_0041_0068,UTT,2022-05-01,30.18055,78.84751,1647.3,14.8,138.1,0.668,-0.744,CONIFER_HIGH_FLAMMABILITY,0.544,0.072,13.85,62.75,2.6475,107.75,-2.521,0.807,1.1,1.1,27.6,0,0,365.0,50000.0,0
UTT_CELL_0054_0064,CELL_0054_0064,UTT,2022-05-01,30.23883,78.82546,1673.5,32.0,143.9,0.589,-0.808,CONIFER_HIGH_FLAMMABILITY,0.372,0.072,13.85,62.75,2.6475,107.75,-2.521,0.807,1.1,1.1,27.6,0,0,365.0,50000.0,0
UTT_CELL_0022_0003,CELL_0022_0003,UTT,2022-05-01,30.08893,78.51237,1458.3,30.4,128.9,0.778,-0.628,CONIFER_HIGH_FLAMMABILITY,0.388,0.072,13.85,62.75,2.6475,107.75,-2.521,0.807,1.1,1.1,27.6,0,0,365.0,50000.0,0
UTT_CELL_0009_0010,CELL_0009_0010,UTT,2022-05-01,30.03101,78.5501,1438.6,32.3,123.1,0.838,-0.546,CONIFER_HIGH_FLAMMABILITY,0.369,0.072,13.85,62.75,2.6475,107.75,-2.521,0.807,1.1,1.1,27.6,0,0,365.0,50000.0,0
UTT_CELL_0060_0144,CELL_0060_0144,UTT,2022-05-01,30.27212,79.24048,1859.5,33.8,147.2,0.542,-0.841,CONIFER_HIGH_FLAMMABILITY,0.354,0.072,13.85,62.75,2.6475,107.75,-2.521,0.807,1.1,1.1,27.6,0,0,365.0,50000.0,0
UTT_CELL_0002_0094,CELL_0002_0094,UTT,2022-05-01,30.00683,78.98603,1598.5,27.1,120.7,0.86,-0.511,CONIFER_HIGH_FLAMMABILITY,0.421,0.072,13.85,62.75,2.6475,107.75,-2.521,0.807,1.1,1.1,27.6,0,0,365.0,50000.0,0
UTT_CELL_0041_0079,CELL_0041_0079,UTT,2022-05-01,30.18148,78.9046,1670.7,15.1,138.1,0.668,-0.744,CONIFER_HIGH_FLAMMABILITY,0.541,0.072,13.85,62.75,2.6475,107.75,-2.521,0.807,1.1,1.1,27.6,0,0,365.0,50000.0,0
UTT_CELL_0132_0043,CELL_0132_0043,UTT,2022-05-01,30.58863,78.70821,1836.5,10.4,178.9,0.019,-1.0,CONIFER_HIGH_FLAMMABILITY,0.588,0.072,13.85,62.75,2.6475,107.75,-2.521,0.807,1.1,1.1,27.6,0,0,365.0,50000.0,0
UTT_CELL_0119_0050,CELL_0119_0050,UTT,2022-05-01,30.53065,78.74604,1816.8,24.3,173.1,0.12,-0.993,CONIFER_HIGH_FLAMMABILITY,0.449,0.072,13.85,62.75,2.6475,107.75,-2.521,0.807,1.1,1.1,27.6,0,0,365.0,50000.0,0
UTT_CELL_0073_0153,CELL_0073_0153,UTT,2022-05-01,30.33138,79.28622,1913.3,20.9,153.1,0.452,-0.892,CONIFER_HIGH_FLAMMABILITY,0.483,0.072,13.85,62.75,2.6475,107.75,-2.521,0.807,1.1,1.1,27.6,0,0,365.0,50000.0,0
UTT_CELL_0048_0008,CELL_0048_0008,UTT,2022-05-01,30.20663,78.53537,1538.1,24.3,140.7,0.633,-0.774,CONIFER_HIGH_FLAMMABILITY,0.449,0.072,13.85,62.75,2.6475,107.75,-2.521,0.807,1.1,1.1,27.6,0,0,365.0,50000.0,0
UTT_CELL_0093_0071,CELL_0093_0071,UTT,2022-05-01,30.41527,78.85799,1792.4,24.0,161.5,0.317,-0.948,CONIFER_HIGH_FLAMMABILITY,0.452,0.072,13.85,62.75,2.6475,107.75,-2.521,0.807,1.1,1.1,27.6,0,0,365.0,50000.0,0
UTT_CELL_0080_0078,CELL_0080_0078,UTT,2022-05-01,30.35725,78.89566,1772.6,10.8,155.7,0.412,-0.911,CONIFER_HIGH_FLAMMABILITY,0.584,0.072,13.85,62.75,2.6475,107.75,-2.521,0.807,1.1,1.1,27.6,0,0,365.0,50000.0,0
UTT_CELL_0067_0087,CELL_0067_0087,UTT,2022-05-01,30.29937,78.94368,1757.1,30.2,149.9,0.502,-0.865,CONIFER_HIGH_FLAMMABILITY,0.39,0.072,13.85,62.75,2.6475,107.75,-2.521,0.807,1.1,1.1,27.6,0,0,365.0,50000.0,0
UTT_CELL_0093_0077,CELL_0093_0077,UTT,2022-05-01,30.41578,78.8892,1805.1,24.2,161.6,0.316,-0.949,CONIFER_HIGH_FLAMMABILITY,0.45,0.072,13.85,62.75,2.6475,107.75,-2.521,0.807,1.1,1.1,27.6,0,0,365.0,50000.0,0
UTT_CELL_0067_0092,CELL_0067_0092,UTT,2022-05-01,30.29978,78.96967,1767.7,30.1,150.0,0.5,-0.866,CONIFER_HIGH_FLAMMABILITY,0.391,0.072,13.85,62.75,2.6475,107.75,-2.521,0.807,1.1,1.1,27.6,0,0,365.0,50000.0,0
UTT_CELL_0067_0094,CELL_0067_0094,UTT,2022-05-01,30.29994,78.98006,1772.0,30.0,150.0,0.5,-0.866,CONIFER_HIGH_FLAMMABILITY,0.392,0.072,13.85,62.75,2.6475,107.75,-2.521,0.807,1.1,1.1,27.6,0,0,365.0,50000.0,0
UTT_CELL_0054_0102,CELL_0054_0102,UTT,2022-05-01,30.24195,79.02281,1754.3,32.5,144.2,0.585,-0.811,CONIFER_HIGH_FLAMMABILITY,0.367,0.072,13.85,62.75,2.6475,107.75,-2.521,0.807,1.1,1.1,27.6,0,0,365.0,50000.0,0
UTT_CELL_0106_0081,CELL_0106_0081,UTT,2022-05-01,30.47473,78.90876,1848.3,34.0,167.5,0.216,-0.976,CONIFER_HIGH_FLAMMABILITY,0.352,0.072,13.85,62.75,2.6475,107.75,-2.521,0.807,1.1,1.1,27.6,0,0,365.0,50000.0,0
UTT_CELL_0022_0041,CELL_0022_0041,UTT,2022-05-01,30.09251,78.70937,1539.3,29.6,129.3,0.774,-0.633,CONIFER_HIGH_FLAMMABILITY,0.396,0.072,13.85,62.75,2.6475,107.75,-2.521,0.807,1.1,1.1,27.6,0,0,365.0,50000.0,0
UTT_CELL_0061_0023,CELL_0061_0023,UTT,2022-05-01,30.26667,78.61181,1604.7,34.0,146.7,0.549,-0.836,CONIFER_HIGH_FLAMMABILITY,0.352,0.072,13.85,62.75,2.6475,107.75,-2.521,0.807,1.1,1.1,27.6,0,0,365.0,50000.0,0
UTT_CELL_0061_0027,CELL_0061_0027,UTT,2022-05-01,30.26705,78.63259,1613.3,34.0,146.7,0.549,-0.836,CONIFER_HIGH_FLAMMABILITY,0.352,0.072,13.85,62.75,2.6475,107.75,-2.521,0.807,1.1,1.1,27.6,0,0,365.0,50000.0,0
UTT_CELL_0093_0094,CELL_0093_0094,UTT,2022-05-01,30.41718,78.97765,1841.4,24.6,161.7,0.314,-0.949,CONIFER_HIGH_FLAMMABILITY,0.446,0.072,13.85,62.75,2.6475,107.75,-2.521,0.807,1.1,1.1,27.6,0,0,365.0,50000.0,0
UTT_CELL_0015_0134,CELL_0015_0134,UTT,2022-05-01,30.06847,79.19223,1718.0,33.4,126.8,0.801,-0.599,CONIFER_HIGH_FLAMMABILITY,0.358,0.072,13.85,62.75,2.6475,107.75,-2.521,0.807,1.1,1.1,27.6,0,0,365.0,50000.0,0
UTT_CELL_0054_0118,CELL_0054_0118,UTT,2022-05-01,30.24318,79.10591,1788.3,32.6,144.3,0.584,-0.812,CONIFER_HIGH_FLAMMABILITY,0.366,0.072,13.85,62.75,2.6475,107.75,-2.521,0.807,1.1,1.1,27.6,0,0,365.0,50000.0,0
UTT_CELL_0048_0043,CELL_0048_0043,UTT,2022-05-01,30.20992,78.71704,1612.8,25.3,141.0,0.629,-0.777,CONIFER_HIGH_FLAMMABILITY,0.439,0.072,13.85,62.75,2.6475,107.75,-2.521,0.807,1.1,1.1,27.6,0,0,365.0,50000.0,1
UTT_CELL_0015_0137,CELL_0015_0137,UTT,2022-05-01,30.06868,79.20779,1724.3,33.4,126.9,0.8,-0.6,CONIFER_HIGH_FLAMMABILITY,0.358,0.072,13.85,62.75,2.6475,107.75,-2.521,0.807,1.1,1.1,27.6,0,0,365.0,50000.0,0
UTT_CELL_0028_0131,CELL_0028_0131,UTT,2022-05-01,30.12688,79.1756,1746.4,19.1,132.7,0.735,-0.678,CONIFER_HIGH_FLAMMABILITY,0.501,0.072,13.85,62.75,2.6475,107.75,-2.521,0.807,1.1,1.1,27.6,0,0,365.0,50000.0,0
UTT_CELL_0061_0036,CELL_0061_0036,UTT,2022-05-01,30.26789,78.67933,1632.5,34.0,146.8,0.548,-0.837,CONIFER_HIGH_FLAMMABILITY,0.352,0.072,13.85,62.75,2.6475,107.75,-2.521,0.807,1.1,1.1,27.6,0,0,365.0,50000.0,0
UTT_CELL_0074_0039,CELL_0074_0039,UTT,2022-05-01,30.32678,78.69354,1673.5,22.5,152.7,0.459,-0.889,CONIFER_HIGH_FLAMMABILITY,0.467,0.072,13.85,62.75,2.6475,107.75,-2.521,0.807,1.1,1.1,27.6,0,0,365.0,50000.0,1
UTT_CELL_0028_0139,CELL_0028_0139,UTT,2022-05-01,30.12745,79.2171,1763.3,18.9,132.7,0.735,-0.678,CONIFER_HIGH_FLAMMABILITY,0.503,0.072,13.85,62.75,2.6475,107.75,-2.521,0.807,1.1,1.1,27.6,0,0,365.0,50000.0,0
UTT_CELL_0119_0097,CELL_0119_0097,UTT,2022-05-01,30.53466,78.99085,1917.1,23.0,173.5,0.113,-0.994,CONIFER_HIGH_FLAMMABILITY,0.462,0.072,13.85,62.75,2.6475,107.75,-2.521,0.807,1.1,1.1,27.6,0,0,365.0,50000.0,0
UTT_CELL_0106_0103,CELL_0106_0103,UTT,2022-05-01,30.47652,79.02329,1895.2,34.0,167.7,0.213,-0.977,CONIFER_HIGH_FLAMMABILITY,0.352,0.072,13.85,62.75,2.6475,107.75,-2.521,0.807,1.1,1.1,27.6,0,0,365.0,50000.0,0
UTT_CELL_0009_0072,CELL_0009_0072,UTT,2022-05-01,30.0366,78.87137,1570.5,33.0,123.7,0.832,-0.555,CONIFER_HIGH_FLAMMABILITY,0.362,0.072,13.85,62.75,2.6475,107.75,-2.521,0.807,1.1,1.1,27.6,0,0,365.0,50000.0,0
UTT_CELL_0067_0130,CELL_0067_0130,UTT,2022-05-01,30.3027,79.16715,1848.5,29.4,150.3,0.495,-0.869,CONIFER_HIGH_FLAMMABILITY,0.398,0.072,13.85,62.75,2.6475,107.75,-2.521,0.807,1.1,1.1,27.6,0,0,365.0,50000.0,0
UTT_CELL_0003_0004,CELL_0003_0004,UTT,2022-05-01,30.00338,78.51969,1409.9,26.1,120.3,0.863,-0.505,CONIFER_HIGH_FLAMMABILITY,0.431,0.072,13.85,62.75,2.6475,107.75,-2.521,0.807,1.1,1.1,27.6,0,0,365.0,50000.0,1
UTT_CELL_0041_0149,CELL_0041_0149,UTT,2022-05-01,30.18678,79.26796,1819.3,17.2,138.7,0.66,-0.751,CONIFER_HIGH_FLAMMABILITY,0.52,0.072,13.85,62.75,2.6475,107.75,-2.521,0.807,1.1,1.1,27.6,0,0,365.0,50000.0,0
UTT_CELL_0119_0114,CELL_0119_0114,UTT,2022-05-01,30.536,79.07941,1953.4,22.6,173.6,0.111,-0.994,CONIFER_HIGH_FLAMMABILITY,0.466,0.072,13.85,62.75,2.6475,107.75,-2.521,0.807,1.1,1.1,27.6,0,0,365.0,50000.0,0
UTT_CELL_0016_0005,CELL_0016_0005,UTT,2022-05-01,30.06208,78.52341,1446.6,33.8,126.2,0.807,-0.591,CONIFER_HIGH_FLAMMABILITY,0.354,0.072,13.85,62.75,2.6475,107.75,-2.521,0.807,1.1,1.1,27.6,0,0,365.0,50000.0,0
UTT_CELL_0067_0139,CELL_0067_0139,UTT,2022-05-01,30.30334,79.21393,1867.6,29.3,150.3,0.495,-0.869,CONIFER_HIGH_FLAMMABILITY,0.399,0.072,13.85,62.75,2.6475,107.75,-2.521,0.807,1.1,1.1,27.6,0,0,365.0,50000.0,0
UTT_CELL_0132_0109,CELL_0132_0109,UTT,2022-05-01,30.59423,79.05219,1977.4,12.7,179.4,0.01,-1.0,CONIFER_HIGH_FLAMMABILITY,0.565,0.072,13.85,62.75,2.6475,107.75,-2.521,0.807,1.1,1.1,27.6,0,0,365.0,50000.0,0
UTT_CELL_0093_0131,CELL_0093_0131,UTT,2022-05-01,30.42002,79.17017,1920.1,25.5,162.0,0.309,-0.951,CONIFER_HIGH_FLAMMABILITY,0.437,0.072,13.85,62.75,2.6475,107.75,-2.521,0.807,1.1,1.1,27.6,0,0,365.0,50000.0,0
UTT_CELL_0061_0069,CELL_0061_0069,UTT,2022-05-01,30.27082,78.85074,1702.8,33.9,147.1,0.543,-0.84,CONIFER_HIGH_FLAMMABILITY,0.353,0.072,13.85,62.75,2.6475,107.75,-2.521,0.807,1.1,1.1,27.6,0,0,365.0,50000.0,0
UTT_CELL_0067_0149,CELL_0067_0149,UTT,2022-05-01,30.30404,79.2659,1888.8,29.1,150.4,0.494,-0.869,CONIFER_HIGH_FLAMMABILITY,0.401,0.072,13.85,62.75,2.6475,107.75,-2.521,0.807,1.1,1.1,27.6,0,0,365.0,50000.0,0
UTT_CELL_0061_0074,CELL_0061_0074,UTT,2022-05-01,30.27124,78.87671,1713.4,33.8,147.1,0.543,-0.84,CONIFER_HIGH_FLAMMABILITY,0.354,0.072,13.85,62.75,2.6475,107.75,-2.521,0.807,1.1,1.1,27.6,0,0,365.0,50000.0,0
UTT_CELL_0113_0051,CELL_0113_0051,UTT,2022-05-01,30.50369,78.75188,1803.0,31.2,170.4,0.167,-0.986,CONIFER_HIGH_FLAMMABILITY,0.38,0.072,13.85,62.75,2.6475,107.75,-2.521,0.807,1.1,1.1,27.6,0,0,365.0,50000.0,0
UTT_CELL_0055_0000,CELL_0055_0000,UTT,2022-05-01,30.23739,78.49305,1539.7,31.8,143.7,0.592,-0.806,CONIFER_HIGH_FLAMMABILITY,0.374,0.072,13.85,62.75,2.6475,107.75,-2.521,0.807,1.1,1.1,27.6,0,0,365.0,50000.0,0
UTT_CELL_0074_0069,CELL_0074_0069,UTT,2022-05-01,30.32943,78.84946,1737.4,21.6,152.9,0.456,-0.89,CONIFER_HIGH_FLAMMABILITY,0.476,0.072,13.85,62.75,2.6475,107.75,-2.521,0.807,1.1,1.1,27.6,0,0,365.0,50000.0,0
UTT_CELL_0126_0045,CELL_0126_0045,UTT,2022-05-01,30.56176,78.71927,1824.8,12.8,176.2,0.066,-0.998,CONIFER_HIGH_FLAMMABILITY,0.564,0.072,13.85,62.75,2.6475,107.75,-2.521,0.807,1.1,1.1,27.6,0,0,365.0,50000.0,0
UTT_CELL_0048_0082,CELL_0048_0082,UTT,2022-05-01,30.21329,78.91951,1695.8,26.3,141.3,0.625,-0.78,CONIFER_HIGH_FLAMMABILITY,0.429,0.072,13.85,62.75,2.6475,107.75,-2.521,0.807,1.1,1.1,27.6,0,0,365.0,50000.0,0
UTT_CELL_0061_0080,CELL_0061_0080,UTT,2022-05-01,30.27174,78.90788,1726.2,33.8,147.2,0.542,-0.841,CONIFER_HIGH_FLAMMABILITY,0.354,0.072,13.85,62.75,2.6475,107.75,-2.521,0.807,1.1,1.1,27.6,0,0,365.0,50000.0,0
UTT_CELL_0003_0032,CELL_0003_0032,UTT,2022-05-01,30.00603,78.66472,1469.5,26.9,120.6,0.861,-0.509,CONIFER_HIGH_FLAMMABILITY,0.423,0.072,13.85,62.75,2.6475,107.75,-2.521,0.807,1.1,1.1,27.6,0,0,365.0,50000.0,0
UTT_CELL_0042_0018,CELL_0042_0018,UTT,2022-05-01,30.18054,78.58794,1543.5,14.8,138.1,0.668,-0.744,CONIFER_HIGH_FLAMMABILITY,0.544,0.072,13.85,62.75,2.6475,107.75,-2.521,0.807,1.1,1.1,27.6,0,0,365.0,50000.0,0
UTT_CELL_0055_0013,CELL_0055_0013,UTT,2022-05-01,30.23867,78.56055,1567.4,32.0,143.9,0.589,-0.808,CONIFER_HIGH_FLAMMABILITY,0.372,0.072,13.85,62.75,2.6475,107.75,-2.521,0.807,1.1,1.1,27.6,0,0,365.0,50000.0,0
UTT_CELL_0016_0032,CELL_0016_0032,UTT,2022-05-01,30.06464,78.66335,1504.1,33.7,126.5,0.804,-0.595,CONIFER_HIGH_FLAMMABILITY,0.355,0.072,13.85,62.75,2.6475,107.75,-2.521,0.807,1.1,1.1,27.6,0,0,365.0,50000.0,0
UTT_CELL_0022_0106,CELL_0022_0106,UTT,2022-05-01,30.09796,79.04643,1677.3,28.3,129.8,0.768,-0.64,CONIFER_HIGH_FLAMMABILITY,0.409,0.072,13.85,62.75,2.6475,107.75,-2.521,0.807,1.1,1.1,27.6,0,0,365.0,50000.0,0
UTT_CELL_0048_0094,CELL_0048_0094,UTT,2022-05-01,30.21426,78.98181,1721.3,26.6,141.4,0.624,-0.782,CONIFER_HIGH_FLAMMABILITY,0.426,0.072,13.85,62.75,2.6475,107.75,-2.521,0.807,1.1,1.1,27.6,0,0,365.0,50000.0,0
UTT_CELL_0048_0097,CELL_0048_0097,UTT,2022-05-01,30.2145,78.99739,1727.7,26.6,141.5,0.623,-0.783,CONIFER_HIGH_FLAMMABILITY,0.426,0.072,13.85,62.75,2.6475,107.75,-2.521,0.807,1.1,1.1,27.6,0,0,365.0,50000.0,0
UTT_CELL_0009_0117,CELL_0009_0117,UTT,2022-05-01,30.04017,79.1046,1665.9,33.3,124.0,0.829,-0.559,CONIFER_HIGH_FLAMMABILITY,0.359,0.072,13.85,62.75,2.6475,107.75,-2.521,0.807,1.1,1.1,27.6,0,0,365.0,50000.0,0
UTT_CELL_0132_0142,CELL_0132_0142,UTT,2022-05-01,30.59669,79.22421,2047.7,13.7,179.7,0.005,-1.0,CONIFER_MODERATE_FLAMMABILITY,0.555,0.072,13.85,62.75,2.6475,107.75,-2.521,0.807,1.1,1.1,27.6,0,0,365.0,50000.0,0
UTT_CELL_0100_0079,CELL_0100_0079,UTT,2022-05-01,30.44751,78.89893,1828.1,31.9,164.8,0.262,-0.965,CONIFER_HIGH_FLAMMABILITY,0.373,0.072,13.85,62.75,2.6475,107.75,-2.521,0.807,1.1,1.1,27.6,0,0,365.0,50000.0,0
UTT_CELL_0048_0109,CELL_0048_0109,UTT,2022-05-01,30.21544,79.0597,1753.1,26.9,141.5,0.623,-0.783,CONIFER_HIGH_FLAMMABILITY,0.423,0.072,13.85,62.75,2.6475,107.75,-2.521,0.807,1.1,1.1,27.6,0,0,365.0,50000.0,0
UTT_CELL_0042_0034,CELL_0042_0034,UTT,2022-05-01,30.18205,78.67096,1577.6,15.4,138.2,0.667,-0.745,CONIFER_HIGH_FLAMMABILITY,0.538,0.072,13.85,62.75,2.6475,107.75,-2.521,0.807,1.1,1.1,27.6,0,0,365.0,50000.0,0
UTT_CELL_0107_0006,CELL_0107_0006,UTT,2022-05-01,30.47239,78.51829,1690.8,34.0,167.2,0.222,-0.975,CONIFER_HIGH_FLAMMABILITY,0.352,0.072,13.85,62.75,2.6475,107.75,-2.521,0.807,1.1,1.1,27.6,0,0,365.0,50000.0,0
UTT_CELL_0100_0094,CELL_0100_0094,UTT,2022-05-01,30.44874,78.977,1860.0,32.1,164.9,0.261,-0.965,CONIFER_HIGH_FLAMMABILITY,0.371,0.072,13.85,62.75,2.6475,107.75,-2.521,0.807,1.1,1.1,27.6,0,0,365.0,50000.0,0
UTT_CELL_0048_0121,CELL_0048_0121,UTT,2022-05-01,30.21635,79.12201,1778.6,27.1,141.6,0.621,-0.784,CONIFER_HIGH_FLAMMABILITY,0.421,0.072,13.85,62.75,2.6475,107.75,-2.521,0.807,1.1,1.1,27.6,0,0,365.0,50000.0,0
UTT_CELL_0081_0028,CELL_0081_0028,UTT,2022-05-01,30.35731,78.63561,1668.6,10.8,155.7,0.412,-0.911,CONIFER_HIGH_FLAMMABILITY,0.584,0.072,13.85,62.75,2.6475,107.75,-2.521,0.807,1.1,1.1,27.6,0,0,365.0,50000.0,0
UTT_CELL_0016_0061,CELL_0016_0061,UTT,2022-05-01,30.06723,78.81367,1565.8,33.5,126.7,0.802,-0.598,CONIFER_HIGH_FLAMMABILITY,0.357,0.072,13.85,62.75,2.6475,107.75,-2.521,0.807,1.1,1.1,27.6,0,0,365.0,50000.0,0
UTT_CELL_0042_0049,CELL_0042_0049,UTT,2022-05-01,30.18341,78.74881,1609.6,15.9,138.3,0.665,-0.747,CONIFER_HIGH_FLAMMABILITY,0.533,0.072,13.85,62.75,2.6475,107.75,-2.521,0.807,1.1,1.1,27.6,0,0,365.0,50000.0,0
UTT_CELL_0133_0013,CELL_0133_0013,UTT,2022-05-01,30.59029,78.55178,1774.9,11.1,179.0,0.017,-1.0,CONIFER_HIGH_FLAMMABILITY,0.581,0.072,13.85,62.75,2.6475,107.75,-2.521,0.807,1.1,1.1,27.6,0,0,365.0,50000.0,0
UTT_CELL_0074_0120,CELL_0074_0120,UTT,2022-05-01,30.33353,79.11457,1845.9,20.1,153.4,0.448,-0.894,CONIFER_HIGH_FLAMMABILITY,0.491,0.072,13.85,62.75,2.6475,107.75,-2.521,0.807,1.1,1.1,27.6,0,0,365.0,50000.0,0
UTT_CELL_0022_0147,CELL_0022_0147,UTT,2022-05-01,30.10095,79.25908,1764.2,27.5,130.1,0.765,-0.644,CONIFER_HIGH_FLAMMABILITY,0.417,0.072,13.85,62.75,2.6475,107.75,-2.521,0.807,1.1,1.1,27.6,0,0,365.0,50000.0,0
UTT_CELL_0016_0073,CELL_0016_0073,UTT,2022-05-01,30.06825,78.87588,1591.3,33.4,126.8,0.801,-0.599,CONIFER_HIGH_FLAMMABILITY,0.358,0.072,13.85,62.75,2.6475,107.75,-2.521,0.807,1.1,1.1,27.6,0,0,365.0,50000.0,0
UTT_CELL_0055_0056,CELL_0055_0056,UTT,2022-05-01,30.24264,78.78382,1659.1,32.6,144.3,0.584,-0.812,CONIFER_HIGH_FLAMMABILITY,0.366,0.072,13.85,62.75,2.6475,107.75,-2.521,0.807,1.1,1.1,27.6,0,0,365.0,50000.0,0
UTT_CELL_0009_0155,CELL_0009_0155,UTT,2022-05-01,30.04286,79.30158,1746.3,33.6,124.3,0.826,-0.564,CONIFER_HIGH_FLAMMABILITY,0.356,0.072,13.85,62.75,2.6475,107.75,-2.521,0.807,1.1,1.1,27.6,0,0,365.0,50000.0,0
UTT_CELL_0120_0028,CELL_0120_0028,UTT,2022-05-01,30.53313,78.63136,1772.4,23.5,173.3,0.117,-0.993,CONIFER_HIGH_FLAMMABILITY,0.457,0.072,13.85,62.75,2.6475,107.75,-2.521,0.807,1.1,1.1,27.6,0,0,365.0,50000.0,0
UTT_CELL_0003_0083,CELL_0003_0083,UTT,2022-05-01,30.01046,78.92894,1577.8,28.1,121.0,0.857,-0.515,CONIFER_HIGH_FLAMMABILITY,0.411,0.072,13.85,62.75,2.6475,107.75,-2.521,0.807,1.1,1.1,27.6,0,0,365.0,50000.0,0
UTT_CELL_0126_0104,CELL_0126_0104,UTT,2022-05-01,30.56678,79.02667,1950.7,10.8,176.7,0.058,-0.998,CONIFER_HIGH_FLAMMABILITY,0.584,0.072,13.85,62.75,2.6475,107.75,-2.521,0.807,1.1,1.1,27.6,0,0,365.0,50000.0,0
UTT_CELL_0107_0041,CELL_0107_0041,UTT,2022-05-01,30.47574,78.70045,1765.6,34.0,167.6,0.215,-0.977,CONIFER_HIGH_FLAMMABILITY,0.352,0.072,13.85,62.75,2.6475,107.75,-2.521,0.807,1.1,1.1,27.6,0,0,365.0,50000.0,0
UTT_CELL_0120_0036,CELL_0120_0036,UTT,2022-05-01,30.53388,78.67303,1789.5,23.3,173.4,0.115,-0.993,CONIFER_HIGH_FLAMMABILITY,0.459,0.072,13.85,62.75,2.6475,107.75,-2.521,0.807,1.1,1.1,27.6,0,0,365.0,50000.0,0
UTT_CELL_0003_0092,CELL_0003_0092,UTT,2022-05-01,30.01118,78.97557,1596.9,28.3,121.1,0.856,-0.517,CONIFER_HIGH_FLAMMABILITY,0.409,0.072,13.85,62.75,2.6475,107.75,-2.521,0.807,1.1,1.1,27.6,0,0,365.0,50000.0,0
UTT_CELL_0087_0133,CELL_0087_0133,UTT,2022-05-01,30.39311,79.18108,1908.3,16.0,159.3,0.353,-0.935,CONIFER_HIGH_FLAMMABILITY,0.532,0.072,13.85,62.75,2.6475,107.75,-2.521,0.807,1.1,1.1,27.6,0,0,365.0,50000.0,0
UTT_CELL_0023_0007,CELL_0023_0007,UTT,2022-05-01,30.09383,78.53299,1469.5,29.3,129.4,0.773,-0.635,CONIFER_HIGH_FLAMMABILITY,0.399,0.072,13.85,62.75,2.6475,107.75,-2.521,0.807,1.1,1.1,27.6,0,0,365.0,50000.0,0
UTT_CELL_0087_0136,CELL_0087_0136,UTT,2022-05-01,30.39333,79.19668,1914.7,16.1,159.3,0.353,-0.935,CONIFER_HIGH_FLAMMABILITY,0.531,0.072,13.85,62.75,2.6475,107.75,-2.521,0.807,1.1,1.1,27.6,0,0,365.0,50000.0,0
UTT_CELL_0048_0155,CELL_0048_0155,UTT,2022-05-01,30.21876,79.29857,1850.7,27.8,141.9,0.617,-0.787,CONIFER_HIGH_FLAMMABILITY,0.414,0.072,13.85,62.75,2.6475,107.75,-2.521,0.807,1.1,1.1,27.6,0,0,365.0,50000.0,0
UTT_CELL_0003_0105,CELL_0003_0105,UTT,2022-05-01,30.0122,79.04293,1624.5,28.5,121.2,0.855,-0.518,CONIFER_HIGH_FLAMMABILITY,0.407,0.072,13.85,62.75,2.6475,107.75,-2.521,0.807,1.1,1.1,27.6,0,0,365.0,50000.0,1
UTT_CELL_0068_0075,CELL_0068_0075,UTT,2022-05-01,30.30289,78.88123,1734.2,29.4,150.3,0.495,-0.869,CONIFER_HIGH_FLAMMABILITY,0.398,0.072,13.85,62.75,2.6475,107.75,-2.521,0.807,1.1,1.1,27.6,0,0,365.0,50000.0,0
UTT_CELL_0042_0095,CELL_0042_0095,UTT,2022-05-01,30.18729,78.98756,1707.4,17.4,138.7,0.66,-0.751,CONIFER_HIGH_FLAMMABILITY,0.518,0.072,13.85,62.75,2.6475,107.75,-2.521,0.807,1.1,1.1,27.6,0,0,365.0,50000.0,0
UTT_CELL_0049_0015,CELL_0049_0015,UTT,2022-05-01,30.21181,78.57159,1555.7,25.8,141.2,0.627,-0.779,CONIFER_HIGH_FLAMMABILITY,0.434,0.072,13.85,62.75,2.6475,107.75,-2.521,0.807,1.1,1.1,27.6,0,0,365.0,50000.0,0
UTT_CELL_0010_0036,CELL_0010_0036,UTT,2022-05-01,30.03796,78.68471,1496.7,33.1,123.8,0.831,-0.556,CONIFER_HIGH_FLAMMABILITY,0.361,0.072,13.85,62.75,2.6475,107.75,-2.521,0.807,1.1,1.1,27.6,0,0,365.0,50000.0,0
UTT_CELL_0081_0085,CELL_0081_0085,UTT,2022-05-01,30.36234,78.93196,1790.2,8.7,156.2,0.404,-0.915,CONIFER_HIGH_FLAMMABILITY,0.605,0.072,13.85,62.75,2.6475,107.75,-2.521,0.807,1.1,1.1,27.6,0,0,365.0,50000.0,0
UTT_CELL_0126_0150,CELL_0126_0150,UTT,2022-05-01,30.5702,79.2664,2048.7,9.3,177.0,0.052,-0.999,CONIFER_MODERATE_FLAMMABILITY,0.599,0.072,13.85,62.75,2.6475,107.75,-2.521,0.807,1.1,1.1,27.6,0,0,365.0,50000.0,0
UTT_CELL_0075_0018,CELL_0075_0018,UTT,2022-05-01,30.32931,78.58429,1631.3,21.6,152.9,0.456,-0.89,CONIFER_HIGH_FLAMMABILITY,0.476,0.072,13.85,62.75,2.6475,107.75,-2.521,0.807,1.1,1.1,27.6,0,0,365.0,50000.0,0
UTT_CELL_0126_0153,CELL_0126_0153,UTT,2022-05-01,30.57041,79.28203,2055.1,9.3,177.0,0.052,-0.999,CONIFER_MODERATE_FLAMMABILITY,0.599,0.072,13.85,62.75,2.6475,107.75,-2.521,0.807,1.1,1.1,27.6,0,0,365.0,50000.0,0
UTT_CELL_0075_0021,CELL_0075_0021,UTT,2022-05-01,30.3296,78.59989,1637.7,21.5,153.0,0.454,-0.891,CONIFER_HIGH_FLAMMABILITY,0.477,0.072,13.85,62.75,2.6475,107.75,-2.521,0.807,1.1,1.1,27.6,0,0,365.0,50000.0,0
UTT_CELL_0049_0033,CELL_0049_0033,UTT,2022-05-01,30.21351,78.66503,1594.1,26.3,141.4,0.624,-0.782,CONIFER_HIGH_FLAMMABILITY,0.429,0.072,13.85,62.75,2.6475,107.75,-2.521,0.807,1.1,1.1,27.6,0,0,365.0,50000.0,0
UTT_CELL_0029_0124,CELL_0029_0124,UTT,2022-05-01,30.13088,79.1392,1734.2,17.6,133.1,0.73,-0.683,CONIFER_HIGH_FLAMMABILITY,0.516,0.072,13.85,62.75,2.6475,107.75,-2.521,0.807,1.1,1.1,27.6,0,0,365.0,50000.0,0
UTT_CELL_0003_0136,CELL_0003_0136,UTT,2022-05-01,30.01449,79.20358,1690.1,29.1,121.4,0.854,-0.521,CONIFER_HIGH_FLAMMABILITY,0.401,0.072,13.85,62.75,2.6475,107.75,-2.521,0.807,1.1,1.1,27.6,0,0,365.0,50000.0,0
UTT_CELL_0120_0082,CELL_0120_0082,UTT,2022-05-01,30.53794,78.91262,1887.8,21.9,173.8,0.108,-0.994,CONIFER_HIGH_FLAMMABILITY,0.473,0.072,13.85,62.75,2.6475,107.75,-2.521,0.807,1.1,1.1,27.6,0,0,365.0,50000.0,0
UTT_CELL_0010_0060,CELL_0010_0060,UTT,2022-05-01,30.04009,78.80908,1547.7,33.3,124.0,0.829,-0.559,CONIFER_HIGH_FLAMMABILITY,0.359,0.072,13.85,62.75,2.6475,107.75,-2.521,0.807,1.1,1.1,27.6,0,0,365.0,50000.0,0
UTT_CELL_0094_0101,CELL_0094_0101,UTT,2022-05-01,30.42225,79.01398,1858.9,26.1,162.2,0.306,-0.952,CONIFER_HIGH_FLAMMABILITY,0.431,0.072,13.85,62.75,2.6475,107.75,-2.521,0.807,1.1,1.1,27.6,0,0,365.0,50000.0,0
UTT_CELL_0075_0034,CELL_0075_0034,UTT,2022-05-01,30.33082,78.66745,1665.5,21.1,153.1,0.452,-0.892,CONIFER_HIGH_FLAMMABILITY,0.481,0.072,13.85,62.75,2.6475,107.75,-2.521,0.807,1.1,1.1,27.6,0,0,365.0,50000.0,0
UTT_CELL_0094_0107,CELL_0094_0107,UTT,2022-05-01,30.42272,79.0452,1871.7,26.3,162.3,0.304,-0.953,CONIFER_HIGH_FLAMMABILITY,0.429,0.072,13.85,62.75,2.6475,107.75,-2.521,0.807,1.1,1.1,27.6,0,0,365.0,50000.0,0
UTT_CELL_0049_0049,CELL_0049_0049,UTT,2022-05-01,30.21497,78.74809,1628.2,26.8,141.5,0.623,-0.783,CONIFER_HIGH_FLAMMABILITY,0.424,0.072,13.85,62.75,2.6475,107.75,-2.521,0.807,1.1,1.1,27.6,0,0,365.0,50000.0,0
UTT_CELL_0088_0034,CELL_0088_0034,UTT,2022-05-01,30.38943,78.66606,1700.1,14.6,158.9,0.36,-0.933,CONIFER_HIGH_FLAMMABILITY,0.546,0.072,13.85,62.75,2.6475,107.75,-2.521,0.807,1.1,1.1,27.6,0,0,365.0,50000.0,0
UTT_CELL_0101_0028,CELL_0101_0028,UTT,2022-05-01,30.44748,78.63344,1721.9,31.9,164.7,0.264,-0.965,CONIFER_HIGH_FLAMMABILITY,0.373,0.072,13.85,62.75,2.6475,107.75,-2.521,0.807,1.1,1.1,27.6,0,0,365.0,50000.0,0
UTT_CELL_0029_0145,CELL_0029_0145,UTT,2022-05-01,30.13238,79.24815,1778.7,17.0,133.2,0.729,-0.685,CONIFER_HIGH_FLAMMABILITY,0.522,0.072,13.85,62.75,2.6475,107.75,-2.521,0.807,1.1,1.1,27.6,0,0,365.0,50000.0,0
UTT_CELL_0055_0136,CELL_0055_0136,UTT,2022-05-01,30.24901,79.19932,1829.1,33.3,144.9,0.575,-0.818,CONIFER_HIGH_FLAMMABILITY,0.359,0.072,13.85,62.75,2.6475,107.75,-2.521,0.807,1.1,1.1,27.6,0,0,365.0,50000.0,0
UTT_CELL_0088_0042,CELL_0088_0042,UTT,2022-05-01,30.39017,78.70766,1717.2,14.8,159.0,0.358,-0.934,CONIFER_HIGH_FLAMMABILITY,0.544,0.072,13.85,62.75,2.6475,107.75,-2.521,0.807,1.1,1.1,27.6,0,0,365.0,50000.0,0
UTT_CELL_0049_0060,CELL_0049_0060,UTT,2022-05-01,30.21594,78.80519,1651.6,27.0,141.6,0.621,-0.784,CONIFER_HIGH_FLAMMABILITY,0.422,0.072,13.85,62.75,2.6475,107.75,-2.521,0.807,1.1,1.1,27.6,0,0,365.0,50000.0,0
UTT_CELL_0081_0131,CELL_0081_0131,UTT,2022-05-01,30.36591,79.17118,1888.0,7.2,156.6,0.397,-0.918,CONIFER_HIGH_FLAMMABILITY,0.62,0.072,13.85,62.75,2.6475,107.75,-2.521,0.807,1.1,1.1,27.6,0,0,365.0,50000.0,0
UTT_CELL_0133_0108,CELL_0133_0108,UTT,2022-05-01,30.59866,79.04689,1978.0,14.5,179.9,0.002,-1.0,CONIFER_HIGH_FLAMMABILITY,0.547,0.072,13.85,62.75,2.6475,107.75,-2.521,0.807,1.1,1.1,27.6,0,0,365.0,50000.0,0
UTT_CELL_0042_0153,CELL_0042_0153,UTT,2022-05-01,30.19156,79.28865,1830.4,19.0,139.2,0.653,-0.757,CONIFER_HIGH_FLAMMABILITY,0.502,0.072,13.85,62.75,2.6475,107.75,-2.521,0.807,1.1,1.1,27.6,0,0,365.0,50000.0,0
UTT_CELL_0120_0118,CELL_0120_0118,UTT,2022-05-01,30.54081,79.10016,1964.5,20.9,174.1,0.103,-0.995,CONIFER_HIGH_FLAMMABILITY,0.483,0.072,13.85,62.75,2.6475,107.75,-2.521,0.807,1.1,1.1,27.6,0,0,365.0,50000.0,0
UTT_CELL_0088_0055,CELL_0088_0055,UTT,2022-05-01,30.39134,78.77527,1744.9,15.3,159.1,0.357,-0.934,CONIFER_HIGH_FLAMMABILITY,0.539,0.072,13.85,62.75,2.6475,107.75,-2.521,0.807,1.1,1.1,27.6,0,0,365.0,50000.0,0
UTT_CELL_0094_0134,CELL_0094_0134,UTT,2022-05-01,30.42475,79.18569,1929.1,26.9,162.5,0.301,-0.954,CONIFER_HIGH_FLAMMABILITY,0.423,0.072,13.85,62.75,2.6475,107.75,-2.521,0.807,1.1,1.1,27.6,0,0,365.0,50000.0,0
UTT_CELL_0088_0059,CELL_0088_0059,UTT,2022-05-01,30.39169,78.79607,1753.4,15.5,159.2,0.355,-0.935,CONIFER_HIGH_FLAMMABILITY,0.537,0.072,13.85,62.75,2.6475,107.75,-2.521,0.807,1.1,1.1,27.6,0,0,365.0,50000.0,0
UTT_CELL_0094_0139,CELL_0094_0139,UTT,2022-05-01,30.42511,79.21171,1939.8,27.0,162.5,0.301,-0.954,CONIFER_HIGH_FLAMMABILITY,0.422,0.072,13.85,62.75,2.6475,107.75,-2.521,0.807,1.1,1.1,27.6,0,0,365.0,50000.0,0
UTT_CELL_0023_0097,CELL_0023_0097,UTT,2022-05-01,30.10177,78.99967,1660.9,27.3,130.2,0.764,-0.645,CONIFER_HIGH_FLAMMABILITY,0.419,0.072,13.85,62.75,2.6475,107.75,-2.521,0.807,1.1,1.1,27.6,0,0,365.0,50000.0,0
UTT_CELL_0043_0017,CELL_0043_0017,UTT,2022-05-01,30.18496,78.58264,1544.0,16.5,138.5,0.663,-0.749,CONIFER_HIGH_FLAMMABILITY,0.527,0.072,13.85,62.75,2.6475,107.75,-2.521,0.807,1.1,1.1,27.6,0,0,365.0,50000.0,0
UTT_CELL_0075_0081,CELL_0075_0081,UTT,2022-05-01,30.33495,78.91174,1765.7,19.6,153.5,0.446,-0.895,CONIFER_HIGH_FLAMMABILITY,0.496,0.072,13.85,62.75,2.6475,107.75,-2.521,0.807,1.1,1.1,27.6,0,0,365.0,50000.0,0
UTT_CELL_0017_0034,CELL_0017_0034,UTT,2022-05-01,30.06933,78.67361,1511.0,33.3,126.9,0.8,-0.6,CONIFER_HIGH_FLAMMABILITY,0.359,0.072,13.85,62.75,2.6475,107.75,-2.521,0.807,1.1,1.1,27.6,0,0,365.0,50000.0,0
UTT_CELL_0036_0104,CELL_0036_0104,UTT,2022-05-01,30.16094,79.03481,1710.5,6.7,136.1,0.693,-0.721,CONIFER_HIGH_FLAMMABILITY,0.625,0.072,13.85,62.75,2.6475,107.75,-2.521,0.807,1.1,1.1,27.6,0,0,365.0,50000.0,0
UTT_CELL_0114_0070,CELL_0114_0070,UTT,2022-05-01,30.50987,78.85071,1846.2,29.9,171.0,0.156,-0.988,CONIFER_HIGH_FLAMMABILITY,0.393,0.072,13.85,62.75,2.6475,107.75,-2.521,0.807,1.1,1.1,27.6,0,0,365.0,50000.0,0
UTT_CELL_0095_0003,CELL_0095_0003,UTT,2022-05-01,30.418,78.50406,1652.4,24.9,161.8,0.312,-0.95,CONIFER_HIGH_FLAMMABILITY,0.443,0.072,13.85,62.75,2.6475,107.75,-2.521,0.807,1.1,1.1,27.6,0,0,365.0,50000.0,1
UTT_CELL_0030_0034,CELL_0030_0034,UTT,2022-05-01,30.12794,78.67223,1545.7,18.7,132.8,0.734,-0.679,CONIFER_HIGH_FLAMMABILITY,0.505,0.072,13.85,62.75,2.6475,107.75,-2.521,0.807,1.1,1.1,27.6,0,0,365.0,50000.0,0
UTT_CELL_0017_0044,CELL_0017_0044,UTT,2022-05-01,30.07024,78.72544,1532.3,33.2,127.0,0.799,-0.602,CONIFER_HIGH_FLAMMABILITY,0.36,0.072,13.85,62.75,2.6475,107.75,-2.521,0.807,1.1,1.1,27.6,0,0,365.0,50000.0,0
UTT_CELL_0088_0093,CELL_0088_0093,UTT,2022-05-01,30.39456,78.97291,1825.9,16.6,159.5,0.35,-0.937,CONIFER_HIGH_FLAMMABILITY,0.526,0.072,13.85,62.75,2.6475,107.75,-2.521,0.807,1.1,1.1,27.6,0,0,365.0,50000.0,0
UTT_CELL_0010_0135,CELL_0010_0135,UTT,2022-05-01,30.04599,79.19782,1706.7,33.8,124.6,0.823,-0.568,CONIFER_HIGH_FLAMMABILITY,0.354,0.072,13.85,62.75,2.6475,107.75,-2.521,0.807,1.1,1.1,27.6,0,0,365.0,50000.0,0
UTT_CELL_0108_0013,CELL_0108_0013,UTT,2022-05-01,30.47759,78.5546,1708.4,33.9,167.8,0.211,-0.977,CONIFER_HIGH_FLAMMABILITY,0.353,0.072,13.85,62.75,2.6475,107.75,-2.521,0.807,1.1,1.1,27.6,0,0,365.0,50000.0,0
UTT_CELL_0049_0120,CELL_0049_0120,UTT,2022-05-01,30.22078,79.11673,1779.2,28.3,142.1,0.614,-0.789,CONIFER_HIGH_FLAMMABILITY,0.409,0.072,13.85,62.75,2.6475,107.75,-2.521,0.807,1.1,1.1,27.6,0,0,365.0,50000.0,0
UTT_CELL_0056_0039,CELL_0056_0039,UTT,2022-05-01,30.24562,78.69544,1625.5,32.9,144.6,0.579,-0.815,CONIFER_HIGH_FLAMMABILITY,0.363,0.072,13.85,62.75,2.6475,107.75,-2.521,0.807,1.1,1.1,27.6,0,0,365.0,50000.0,1
UTT_CELL_0075_0109,CELL_0075_0109,UTT,2022-05-01,30.3372,79.0573,1825.2,18.8,153.7,0.443,-0.896,CONIFER_HIGH_FLAMMABILITY,0.504,0.072,13.85,62.75,2.6475,107.75,-2.521,0.807,1.1,1.1,27.6,0,0,365.0,50000.0,0
UTT_CELL_0056_0041,CELL_0056_0041,UTT,2022-05-01,30.24581,78.70582,1629.8,33.0,144.6,0.579,-0.815,CONIFER_HIGH_FLAMMABILITY,0.362,0.072,13.85,62.75,2.6475,107.75,-2.521,0.807,1.1,1.1,27.6,0,0,365.0,50000.0,0
UTT_CELL_0036_0131,CELL_0036_0131,UTT,2022-05-01,30.16296,79.17493,1767.8,7.5,136.3,0.691,-0.723,CONIFER_HIGH_FLAMMABILITY,0.617,0.072,13.85,62.75,2.6475,107.75,-2.521,0.807,1.1,1.1,27.6,0,0,365.0,50000.0,0
UTT_CELL_0010_0144,CELL_0010_0144,UTT,2022-05-01,30.04662,79.24448,1725.8,33.8,124.7,0.822,-0.569,CONIFER_HIGH_FLAMMABILITY,0.354,0.072,13.85,62.75,2.6475,107.75,-2.521,0.807,1.1,1.1,27.6,0,0,365.0,50000.0,0
UTT_CELL_0023_0141,CELL_0023_0141,UTT,2022-05-01,30.10505,79.22788,1754.2,26.4,130.5,0.76,-0.649,CONIFER_HIGH_FLAMMABILITY,0.428,0.072,13.85,62.75,2.6475,107.75,-2.521,0.807,1.1,1.1,27.6,0,0,365.0,50000.0,0
UTT_CELL_0023_0150,CELL_0023_0150,UTT,2022-05-01,30.10567,79.27457,1773.2,26.2,130.6,0.759,-0.651,CONIFER_HIGH_FLAMMABILITY,0.43,0.072,13.85,62.75,2.6475,107.75,-2.521,0.807,1.1,1.1,27.6,0,0,365.0,50000.0,0
UTT_CELL_0088_0123,CELL_0088_0123,UTT,2022-05-01,30.39688,79.12897,1889.7,17.5,159.7,0.347,-0.938,CONIFER_HIGH_FLAMMABILITY,0.517,0.072,13.85,62.75,2.6475,107.75,-2.521,0.807,1.1,1.1,27.6,0,0,365.0,50000.0,0
UTT_CELL_0023_0156,CELL_0023_0156,UTT,2022-05-01,30.10607,79.30569,1785.9,26.1,130.6,0.759,-0.651,CONIFER_HIGH_FLAMMABILITY,0.431,0.072,13.85,62.75,2.6475,107.75,-2.521,0.807,1.1,1.1,27.6,0,0,365.0,50000.0,0
UTT_CELL_0004_0090,CELL_0004_0090,UTT,2022-05-01,30.01553,78.96512,1595.4,29.3,121.6,0.852,-0.524,CONIFER_HIGH_FLAMMABILITY,0.399,0.072,13.85,62.75,2.6475,107.75,-2.521,0.807,1.1,1.1,27.6,0,0,365.0,50000.0,0
UTT_CELL_0114_0118,CELL_0114_0118,UTT,2022-05-01,30.51376,79.10068,1948.5,29.0,171.4,0.15,-0.989,CONIFER_HIGH_FLAMMABILITY,0.402,0.072,13.85,62.75,2.6475,107.75,-2.521,0.807,1.1,1.1,27.6,0,0,365.0,50000.0,0
UTT_CELL_0134_0033,CELL_0134_0033,UTT,2022-05-01,30.59671,78.65589,1820.4,13.7,179.7,0.005,-1.0,CONIFER_HIGH_FLAMMABILITY,0.555,0.072,13.85,62.75,2.6475,107.75,-2.521,0.807,1.1,1.1,27.6,0,0,365.0,50000.0,0
UTT_CELL_0017_0087,CELL_0017_0087,UTT,2022-05-01,30.07391,78.94836,1623.7,32.8,127.4,0.794,-0.607,CONIFER_HIGH_FLAMMABILITY,0.364,0.072,13.85,62.75,2.6475,107.75,-2.521,0.807,1.1,1.1,27.6,0,0,365.0,50000.0,0
UTT_CELL_0082_0058,CELL_0082_0058,UTT,2022-05-01,30.36455,78.79148,1735.3,7.8,156.5,0.399,-0.917,CONIFER_HIGH_FLAMMABILITY,0.614,0.072,13.85,62.75,2.6475,107.75,-2.521,0.807,1.1,1.1,27.6,0,0,365.0,50000.0,0
UTT_CELL_0049_0151,CELL_0049_0151,UTT,2022-05-01,30.223,79.27772,1844.9,28.9,142.3,0.612,-0.791,CONIFER_HIGH_FLAMMABILITY,0.403,0.072,13.85,62.75,2.6475,107.75,-2.521,0.807,1.1,1.1,27.6,0,0,365.0,50000.0,0
UTT_CELL_0075_0142,CELL_0075_0142,UTT,2022-05-01,30.33963,79.22887,1895.3,17.8,154.0,0.438,-0.899,CONIFER_HIGH_FLAMMABILITY,0.514,0.072,13.85,62.75,2.6475,107.75,-2.521,0.807,1.1,1.1,27.6,0,0,365.0,50000.0,0
UTT_CELL_0030_0086,CELL_0030_0086,UTT,2022-05-01,30.13245,78.94196,1656.3,17.0,133.2,0.729,-0.685,CONIFER_HIGH_FLAMMABILITY,0.522,0.072,13.85,62.75,2.6475,107.75,-2.521,0.807,1.1,1.1,27.6,0,0,365.0,50000.0,0
UTT_CELL_0062_0153,CELL_0062_0153,UTT,2022-05-01,30.28177,79.28709,1883.9,33.0,148.2,0.527,-0.85,CONIFER_HIGH_FLAMMABILITY,0.362,0.072,13.85,62.75,2.6475,107.75,-2.521,0.807,1.1,1.1,27.6,0,0,365.0,50000.0,0
UTT_CELL_0082_0067,CELL_0082_0067,UTT,2022-05-01,30.36533,78.83827,1754.5,7.4,156.5,0.399,-0.917,CONIFER_HIGH_FLAMMABILITY,0.618,0.072,13.85,62.75,2.6475,107.75,-2.521,0.807,1.1,1.1,27.6,0,0,365.0,50000.0,0
UTT_CELL_0030_0095,CELL_0030_0095,UTT,2022-05-01,30.13318,78.98865,1675.4,16.7,133.3,0.728,-0.686,CONIFER_HIGH_FLAMMABILITY,0.525,0.072,13.85,62.75,2.6475,107.75,-2.521,0.807,1.1,1.1,27.6,0,0,365.0,50000.0,0
UTT_CELL_0127_0130,CELL_0127_0130,UTT,2022-05-01,30.57328,79.16208,2008.8,8.1,177.3,0.047,-0.999,CONIFER_MODERATE_FLAMMABILITY,0.611,0.072,13.85,62.75,2.6475,107.75,-2.521,0.807,1.1,1.1,27.6,0,0,365.0,50000.0,0
UTT_CELL_0088_0149,CELL_0088_0149,UTT,2022-05-01,30.39875,79.26423,1944.9,18.2,159.9,0.344,-0.939,CONIFER_HIGH_FLAMMABILITY,0.51,0.072,13.85,62.75,2.6475,107.75,-2.521,0.807,1.1,1.1,27.6,0,0,365.0,50000.0,0
UTT_CELL_0030_0099,CELL_0030_0099,UTT,2022-05-01,30.13349,79.00941,1683.9,16.6,133.3,0.728,-0.686,CONIFER_HIGH_FLAMMABILITY,0.526,0.072,13.85,62.75,2.6475,107.75,-2.521,0.807,1.1,1.1,27.6,0,0,365.0,50000.0,0
UTT_CELL_0043_0093,CELL_0043_0093,UTT,2022-05-01,30.19164,78.97708,1705.8,19.1,139.2,0.653,-0.757,CONIFER_HIGH_FLAMMABILITY,0.501,0.072,13.85,62.75,2.6475,107.75,-2.521,0.807,1.1,1.1,27.6,0,0,365.0,50000.0,0
UTT_CELL_0063_0008,CELL_0063_0008,UTT,2022-05-01,30.27425,78.53368,1578.0,33.7,147.4,0.539,-0.842,CONIFER_HIGH_FLAMMABILITY,0.355,0.072,13.85,62.75,2.6475,107.75,-2.521,0.807,1.1,1.1,27.6,0,0,365.0,50000.0,0
UTT_CELL_0114_0142,CELL_0114_0142,UTT,2022-05-01,30.51552,79.22569,1999.6,28.6,171.6,0.146,-0.989,CONIFER_HIGH_FLAMMABILITY,0.406,0.072,13.85,62.75,2.6475,107.75,-2.521,0.807,1.1,1.1,27.6,0,0,365.0,50000.0,0
UTT_CELL_0088_0154,CELL_0088_0154,UTT,2022-05-01,30.39909,79.29025,1955.6,18.3,159.9,0.344,-0.939,CONIFER_HIGH_FLAMMABILITY,0.509,0.072,13.85,62.75,2.6475,107.75,-2.521,0.807,1.1,1.1,27.6,0,0,365.0,50000.0,0
UTT_CELL_0043_0099,CELL_0043_0099,UTT,2022-05-01,30.19211,79.00823,1718.6,19.2,139.2,0.653,-0.757,CONIFER_HIGH_FLAMMABILITY,0.5,0.072,13.85,62.75,2.6475,107.75,-2.521,0.807,1.1,1.1,27.6,0,0,365.0,50000.0,0
UTT_CELL_0082_0082,CELL_0082_0082,UTT,2022-05-01,30.3666,78.91627,1786.5,6.9,156.7,0.396,-0.918,CONIFER_HIGH_FLAMMABILITY,0.623,0.072,13.85,62.75,2.6475,107.75,-2.521,0.807,1.1,1.1,27.6,0,0,365.0,50000.0,0
UTT_CELL_0127_0139,CELL_0127_0139,UTT,2022-05-01,30.57393,79.20899,2028.0,7.8,177.4,0.045,-0.999,CONIFER_MODERATE_FLAMMABILITY,0.614,0.072,13.85,62.75,2.6475,107.75,-2.521,0.807,1.1,1.1,27.6,0,0,365.0,50000.0,0
UTT_CELL_0127_0140,CELL_0127_0140,UTT,2022-05-01,30.574,79.2142,2030.1,7.7,177.4,0.045,-0.999,CONIFER_MODERATE_FLAMMABILITY,0.615,0.072,13.85,62.75,2.6475,107.75,-2.521,0.807,1.1,1.1,27.6,0,0,365.0,50000.0,0
UTT_CELL_0024_0031,CELL_0024_0031,UTT,2022-05-01,30.10062,78.65731,1523.3,27.6,130.1,0.765,-0.644,CONIFER_HIGH_FLAMMABILITY,0.416,0.072,13.85,62.75,2.6475,107.75,-2.521,0.807,1.1,1.1,27.6,0,0,365.0,50000.0,0
UTT_CELL_0056_0101,CELL_0056_0101,UTT,2022-05-01,30.25089,79.01743,1757.5,33.5,145.1,0.572,-0.82,CONIFER_HIGH_FLAMMABILITY,0.357,0.072,13.85,62.75,2.6475,107.75,-2.521,0.807,1.1,1.1,27.6,0,0,365.0,50000.0,0
UTT_CELL_0121_0071,CELL_0121_0071,UTT,2022-05-01,30.54152,78.85522,1867.0,20.6,174.2,0.101,-0.995,CONIFER_HIGH_FLAMMABILITY,0.486,0.072,13.85,62.75,2.6475,107.75,-2.521,0.807,1.1,1.1,27.6,0,0,365.0,50000.0,0
UTT_CELL_0102_0003,CELL_0102_0003,UTT,2022-05-01,30.44956,78.50325,1671.0,32.2,165.0,0.259,-0.966,CONIFER_HIGH_FLAMMABILITY,0.37,0.072,13.85,62.75,2.6475,107.75,-2.521,0.807,1.1,1.1,27.6,0,0,365.0,50000.0,0
UTT_CELL_0102_0008,CELL_0102_0008,UTT,2022-05-01,30.45005,78.52927,1681.7,32.3,165.0,0.259,-0.966,CONIFER_HIGH_FLAMMABILITY,0.369,0.072,13.85,62.75,2.6475,107.75,-2.521,0.807,1.1,1.1,27.6,0,0,365.0,50000.0,0
UTT_CELL_0089_0016,CELL_0089_0016,UTT,2022-05-01,30.39223,78.57234,1664.3,15.7,159.2,0.355,-0.935,CONIFER_HIGH_FLAMMABILITY,0.535,0.072,13.85,62.75,2.6475,107.75,-2.521,0.807,1.1,1.1,27.6,0,0,365.0,50000.0,0
UTT_CELL_0017_0132,CELL_0017_0132,UTT,2022-05-01,30.07735,79.18169,1719.1,32.4,127.7,0.791,-0.612,CONIFER_HIGH_FLAMMABILITY,0.368,0.072,13.85,62.75,2.6475,107.75,-2.521,0.807,1.1,1.1,27.6,0,0,365.0,50000.0,0
UTT_CELL_0095_0096,CELL_0095_0096,UTT,2022-05-01,30.42636,78.98787,1851.0,27.3,162.6,0.299,-0.954,CONIFER_HIGH_FLAMMABILITY,0.419,0.072,13.85,62.75,2.6475,107.75,-2.521,0.807,1.1,1.1,27.6,0,0,365.0,50000.0,0
UTT_CELL_0024_0055,CELL_0024_0055,UTT,2022-05-01,30.10278,78.78176,1574.4,27.0,130.3,0.763,-0.647,CONIFER_HIGH_FLAMMABILITY,0.422,0.072,13.85,62.75,2.6475,107.75,-2.521,0.807,1.1,1.1,27.6,0,0,365.0,50000.0,1
UTT_CELL_0128_0009,CELL_0128_0009,UTT,2022-05-01,30.56735,78.53151,1753.0,10.5,176.7,0.058,-0.998,CONIFER_HIGH_FLAMMABILITY,0.587,0.072,13.85,62.75,2.6475,107.75,-2.521,0.807,1.1,1.1,27.6,0,0,365.0,50000.0,0
UTT_CELL_0134_0090,CELL_0134_0090,UTT,2022-05-01,30.60173,78.95297,1942.2,15.7,180.2,-0.003,-1.0,CONIFER_HIGH_FLAMMABILITY,0.535,0.072,13.85,62.75,2.6475,107.75,-2.521,0.807,1.1,1.1,27.6,0,0,365.0,50000.0,0
UTT_CELL_0108_0103,CELL_0108_0103,UTT,2022-05-01,30.48554,79.02311,1900.6,33.5,168.6,0.198,-0.98,CONIFER_HIGH_FLAMMABILITY,0.357,0.072,13.85,62.75,2.6475,107.75,-2.521,0.807,1.1,1.1,27.6,0,0,365.0,50000.0,0
UTT_CELL_0076_0044,CELL_0076_0044,UTT,2022-05-01,30.33625,78.71931,1689.5,19.1,153.6,0.445,-0.896,CONIFER_HIGH_FLAMMABILITY,0.501,0.072,13.85,62.75,2.6475,107.75,-2.521,0.807,1.1,1.1,27.6,0,0,365.0,50000.0,1
UTT_CELL_0076_0045,CELL_0076_0045,UTT,2022-05-01,30.33634,78.72451,1691.6,19.1,153.6,0.445,-0.896,CONIFER_HIGH_FLAMMABILITY,0.501,0.072,13.85,62.75,2.6475,107.75,-2.521,0.807,1.1,1.1,27.6,0,0,365.0,50000.0,1
UTT_CELL_0030_0144,CELL_0030_0144,UTT,2022-05-01,30.13682,79.24289,1779.2,15.3,133.7,0.723,-0.691,CONIFER_HIGH_FLAMMABILITY,0.539,0.072,13.85,62.75,2.6475,107.75,-2.521,0.807,1.1,1.1,27.6,0,0,365.0,50000.0,0
UTT_CELL_0043_0140,CELL_0043_0140,UTT,2022-05-01,30.19517,79.22108,1805.5,20.4,139.5,0.649,-0.76,CONIFER_HIGH_FLAMMABILITY,0.488,0.072,13.85,62.75,2.6475,107.75,-2.521,0.807,1.1,1.1,27.6,0,0,365.0,50000.0,0
UTT_CELL_0011_0079,CELL_0011_0079,UTT,2022-05-01,30.0462,78.90746,1590.7,33.8,124.6,0.823,-0.568,CONIFER_HIGH_FLAMMABILITY,0.354,0.072,13.85,62.75,2.6475,107.75,-2.521,0.807,1.1,1.1,27.6,0,0,365.0,50000.0,1
UTT_CELL_0128_0027,CELL_0128_0027,UTT,2022-05-01,30.5691,78.62528,1791.6,9.8,176.9,0.054,-0.999,CONIFER_HIGH_FLAMMABILITY,0.594,0.072,13.85,62.75,2.6475,107.75,-2.521,0.807,1.1,1.1,27.6,0,0,365.0,50000.0,0
UTT_CELL_0056_0141,CELL_0056_0141,UTT,2022-05-01,30.25388,79.22522,1842.4,33.7,145.4,0.568,-0.823,CONIFER_HIGH_FLAMMABILITY,0.355,0.072,13.85,62.75,2.6475,107.75,-2.521,0.807,1.1,1.1,27.6,0,0,365.0,50000.0,0
UTT_CELL_0011_0083,CELL_0011_0083,UTT,2022-05-01,30.04653,78.92819,1599.2,33.8,124.7,0.822,-0.569,CONIFER_HIGH_FLAMMABILITY,0.354,0.072,13.85,62.75,2.6475,107.75,-2.521,0.807,1.1,1.1,27.6,0,0,365.0,50000.0,0
UTT_CELL_0037_0077,CELL_0037_0077,UTT,2022-05-01,30.16327,78.8946,1655.8,7.7,136.3,0.691,-0.723,CONIFER_HIGH_FLAMMABILITY,0.615,0.072,13.85,62.75,2.6475,107.75,-2.521,0.807,1.1,1.1,27.6,0,0,365.0,50000.0,0
UTT_CELL_0018_0010,CELL_0018_0010,UTT,2022-05-01,30.07158,78.5491,1462.6,33.1,127.2,0.797,-0.605,CONIFER_HIGH_FLAMMABILITY,0.361,0.072,13.85,62.75,2.6475,107.75,-2.521,0.807,1.1,1.1,27.6,0,0,365.0,50000.0,0
UTT_CELL_0076_0064,CELL_0076_0064,UTT,2022-05-01,30.33802,78.82327,1732.1,18.4,153.8,0.442,-0.897,CONIFER_HIGH_FLAMMABILITY,0.508,0.072,13.85,62.75,2.6475,107.75,-2.521,0.807,1.1,1.1,27.6,0,0,365.0,50000.0,0
UTT_CELL_0134_0117,CELL_0134_0117,UTT,2022-05-01,30.60387,79.09371,1999.8,16.5,180.4,-0.007,-1.0,CONIFER_HIGH_FLAMMABILITY,0.527,0.072,13.85,62.75,2.6475,107.75,-2.521,0.807,1.1,1.1,27.6,0,0,365.0,50000.0,0
UTT_CELL_0082_0142,CELL_0082_0142,UTT,2022-05-01,30.3712,79.2283,1914.0,7.0,157.1,0.389,-0.921,CONIFER_HIGH_FLAMMABILITY,0.622,0.072,13.85,62.75,2.6475,107.75,-2.521,0.807,1.1,1.1,27.6,0,0,365.0,50000.0,0
UTT_CELL_0089_0068,CELL_0089_0068,UTT,2022-05-01,30.39698,78.84278,1775.3,17.5,159.7,0.347,-0.938,CONIFER_HIGH_FLAMMABILITY,0.517,0.072,13.85,62.75,2.6475,107.75,-2.521,0.807,1.1,1.1,27.6,0,0,365.0,50000.0,0
UTT_CELL_0044_0012,CELL_0044_0012,UTT,2022-05-01,30.18898,78.55658,1536.0,18.1,138.9,0.657,-0.754,CONIFER_HIGH_FLAMMABILITY,0.511,0.072,13.85,62.75,2.6475,107.75,-2.521,0.807,1.1,1.1,27.6,0,0,365.0,50000.0,0
UTT_CELL_0018_0024,CELL_0018_0024,UTT,2022-05-01,30.07291,78.62166,1492.4,32.9,127.3,0.795,-0.606,CONIFER_HIGH_FLAMMABILITY,0.363,0.072,13.85,62.75,2.6475,107.75,-2.521,0.807,1.1,1.1,27.6,0,0,365.0,50000.0,0
UTT_CELL_0083_0000,CELL_0083_0000,UTT,2022-05-01,30.36361,78.48984,1614.1,8.1,156.4,0.4,-0.916,CONIFER_HIGH_FLAMMABILITY,0.611,0.072,13.85,62.75,2.6475,107.75,-2.521,0.807,1.1,1.1,27.6,0,0,365.0,50000.0,1
UTT_CELL_0076_0088,CELL_0076_0088,UTT,2022-05-01,30.34004,78.94803,1783.2,17.7,154.0,0.438,-0.899,CONIFER_HIGH_FLAMMABILITY,0.515,0.072,13.85,62.75,2.6475,107.75,-2.521,0.807,1.1,1.1,27.6,0,0,365.0,50000.0,0
UTT_CELL_0037_0107,CELL_0037_0107,UTT,2022-05-01,30.16568,79.05029,1719.5,8.7,136.6,0.687,-0.727,CONIFER_HIGH_FLAMMABILITY,0.605,0.072,13.85,62.75,2.6475,107.75,-2.521,0.807,1.1,1.1,27.6,0,0,365.0,50000.0,0
UTT_CELL_0070_0014,CELL_0070_0014,UTT,2022-05-01,30.30639,78.56407,1609.5,28.5,150.6,0.491,-0.871,CONIFER_HIGH_FLAMMABILITY,0.407,0.072,13.85,62.75,2.6475,107.75,-2.521,0.807,1.1,1.1,27.6,0,0,365.0,50000.0,0
UTT_CELL_0128_0067,CELL_0128_0067,UTT,2022-05-01,30.57274,78.83369,1877.1,8.3,177.3,0.047,-0.999,CONIFER_HIGH_FLAMMABILITY,0.609,0.072,13.85,62.75,2.6475,107.75,-2.521,0.807,1.1,1.1,27.6,0,0,365.0,50000.0,0
UTT_CELL_0005_0057,CELL_0005_0057,UTT,2022-05-01,30.01728,78.79403,1528.0,29.7,121.7,0.851,-0.525,CONIFER_HIGH_FLAMMABILITY,0.395,0.072,13.85,62.75,2.6475,107.75,-2.521,0.807,1.1,1.1,27.6,0,0,365.0,50000.0,0
UTT_CELL_0083_0022,CELL_0083_0022,UTT,2022-05-01,30.36576,78.6042,1661.1,7.2,156.6,0.397,-0.918,CONIFER_HIGH_FLAMMABILITY,0.62,0.072,13.85,62.75,2.6475,107.75,-2.521,0.807,1.1,1.1,27.6,0,0,365.0,50000.0,0
UTT_CELL_0076_0106,CELL_0076_0106,UTT,2022-05-01,30.34147,79.04161,1821.5,17.1,154.1,0.437,-0.9,CONIFER_HIGH_FLAMMABILITY,0.521,0.072,13.85,62.75,2.6475,107.75,-2.521,0.807,1.1,1.1,27.6,0,0,365.0,50000.0,0
UTT_CELL_0128_0084,CELL_0128_0084,UTT,2022-05-01,30.57418,78.92227,1913.4,7.7,177.4,0.045,-0.999,CONIFER_HIGH_FLAMMABILITY,0.615,0.072,13.85,62.75,2.6475,107.75,-2.521,0.807,1.1,1.1,27.6,0,0,365.0,50000.0,0
UTT_CELL_0070_0035,CELL_0070_0035,UTT,2022-05-01,30.30837,78.67318,1654.3,28.0,150.8,0.488,-0.873,CONIFER_HIGH_FLAMMABILITY,0.412,0.072,13.85,62.75,2.6475,107.75,-2.521,0.807,1.1,1.1,27.6,0,0,365.0,50000.0,1
UTT_CELL_0135_0011,CELL_0135_0011,UTT,2022-05-01,30.5991,78.54113,1775.9,14.6,179.9,0.002,-1.0,CONIFER_HIGH_FLAMMABILITY,0.546,0.072,13.85,62.75,2.6475,107.75,-2.521,0.807,1.1,1.1,27.6,0,0,365.0,50000.0,0
UTT_CELL_0109_0033,CELL_0109_0033,UTT,2022-05-01,30.48401,78.65859,1753.8,33.6,168.4,0.201,-0.98,CONIFER_HIGH_FLAMMABILITY,0.356,0.072,13.85,62.75,2.6475,107.75,-2.521,0.807,1.1,1.1,27.6,0,0,365.0,50000.0,0
UTT_CELL_0083_0055,CELL_0083_0055,UTT,2022-05-01,30.36879,78.77578,1731.6,6.0,156.9,0.392,-0.92,CONIFER_HIGH_FLAMMABILITY,0.632,0.072,13.85,62.75,2.6475,107.75,-2.521,0.807,1.1,1.1,27.6,0,0,365.0,50000.0,0
UTT_CELL_0089_0131,CELL_0089_0131,UTT,2022-05-01,30.40198,79.1705,1909.4,19.4,160.2,0.339,-0.941,CONIFER_HIGH_FLAMMABILITY,0.498,0.072,13.85,62.75,2.6475,107.75,-2.521,0.807,1.1,1.1,27.6,0,0,365.0,50000.0,0
UTT_CELL_0063_0144,CELL_0063_0144,UTT,2022-05-01,30.28565,79.24024,1867.5,32.5,148.6,0.521,-0.854,CONIFER_HIGH_FLAMMABILITY,0.367,0.072,13.85,62.75,2.6475,107.75,-2.521,0.807,1.1,1.1,27.6,0,0,365.0,50000.0,0
UTT_CELL_0076_0137,CELL_0076_0137,UTT,2022-05-01,30.34379,79.20279,1887.4,16.2,154.4,0.432,-0.902,CONIFER_HIGH_FLAMMABILITY,0.53,0.072,13.85,62.75,2.6475,107.75,-2.521,0.807,1.1,1.1,27.6,0,0,365.0,50000.0,0
UTT_CELL_0122_0045,CELL_0122_0045,UTT,2022-05-01,30.54373,78.71969,1814.1,19.8,174.4,0.098,-0.995,CONIFER_HIGH_FLAMMABILITY,0.494,0.072,13.85,62.75,2.6475,107.75,-2.521,0.807,1.1,1.1,27.6,0,0,365.0,50000.0,0
UTT_CELL_0057_0076,CELL_0057_0076,UTT,2022-05-01,30.25337,78.88749,1707.0,33.6,145.3,0.569,-0.822,CONIFER_HIGH_FLAMMABILITY,0.356,0.072,13.85,62.75,2.6475,107.75,-2.521,0.807,1.1,1.1,27.6,0,0,365.0,50000.0,0
UTT_CELL_0135_0040,CELL_0135_0040,UTT,2022-05-01,30.60187,78.69226,1838.0,15.7,180.2,-0.003,-1.0,CONIFER_HIGH_FLAMMABILITY,0.535,0.072,13.85,62.75,2.6475,107.75,-2.521,0.807,1.1,1.1,27.6,0,0,365.0,50000.0,0
UTT_CELL_0005_0104,CELL_0005_0104,UTT,2022-05-01,30.02114,79.03757,1627.7,30.6,122.1,0.847,-0.531,CONIFER_HIGH_FLAMMABILITY,0.386,0.072,13.85,62.75,2.6475,107.75,-2.521,0.807,1.1,1.1,27.6,0,0,365.0,50000.0,1
UTT_CELL_0096_0062,CELL_0096_0062,UTT,2022-05-01,30.42802,78.81087,1781.2,27.7,162.8,0.296,-0.955,CONIFER_HIGH_FLAMMABILITY,0.415,0.072,13.85,62.75,2.6475,107.75,-2.521,0.807,1.1,1.1,27.6,0,0,365.0,50000.0,0
UTT_CELL_0102_0140,CELL_0102_0140,UTT,2022-05-01,30.46126,79.21626,1963.3,33.5,166.1,0.24,-0.971,CONIFER_HIGH_FLAMMABILITY,0.357,0.072,13.85,62.75,2.6475,107.75,-2.521,0.807,1.1,1.1,27.6,0,0,365.0,50000.0,0
UTT_CELL_0109_0059,CELL_0109_0059,UTT,2022-05-01,30.48637,78.79394,1809.4,33.5,168.6,0.198,-0.98,CONIFER_HIGH_FLAMMABILITY,0.357,0.072,13.85,62.75,2.6475,107.75,-2.521,0.807,1.1,1.1,27.6,0,0,365.0,50000.0,0
UTT_CELL_0064_0000,CELL_0064_0000,UTT,2022-05-01,30.27796,78.49202,1563.6,33.4,147.8,0.533,-0.846,CONIFER_HIGH_FLAMMABILITY,0.358,0.072,13.85,62.75,2.6475,107.75,-2.521,0.807,1.1,1.1,27.6,0,0,365.0,50000.0,0
UTT_CELL_0128_0132,CELL_0128_0132,UTT,2022-05-01,30.57793,79.17242,2015.7,6.1,177.8,0.038,-0.999,CONIFER_MODERATE_FLAMMABILITY,0.631,0.072,13.85,62.75,2.6475,107.75,-2.521,0.807,1.1,1.1,27.6,0,0,365.0,50000.0,0
UTT_CELL_0089_0151,CELL_0089_0151,UTT,2022-05-01,30.4034,79.27456,1951.9,19.9,160.3,0.337,-0.941,CONIFER_HIGH_FLAMMABILITY,0.493,0.072,13.85,62.75,2.6475,107.75,-2.521,0.807,1.1,1.1,27.6,0,0,365.0,50000.0,0
UTT_CELL_0135_0053,CELL_0135_0053,UTT,2022-05-01,30.60306,78.76001,1865.8,16.2,180.3,-0.005,-1.0,CONIFER_HIGH_FLAMMABILITY,0.53,0.072,13.85,62.75,2.6475,107.75,-2.521,0.807,1.1,1.1,27.6,0,0,365.0,50000.0,0
UTT_CELL_0018_0108,CELL_0018_0108,UTT,2022-05-01,30.08008,79.05716,1670.9,32.0,128.0,0.788,-0.616,CONIFER_HIGH_FLAMMABILITY,0.372,0.072,13.85,62.75,2.6475,107.75,-2.521,0.807,1.1,1.1,27.6,0,0,365.0,50000.0,0
UTT_CELL_0128_0138,CELL_0128_0138,UTT,2022-05-01,30.57837,79.20369,2028.5,6.1,177.8,0.038,-0.999,CONIFER_MODERATE_FLAMMABILITY,0.631,0.072,13.85,62.75,2.6475,107.75,-2.521,0.807,1.1,1.1,27.6,0,0,365.0,50000.0,0
UTT_CELL_0070_0092,CELL_0070_0092,UTT,2022-05-01,30.31331,78.96939,1775.7,26.7,151.3,0.48,-0.877,CONIFER_HIGH_FLAMMABILITY,0.425,0.072,13.85,62.75,2.6475,107.75,-2.521,0.807,1.1,1.1,27.6,0,0,365.0,50000.0,0
UTT_CELL_0135_0067,CELL_0135_0067,UTT,2022-05-01,30.6043,78.83298,1895.8,16.7,180.4,-0.007,-1.0,CONIFER_HIGH_FLAMMABILITY,0.525,0.072,13.85,62.75,2.6475,107.75,-2.521,0.807,1.1,1.1,27.6,0,0,365.0,50000.0,0
UTT_CELL_0122_0077,CELL_0122_0077,UTT,2022-05-01,30.54654,78.88638,1882.5,18.8,174.7,0.092,-0.996,CONIFER_HIGH_FLAMMABILITY,0.504,0.072,13.85,62.75,2.6475,107.75,-2.521,0.807,1.1,1.1,27.6,0,0,365.0,50000.0,0
UTT_CELL_0064_0027,CELL_0064_0027,UTT,2022-05-01,30.28058,78.63226,1621.3,33.1,148.1,0.528,-0.849,CONIFER_HIGH_FLAMMABILITY,0.361,0.072,13.85,62.75,2.6475,107.75,-2.521,0.807,1.1,1.1,27.6,0,0,365.0,50000.0,0
UTT_CELL_0103_0009,CELL_0103_0009,UTT,2022-05-01,30.45466,78.53436,1686.5,32.9,165.5,0.25,-0.968,CONIFER_HIGH_FLAMMABILITY,0.363,0.072,13.85,62.75,2.6475,107.75,-2.521,0.807,1.1,1.1,27.6,0,0,365.0,50000.0,0
UTT_CELL_0109_0087,CELL_0109_0087,UTT,2022-05-01,30.48876,78.93971,1869.1,33.3,168.9,0.193,-0.981,CONIFER_HIGH_FLAMMABILITY,0.359,0.072,13.85,62.75,2.6475,107.75,-2.521,0.807,1.1,1.1,27.6,0,0,365.0,50000.0,0
UTT_CELL_0083_0101,CELL_0083_0101,UTT,2022-05-01,30.37265,79.01498,1829.6,7.6,157.3,0.386,-0.923,CONIFER_HIGH_FLAMMABILITY,0.616,0.072,13.85,62.75,2.6475,107.75,-2.521,0.807,1.1,1.1,27.6,0,0,365.0,50000.0,0
UTT_CELL_0031_0140,CELL_0031_0140,UTT,2022-05-01,30.14106,79.22205,1773.5,13.6,134.1,0.718,-0.696,CONIFER_HIGH_FLAMMABILITY,0.556,0.072,13.85,62.75,2.6475,107.75,-2.521,0.807,1.1,1.1,27.6,0,0,365.0,50000.0,0
UTT_CELL_0051_0052,CELL_0051_0052,UTT,2022-05-01,30.22425,78.76346,1639.9,29.2,142.4,0.61,-0.792,CONIFER_HIGH_FLAMMABILITY,0.4,0.072,13.85,62.75,2.6475,107.75,-2.521,0.807,1.1,1.1,27.6,0,0,365.0,50000.0,0
UTT_CELL_0012_0072,CELL_0012_0072,UTT,2022-05-01,30.05013,78.87108,1578.5,33.9,125.0,0.819,-0.574,CONIFER_HIGH_FLAMMABILITY,0.353,0.072,13.85,62.75,2.6475,107.75,-2.521,0.807,1.1,1.1,27.6,0,0,365.0,50000.0,0
UTT_CELL_0129_0019,CELL_0129_0019,UTT,2022-05-01,30.57284,78.58349,1777.1,8.2,177.3,0.047,-0.999,CONIFER_HIGH_FLAMMABILITY,0.61,0.072,13.85,62.75,2.6475,107.75,-2.521,0.807,1.1,1.1,27.6,0,0,365.0,50000.0,0
UTT_CELL_0025_0067,CELL_0025_0067,UTT,2022-05-01,30.10832,78.84389,1602.6,25.4,130.8,0.757,-0.653,CONIFER_HIGH_FLAMMABILITY,0.438,0.072,13.85,62.75,2.6475,107.75,-2.521,0.807,1.1,1.1,27.6,0,0,365.0,50000.0,0
UTT_CELL_0031_0151,CELL_0031_0151,UTT,2022-05-01,30.14182,79.27913,1796.7,13.3,134.2,0.717,-0.697,CONIFER_HIGH_FLAMMABILITY,0.559,0.072,13.85,62.75,2.6475,107.75,-2.521,0.807,1.1,1.1,27.6,0,0,365.0,50000.0,0
UTT_CELL_0038_0074,CELL_0038_0074,UTT,2022-05-01,30.16753,78.87894,1652.1,9.5,136.8,0.685,-0.729,CONIFER_HIGH_FLAMMABILITY,0.597,0.072,13.85,62.75,2.6475,107.75,-2.521,0.807,1.1,1.1,27.6,0,0,365.0,50000.0,0
UTT_CELL_0057_0146,CELL_0057_0146,UTT,2022-05-01,30.25874,79.25111,1855.7,33.9,145.9,0.561,-0.828,CONIFER_HIGH_FLAMMABILITY,0.353,0.072,13.85,62.75,2.6475,107.75,-2.521,0.807,1.1,1.1,27.6,0,0,365.0,50000.0,0
UTT_CELL_0122_0116,CELL_0122_0116,UTT,2022-05-01,30.54968,79.08956,1965.6,17.6,175.0,0.087,-0.996,CONIFER_HIGH_FLAMMABILITY,0.516,0.072,13.85,62.75,2.6475,107.75,-2.521,0.807,1.1,1.1,27.6,0,0,365.0,50000.0,0
UTT_CELL_0096_0130,CELL_0096_0130,UTT,2022-05-01,30.43348,79.16471,1926.0,29.1,163.3,0.287,-0.958,CONIFER_HIGH_FLAMMABILITY,0.401,0.072,13.85,62.75,2.6475,107.75,-2.521,0.807,1.1,1.1,27.6,0,0,365.0,50000.0,0
UTT_CELL_0038_0076,CELL_0038_0076,UTT,2022-05-01,30.1677,78.88932,1656.3,9.5,136.8,0.685,-0.729,CONIFER_HIGH_FLAMMABILITY,0.597,0.072,13.85,62.75,2.6475,107.75,-2.521,0.807,1.1,1.1,27.6,0,0,365.0,50000.0,0
UTT_CELL_0006_0028,CELL_0006_0028,UTT,2022-05-01,30.01919,78.64368,1469.0,30.1,121.9,0.849,-0.528,CONIFER_HIGH_FLAMMABILITY,0.391,0.072,13.85,62.75,2.6475,107.75,-2.521,0.807,1.1,1.1,27.6,0,0,365.0,50000.0,0
UTT_CELL_0019_0022,CELL_0019_0022,UTT,2022-05-01,30.07723,78.61119,1490.8,32.4,127.7,0.791,-0.612,CONIFER_HIGH_FLAMMABILITY,0.368,0.072,13.85,62.75,2.6475,107.75,-2.521,0.807,1.1,1.1,27.6,0,0,365.0,50000.0,0
UTT_CELL_0051_0088,CELL_0051_0088,UTT,2022-05-01,30.22731,78.95038,1716.5,29.9,142.7,0.606,-0.795,CONIFER_HIGH_FLAMMABILITY,0.393,0.072,13.85,62.75,2.6475,107.75,-2.521,0.807,1.1,1.1,27.6,0,0,365.0,50000.0,0
UTT_CELL_0038_0095,CELL_0038_0095,UTT,2022-05-01,30.16925,78.98792,1696.7,10.2,136.9,0.683,-0.73,CONIFER_HIGH_FLAMMABILITY,0.59,0.072,13.85,62.75,2.6475,107.75,-2.521,0.807,1.1,1.1,27.6,0,0,365.0,50000.0,0
UTT_CELL_0019_0027,CELL_0019_0027,UTT,2022-05-01,30.0777,78.63711,1501.5,32.3,127.8,0.79,-0.613,CONIFER_HIGH_FLAMMABILITY,0.369,0.072,13.85,62.75,2.6475,107.75,-2.521,0.807,1.1,1.1,27.6,0,0,365.0,50000.0,0
UTT_CELL_0038_0112,CELL_0038_0112,UTT,2022-05-01,30.17057,79.07615,1732.8,10.7,137.1,0.681,-0.733,CONIFER_HIGH_FLAMMABILITY,0.585,0.072,13.85,62.75,2.6475,107.75,-2.521,0.807,1.1,1.1,27.6,0,0,365.0,50000.0,0
UTT_CELL_0077_0094,CELL_0077_0094,UTT,2022-05-01,30.34503,78.97913,1798.7,15.7,154.5,0.431,-0.903,CONIFER_HIGH_FLAMMABILITY,0.535,0.072,13.85,62.75,2.6475,107.75,-2.521,0.807,1.1,1.1,27.6,0,0,365.0,50000.0,0
UTT_CELL_0135_0148,CELL_0135_0148,UTT,2022-05-01,30.61065,79.25525,2068.5,19.1,181.1,-0.019,-1.0,CONIFER_MODERATE_FLAMMABILITY,0.501,0.072,13.85,62.75,2.6475,107.75,-2.521,0.807,1.1,1.1,27.6,0,0,365.0,50000.0,0
UTT_CELL_0045_0034,CELL_0045_0034,UTT,2022-05-01,30.19557,78.67064,1585.6,20.5,139.6,0.648,-0.762,CONIFER_HIGH_FLAMMABILITY,0.487,0.072,13.85,62.75,2.6475,107.75,-2.521,0.807,1.1,1.1,27.6,0,0,365.0,50000.0,0
UTT_CELL_0019_0047,CELL_0019_0047,UTT,2022-05-01,30.07953,78.74079,1544.0,32.1,128.0,0.788,-0.616,CONIFER_HIGH_FLAMMABILITY,0.371,0.072,13.85,62.75,2.6475,107.75,-2.521,0.807,1.1,1.1,27.6,0,0,365.0,50000.0,0
UTT_CELL_0058_0033,CELL_0058_0033,UTT,2022-05-01,30.25409,78.66407,1618.1,33.7,145.4,0.568,-0.823,CONIFER_HIGH_FLAMMABILITY,0.355,0.072,13.85,62.75,2.6475,107.75,-2.521,0.807,1.1,1.1,27.6,0,0,365.0,50000.0,1
UTT_CELL_0103_0091,CELL_0103_0091,UTT,2022-05-01,30.46203,78.9611,1861.7,33.6,166.2,0.239,-0.971,CONIFER_HIGH_FLAMMABILITY,0.356,0.072,13.85,62.75,2.6475,107.75,-2.521,0.807,1.1,1.1,27.6,0,0,365.0,50000.0,0
UTT_CELL_0019_0054,CELL_0019_0054,UTT,2022-05-01,30.08015,78.77708,1558.9,32.0,128.0,0.788,-0.616,CONIFER_HIGH_FLAMMABILITY,0.372,0.072,13.85,62.75,2.6475,107.75,-2.521,0.807,1.1,1.1,27.6,0,0,365.0,50000.0,0
UTT_CELL_0116_0090,CELL_0116_0090,UTT,2022-05-01,30.52057,78.95467,1894.2,27.3,172.1,0.137,-0.991,CONIFER_HIGH_FLAMMABILITY,0.419,0.072,13.85,62.75,2.6475,107.75,-2.521,0.807,1.1,1.1,27.6,0,0,365.0,50000.0,0
UTT_CELL_0084_0035,CELL_0084_0035,UTT,2022-05-01,30.37149,78.67168,1691.6,7.2,157.1,0.389,-0.921,CONIFER_HIGH_FLAMMABILITY,0.62,0.072,13.85,62.75,2.6475,107.75,-2.521,0.807,1.1,1.1,27.6,0,0,365.0,50000.0,1
UTT_CELL_0123_0018,CELL_0123_0018,UTT,2022-05-01,30.54569,78.57895,1759.0,19.1,174.6,0.094,-0.996,CONIFER_HIGH_FLAMMABILITY,0.501,0.072,13.85,62.75,2.6475,107.75,-2.521,0.807,1.1,1.1,27.6,0,0,365.0,50000.0,0
UTT_CELL_0097_0031,CELL_0097_0031,UTT,2022-05-01,30.42972,78.64948,1717.6,28.2,163.0,0.292,-0.956,CONIFER_HIGH_FLAMMABILITY,0.41,0.072,13.85,62.75,2.6475,107.75,-2.521,0.807,1.1,1.1,27.6,0,0,365.0,50000.0,0
UTT_CELL_0045_0057,CELL_0045_0057,UTT,2022-05-01,30.19764,78.79002,1634.6,21.2,139.8,0.645,-0.764,CONIFER_HIGH_FLAMMABILITY,0.48,0.072,13.85,62.75,2.6475,107.75,-2.521,0.807,1.1,1.1,27.6,0,0,365.0,50000.0,0
UTT_CELL_0129_0101,CELL_0129_0101,UTT,2022-05-02,30.58007,79.01077,1952.4,6.8,178.0,0.035,-0.999,CONIFER_HIGH_FLAMMABILITY,0.624,0.044,13.875,59.25,2.525,195.0,0.654,2.439,0.4,1.5,47.47,0,0,0.7,32977.2,0
UTT_CELL_0097_0038,CELL_0097_0038,UTT,2022-05-02,30.43038,78.6859,1732.6,28.4,163.0,0.292,-0.956,CONIFER_HIGH_FLAMMABILITY,0.408,0.044,13.875,59.25,2.525,195.0,0.654,2.439,0.4,1.5,47.47,0,0,0.5,6437.2,0
UTT_CELL_0013_0001,CELL_0013_0001,UTT,2022-05-02,30.04816,78.50302,1430.1,33.9,124.8,0.821,-0.571,CONIFER_HIGH_FLAMMABILITY,0.353,0.044,13.875,59.25,2.525,195.0,0.654,2.439,0.4,1.5,47.47,0,0,0.7,5569.6,0
UTT_CELL_0038_0152,CELL_0038_0152,UTT,2022-05-02,30.17346,79.28377,1817.6,11.9,137.3,0.678,-0.735,CONIFER_HIGH_FLAMMABILITY,0.573,0.044,13.875,59.25,2.525,195.0,0.654,2.439,0.4,1.5,47.47,2,2,0.7,4051.5,0
UTT_CELL_0064_0141,CELL_0064_0141,UTT,2022-05-02,30.28995,79.22457,1863.8,31.9,149.0,0.515,-0.857,CONIFER_HIGH_FLAMMABILITY,0.373,0.044,13.875,59.25,2.525,195.0,0.654,2.439,0.4,1.5,47.47,0,0,0.7,13549.9,0
UTT_CELL_0103_0124,CELL_0103_0124,UTT,2022-05-02,30.4646,79.13288,1931.9,33.8,166.5,0.233,-0.972,CONIFER_HIGH_FLAMMABILITY,0.354,0.044,13.875,59.25,2.525,195.0,0.654,2.439,0.4,1.5,47.47,0,0,0.7,18896.9,0
UTT_CELL_0097_0048,CELL_0097_0048,UTT,2022-05-02,30.43129,78.73793,1753.9,28.6,163.1,0.291,-0.957,CONIFER_HIGH_FLAMMABILITY,0.406,0.044,13.875,59.25,2.525,195.0,0.654,2.439,0.4,1.5,47.47,0,0,0.7,6686.0,0
UTT_CELL_0110_0053,CELL_0110_0053,UTT,2022-05-02,30.49035,78.7626,1799.2,33.1,169.0,0.191,-0.982,CONIFER_HIGH_FLAMMABILITY,0.361,0.044,13.875,59.25,2.525,195.0,0.654,2.439,0.4,1.5,47.47,0,0,0.7,13351.9,0
UTT_CELL_0071_0073,CELL_0071_0073,UTT,2022-05-02,30.31625,78.87055,1738.0,25.8,151.6,0.476,-0.88,CONIFER_HIGH_FLAMMABILITY,0.434,0.044,13.875,59.25,2.525,195.0,0.654,2.439,0.4,1.5,47.47,0,0,0.7,15266.6,0
UTT_CELL_0077_0151,CELL_0077_0151,UTT,2022-05-02,30.34928,79.27551,1919.8,14.1,154.9,0.424,-0.906,CONIFER_HIGH_FLAMMABILITY,0.551,0.044,13.875,59.25,2.525,195.0,0.654,2.439,0.4,1.5,47.47,0,0,0.7,20109.5,0
UTT_CELL_0019_0102,CELL_0019_0102,UTT,2022-05-02,30.08412,79.02596,1660.9,31.3,128.4,0.784,-0.621,CONIFER_HIGH_FLAMMABILITY,0.379,0.044,13.875,59.25,2.525,195.0,0.654,2.439,0.4,1.5,47.47,0,0,0.7,6937.9,0
UTT_CELL_0039_0021,CELL_0039_0021,UTT,2022-05-02,30.1673,78.60383,1541.9,9.4,136.7,0.686,-0.728,CONIFER_HIGH_FLAMMABILITY,0.598,0.044,13.875,59.25,2.525,195.0,0.654,2.439,0.4,1.5,47.47,0,0,0.7,11763.5,0
UTT_CELL_0000_0041,CELL_0000_0041,UTT,2022-05-02,29.99332,78.71165,1480.7,23.0,119.3,0.872,-0.489,CONIFER_HIGH_FLAMMABILITY,0.462,0.044,13.875,59.25,2.525,195.0,0.654,2.439,0.4,1.5,47.47,1,1,0.5,2921.0,0
UTT_CELL_0084_0090,CELL_0084_0090,UTT,2022-05-02,30.37627,78.95768,1808.8,9.2,157.6,0.381,-0.925,CONIFER_HIGH_FLAMMABILITY,0.6,0.044,13.875,59.25,2.525,195.0,0.654,2.439,0.4,1.5,47.47,0,0,0.7,18235.0,0
UTT_CELL_0052_0039,CELL_0052_0039,UTT,2022-05-02,30.22759,78.69586,1614.9,29.9,142.8,0.605,-0.797,CONIFER_HIGH_FLAMMABILITY,0.393,0.044,13.875,59.25,2.525,195.0,0.654,2.439,0.4,1.5,47.47,3,3,0.7,1900.8,0
UTT_CELL_0130_0012,CELL_0130_0012,UTT,2022-05-02,30.57666,78.54691,1764.8,6.6,177.7,0.04,-0.999,CONIFER_HIGH_FLAMMABILITY,0.626,0.044,13.875,59.25,2.525,195.0,0.654,2.439,0.4,1.5,47.47,0,0,0.7,18166.8,0
UTT_CELL_0039_0057,CELL_0039_0057,UTT,2022-05-02,30.17058,78.79063,1618.6,10.7,137.1,0.681,-0.733,CONIFER_HIGH_FLAMMABILITY,0.585,0.044,13.875,59.25,2.525,195.0,0.654,2.439,0.4,1.5,47.47,0,0,0.5,5688.0,0
UTT_CELL_0091_0033,CELL_0091_0033,UTT,2022-05-02,30.40286,78.66053,1705.9,19.7,160.3,0.337,-0.941,CONIFER_HIGH_FLAMMABILITY,0.495,0.044,13.875,59.25,2.525,195.0,0.654,2.439,0.4,1.5,47.47,2,2,0.5,3499.3,0
UTT_CELL_0097_0111,CELL_0097_0111,UTT,2022-05-02,30.43656,79.06574,1888.2,29.8,163.7,0.281,-0.96,CONIFER_HIGH_FLAMMABILITY,0.394,0.044,13.875,59.25,2.525,195.0,0.654,2.439,0.4,1.5,47.47,0,0,0.7,15971.2,0
UTT_CELL_0019_0148,CELL_0019_0148,UTT,2022-05-02,30.08749,79.26451,1758.3,30.7,128.7,0.78,-0.625,CONIFER_HIGH_FLAMMABILITY,0.385,0.044,13.875,59.25,2.525,195.0,0.654,2.439,0.4,1.5,47.47,0,0,0.7,11399.5,0
UTT_CELL_0071_0128,CELL_0071_0128,UTT,2022-05-02,30.32059,79.15642,1854.9,24.5,152.1,0.468,-0.884,CONIFER_HIGH_FLAMMABILITY,0.447,0.044,13.875,59.25,2.525,195.0,0.654,2.439,0.4,1.5,47.47,0,0,0.7,6603.6,0
UTT_CELL_0058_0136,CELL_0058_0136,UTT,2022-05-02,30.26254,79.19908,1837.2,34.0,146.3,0.555,-0.832,CONIFER_HIGH_FLAMMABILITY,0.352,0.044,13.875,59.25,2.525,195.0,0.654,2.439,0.4,1.5,47.47,0,0,0.7,11266.1,0
UTT_CELL_0084_0125,CELL_0084_0125,UTT,2022-05-02,30.37899,79.13971,1883.3,10.3,157.9,0.376,-0.927,CONIFER_HIGH_FLAMMABILITY,0.589,0.044,13.875,59.25,2.525,195.0,0.654,2.439,0.4,1.5,47.47,0,0,0.7,10007.8,0
UTT_CELL_0032_0151,CELL_0032_0151,UTT,2022-05-02,30.14633,79.27905,1799.4,11.4,134.6,0.712,-0.702,CONIFER_HIGH_FLAMMABILITY,0.578,0.044,13.875,59.25,2.525,195.0,0.654,2.439,0.4,1.5,47.47,0,0,0.7,5494.3,0
UTT_CELL_0052_0066,CELL_0052_0066,UTT,2022-05-02,30.22998,78.83605,1672.4,30.4,143.0,0.602,-0.799,CONIFER_HIGH_FLAMMABILITY,0.388,0.044,13.875,59.25,2.525,195.0,0.654,2.439,0.4,1.5,47.47,0,0,0.5,10186.8,0
UTT_CELL_0007_0008,CELL_0007_0008,UTT,2022-05-02,30.0218,78.53996,1429.1,30.7,122.2,0.846,-0.533,CONIFER_HIGH_FLAMMABILITY,0.385,0.044,13.875,59.25,2.525,195.0,0.654,2.439,0.4,1.5,47.47,1,1,0.7,3080.8,0
UTT_CELL_0130_0032,CELL_0130_0032,UTT,2022-05-02,30.57859,78.65111,1807.6,6.2,177.9,0.037,-0.999,CONIFER_HIGH_FLAMMABILITY,0.63,0.044,13.875,59.25,2.525,195.0,0.654,2.439,0.4,1.5,47.47,0,0,0.5,22852.9,0
UTT_CELL_0110_0121,CELL_0110_0121,UTT,2022-05-02,30.49594,79.11666,1944.2,32.4,169.6,0.181,-0.984,CONIFER_HIGH_FLAMMABILITY,0.368,0.044,13.875,59.25,2.525,195.0,0.654,2.439,0.4,1.5,47.47,0,0,0.7,22118.7,0
UTT_CELL_0071_0142,CELL_0071_0142,UTT,2022-05-02,30.32159,79.2292,1884.6,24.2,152.2,0.466,-0.885,CONIFER_HIGH_FLAMMABILITY,0.45,0.044,13.875,59.25,2.525,195.0,0.654,2.439,0.4,1.5,47.47,0,0,0.7,14387.9,0
UTT_CELL_0117_0043,CELL_0117_0043,UTT,2022-05-02,30.521,78.7098,1796.5,27.2,172.1,0.137,-0.991,CONIFER_HIGH_FLAMMABILITY,0.42,0.044,13.875,59.25,2.525,195.0,0.654,2.439,0.4,1.5,47.47,0,0,0.5,16838.7,0
UTT_CELL_0065_0071,CELL_0065_0071,UTT,2022-05-02,30.28902,78.86074,1717.7,32.1,148.9,0.517,-0.856,CONIFER_HIGH_FLAMMABILITY,0.371,0.044,13.875,59.25,2.525,195.0,0.654,2.439,0.4,1.5,47.47,0,0,0.5,15807.2,0
UTT_CELL_0039_0084,CELL_0039_0084,UTT,2022-05-02,30.17287,78.93074,1676.0,11.7,137.3,0.678,-0.735,CONIFER_HIGH_FLAMMABILITY,0.575,0.044,13.875,59.25,2.525,195.0,0.654,2.439,0.4,1.5,47.47,0,0,0.7,7354.1,0
UTT_CELL_0117_0049,CELL_0117_0049,UTT,2022-05-02,30.52155,78.74105,1809.3,27.0,172.2,0.136,-0.991,CONIFER_HIGH_FLAMMABILITY,0.422,0.044,13.875,59.25,2.525,195.0,0.654,2.439,0.4,1.5,47.47,0,0,0.7,16668.7,0
UTT_CELL_0052_0081,CELL_0052_0081,UTT,2022-05-02,30.23124,78.91394,1704.3,30.7,143.1,0.6,-0.8,CONIFER_HIGH_FLAMMABILITY,0.385,0.044,13.875,59.25,2.525,195.0,0.654,2.439,0.4,1.5,47.47,0,0,0.7,12769.1,0
UTT_CELL_0013_0109,CELL_0013_0109,UTT,2022-05-02,30.0576,79.06278,1659.7,34.0,125.8,0.811,-0.585,CONIFER_HIGH_FLAMMABILITY,0.352,0.044,13.875,59.25,2.525,195.0,0.654,2.439,0.4,1.5,47.47,1,1,0.7,4730.5,0
UTT_CELL_0013_0113,CELL_0013_0113,UTT,2022-05-02,30.05791,79.08352,1668.2,34.0,125.8,0.811,-0.585,CONIFER_HIGH_FLAMMABILITY,0.352,0.044,13.875,59.25,2.525,195.0,0.654,2.439,0.4,1.5,47.47,0,0,0.7,6365.4,0
UTT_CELL_0085_0003,CELL_0085_0003,UTT,2022-05-02,30.37293,78.5052,1625.8,7.8,157.3,0.386,-0.923,CONIFER_HIGH_FLAMMABILITY,0.614,0.044,13.875,59.25,2.525,195.0,0.654,2.439,0.4,1.5,47.47,1,1,0.7,2341.1,1
UTT_CELL_0078_0088,CELL_0078_0088,UTT,2022-05-02,30.34906,78.94785,1788.6,14.1,154.9,0.424,-0.906,CONIFER_HIGH_FLAMMABILITY,0.551,0.044,13.875,59.25,2.525,195.0,0.654,2.439,0.4,1.5,47.47,0,0,0.7,18020.3,0
UTT_CELL_0111_0000,CELL_0111_0000,UTT,2022-05-02,30.48983,78.4866,1688.5,33.2,169.0,0.191,-0.982,CONIFER_HIGH_FLAMMABILITY,0.36,0.044,13.875,59.25,2.525,195.0,0.654,2.439,0.4,1.5,47.47,0,0,0.7,8017.0,0
UTT_CELL_0078_0096,CELL_0078_0096,UTT,2022-05-02,30.3497,78.98944,1805.6,13.9,155.0,0.423,-0.906,CONIFER_HIGH_FLAMMABILITY,0.553,0.044,13.875,59.25,2.525,195.0,0.654,2.439,0.4,1.5,47.47,0,0,0.7,13754.6,0
UTT_CELL_0091_0098,CELL_0091_0098,UTT,2022-05-02,30.40848,78.99864,1844.5,21.7,160.8,0.329,-0.944,CONIFER_HIGH_FLAMMABILITY,0.475,0.044,13.875,59.25,2.525,195.0,0.654,2.439,0.4,1.5,47.47,0,0,0.7,16832.4,0
UTT_CELL_0098_0030,CELL_0098_0030,UTT,2022-05-02,30.43414,78.64417,1718.2,29.3,163.4,0.286,-0.958,CONIFER_HIGH_FLAMMABILITY,0.399,0.044,13.875,59.25,2.525,195.0,0.654,2.439,0.4,1.5,47.47,0,0,0.5,7411.6,0
UTT_CELL_0033_0068,CELL_0033_0068,UTT,2022-05-02,30.14448,78.84829,1626.0,12.2,134.4,0.714,-0.7,CONIFER_HIGH_FLAMMABILITY,0.57,0.044,13.875,59.25,2.525,195.0,0.654,2.439,0.4,1.5,47.47,0,0,0.7,8752.1,0
UTT_CELL_0039_0153,CELL_0039_0153,UTT,2022-05-02,30.17803,79.28888,1822.4,13.8,137.8,0.672,-0.741,CONIFER_HIGH_FLAMMABILITY,0.554,0.044,13.875,59.25,2.525,195.0,0.654,2.439,0.4,1.5,47.47,2,2,0.7,3516.4,0
UTT_CELL_0104_0127,CELL_0104_0127,UTT,2022-05-02,30.46934,79.14841,1941.0,33.9,166.9,0.227,-0.974,CONIFER_HIGH_FLAMMABILITY,0.353,0.044,13.875,59.25,2.525,195.0,0.654,2.439,0.4,1.5,47.47,0,0,0.7,19793.8,0
UTT_CELL_0033_0082,CELL_0033_0082,UTT,2022-05-02,30.14565,78.92093,1655.8,11.7,134.6,0.712,-0.702,CONIFER_HIGH_FLAMMABILITY,0.575,0.044,13.875,59.25,2.525,195.0,0.654,2.439,0.4,1.5,47.47,0,0,0.7,7820.2,0
UTT_CELL_0065_0149,CELL_0065_0149,UTT,2022-05-02,30.29502,79.26606,1883.4,31.0,149.5,0.508,-0.862,CONIFER_HIGH_FLAMMABILITY,0.382,0.044,13.875,59.25,2.525,195.0,0.654,2.439,0.4,1.5,47.47,0,0,0.7,14746.8,0
UTT_CELL_0020_0103,CELL_0020_0103,UTT,2022-05-02,30.08871,79.03105,1665.6,30.4,128.9,0.778,-0.628,CONIFER_HIGH_FLAMMABILITY,0.388,0.044,13.875,59.25,2.525,195.0,0.654,2.439,0.4,1.5,47.47,0,0,0.7,7356.1,0
UTT_CELL_0059_0085,CELL_0059_0085,UTT,2022-05-02,30.26314,78.93405,1731.5,34.0,146.3,0.555,-0.832,CONIFER_HIGH_FLAMMABILITY,0.352,0.044,13.875,59.25,2.525,195.0,0.654,2.439,0.4,1.5,47.47,0,0,0.7,14458.2,0
UTT_CELL_0111_0063,CELL_0111_0063,UTT,2022-05-02,30.49574,78.81456,1823.3,32.4,169.6,0.181,-0.984,CONIFER_HIGH_FLAMMABILITY,0.368,0.044,13.875,59.25,2.525,195.0,0.654,2.439,0.4,1.5,47.47,0,0,0.7,15836.6,0
UTT_CELL_0053_0012,CELL_0053_0012,UTT,2022-05-02,30.22956,78.55558,1560.0,30.3,143.0,0.602,-0.799,CONIFER_HIGH_FLAMMABILITY,0.389,0.044,13.875,59.25,2.525,195.0,0.654,2.439,0.4,1.5,47.47,0,0,0.7,7131.8,0
UTT_CELL_0066_0005,CELL_0066_0005,UTT,2022-05-02,30.28748,78.51776,1579.6,32.3,148.7,0.52,-0.854,CONIFER_HIGH_FLAMMABILITY,0.369,0.044,13.875,59.25,2.525,195.0,0.654,2.439,0.4,1.5,47.47,0,0,0.7,7579.7,0
UTT_CELL_0117_0142,CELL_0117_0142,UTT,2022-05-02,30.52905,79.22544,2007.6,24.8,172.9,0.124,-0.992,CONIFER_MODERATE_FLAMMABILITY,0.444,0.044,13.875,59.25,2.525,195.0,0.654,2.439,0.4,1.5,47.47,0,0,0.7,29167.3,0
UTT_CELL_0046_0096,CELL_0046_0096,UTT,2022-05-02,30.2054,78.99238,1720.2,23.9,140.5,0.636,-0.772,CONIFER_HIGH_FLAMMABILITY,0.453,0.044,13.875,59.25,2.525,195.0,0.654,2.439,0.4,1.5,47.47,0,0,0.7,6574.9,0
UTT_CELL_0085_0078,CELL_0085_0078,UTT,2022-05-02,30.37979,78.89518,1785.9,10.6,158.0,0.375,-0.927,CONIFER_HIGH_FLAMMABILITY,0.586,0.044,13.875,59.25,2.525,195.0,0.654,2.439,0.4,1.5,47.47,0,0,0.7,16744.5,0
UTT_CELL_0040_0020,CELL_0040_0020,UTT,2022-05-02,30.17172,78.59853,1542.4,11.2,137.2,0.679,-0.734,CONIFER_HIGH_FLAMMABILITY,0.58,0.044,13.875,59.25,2.525,195.0,0.654,2.439,0.4,1.5,47.47,0,0,0.7,11733.3,0
UTT_CELL_0098_0074,CELL_0098_0074,UTT,2022-05-02,30.43807,78.87311,1812.1,30.1,163.8,0.279,-0.96,CONIFER_HIGH_FLAMMABILITY,0.391,0.044,13.875,59.25,2.525,195.0,0.654,2.439,0.4,1.5,47.47,0,0,0.7,16072.6,0
UTT_CELL_0053_0016,CELL_0053_0016,UTT,2022-05-02,30.22994,78.57634,1568.5,30.4,143.0,0.602,-0.799,CONIFER_HIGH_FLAMMABILITY,0.388,0.044,13.875,59.25,2.525,195.0,0.654,2.439,0.4,1.5,47.47,0,0,0.7,9434.0,0
UTT_CELL_0020_0116,CELL_0020_0116,UTT,2022-05-02,30.0897,79.09847,1693.2,30.2,129.0,0.777,-0.629,CONIFER_HIGH_FLAMMABILITY,0.39,0.044,13.875,59.25,2.525,195.0,0.654,2.439,0.4,1.5,47.47,0,0,0.7,9996.4,0
UTT_CELL_0020_0117,CELL_0020_0117,UTT,2022-05-02,30.08978,79.10365,1695.3,30.2,129.0,0.777,-0.629,CONIFER_HIGH_FLAMMABILITY,0.39,0.044,13.875,59.25,2.525,195.0,0.654,2.439,0.4,1.5,47.47,0,0,0.7,10396.6,0
UTT_CELL_0092_0009,CELL_0092_0009,UTT,2022-05-02,30.40507,78.5356,1657.3,20.5,160.5,0.334,-0.943,CONIFER_HIGH_FLAMMABILITY,0.487,0.044,13.875,59.25,2.525,195.0,0.654,2.439,0.4,1.5,47.47,1,1,0.7,4045.1,0
UTT_CELL_0020_0131,CELL_0020_0131,UTT,2022-05-02,30.0908,79.17626,1725.0,30.0,129.1,0.776,-0.631,CONIFER_HIGH_FLAMMABILITY,0.392,0.044,13.875,59.25,2.525,195.0,0.654,2.439,0.4,1.5,47.47,0,0,0.7,17085.9,0
UTT_CELL_0072_0112,CELL_0072_0112,UTT,2022-05-02,30.3239,79.07316,1823.6,23.4,152.4,0.463,-0.886,CONIFER_HIGH_FLAMMABILITY,0.458,0.044,13.875,59.25,2.525,195.0,0.654,2.439,0.4,1.5,47.47,2,2,0.7,4335.0,0
UTT_CELL_0092_0034,CELL_0092_0034,UTT,2022-05-02,30.40746,78.66563,1710.7,21.4,160.7,0.331,-0.944,CONIFER_HIGH_FLAMMABILITY,0.478,0.044,13.875,59.25,2.525,195.0,0.654,2.439,0.4,1.5,47.47,2,2,0.5,3816.1,0
UTT_CELL_0033_0140,CELL_0033_0140,UTT,2022-05-02,30.15008,79.22189,1778.8,9.9,135.0,0.707,-0.707,CONIFER_HIGH_FLAMMABILITY,0.593,0.044,13.875,59.25,2.525,195.0,0.654,2.439,0.4,1.5,47.47,0,0,0.7,11231.7,0
UTT_CELL_0020_0148,CELL_0020_0148,UTT,2022-05-02,30.092,79.26443,1761.0,29.7,129.2,0.775,-0.632,CONIFER_HIGH_FLAMMABILITY,0.395,0.044,13.875,59.25,2.525,195.0,0.654,2.439,0.4,1.5,47.47,0,0,0.7,10987.4,0
UTT_CELL_0001_0078,CELL_0001_0078,UTT,2022-05-02,30.00103,78.90322,1561.9,25.4,120.1,0.865,-0.502,CONIFER_HIGH_FLAMMABILITY,0.438,0.044,13.875,59.25,2.525,195.0,0.654,2.439,0.4,1.5,47.47,1,1,0.7,4860.4,0
UTT_CELL_0027_0065,CELL_0027_0065,UTT,2022-05-02,30.11717,78.83332,1603.6,22.5,131.7,0.747,-0.665,CONIFER_HIGH_FLAMMABILITY,0.467,0.044,13.875,59.25,2.525,195.0,0.654,2.439,0.4,1.5,47.47,0,0,0.7,6043.2,0
UTT_CELL_0059_0130,CELL_0059_0130,UTT,2022-05-02,30.26662,79.16782,1827.1,34.0,146.7,0.549,-0.836,CONIFER_HIGH_FLAMMABILITY,0.352,0.044,13.875,59.25,2.525,195.0,0.654,2.439,0.4,1.5,47.47,0,0,0.7,7853.2,0
UTT_CELL_0040_0067,CELL_0040_0067,UTT,2022-05-02,30.17596,78.84242,1642.5,12.9,137.6,0.674,-0.738,CONIFER_HIGH_FLAMMABILITY,0.563,0.044,13.875,59.25,2.525,195.0,0.654,2.439,0.4,1.5,47.47,0,0,0.7,10511.9,0
UTT_CELL_0059_0140,CELL_0059_0140,UTT,2022-05-02,30.26733,79.21978,1848.3,34.0,146.7,0.549,-0.836,CONIFER_HIGH_FLAMMABILITY,0.352,0.044,13.875,59.25,2.525,195.0,0.654,2.439,0.4,1.5,47.47,0,0,0.7,13342.0,0
UTT_CELL_0131_0030,CELL_0131_0030,UTT,2022-05-02,30.58291,78.64058,1806.0,8.0,178.3,0.03,-1.0,CONIFER_HIGH_FLAMMABILITY,0.612,0.044,13.875,59.25,2.525,195.0,0.654,2.439,0.4,1.5,47.47,0,0,0.5,23479.7,0
UTT_CELL_0085_0133,CELL_0085_0133,UTT,2022-05-02,30.38409,79.18124,1903.0,12.4,158.4,0.368,-0.93,CONIFER_HIGH_FLAMMABILITY,0.568,0.044,13.875,59.25,2.525,195.0,0.654,2.439,0.4,1.5,47.47,0,0,0.7,13072.5,0
UTT_CELL_0034_0000,CELL_0034_0000,UTT,2022-05-02,30.14273,78.49545,1483.8,12.9,134.3,0.716,-0.698,CONIFER_HIGH_FLAMMABILITY,0.563,0.044,13.875,59.25,2.525,195.0,0.654,2.439,0.4,1.5,47.47,0,0,0.7,9079.1,0
UTT_CELL_0014_0093,CELL_0014_0093,UTT,2022-05-02,30.06086,78.97975,1628.4,33.9,126.1,0.808,-0.589,CONIFER_HIGH_FLAMMABILITY,0.353,0.044,13.875,59.25,2.525,195.0,0.654,2.439,0.4,1.5,47.47,0,0,0.7,7737.8,0
UTT_CELL_0047_0000,CELL_0047_0000,UTT,2022-05-02,30.20133,78.49397,1518.4,22.5,140.1,0.641,-0.767,CONIFER_HIGH_FLAMMABILITY,0.467,0.044,13.875,59.25,2.525,195.0,0.654,2.439,0.4,1.5,47.47,1,1,0.7,2578.1,0
UTT_CELL_0085_0143,CELL_0085_0143,UTT,2022-05-02,30.3848,79.23326,1924.2,12.7,158.5,0.367,-0.93,CONIFER_HIGH_FLAMMABILITY,0.565,0.044,13.875,59.25,2.525,195.0,0.654,2.439,0.4,1.5,47.47,0,0,0.7,17542.0,0
UTT_CELL_0111_0133,CELL_0111_0133,UTT,2022-05-02,30.50134,79.17906,1972.4,31.6,170.1,0.172,-0.985,CONIFER_HIGH_FLAMMABILITY,0.376,0.044,13.875,59.25,2.525,195.0,0.654,2.439,0.4,1.5,47.47,0,0,0.7,24228.2,0
UTT_CELL_0131_0047,CELL_0131_0047,UTT,2022-05-02,30.58448,78.72916,1842.4,8.6,178.4,0.028,-1.0,CONIFER_HIGH_FLAMMABILITY,0.606,0.044,13.875,59.25,2.525,195.0,0.654,2.439,0.4,1.5,47.47,0,0,0.7,23711.7,0
UTT_CELL_0047_0014,CELL_0047_0014,UTT,2022-05-02,30.2027,78.56663,1548.3,23.0,140.3,0.639,-0.769,CONIFER_HIGH_FLAMMABILITY,0.462,0.044,13.875,59.25,2.525,195.0,0.654,2.439,0.4,1.5,47.47,0,0,0.7,8677.5,0
UTT_CELL_0092_0078,CELL_0092_0078,UTT,2022-05-02,30.41136,78.8945,1804.6,22.7,161.1,0.324,-0.946,CONIFER_HIGH_FLAMMABILITY,0.465,0.044,13.875,59.25,2.525,195.0,0.654,2.439,0.4,1.5,47.47,0,0,0.7,17223.8,0
UTT_CELL_0124_0148,CELL_0124_0148,UTT,2022-05-02,30.56104,79.25614,2039.1,13.1,176.1,0.068,-0.998,CONIFER_MODERATE_FLAMMABILITY,0.561,0.044,13.875,59.25,2.525,195.0,0.654,2.439,0.4,1.5,47.47,0,0,0.7,33930.5,0
UTT_CELL_0021_0038,CELL_0021_0038,UTT,2022-05-02,30.08773,78.69392,1530.2,30.6,128.8,0.779,-0.627,CONIFER_HIGH_FLAMMABILITY,0.386,0.044,13.875,59.25,2.525,195.0,0.654,2.439,0.4,1.5,47.47,0,0,0.7,9775.4,0
UTT_CELL_0092_0084,CELL_0092_0084,UTT,2022-05-02,30.41186,78.92572,1817.4,22.9,161.2,0.322,-0.947,CONIFER_HIGH_FLAMMABILITY,0.463,0.044,13.875,59.25,2.525,195.0,0.654,2.439,0.4,1.5,47.47,0,0,0.7,20603.2,0
UTT_CELL_0066_0102,CELL_0066_0102,UTT,2022-05-02,30.29607,79.02172,1786.3,30.8,149.6,0.506,-0.863,CONIFER_HIGH_FLAMMABILITY,0.384,0.044,13.875,59.25,2.525,195.0,0.654,2.439,0.4,1.5,47.47,0,0,0.5,8691.2,0
UTT_CELL_0105_0091,CELL_0105_0091,UTT,2022-05-02,30.47105,78.96091,1867.0,34.0,167.1,0.223,-0.975,CONIFER_HIGH_FLAMMABILITY,0.352,0.044,13.875,59.25,2.525,195.0,0.654,2.439,0.4,1.5,47.47,0,0,0.7,24827.8,0
UTT_CELL_0047_0040,CELL_0047_0040,UTT,2022-05-02,30.20514,78.70157,1603.7,23.8,140.5,0.636,-0.772,CONIFER_HIGH_FLAMMABILITY,0.454,0.044,13.875,59.25,2.525,195.0,0.654,2.439,0.4,1.5,47.47,2,2,0.7,1892.4,0
UTT_CELL_0014_0136,CELL_0014_0136,UTT,2022-05-02,30.0641,79.20268,1719.5,33.7,126.4,0.805,-0.593,CONIFER_HIGH_FLAMMABILITY,0.355,0.044,13.875,59.25,2.525,195.0,0.654,2.439,0.4,1.5,47.47,0,0,0.7,17844.9,0
UTT_CELL_0092_0101,CELL_0092_0101,UTT,2022-05-02,30.41323,79.01416,1853.6,23.3,161.3,0.321,-0.947,CONIFER_HIGH_FLAMMABILITY,0.459,0.044,13.875,59.25,2.525,195.0,0.654,2.439,0.4,1.5,47.47,0,0,0.7,16130.3,0
UTT_CELL_0073_0039,CELL_0073_0039,UTT,2022-05-02,30.32227,78.69364,1670.8,24.0,152.2,0.466,-0.885,CONIFER_HIGH_FLAMMABILITY,0.452,0.044,13.875,59.25,2.525,195.0,0.654,2.439,0.4,1.5,47.47,4,4,0.5,401.4,1
UTT_CELL_0073_0040,CELL_0073_0040,UTT,2022-05-02,30.32236,78.69884,1673.0,23.9,152.2,0.466,-0.885,CONIFER_HIGH_FLAMMABILITY,0.453,0.044,13.875,59.25,2.525,195.0,0.654,2.439,0.4,1.5,47.47,4,4,0.5,583.8,1
UTT_CELL_0112_0031,CELL_0112_0031,UTT,2022-05-02,30.49735,78.64786,1757.6,32.2,169.7,0.179,-0.984,CONIFER_HIGH_FLAMMABILITY,0.37,0.044,13.875,59.25,2.525,195.0,0.654,2.439,0.4,1.5,47.47,0,0,0.5,13985.9,0
UTT_CELL_0047_0065,CELL_0047_0065,UTT,2022-05-02,30.20735,78.83135,1656.9,24.5,140.7,0.633,-0.774,CONIFER_HIGH_FLAMMABILITY,0.447,0.044,13.875,59.25,2.525,195.0,0.654,2.439,0.4,1.5,47.47,0,0,0.5,9160.2,0
UTT_CELL_0118_0112,CELL_0118_0112,UTT,2022-05-02,30.53133,79.06908,1946.4,24.1,173.1,0.12,-0.993,CONIFER_HIGH_FLAMMABILITY,0.451,0.044,13.875,59.25,2.525,195.0,0.654,2.439,0.4,1.5,47.47,0,0,0.7,26235.5,0
UTT_CELL_0131_0107,CELL_0131_0107,UTT,2022-05-02,30.58957,79.04185,1970.5,10.8,179.0,0.017,-1.0,CONIFER_HIGH_FLAMMABILITY,0.584,0.044,13.875,59.25,2.525,195.0,0.654,2.439,0.4,1.5,47.47,0,0,0.7,33121.2,0
UTT_CELL_0112_0041,CELL_0112_0041,UTT,2022-05-02,30.49828,78.69992,1778.9,32.1,169.8,0.177,-0.984,CONIFER_HIGH_FLAMMABILITY,0.371,0.044,13.875,59.25,2.525,195.0,0.654,2.439,0.4,1.5,47.47,0,0,0.5,14132.3,0
UTT_CELL_0015_0007,CELL_0015_0007,UTT,2022-05-02,30.05776,78.53389,1448.2,34.0,125.8,0.811,-0.585,CONIFER_HIGH_FLAMMABILITY,0.352,0.044,13.875,59.25,2.525,195.0,0.654,2.439,0.4,1.5,47.47,0,0,0.7,6416.2,0
UTT_CELL_0053_0152,CELL_0053_0152,UTT,2022-05-02,30.24111,79.2826,1857.7,32.4,144.1,0.586,-0.81,CONIFER_HIGH_FLAMMABILITY,0.368,0.044,13.875,59.25,2.525,195.0,0.654,2.439,0.4,1.5,47.47,0,0,0.7,8568.5,0
UTT_CELL_0041_0002,CELL_0041_0002,UTT,2022-05-02,30.17448,78.50503,1506.7,12.3,137.4,0.677,-0.736,CONIFER_HIGH_FLAMMABILITY,0.569,0.044,13.875,59.25,2.525,195.0,0.654,2.439,0.4,1.5,47.47,0,0,0.7,5743.0,0
UTT_CELL_0002_0027,CELL_0002_0027,UTT,2022-05-02,30.00106,78.63893,1456.2,25.5,120.1,0.865,-0.502,CONIFER_HIGH_FLAMMABILITY,0.437,0.044,13.875,59.25,2.525,195.0,0.654,2.439,0.4,1.5,47.47,0,0,0.5,5914.5,0
UTT_CELL_0008_0108,CELL_0008_0108,UTT,2022-05-02,30.03498,79.05804,1644.2,32.8,123.5,0.834,-0.552,CONIFER_HIGH_FLAMMABILITY,0.364,0.044,13.875,59.25,2.525,195.0,0.654,2.439,0.4,1.5,47.47,2,2,0.7,2586.5,0
UTT_CELL_0086_0078,CELL_0086_0078,UTT,2022-05-02,30.3843,78.89508,1788.6,12.5,158.4,0.368,-0.93,CONIFER_HIGH_FLAMMABILITY,0.567,0.044,13.875,59.25,2.525,195.0,0.654,2.439,0.4,1.5,47.47,0,0,0.7,16769.1,0
UTT_CELL_0118_0147,CELL_0118_0147,UTT,2022-05-02,30.53391,79.25141,2020.9,23.3,173.4,0.115,-0.993,CONIFER_MODERATE_FLAMMABILITY,0.459,0.044,13.875,59.25,2.525,195.0,0.654,2.439,0.4,1.5,47.47,0,0,0.7,31085.2,0
UTT_CELL_0118_0151,CELL_0118_0151,UTT,2022-05-02,30.53419,79.27225,2029.4,23.2,173.4,0.115,-0.993,CONIFER_MODERATE_FLAMMABILITY,0.46,0.044,13.875,59.25,2.525,195.0,0.654,2.439,0.4,1.5,47.47,0,0,0.7,32405.9,0
UTT_CELL_0125_0070,CELL_0125_0070,UTT,2022-05-02,30.55947,78.84962,1875.5,13.8,175.9,0.071,-0.997,CONIFER_HIGH_FLAMMABILITY,0.554,0.044,13.875,59.25,2.525,195.0,0.654,2.439,0.4,1.5,47.47,0,0,0.7,23909.8,0
UTT_CELL_0086_0090,CELL_0086_0090,UTT,2022-05-02,30.38529,78.95749,1814.2,12.9,158.5,0.367,-0.93,CONIFER_HIGH_FLAMMABILITY,0.563,0.044,13.875,59.25,2.525,195.0,0.654,2.439,0.4,1.5,47.47,0,0,0.7,18755.0,0
UTT_CELL_0080_0021,CELL_0080_0021,UTT,2022-05-02,30.35214,78.59933,1651.0,12.9,155.2,0.419,-0.908,CONIFER_HIGH_FLAMMABILITY,0.563,0.044,13.875,59.25,2.525,195.0,0.654,2.439,0.4,1.5,47.47,0,0,0.5,8341.4,0
UTT_CELL_0041_0042,CELL_0041_0042,UTT,2022-05-02,30.17827,78.71258,1592.0,13.9,137.8,0.672,-0.741,CONIFER_HIGH_FLAMMABILITY,0.553,0.044,13.875,59.25,2.525,195.0,0.654,2.439,0.4,1.5,47.47,2,2,0.7,3559.2,1
UTT_CELL_0041_0043,CELL_0041_0043,UTT,2022-05-02,30.17836,78.71777,1594.1,13.9,137.8,0.672,-0.741,CONIFER_HIGH_FLAMMABILITY,0.553,0.044,13.875,59.25,2.525,195.0,0.654,2.439,0.4,1.5,47.47,2,2,0.7,3499.0,1
UTT_CELL_0093_0018,CELL_0093_0018,UTT,2022-05-02,30.41046,78.5823,1679.2,22.4,161.0,0.326,-0.946,CONIFER_HIGH_FLAMMABILITY,0.468,0.044,13.875,59.25,2.525,195.0,0.654,2.439,0.4,1.5,47.47,0,0,0.7,8962.2,0
UTT_CELL_0041_0044,CELL_0041_0044,UTT,2022-05-02,30.17845,78.72296,1596.3,13.9,137.8,0.672,-0.741,CONIFER_HIGH_FLAMMABILITY,0.553,0.044,13.875,59.25,2.525,195.0,0.654,2.439,0.4,1.5,47.47,2,2,0.7,3532.9,0
UTT_CELL_0008_0138,CELL_0008_0138,UTT,2022-05-02,30.03718,79.21354,1707.7,33.1,123.7,0.832,-0.555,CONIFER_HIGH_FLAMMABILITY,0.361,0.044,13.875,59.25,2.525,195.0,0.654,2.439,0.4,1.5,47.47,0,0,0.7,18950.5,0
UTT_CELL_0119_0010,CELL_0119_0010,UTT,2022-05-02,30.52688,78.53774,1731.2,25.5,172.7,0.127,-0.992,CONIFER_HIGH_FLAMMABILITY,0.437,0.044,13.875,59.25,2.525,195.0,0.654,2.439,0.4,1.5,47.47,0,0,0.7,12585.2,0
UTT_CELL_0054_0041,CELL_0054_0041,UTT,2022-05-02,30.23679,78.70603,1624.5,31.7,143.7,0.592,-0.806,CONIFER_HIGH_FLAMMABILITY,0.375,0.044,13.875,59.25,2.525,195.0,0.654,2.439,0.4,1.5,47.47,3,3,0.7,1324.8,0
UTT_CELL_0060_0126,CELL_0060_0126,UTT,2022-05-02,30.27084,79.14696,1821.3,33.9,147.1,0.543,-0.84,CONIFER_HIGH_FLAMMABILITY,0.353,0.044,13.875,59.25,2.525,195.0,0.654,2.439,0.4,1.5,47.47,0,0,0.7,5555.3,0
UTT_CELL_0067_0045,CELL_0067_0045,UTT,2022-05-02,30.29576,78.72545,1667.6,30.9,149.6,0.506,-0.863,CONIFER_HIGH_FLAMMABILITY,0.383,0.044,13.875,59.25,2.525,195.0,0.654,2.439,0.4,1.5,47.47,3,3,0.5,4337.0,0
UTT_CELL_0099_0110,CELL_0099_0110,UTT,2022-05-02,30.4455,79.06036,1891.4,31.6,164.6,0.266,-0.964,CONIFER_HIGH_FLAMMABILITY,0.376,0.044,13.875,59.25,2.525,195.0,0.654,2.439,0.4,1.5,47.47,0,0,0.7,17084.7,0
UTT_CELL_0106_0029,CELL_0106_0029,UTT,2022-05-02,30.47011,78.6381,1737.3,34.0,167.0,0.225,-0.974,CONIFER_HIGH_FLAMMABILITY,0.352,0.044,13.875,59.25,2.525,195.0,0.654,2.439,0.4,1.5,47.47,0,0,0.5,11360.3,0
UTT_CELL_0119_0031,CELL_0119_0031,UTT,2022-05-02,30.5289,78.6471,1776.2,24.9,172.9,0.124,-0.992,CONIFER_HIGH_FLAMMABILITY,0.443,0.044,13.875,59.25,2.525,195.0,0.654,2.439,0.4,1.5,47.47,0,0,0.5,17446.4,0
UTT_CELL_0028_0080,CELL_0028_0080,UTT,2022-05-02,30.12294,78.91103,1638.2,20.5,132.3,0.74,-0.673,CONIFER_HIGH_FLAMMABILITY,0.487,0.044,13.875,59.25,2.525,195.0,0.654,2.439,0.4,1.5,47.47,0,0,0.7,8702.7,0
UTT_CELL_0125_0132,CELL_0125_0132,UTT,2022-05-02,30.5644,79.17267,2007.7,11.7,176.4,0.063,-0.998,CONIFER_MODERATE_FLAMMABILITY,0.575,0.044,13.875,59.25,2.525,195.0,0.654,2.439,0.4,1.5,47.47,0,0,0.7,30683.8,0
UTT_CELL_0002_0113,CELL_0002_0113,UTT,2022-05-02,30.0083,79.08447,1638.8,27.5,120.8,0.859,-0.512,CONIFER_HIGH_FLAMMABILITY,0.417,0.044,13.875,59.25,2.525,195.0,0.654,2.439,0.4,1.5,47.47,1,1,0.7,4389.6,0
UTT_CELL_0041_0097,CELL_0041_0097,UTT,2022-05-02,30.18294,78.99803,1709.0,15.7,138.3,0.665,-0.747,CONIFER_HIGH_FLAMMABILITY,0.535,0.044,13.875,59.25,2.525,195.0,0.654,2.439,0.4,1.5,47.47,1,1,0.7,4146.2,0
UTT_CELL_0054_0092,CELL_0054_0092,UTT,2022-05-02,30.24116,78.97087,1733.0,32.4,144.1,0.586,-0.81,CONIFER_HIGH_FLAMMABILITY,0.368,0.044,13.875,59.25,2.525,195.0,0.654,2.439,0.4,1.5,47.47,0,0,0.7,10785.6,0
UTT_CELL_0041_0099,CELL_0041_0099,UTT,2022-05-02,30.1831,79.00841,1713.2,15.8,138.3,0.665,-0.747,CONIFER_HIGH_FLAMMABILITY,0.534,0.044,13.875,59.25,2.525,195.0,0.654,2.439,0.4,1.5,47.47,1,1,0.7,4512.5,0
UTT_CELL_0002_0117,CELL_0002_0117,UTT,2022-05-02,30.0086,79.1052,1647.2,27.6,120.9,0.858,-0.514,CONIFER_HIGH_FLAMMABILITY,0.416,0.044,13.875,59.25,2.525,195.0,0.654,2.439,0.4,1.5,47.47,0,0,0.7,6687.8,0
UTT_CELL_0067_0091,CELL_0067_0091,UTT,2022-05-02,30.2997,78.96447,1765.6,30.1,150.0,0.5,-0.866,CONIFER_HIGH_FLAMMABILITY,0.391,0.044,13.875,59.25,2.525,195.0,0.654,2.439,0.4,1.5,47.47,0,0,0.5,14905.9,0
UTT_CELL_0048_0029,CELL_0048_0029,UTT,2022-05-02,30.20863,78.64437,1582.9,24.9,140.9,0.631,-0.776,CONIFER_HIGH_FLAMMABILITY,0.443,0.044,13.875,59.25,2.525,195.0,0.654,2.439,0.4,1.5,47.47,0,0,0.7,5500.6,0
UTT_CELL_0113_0008,CELL_0113_0008,UTT,2022-05-02,30.49964,78.52801,1711.0,31.9,170.0,0.174,-0.985,CONIFER_HIGH_FLAMMABILITY,0.373,0.044,13.875,59.25,2.525,195.0,0.654,2.439,0.4,1.5,47.47,0,0,0.7,9375.1,1
UTT_CELL_0048_0041,CELL_0048_0041,UTT,2022-05-02,30.20974,78.70666,1608.5,25.2,141.0,0.629,-0.777,CONIFER_HIGH_FLAMMABILITY,0.44,0.044,13.875,59.25,2.525,195.0,0.654,2.439,0.4,1.5,47.47,3,3,0.7,1253.2,0
UTT_CELL_0113_0017,CELL_0113_0017,UTT,2022-05-02,30.50052,78.57486,1730.3,31.7,170.1,0.172,-0.985,CONIFER_HIGH_FLAMMABILITY,0.375,0.044,13.875,59.25,2.525,195.0,0.654,2.439,0.4,1.5,47.47,0,0,0.7,12111.1,0
UTT_CELL_0002_0149,CELL_0002_0149,UTT,2022-05-02,30.01088,79.27103,1714.9,28.2,121.1,0.856,-0.517,CONIFER_HIGH_FLAMMABILITY,0.41,0.044,13.875,59.25,2.525,195.0,0.654,2.439,0.4,1.5,47.47,0,0,0.7,17603.9,0
UTT_CELL_0074_0040,CELL_0074_0040,UTT,2022-05-02,30.32687,78.69874,1675.6,22.4,152.7,0.459,-0.889,CONIFER_HIGH_FLAMMABILITY,0.468,0.044,13.875,59.25,2.525,195.0,0.654,2.439,0.4,1.5,47.47,4,4,0.5,457.8,1
UTT_CELL_0132_0094,CELL_0132_0094,UTT,2022-05-02,30.59304,78.974,1945.4,12.2,179.3,0.012,-1.0,CONIFER_HIGH_FLAMMABILITY,0.57,0.044,13.875,59.25,2.525,195.0,0.654,2.439,0.4,1.5,47.47,0,0,0.7,35408.6,0
UTT_CELL_0106_0114,CELL_0106_0114,UTT,2022-05-02,30.47737,79.08056,1918.6,34.0,167.7,0.213,-0.977,CONIFER_HIGH_FLAMMABILITY,0.352,0.044,13.875,59.25,2.525,195.0,0.654,2.439,0.4,1.5,47.47,0,0,0.7,20132.2,0
UTT_CELL_0132_0103,CELL_0132_0103,UTT,2022-05-02,30.59376,79.02092,1964.6,12.5,179.4,0.01,-1.0,CONIFER_HIGH_FLAMMABILITY,0.567,0.044,13.875,59.25,2.525,195.0,0.654,2.439,0.4,1.5,47.47,0,0,0.7,34113.3,0
UTT_CELL_0016_0000,CELL_0016_0000,UTT,2022-05-02,30.06159,78.4975,1436.0,33.8,126.2,0.807,-0.591,CONIFER_HIGH_FLAMMABILITY,0.354,0.044,13.875,59.25,2.525,195.0,0.654,2.439,0.4,1.5,47.47,0,0,0.7,7180.7,0
UTT_CELL_0074_0053,CELL_0074_0053,UTT,2022-05-02,30.32804,78.7663,1703.3,22.0,152.8,0.457,-0.889,CONIFER_HIGH_FLAMMABILITY,0.472,0.044,13.875,59.25,2.525,195.0,0.654,2.439,0.4,1.5,47.47,1,1,0.5,4655.7,0
UTT_CELL_0022_0075,CELL_0022_0075,UTT,2022-05-02,30.09547,78.88567,1611.6,28.9,129.5,0.772,-0.636,CONIFER_HIGH_FLAMMABILITY,0.403,0.044,13.875,59.25,2.525,195.0,0.654,2.439,0.4,1.5,47.47,0,0,0.7,6129.9,0
UTT_CELL_0022_0079,CELL_0022_0079,UTT,2022-05-02,30.0958,78.90641,1620.0,28.8,129.6,0.771,-0.637,CONIFER_HIGH_FLAMMABILITY,0.404,0.044,13.875,59.25,2.525,195.0,0.654,2.439,0.4,1.5,47.47,0,0,0.7,5680.9,0
UTT_CELL_0100_0046,CELL_0100_0046,UTT,2022-05-02,30.44463,78.72721,1757.7,31.4,164.5,0.267,-0.964,CONIFER_HIGH_FLAMMABILITY,0.378,0.044,13.875,59.25,2.525,195.0,0.654,2.439,0.4,1.5,47.47,0,0,0.7,8351.7,0
UTT_CELL_0003_0012,CELL_0003_0012,UTT,2022-05-02,30.00415,78.56112,1426.9,26.4,120.4,0.863,-0.506,CONIFER_HIGH_FLAMMABILITY,0.428,0.044,13.875,59.25,2.525,195.0,0.654,2.439,0.4,1.5,47.47,1,1,0.7,4446.5,0
UTT_CELL_0029_0003,CELL_0029_0003,UTT,2022-05-02,30.12049,78.51158,1476.9,21.4,132.0,0.743,-0.669,CONIFER_HIGH_FLAMMABILITY,0.478,0.044,13.875,59.25,2.525,195.0,0.654,2.439,0.4,1.5,47.47,0,0,0.7,11750.4,0
UTT_CELL_0016_0013,CELL_0016_0013,UTT,2022-05-02,30.06285,78.56487,1463.7,33.8,126.3,0.806,-0.592,CONIFER_HIGH_FLAMMABILITY,0.354,0.044,13.875,59.25,2.525,195.0,0.654,2.439,0.4,1.5,47.47,0,0,0.7,8372.6,0
UTT_CELL_0067_0148,CELL_0067_0148,UTT,2022-05-02,30.30397,79.26071,1886.7,29.1,150.4,0.494,-0.869,CONIFER_HIGH_FLAMMABILITY,0.401,0.044,13.875,59.25,2.525,195.0,0.654,2.439,0.4,1.5,47.47,0,0,0.7,15897.1,0
UTT_CELL_0132_0122,CELL_0132_0122,UTT,2022-05-02,30.59523,79.11995,2005.1,13.1,179.5,0.009,-1.0,CONIFER_MODERATE_FLAMMABILITY,0.561,0.044,13.875,59.25,2.525,195.0,0.654,2.439,0.4,1.5,47.47,0,0,0.7,33138.8,0
UTT_CELL_0093_0147,CELL_0093_0147,UTT,2022-05-02,30.42116,79.25342,1954.1,25.8,162.1,0.307,-0.952,CONIFER_HIGH_FLAMMABILITY,0.434,0.044,13.875,59.25,2.525,195.0,0.654,2.439,0.4,1.5,47.47,0,0,0.7,21745.1,0
UTT_CELL_0022_0105,CELL_0022_0105,UTT,2022-05-02,30.09788,79.04125,1675.2,28.3,129.8,0.768,-0.64,CONIFER_HIGH_FLAMMABILITY,0.409,0.044,13.875,59.25,2.525,195.0,0.654,2.439,0.4,1.5,47.47,0,0,0.7,7705.7,0
UTT_CELL_0119_0141,CELL_0119_0141,UTT,2022-05-02,30.538,79.22007,2010.8,21.9,173.8,0.108,-0.994,CONIFER_MODERATE_FLAMMABILITY,0.473,0.044,13.875,59.25,2.525,195.0,0.654,2.439,0.4,1.5,47.47,0,0,0.7,29779.2,0
UTT_CELL_0048_0097,CELL_0048_0097,UTT,2022-05-02,30.2145,78.99739,1727.7,26.6,141.5,0.623,-0.783,CONIFER_HIGH_FLAMMABILITY,0.426,0.044,13.875,59.25,2.525,195.0,0.654,2.439,0.4,1.5,47.47,0,0,0.7,7613.1,0
UTT_CELL_0106_0150,CELL_0106_0150,UTT,2022-05-02,30.48,79.268,1995.2,33.9,168.0,0.208,-0.978,CONIFER_HIGH_FLAMMABILITY,0.353,0.044,13.875,59.25,2.525,195.0,0.654,2.439,0.4,1.5,47.47,0,0,0.7,27427.8,0
UTT_CELL_0029_0033,CELL_0029_0033,UTT,2022-05-02,30.12334,78.66715,1540.9,20.4,132.3,0.74,-0.673,CONIFER_HIGH_FLAMMABILITY,0.488,0.044,13.875,59.25,2.525,195.0,0.654,2.439,0.4,1.5,47.47,0,0,0.7,11138.1,0
UTT_CELL_0022_0123,CELL_0022_0123,UTT,2022-05-02,30.09924,79.1346,1713.4,27.9,129.9,0.767,-0.641,CONIFER_HIGH_FLAMMABILITY,0.413,0.044,13.875,59.25,2.525,195.0,0.654,2.439,0.4,1.5,47.47,0,0,0.7,13658.5,0
UTT_CELL_0100_0094,CELL_0100_0094,UTT,2022-05-02,30.44874,78.977,1860.0,32.1,164.9,0.261,-0.965,CONIFER_HIGH_FLAMMABILITY,0.371,0.044,13.875,59.25,2.525,195.0,0.654,2.439,0.4,1.5,47.47,0,0,0.7,21781.1,0
UTT_CELL_0061_0118,CELL_0061_0118,UTT,2022-05-02,30.27475,79.1053,1807.0,33.6,147.5,0.537,-0.843,CONIFER_HIGH_FLAMMABILITY,0.356,0.044,13.875,59.25,2.525,195.0,0.654,2.439,0.4,1.5,47.47,3,3,0.5,1287.3,1
UTT_CELL_0107_0019,CELL_0107_0019,UTT,2022-05-02,30.47367,78.58594,1718.6,34.0,167.4,0.218,-0.976,CONIFER_HIGH_FLAMMABILITY,0.352,0.044,13.875,59.25,2.525,195.0,0.654,2.439,0.4,1.5,47.47,0,0,0.7,11099.3,0
UTT_CELL_0120_0016,CELL_0120_0016,UTT,2022-05-02,30.53198,78.56887,1746.7,23.9,173.2,0.118,-0.993,CONIFER_HIGH_FLAMMABILITY,0.453,0.044,13.875,59.25,2.525,195.0,0.654,2.439,0.4,1.5,47.47,0,0,0.7,14544.6,0
UTT_CELL_0074_0119,CELL_0074_0119,UTT,2022-05-02,30.33345,79.10938,1843.8,20.1,153.3,0.449,-0.893,CONIFER_HIGH_FLAMMABILITY,0.491,0.044,13.875,59.25,2.525,195.0,0.654,2.439,0.4,1.5,47.47,2,2,0.7,4108.6,0
UTT_CELL_0133_0017,CELL_0133_0017,UTT,2022-05-02,30.59068,78.57262,1783.5,11.2,179.1,0.016,-1.0,CONIFER_HIGH_FLAMMABILITY,0.58,0.044,13.875,59.25,2.525,195.0,0.654,2.439,0.4,1.5,47.47,0,0,0.7,20576.0,0
UTT_CELL_0120_0025,CELL_0120_0025,UTT,2022-05-02,30.53284,78.61574,1766.0,23.6,173.3,0.117,-0.993,CONIFER_HIGH_FLAMMABILITY,0.456,0.044,13.875,59.25,2.525,195.0,0.654,2.439,0.4,1.5,47.47,0,0,0.7,17838.6,0
UTT_CELL_0022_0152,CELL_0022_0152,UTT,2022-05-02,30.10129,79.28502,1774.8,27.4,130.1,0.765,-0.644,CONIFER_HIGH_FLAMMABILITY,0.418,0.044,13.875,59.25,2.525,195.0,0.654,2.439,0.4,1.5,47.47,0,0,0.7,8942.1,0
UTT_CELL_0029_0072,CELL_0029_0072,UTT,2022-05-02,30.12678,78.86943,1623.8,19.1,132.7,0.735,-0.678,CONIFER_HIGH_FLAMMABILITY,0.501,0.044,13.875,59.25,2.525,195.0,0.654,2.439,0.4,1.5,47.47,0,0,0.7,10037.7,0
UTT_CELL_0081_0056,CELL_0081_0056,UTT,2022-05-02,30.35986,78.78118,1728.4,9.7,156.0,0.407,-0.914,CONIFER_HIGH_FLAMMABILITY,0.595,0.044,13.875,59.25,2.525,195.0,0.654,2.439,0.4,1.5,47.47,1,1,0.7,4262.4,0
UTT_CELL_0055_0069,CELL_0055_0069,UTT,2022-05-02,30.24376,78.85133,1686.8,32.7,144.4,0.582,-0.813,CONIFER_HIGH_FLAMMABILITY,0.365,0.044,13.875,59.25,2.525,195.0,0.654,2.439,0.4,1.5,47.47,0,0,0.5,12317.0,0
UTT_CELL_0029_0087,CELL_0029_0087,UTT,2022-05-02,30.12802,78.94724,1655.7,18.7,132.8,0.734,-0.679,CONIFER_HIGH_FLAMMABILITY,0.505,0.044,13.875,59.25,2.525,195.0,0.654,2.439,0.4,1.5,47.47,0,0,0.7,5297.4,1
UTT_CELL_0100_0133,CELL_0100_0133,UTT,2022-05-02,30.45174,79.17999,1943.0,32.5,165.2,0.255,-0.967,CONIFER_HIGH_FLAMMABILITY,0.367,0.044,13.875,59.25,2.525,195.0,0.654,2.439,0.4,1.5,47.47,0,0,0.7,19225.1,0
UTT_CELL_0126_0126,CELL_0126_0126,UTT,2022-05-02,30.56847,79.14132,1997.6,10.1,176.8,0.056,-0.998,CONIFER_HIGH_FLAMMABILITY,0.591,0.044,13.875,59.25,2.525,195.0,0.654,2.439,0.4,1.5,47.47,0,0,0.7,30426.2,0
UTT_CELL_0133_0045,CELL_0133_0045,UTT,2022-05-02,30.59332,78.71853,1843.4,12.3,179.3,0.012,-1.0,CONIFER_HIGH_FLAMMABILITY,0.569,0.044,13.875,59.25,2.525,195.0,0.654,2.439,0.4,1.5,47.47,0,0,0.7,24799.5,0
UTT_CELL_0029_0096,CELL_0029_0096,UTT,2022-05-02,30.12874,78.99393,1674.8,18.4,132.9,0.733,-0.681,CONIFER_HIGH_FLAMMABILITY,0.508,0.044,13.875,59.25,2.525,195.0,0.654,2.439,0.4,1.5,47.47,1,1,0.7,1955.9,0
UTT_CELL_0062_0002,CELL_0062_0002,UTT,2022-05-02,30.26915,78.50264,1562.5,33.9,146.9,0.546,-0.838,CONIFER_HIGH_FLAMMABILITY,0.353,0.044,13.875,59.25,2.525,195.0,0.654,2.439,0.4,1.5,47.47,0,0,0.7,5114.5,0
UTT_CELL_0016_0102,CELL_0016_0102,UTT,2022-05-02,30.07059,79.02622,1652.8,33.2,127.1,0.798,-0.603,CONIFER_HIGH_FLAMMABILITY,0.36,0.044,13.875,59.25,2.525,195.0,0.654,2.439,0.4,1.5,47.47,0,0,0.7,5465.8,0
UTT_CELL_0075_0000,CELL_0075_0000,UTT,2022-05-02,30.32755,78.49076,1592.8,22.2,152.8,0.457,-0.889,CONIFER_HIGH_FLAMMABILITY,0.47,0.044,13.875,59.25,2.525,195.0,0.654,2.439,0.4,1.5,47.47,1,1,0.7,4026.4,0
UTT_CELL_0113_0141,CELL_0113_0141,UTT,2022-05-02,30.51094,79.22056,1994.8,29.7,171.1,0.155,-0.988,CONIFER_HIGH_FLAMMABILITY,0.395,0.044,13.875,59.25,2.525,195.0,0.654,2.439,0.4,1.5,47.47,0,0,0.7,27142.8,0
UTT_CELL_0036_0026,CELL_0036_0026,UTT,2022-05-02,30.15425,78.63009,1544.6,8.1,135.4,0.702,-0.712,CONIFER_HIGH_FLAMMABILITY,0.611,0.044,13.875,59.25,2.525,195.0,0.654,2.439,0.4,1.5,47.47,0,0,0.7,11542.4,0
UTT_CELL_0055_0100,CELL_0055_0100,UTT,2022-05-02,30.24631,79.01233,1752.7,33.0,144.6,0.579,-0.815,CONIFER_HIGH_FLAMMABILITY,0.362,0.044,13.875,59.25,2.525,195.0,0.654,2.439,0.4,1.5,47.47,0,0,0.5,9539.5,0
UTT_CELL_0049_0026,CELL_0049_0026,UTT,2022-05-02,30.21286,78.62869,1579.2,26.2,141.3,0.625,-0.78,CONIFER_HIGH_FLAMMABILITY,0.43,0.044,13.875,59.25,2.525,195.0,0.654,2.439,0.4,1.5,47.47,0,0,0.7,6087.7,0
UTT_CELL_0101_0012,CELL_0101_0012,UTT,2022-05-02,30.44594,78.55019,1687.6,31.6,164.6,0.266,-0.964,CONIFER_HIGH_FLAMMABILITY,0.376,0.044,13.875,59.25,2.525,195.0,0.654,2.439,0.4,1.5,47.47,0,0,0.7,6109.7,1
UTT_CELL_0120_0091,CELL_0120_0091,UTT,2022-05-02,30.53868,78.9595,1907.0,21.6,173.9,0.106,-0.994,CONIFER_HIGH_FLAMMABILITY,0.476,0.044,13.875,59.25,2.525,195.0,0.654,2.439,0.4,1.5,47.47,0,0,0.7,30231.3,0
UTT_CELL_0094_0104,CELL_0094_0104,UTT,2022-05-02,30.42249,79.02959,1865.3,26.2,162.2,0.306,-0.952,CONIFER_HIGH_FLAMMABILITY,0.43,0.044,13.875,59.25,2.525,195.0,0.654,2.439,0.4,1.5,47.47,0,0,0.7,16042.1,0
UTT_CELL_0068_0118,CELL_0068_0118,UTT,2022-05-02,30.30632,79.1047,1825.7,28.5,150.6,0.491,-0.871,CONIFER_HIGH_FLAMMABILITY,0.407,0.044,13.875,59.25,2.525,195.0,0.654,2.439,0.4,1.5,47.47,3,3,0.7,1061.0,0
UTT_CELL_0036_0055,CELL_0036_0055,UTT,2022-05-02,30.15688,78.78055,1606.4,7.0,135.7,0.698,-0.716,CONIFER_HIGH_FLAMMABILITY,0.622,0.044,13.875,59.25,2.525,195.0,0.654,2.439,0.4,1.5,47.47,0,0,0.7,5826.9,0
UTT_CELL_0003_0150,CELL_0003_0150,UTT,2022-05-02,30.01546,79.27613,1719.7,29.3,121.5,0.853,-0.522,CONIFER_HIGH_FLAMMABILITY,0.399,0.044,13.875,59.25,2.525,195.0,0.654,2.439,0.4,1.5,47.47,0,0,0.7,18121.3,0
UTT_CELL_0088_0032,CELL_0088_0032,UTT,2022-05-02,30.38924,78.65565,1695.8,14.5,158.9,0.36,-0.933,CONIFER_HIGH_FLAMMABILITY,0.547,0.044,13.875,59.25,2.525,195.0,0.654,2.439,0.4,1.5,47.47,2,2,0.5,2564.3,0
UTT_CELL_0081_0118,CELL_0081_0118,UTT,2022-05-02,30.36494,79.10357,1860.4,7.6,156.5,0.399,-0.917,CONIFER_HIGH_FLAMMABILITY,0.616,0.044,13.875,59.25,2.525,195.0,0.654,2.439,0.4,1.5,47.47,0,0,0.7,7517.8,0
UTT_CELL_0068_0125,CELL_0068_0125,UTT,2022-05-02,30.30684,79.14108,1840.5,28.4,150.7,0.489,-0.872,CONIFER_HIGH_FLAMMABILITY,0.408,0.044,13.875,59.25,2.525,195.0,0.654,2.439,0.4,1.5,47.47,2,2,0.7,4499.1,0
UTT_CELL_0075_0046,CELL_0075_0046,UTT,2022-05-02,30.33192,78.72982,1691.1,20.7,153.2,0.451,-0.893,CONIFER_HIGH_FLAMMABILITY,0.485,0.044,13.875,59.25,2.525,195.0,0.654,2.439,0.4,1.5,47.47,4,4,0.5,633.1,0
UTT_CELL_0120_0106,CELL_0120_0106,UTT,2022-05-02,30.53989,79.03764,1939.0,21.2,174.0,0.105,-0.995,CONIFER_HIGH_FLAMMABILITY,0.48,0.044,13.875,59.25,2.525,195.0,0.654,2.439,0.4,1.5,47.47,0,0,0.7,27856.4,0
UTT_CELL_0075_0049,CELL_0075_0049,UTT,2022-05-02,30.33219,78.74541,1697.5,20.6,153.2,0.451,-0.893,CONIFER_HIGH_FLAMMABILITY,0.486,0.044,13.875,59.25,2.525,195.0,0.654,2.439,0.4,1.5,47.47,3,3,0.5,2294.0,0
UTT_CELL_0036_0070,CELL_0036_0070,UTT,2022-05-02,30.15818,78.85838,1638.3,6.5,135.8,0.697,-0.717,CONIFER_HIGH_FLAMMABILITY,0.627,0.044,13.875,59.25,2.525,195.0,0.654,2.439,0.4,1.5,47.47,0,0,0.7,10515.0,0
UTT_CELL_0030_0001,CELL_0030_0001,UTT,2022-05-02,30.1248,78.50109,1475.3,19.8,132.5,0.737,-0.676,CONIFER_HIGH_FLAMMABILITY,0.494,0.044,13.875,59.25,2.525,195.0,0.654,2.439,0.4,1.5,47.47,0,0,0.7,11110.1,0
UTT_CELL_0094_0130,CELL_0094_0130,UTT,2022-05-02,30.42446,79.16488,1920.6,26.8,162.4,0.302,-0.953,CONIFER_HIGH_FLAMMABILITY,0.424,0.044,13.875,59.25,2.525,195.0,0.654,2.439,0.4,1.5,47.47,0,0,0.7,15766.7,0
UTT_CELL_0010_0091,CELL_0010_0091,UTT,2022-05-02,30.04267,78.96975,1613.5,33.6,124.3,0.826,-0.564,CONIFER_HIGH_FLAMMABILITY,0.356,0.044,13.875,59.25,2.525,195.0,0.654,2.439,0.4,1.5,47.47,0,0,0.7,6942.8,0
UTT_CELL_0120_0120,CELL_0120_0120,UTT,2022-05-02,30.54096,79.11058,1968.8,20.8,174.1,0.103,-0.995,CONIFER_HIGH_FLAMMABILITY,0.484,0.044,13.875,59.25,2.525,195.0,0.654,2.439,0.4,1.5,47.47,0,0,0.7,27071.3,0
UTT_CELL_0036_0079,CELL_0036_0079,UTT,2022-05-02,30.15893,78.90508,1657.4,6.2,135.9,0.696,-0.718,CONIFER_HIGH_FLAMMABILITY,0.63,0.044,13.875,59.25,2.525,195.0,0.654,2.439,0.4,1.5,47.47,0,0,0.7,9683.4,0
UTT_CELL_0062_0070,CELL_0062_0070,UTT,2022-05-02,30.27541,78.85584,1707.6,33.6,147.5,0.537,-0.843,CONIFER_HIGH_FLAMMABILITY,0.356,0.044,13.875,59.25,2.525,195.0,0.654,2.439,0.4,1.5,47.47,0,0,0.5,14467.5,0
UTT_CELL_0010_0095,CELL_0010_0095,UTT,2022-05-02,30.04299,78.99048,1622.0,33.6,124.3,0.826,-0.564,CONIFER_HIGH_FLAMMABILITY,0.356,0.044,13.875,59.25,2.525,195.0,0.654,2.439,0.4,1.5,47.47,0,0,0.7,5746.5,0
UTT_CELL_0036_0083,CELL_0036_0083,UTT,2022-05-02,30.15926,78.92584,1665.9,6.0,135.9,0.696,-0.718,CONIFER_HIGH_FLAMMABILITY,0.632,0.044,13.875,59.25,2.525,195.0,0.654,2.439,0.4,1.5,47.47,0,0,0.7,7419.0,0
UTT_CELL_0049_0079,CELL_0049_0079,UTT,2022-05-02,30.21755,78.90384,1692.1,27.5,141.8,0.618,-0.786,CONIFER_HIGH_FLAMMABILITY,0.417,0.044,13.875,59.25,2.525,195.0,0.654,2.439,0.4,1.5,47.47,0,0,0.7,12537.3,0
UTT_CELL_0094_0134,CELL_0094_0134,UTT,2022-05-02,30.42475,79.18569,1929.1,26.9,162.5,0.301,-0.954,CONIFER_HIGH_FLAMMABILITY,0.423,0.044,13.875,59.25,2.525,195.0,0.654,2.439,0.4,1.5,47.47,0,0,0.7,16948.4,0
UTT_CELL_0036_0085,CELL_0036_0085,UTT,2022-05-02,30.15942,78.93621,1670.1,6.1,135.9,0.696,-0.718,CONIFER_HIGH_FLAMMABILITY,0.631,0.044,13.875,59.25,2.525,195.0,0.654,2.439,0.4,1.5,47.47,0,0,0.7,6297.6,0
UTT_CELL_0056_0004,CELL_0056_0004,UTT,2022-05-02,30.2423,78.51371,1550.9,32.5,144.2,0.585,-0.811,CONIFER_HIGH_FLAMMABILITY,0.367,0.044,13.875,59.25,2.525,195.0,0.654,2.439,0.4,1.5,47.47,1,1,0.7,3161.1,0
UTT_CELL_0069_0015,CELL_0069_0015,UTT,2022-05-02,30.30197,78.56937,1608.9,29.6,150.2,0.497,-0.868,CONIFER_HIGH_FLAMMABILITY,0.396,0.044,13.875,59.25,2.525,195.0,0.654,2.439,0.4,1.5,47.47,0,0,0.7,11477.1,1
UTT_CELL_0127_0072,CELL_0127_0072,UTT,2022-05-02,30.56866,78.85984,1885.1,10.0,176.9,0.054,-0.999,CONIFER_HIGH_FLAMMABILITY,0.592,0.044,13.875,59.25,2.525,195.0,0.654,2.439,0.4,1.5,47.47,0,0,0.7,25358.4,0
UTT_CELL_0082_0015,CELL_0082_0015,UTT,2022-05-02,30.36058,78.56792,1643.5,9.4,156.1,0.405,-0.914,CONIFER_HIGH_FLAMMABILITY,0.598,0.044,13.875,59.25,2.525,195.0,0.654,2.439,0.4,1.5,47.47,0,0,0.7,9065.2,0
UTT_CELL_0121_0000,CELL_0121_0000,UTT,2022-05-02,30.5349,78.48544,1715.1,22.9,173.5,0.113,-0.994,CONIFER_HIGH_FLAMMABILITY,0.463,0.044,13.875,59.25,2.525,195.0,0.654,2.439,0.4,1.5,47.47,0,0,0.7,12966.7,0
UTT_CELL_0095_0013,CELL_0095_0013,UTT,2022-05-02,30.41899,78.55607,1673.8,25.2,161.9,0.311,-0.951,CONIFER_HIGH_FLAMMABILITY,0.44,0.044,13.875,59.25,2.525,195.0,0.654,2.439,0.4,1.5,47.47,0,0,0.7,5997.3,0
UTT_CELL_0036_0120,CELL_0036_0120,UTT,2022-05-02,30.16216,79.11784,1744.4,7.2,136.2,0.692,-0.722,CONIFER_HIGH_FLAMMABILITY,0.62,0.044,13.875,59.25,2.525,195.0,0.654,2.439,0.4,1.5,47.47,0,0,0.5,12127.1,0
UTT_CELL_0043_0037,CELL_0043_0037,UTT,2022-05-02,30.18683,78.68642,1586.7,17.2,138.7,0.66,-0.751,CONIFER_HIGH_FLAMMABILITY,0.52,0.044,13.875,59.25,2.525,195.0,0.654,2.439,0.4,1.5,47.47,1,1,0.7,4335.0,0
UTT_CELL_0017_0058,CELL_0017_0058,UTT,2022-05-02,30.07148,78.79802,1562.1,33.1,127.1,0.798,-0.603,CONIFER_HIGH_FLAMMABILITY,0.361,0.044,13.875,59.25,2.525,195.0,0.654,2.439,0.4,1.5,47.47,1,1,0.7,4143.8,0
UTT_CELL_0062_0118,CELL_0062_0118,UTT,2022-05-02,30.27926,79.10522,1809.6,33.3,147.9,0.531,-0.847,CONIFER_HIGH_FLAMMABILITY,0.359,0.044,13.875,59.25,2.525,195.0,0.654,2.439,0.4,1.5,47.47,3,3,0.5,1587.7,1
UTT_CELL_0082_0030,CELL_0082_0030,UTT,2022-05-02,30.36201,78.6459,1675.6,8.8,156.2,0.404,-0.915,CONIFER_HIGH_FLAMMABILITY,0.604,0.044,13.875,59.25,2.525,195.0,0.654,2.439,0.4,1.5,47.47,2,2,0.5,3063.1,0
UTT_CELL_0043_0059,CELL_0043_0059,UTT,2022-05-02,30.18879,78.8006,1633.5,18.0,138.9,0.657,-0.754,CONIFER_HIGH_FLAMMABILITY,0.512,0.044,13.875,59.25,2.525,195.0,0.654,2.439,0.4,1.5,47.47,0,0,0.5,5865.3,0
UTT_CELL_0069_0049,CELL_0069_0049,UTT,2022-05-02,30.30514,78.74603,1681.5,28.8,150.5,0.492,-0.87,CONIFER_HIGH_FLAMMABILITY,0.404,0.044,13.875,59.25,2.525,195.0,0.654,2.439,0.4,1.5,47.47,2,2,0.5,4044.2,0
UTT_CELL_0134_0020,CELL_0134_0020,UTT,2022-05-02,30.59548,78.58814,1792.5,13.2,179.5,0.009,-1.0,CONIFER_HIGH_FLAMMABILITY,0.56,0.044,13.875,59.25,2.525,195.0,0.654,2.439,0.4,1.5,47.47,0,0,0.7,21769.0,0
UTT_CELL_0049_0140,CELL_0049_0140,UTT,2022-05-02,30.22224,79.22059,1821.6,28.7,142.2,0.613,-0.79,CONIFER_HIGH_FLAMMABILITY,0.405,0.044,13.875,59.25,2.525,195.0,0.654,2.439,0.4,1.5,47.47,0,0,0.7,12304.9,0
UTT_CELL_0023_0155,CELL_0023_0155,UTT,2022-05-02,30.106,79.3005,1783.8,26.1,130.6,0.759,-0.651,CONIFER_HIGH_FLAMMABILITY,0.431,0.044,13.875,59.25,2.525,195.0,0.654,2.439,0.4,1.5,47.47,0,0,0.7,7831.1,0
UTT_CELL_0049_0155,CELL_0049_0155,UTT,2022-05-02,30.22327,79.29849,1853.4,28.9,142.3,0.612,-0.791,CONIFER_HIGH_FLAMMABILITY,0.403,0.044,13.875,59.25,2.525,195.0,0.654,2.439,0.4,1.5,47.47,0,0,0.7,6006.9,0
UTT_CELL_0030_0087,CELL_0030_0087,UTT,2022-05-02,30.13253,78.94715,1658.4,16.9,133.3,0.728,-0.686,CONIFER_HIGH_FLAMMABILITY,0.523,0.044,13.875,59.25,2.525,195.0,0.654,2.439,0.4,1.5,47.47,0,0,0.7,5137.7,1
UTT_CELL_0108_0051,CELL_0108_0051,UTT,2022-05-02,30.48115,78.7524,1789.6,33.8,168.1,0.206,-0.979,CONIFER_HIGH_FLAMMABILITY,0.354,0.044,13.875,59.25,2.525,195.0,0.654,2.439,0.4,1.5,47.47,0,0,0.7,12211.2,0
UTT_CELL_0134_0051,CELL_0134_0051,UTT,2022-05-02,30.59837,78.74969,1858.9,14.4,179.8,0.003,-1.0,CONIFER_HIGH_FLAMMABILITY,0.548,0.044,13.875,59.25,2.525,195.0,0.654,2.439,0.4,1.5,47.47,0,0,0.7,25198.0,0
UTT_CELL_0004_0116,CELL_0004_0116,UTT,2022-05-02,30.01754,79.09985,1650.5,29.8,121.8,0.85,-0.527,CONIFER_HIGH_FLAMMABILITY,0.394,0.044,13.875,59.25,2.525,195.0,0.654,2.439,0.4,1.5,47.47,0,0,0.7,6146.9,0
UTT_CELL_0127_0139,CELL_0127_0139,UTT,2022-05-02,30.57393,79.20899,2028.0,7.8,177.4,0.045,-0.999,CONIFER_MODERATE_FLAMMABILITY,0.614,0.044,13.875,59.25,2.525,195.0,0.654,2.439,0.4,1.5,47.47,0,0,0.7,32940.7,0
UTT_CELL_0056_0101,CELL_0056_0101,UTT,2022-05-02,30.25089,79.01743,1757.5,33.5,145.1,0.572,-0.82,CONIFER_HIGH_FLAMMABILITY,0.357,0.044,13.875,59.25,2.525,195.0,0.654,2.439,0.4,1.5,47.47,0,0,0.5,8865.0,0
UTT_CELL_0121_0074,CELL_0121_0074,UTT,2022-05-02,30.54178,78.87085,1873.4,20.5,174.2,0.101,-0.995,CONIFER_HIGH_FLAMMABILITY,0.487,0.044,13.875,59.25,2.525,195.0,0.654,2.439,0.4,1.5,47.47,0,0,0.7,23538.7,0
UTT_CELL_0037_0037,CELL_0037_0037,UTT,2022-05-02,30.15978,78.68706,1570.7,6.2,136.0,0.695,-0.719,CONIFER_HIGH_FLAMMABILITY,0.63,0.044,13.875,59.25,2.525,195.0,0.654,2.439,0.4,1.5,47.47,0,0,0.7,6533.4,0
UTT_CELL_0024_0046,CELL_0024_0046,UTT,2022-05-02,30.10198,78.73509,1555.2,27.2,130.2,0.764,-0.645,CONIFER_HIGH_FLAMMABILITY,0.42,0.044,13.875,59.25,2.525,195.0,0.654,2.439,0.4,1.5,47.47,0,0,0.7,5036.4,0
UTT_CELL_0004_0134,CELL_0004_0134,UTT,2022-05-02,30.01886,79.19313,1688.6,30.1,121.9,0.849,-0.528,CONIFER_HIGH_FLAMMABILITY,0.391,0.044,13.875,59.25,2.525,195.0,0.654,2.439,0.4,1.5,47.47,0,0,0.7,16474.3,0
UTT_CELL_0089_0019,CELL_0089_0019,UTT,2022-05-02,30.39252,78.58794,1670.7,15.8,159.3,0.353,-0.935,CONIFER_HIGH_FLAMMABILITY,0.534,0.044,13.875,59.25,2.525,195.0,0.654,2.439,0.4,1.5,47.47,0,0,0.5,9654.0,0
UTT_CELL_0063_0036,CELL_0063_0036,UTT,2022-05-02,30.27691,78.67912,1637.8,33.5,147.7,0.534,-0.845,CONIFER_HIGH_FLAMMABILITY,0.357,0.044,13.875,59.25,2.525,195.0,0.654,2.439,0.4,1.5,47.47,3,3,0.7,3008.7,1
UTT_CELL_0043_0125,CELL_0043_0125,UTT,2022-05-02,30.1941,79.1432,1773.7,20.0,139.4,0.651,-0.759,CONIFER_HIGH_FLAMMABILITY,0.492,0.044,13.875,59.25,2.525,195.0,0.654,2.439,0.4,1.5,47.47,0,0,0.5,9878.3,0
UTT_CELL_0095_0102,CELL_0095_0102,UTT,2022-05-02,30.42684,79.01909,1863.7,27.4,162.7,0.297,-0.955,CONIFER_HIGH_FLAMMABILITY,0.418,0.044,13.875,59.25,2.525,195.0,0.654,2.439,0.4,1.5,47.47,0,0,0.7,17059.4,0
UTT_CELL_0030_0136,CELL_0030_0136,UTT,2022-05-02,30.13626,79.20137,1762.3,15.5,133.6,0.724,-0.69,CONIFER_HIGH_FLAMMABILITY,0.537,0.044,13.875,59.25,2.525,195.0,0.654,2.439,0.4,1.5,47.47,0,0,0.7,13837.3,0
UTT_CELL_0004_0152,CELL_0004_0152,UTT,2022-05-02,30.02011,79.28642,1726.6,30.3,122.0,0.848,-0.53,CONIFER_HIGH_FLAMMABILITY,0.389,0.044,13.875,59.25,2.525,195.0,0.654,2.439,0.4,1.5,47.47,0,0,0.7,17461.1,0
UTT_CELL_0076_0045,CELL_0076_0045,UTT,2022-05-02,30.33634,78.72451,1691.6,19.1,153.6,0.445,-0.896,CONIFER_HIGH_FLAMMABILITY,0.501,0.044,13.875,59.25,2.525,195.0,0.654,2.439,0.4,1.5,47.47,4,4,0.5,173.1,1
UTT_CELL_0069_0127,CELL_0069_0127,UTT,2022-05-02,30.3115,79.15139,1847.5,27.2,151.1,0.483,-0.875,CONIFER_HIGH_FLAMMABILITY,0.42,0.044,13.875,59.25,2.525,195.0,0.654,2.439,0.4,1.5,47.47,0,0,0.7,5738.0,0
UTT_CELL_0095_0122,CELL_0095_0122,UTT,2022-05-02,30.42838,79.12316,1906.3,27.8,162.8,0.296,-0.955,CONIFER_HIGH_FLAMMABILITY,0.414,0.044,13.875,59.25,2.525,195.0,0.654,2.439,0.4,1.5,47.47,0,0,0.7,14749.8,0
UTT_CELL_0044_0000,CELL_0044_0000,UTT,2022-05-02,30.18781,78.49431,1510.4,17.6,138.8,0.659,-0.752,CONIFER_HIGH_FLAMMABILITY,0.516,0.044,13.875,59.25,2.525,195.0,0.654,2.439,0.4,1.5,47.47,1,1,0.7,4076.6,0
UTT_CELL_0069_0151,CELL_0069_0151,UTT,2022-05-02,30.3132,79.27614,1898.4,26.7,151.3,0.48,-0.877,CONIFER_HIGH_FLAMMABILITY,0.425,0.044,13.875,59.25,2.525,195.0,0.654,2.439,0.4,1.5,47.47,0,0,0.7,16237.6,0
UTT_CELL_0057_0002,CELL_0057_0002,UTT,2022-05-02,30.24661,78.50321,1549.2,33.1,144.7,0.578,-0.816,CONIFER_HIGH_FLAMMABILITY,0.361,0.044,13.875,59.25,2.525,195.0,0.654,2.439,0.4,1.5,47.47,1,1,0.7,2782.2,0
UTT_CELL_0018_0021,CELL_0018_0021,UTT,2022-05-02,30.07263,78.60612,1486.0,33.0,127.3,0.795,-0.606,CONIFER_HIGH_FLAMMABILITY,0.362,0.044,13.875,59.25,2.525,195.0,0.654,2.439,0.4,1.5,47.47,0,0,0.7,12307.6,0
UTT_CELL_0102_0062,CELL_0102_0062,UTT,2022-05-02,30.45507,78.81026,1797.1,32.9,165.5,0.25,-0.968,CONIFER_HIGH_FLAMMABILITY,0.363,0.044,13.875,59.25,2.525,195.0,0.654,2.439,0.4,1.5,47.47,0,0,0.7,11807.2,0
UTT_CELL_0050_0088,CELL_0050_0088,UTT,2022-05-02,30.2228,78.95047,1713.9,28.8,142.3,0.612,-0.791,CONIFER_HIGH_FLAMMABILITY,0.404,0.044,13.875,59.25,2.525,195.0,0.654,2.439,0.4,1.5,47.47,0,0,0.7,9640.9,0
UTT_CELL_0128_0054,CELL_0128_0054,UTT,2022-05-02,30.57159,78.76595,1849.3,8.8,177.2,0.049,-0.999,CONIFER_HIGH_FLAMMABILITY,0.604,0.044,13.875,59.25,2.525,195.0,0.654,2.439,0.4,1.5,47.47,0,0,0.7,22345.2,0
UTT_CELL_0076_0079,CELL_0076_0079,UTT,2022-05-02,30.3393,78.90125,1764.1,18.0,153.9,0.44,-0.898,CONIFER_HIGH_FLAMMABILITY,0.512,0.044,13.875,59.25,2.525,195.0,0.654,2.439,0.4,1.5,47.47,0,0,0.7,17754.0,0
UTT_CELL_0121_0136,CELL_0121_0136,UTT,2022-05-02,30.54666,79.19385,2005.5,18.7,174.7,0.092,-0.996,CONIFER_MODERATE_FLAMMABILITY,0.505,0.044,13.875,59.25,2.525,195.0,0.654,2.439,0.4,1.5,47.47,0,0,0.7,29514.5,0
UTT_CELL_0076_0081,CELL_0076_0081,UTT,2022-05-02,30.33946,78.91164,1768.3,17.9,153.9,0.44,-0.898,CONIFER_HIGH_FLAMMABILITY,0.513,0.044,13.875,59.25,2.525,195.0,0.654,2.439,0.4,1.5,47.47,0,0,0.7,18882.5,0
UTT_CELL_0070_0010,CELL_0070_0010,UTT,2022-05-02,30.306,78.54328,1600.9,28.6,150.6,0.491,-0.871,CONIFER_HIGH_FLAMMABILITY,0.406,0.044,13.875,59.25,2.525,195.0,0.654,2.439,0.4,1.5,47.47,0,0,0.7,8989.2,0
UTT_CELL_0037_0105,CELL_0037_0105,UTT,2022-05-02,30.16553,79.03991,1715.3,8.6,136.6,0.687,-0.727,CONIFER_HIGH_FLAMMABILITY,0.606,0.044,13.875,59.25,2.525,195.0,0.654,2.439,0.4,1.5,47.47,0,0,0.7,5799.1,0
UTT_CELL_0128_0063,CELL_0128_0063,UTT,2022-05-02,30.57239,78.81284,1868.6,8.4,177.2,0.049,-0.999,CONIFER_HIGH_FLAMMABILITY,0.608,0.044,13.875,59.25,2.525,195.0,0.654,2.439,0.4,1.5,47.47,0,0,0.7,23559.7,0
UTT_CELL_0050_0105,CELL_0050_0105,UTT,2022-05-02,30.22415,79.03875,1750.0,29.1,142.4,0.61,-0.792,CONIFER_HIGH_FLAMMABILITY,0.401,0.044,13.875,59.25,2.525,195.0,0.654,2.439,0.4,1.5,47.47,0,0,0.5,8006.7,0
UTT_CELL_0063_0101,CELL_0063_0101,UTT,2022-05-02,30.28246,79.0168,1776.2,32.9,148.2,0.527,-0.85,CONIFER_HIGH_FLAMMABILITY,0.363,0.044,13.875,59.25,2.525,195.0,0.654,2.439,0.4,1.5,47.47,0,0,0.5,8830.2,0
UTT_CELL_0096_0008,CELL_0096_0008,UTT,2022-05-02,30.42301,78.52995,1665.8,26.4,162.3,0.304,-0.953,CONIFER_HIGH_FLAMMABILITY,0.428,0.044,13.875,59.25,2.525,195.0,0.654,2.439,0.4,1.5,47.47,1,1,0.7,3125.4,0
UTT_CELL_0115_0086,CELL_0115_0086,UTT,2022-05-02,30.51573,78.93393,1883.0,28.6,171.6,0.146,-0.989,CONIFER_HIGH_FLAMMABILITY,0.406,0.044,13.875,59.25,2.525,195.0,0.654,2.439,0.4,1.5,47.47,0,0,0.7,26428.0,0
UTT_CELL_0063_0118,CELL_0063_0118,UTT,2022-05-02,30.28377,79.10513,1812.3,32.8,148.4,0.524,-0.852,CONIFER_HIGH_FLAMMABILITY,0.364,0.044,13.875,59.25,2.525,195.0,0.654,2.439,0.4,1.5,47.47,3,3,0.7,1164.5,1
UTT_CELL_0063_0119,CELL_0063_0119,UTT,2022-05-02,30.28384,79.11033,1814.4,32.8,148.4,0.524,-0.852,CONIFER_HIGH_FLAMMABILITY,0.364,0.044,13.875,59.25,2.525,195.0,0.654,2.439,0.4,1.5,47.47,3,3,0.7,1413.9,1
UTT_CELL_0063_0120,CELL_0063_0120,UTT,2022-05-02,30.28392,79.11552,1816.6,32.8,148.4,0.524,-0.852,CONIFER_HIGH_FLAMMABILITY,0.364,0.044,13.875,59.25,2.525,195.0,0.654,2.439,0.4,1.5,47.47,3,3,0.7,1818.7,0
UTT_CELL_0102_0106,CELL_0102_0106,UTT,2022-05-02,30.45872,79.03927,1890.9,33.3,165.9,0.244,-0.97,CONIFER_HIGH_FLAMMABILITY,0.359,0.044,13.875,59.25,2.525,195.0,0.654,2.439,0.4,1.5,47.47,0,0,0.7,19217.0,0
UTT_CELL_0122_0022,CELL_0122_0022,UTT,2022-05-02,30.54157,78.5999,1764.9,20.6,174.2,0.101,-0.995,CONIFER_HIGH_FLAMMABILITY,0.486,0.044,13.875,59.25,2.525,195.0,0.654,2.439,0.4,1.5,47.47,0,0,0.7,17386.2,0
UTT_CELL_0109_0036,CELL_0109_0036,UTT,2022-05-02,30.48429,78.67421,1760.3,33.6,168.4,0.201,-0.98,CONIFER_HIGH_FLAMMABILITY,0.356,0.044,13.875,59.25,2.525,195.0,0.654,2.439,0.4,1.5,47.47,0,0,0.5,12258.6,0
UTT_CELL_0122_0030,CELL_0122_0030,UTT,2022-05-02,30.54233,78.64156,1782.0,20.3,174.2,0.101,-0.995,CONIFER_HIGH_FLAMMABILITY,0.489,0.044,13.875,59.25,2.525,195.0,0.654,2.439,0.4,1.5,47.47,0,0,0.5,19021.2,0
UTT_CELL_0012_0004,CELL_0012_0004,UTT,2022-05-02,30.04395,78.51868,1433.8,33.6,124.4,0.825,-0.565,CONIFER_HIGH_FLAMMABILITY,0.356,0.044,13.875,59.25,2.525,195.0,0.654,2.439,0.4,1.5,47.47,1,1,0.7,4733.2,0
UTT_CELL_0128_0109,CELL_0128_0109,UTT,2022-05-02,30.57619,79.05255,1966.7,6.8,177.6,0.042,-0.999,CONIFER_HIGH_FLAMMABILITY,0.624,0.044,13.875,59.25,2.525,195.0,0.654,2.439,0.4,1.5,47.47,0,0,0.7,31440.8,0
UTT_CELL_0005_0089,CELL_0005_0089,UTT,2022-05-02,30.01996,78.95984,1595.9,30.3,122.0,0.848,-0.53,CONIFER_HIGH_FLAMMABILITY,0.389,0.044,13.875,59.25,2.525,195.0,0.654,2.439,0.4,1.5,47.47,0,0,0.7,6450.1,0
UTT_CELL_0070_0062,CELL_0070_0062,UTT,2022-05-02,30.31079,78.81348,1711.9,27.4,151.1,0.483,-0.875,CONIFER_HIGH_FLAMMABILITY,0.418,0.044,13.875,59.25,2.525,195.0,0.654,2.439,0.4,1.5,47.47,0,0,0.5,10186.6,0
UTT_CELL_0012_0016,CELL_0012_0016,UTT,2022-05-02,30.04511,78.58086,1459.4,33.7,124.5,0.824,-0.566,CONIFER_HIGH_FLAMMABILITY,0.355,0.044,13.875,59.25,2.525,195.0,0.654,2.439,0.4,1.5,47.47,0,0,0.7,8213.9,0
UTT_CELL_0012_0021,CELL_0012_0021,UTT,2022-05-02,30.04558,78.60677,1470.1,33.7,124.6,0.823,-0.568,CONIFER_HIGH_FLAMMABILITY,0.355,0.044,13.875,59.25,2.525,195.0,0.654,2.439,0.4,1.5,47.47,0,0,0.7,10694.2,0
UTT_CELL_0089_0147,CELL_0089_0147,UTT,2022-05-02,30.40312,79.25375,1943.4,19.8,160.3,0.337,-0.941,CONIFER_HIGH_FLAMMABILITY,0.494,0.044,13.875,59.25,2.525,195.0,0.654,2.439,0.4,1.5,47.47,0,0,0.7,20566.2,0
UTT_CELL_0128_0131,CELL_0128_0131,UTT,2022-05-02,30.57786,79.16721,2013.6,6.1,177.8,0.038,-0.999,CONIFER_MODERATE_FLAMMABILITY,0.631,0.044,13.875,59.25,2.525,195.0,0.654,2.439,0.4,1.5,47.47,0,0,0.7,31986.3,0
UTT_CELL_0038_0018,CELL_0038_0018,UTT,2022-05-02,30.16251,78.58837,1532.9,7.4,136.3,0.691,-0.723,CONIFER_HIGH_FLAMMABILITY,0.618,0.044,13.875,59.25,2.525,195.0,0.654,2.439,0.4,1.5,47.47,0,0,0.7,12759.0,0
UTT_CELL_0025_0025,CELL_0025_0025,UTT,2022-05-02,30.10457,78.6261,1513.2,26.5,130.5,0.76,-0.649,CONIFER_HIGH_FLAMMABILITY,0.427,0.044,13.875,59.25,2.525,195.0,0.654,2.439,0.4,1.5,47.47,0,0,0.5,15345.9,0
UTT_CELL_0109_0066,CELL_0109_0066,UTT,2022-05-02,30.48698,78.83038,1824.3,33.4,168.7,0.196,-0.981,CONIFER_HIGH_FLAMMABILITY,0.358,0.044,13.875,59.25,2.525,195.0,0.654,2.439,0.4,1.5,47.47,0,0,0.7,15977.7,0
UTT_CELL_0122_0058,CELL_0122_0058,UTT,2022-05-02,30.54489,78.7874,1841.9,19.4,174.5,0.096,-0.995,CONIFER_HIGH_FLAMMABILITY,0.498,0.044,13.875,59.25,2.525,195.0,0.654,2.439,0.4,1.5,47.47,0,0,0.7,19834.2,0
UTT_CELL_0031_0106,CELL_0031_0106,UTT,2022-05-02,30.13855,79.04563,1701.4,14.6,133.9,0.721,-0.693,CONIFER_HIGH_FLAMMABILITY,0.546,0.044,13.875,59.25,2.525,195.0,0.654,2.439,0.4,1.5,47.47,0,0,0.7,6081.4,0
UTT_CELL_0115_0148,CELL_0115_0148,UTT,2022-05-02,30.52045,79.25686,2015.0,27.3,172.0,0.139,-0.99,CONIFER_MODERATE_FLAMMABILITY,0.419,0.044,13.875,59.25,2.525,195.0,0.654,2.439,0.4,1.5,47.47,0,0,0.7,30174.4,0
UTT_CELL_0018_0117,CELL_0018_0117,UTT,2022-05-02,30.08076,79.10383,1690.0,31.9,128.1,0.787,-0.617,CONIFER_HIGH_FLAMMABILITY,0.373,0.044,13.875,59.25,2.525,195.0,0.654,2.439,0.4,1.5,47.47,0,0,0.7,9720.5,0
UTT_CELL_0083_0098,CELL_0083_0098,UTT,2022-05-02,30.37241,78.99938,1823.2,7.5,157.2,0.388,-0.922,CONIFER_HIGH_FLAMMABILITY,0.617,0.044,13.875,59.25,2.525,195.0,0.654,2.439,0.4,1.5,47.47,0,0,0.7,14093.1,0
UTT_CELL_0031_0132,CELL_0031_0132,UTT,2022-05-02,30.14049,79.18054,1756.5,13.8,134.0,0.719,-0.695,CONIFER_HIGH_FLAMMABILITY,0.554,0.044,13.875,59.25,2.525,195.0,0.654,2.439,0.4,1.5,47.47,0,0,0.7,15943.3,0
UTT_CELL_0096_0108,CELL_0096_0108,UTT,2022-05-02,30.43182,79.05022,1879.2,28.7,163.2,0.289,-0.957,CONIFER_HIGH_FLAMMABILITY,0.405,0.044,13.875,59.25,2.525,195.0,0.654,2.439,0.4,1.5,47.47,0,0,0.7,15993.8,0
UTT_CELL_0064_0045,CELL_0064_0045,UTT,2022-05-02,30.28224,78.72576,1659.6,33.0,148.2,0.527,-0.85,CONIFER_HIGH_FLAMMABILITY,0.362,0.044,13.875,59.25,2.525,195.0,0.654,2.439,0.4,1.5,47.47,0,0,0.7,5247.0,0
UTT_CELL_0135_0090,CELL_0135_0090,UTT,2022-05-02,30.60624,78.95287,1944.9,17.4,180.6,-0.01,-1.0,CONIFER_HIGH_FLAMMABILITY,0.518,0.044,13.875,59.25,2.525,195.0,0.654,2.439,0.4,1.5,47.47,0,0,0.7,34842.9,0
UTT_CELL_0025_0066,CELL_0025_0066,UTT,2022-05-02,30.10824,78.83871,1600.4,25.4,130.8,0.757,-0.653,CONIFER_HIGH_FLAMMABILITY,0.438,0.044,13.875,59.25,2.525,195.0,0.654,2.439,0.4,1.5,47.47,0,0,0.7,6485.9,0
UTT_CELL_0096_0114,CELL_0096_0114,UTT,2022-05-02,30.43228,79.08144,1891.9,28.8,163.2,0.289,-0.957,CONIFER_HIGH_FLAMMABILITY,0.404,0.044,13.875,59.25,2.525,195.0,0.654,2.439,0.4,1.5,47.47,0,0,0.7,15157.1,0
UTT_CELL_0077_0045,CELL_0077_0045,UTT,2022-05-02,30.34085,78.72441,1694.3,17.4,154.1,0.437,-0.9,CONIFER_HIGH_FLAMMABILITY,0.518,0.044,13.875,59.25,2.525,195.0,0.654,2.439,0.4,1.5,47.47,4,4,0.5,670.2,1
UTT_CELL_0090_0040,CELL_0090_0040,UTT,2022-05-02,30.399,78.69705,1718.2,18.3,159.9,0.344,-0.939,CONIFER_HIGH_FLAMMABILITY,0.509,0.044,13.875,59.25,2.525,195.0,0.654,2.439,0.4,1.5,47.47,2,2,0.5,3870.0,0
UTT_CELL_0051_0060,CELL_0051_0060,UTT,2022-05-02,30.22495,78.80499,1657.0,29.3,142.5,0.609,-0.793,CONIFER_HIGH_FLAMMABILITY,0.399,0.044,13.875,59.25,2.525,195.0,0.654,2.439,0.4,1.5,47.47,0,0,0.5,6766.9,0
UTT_CELL_0031_0150,CELL_0031_0150,UTT,2022-05-02,30.14175,79.27394,1794.6,13.3,134.2,0.717,-0.697,CONIFER_HIGH_FLAMMABILITY,0.559,0.044,13.875,59.25,2.525,195.0,0.654,2.439,0.4,1.5,47.47,0,0,0.7,6248.9,0
UTT_CELL_0122_0116,CELL_0122_0116,UTT,2022-05-02,30.54968,79.08956,1965.6,17.6,175.0,0.087,-0.996,CONIFER_HIGH_FLAMMABILITY,0.516,0.044,13.875,59.25,2.525,195.0,0.654,2.439,0.4,1.5,47.47,0,0,0.7,28053.1,0
UTT_CELL_0122_0125,CELL_0122_0125,UTT,2022-05-02,30.55036,79.13645,1984.8,17.3,175.0,0.087,-0.996,CONIFER_HIGH_FLAMMABILITY,0.519,0.044,13.875,59.25,2.525,195.0,0.654,2.439,0.4,1.5,47.47,0,0,0.7,28359.8,0
UTT_CELL_0032_0017,CELL_0032_0017,UTT,2022-05-02,30.13537,78.58385,1514.8,15.8,133.5,0.725,-0.688,CONIFER_HIGH_FLAMMABILITY,0.534,0.044,13.875,59.25,2.525,195.0,0.654,2.439,0.4,1.5,47.47,0,0,0.7,14238.5,0
UTT_CELL_0116_0060,CELL_0116_0060,UTT,2022-05-02,30.51802,78.79843,1830.2,28.0,171.8,0.143,-0.99,CONIFER_HIGH_FLAMMABILITY,0.412,0.044,13.875,59.25,2.525,195.0,0.654,2.439,0.4,1.5,47.47,0,0,0.7,17336.4,0
UTT_CELL_0077_0079,CELL_0077_0079,UTT,2022-05-02,30.3438,78.90115,1766.7,16.2,154.4,0.432,-0.902,CONIFER_HIGH_FLAMMABILITY,0.53,0.044,13.875,59.25,2.525,195.0,0.654,2.439,0.4,1.5,47.47,0,0,0.7,17649.8,0
UTT_CELL_0045_0016,CELL_0045_0016,UTT,2022-05-02,30.19388,78.57723,1547.2,19.9,139.4,0.651,-0.759,CONIFER_HIGH_FLAMMABILITY,0.493,0.044,13.875,59.25,2.525,195.0,0.654,2.439,0.4,1.5,47.47,0,0,0.7,10098.7,0
UTT_CELL_0025_0105,CELL_0025_0105,UTT,2022-05-02,30.11141,79.04098,1683.2,24.4,131.1,0.754,-0.657,CONIFER_HIGH_FLAMMABILITY,0.448,0.044,13.875,59.25,2.525,195.0,0.654,2.439,0.4,1.5,47.47,0,0,0.7,6723.4,0
UTT_CELL_0025_0107,CELL_0025_0107,UTT,2022-05-02,30.11157,79.05135,1687.5,24.4,131.2,0.752,-0.659,CONIFER_HIGH_FLAMMABILITY,0.448,0.044,13.875,59.25,2.525,195.0,0.654,2.439,0.4,1.5,47.47,0,0,0.7,7686.2,0
UTT_CELL_0012_0114,CELL_0012_0114,UTT,2022-05-02,30.05347,79.08879,1667.6,34.0,125.3,0.816,-0.578,CONIFER_HIGH_FLAMMABILITY,0.352,0.044,13.875,59.25,2.525,195.0,0.654,2.439,0.4,1.5,47.47,0,0,0.7,6569.7,0
UTT_CELL_0012_0115,CELL_0012_0115,UTT,2022-05-02,30.05355,79.09397,1669.7,34.0,125.4,0.815,-0.579,CONIFER_HIGH_FLAMMABILITY,0.352,0.044,13.875,59.25,2.525,195.0,0.654,2.439,0.4,1.5,47.47,0,0,0.7,7072.3,0
UTT_CELL_0058_0018,CELL_0058_0018,UTT,2022-05-02,30.25267,78.58617,1586.1,33.6,145.3,0.569,-0.822,CONIFER_HIGH_FLAMMABILITY,0.356,0.044,13.875,59.25,2.525,195.0,0.654,2.439,0.4,1.5,47.47,0,0,0.7,8821.1,0
UTT_CELL_0077_0098,CELL_0077_0098,UTT,2022-05-02,30.34535,78.99993,1807.2,15.6,154.5,0.431,-0.903,CONIFER_HIGH_FLAMMABILITY,0.536,0.044,13.875,59.25,2.525,195.0,0.654,2.439,0.4,1.5,47.47,0,0,0.7,12495.3,0
UTT_CELL_0019_0047,CELL_0019_0047,UTT,2022-05-02,30.07953,78.74079,1544.0,32.1,128.0,0.788,-0.616,CONIFER_HIGH_FLAMMABILITY,0.371,0.044,13.875,59.25,2.525,195.0,0.654,2.439,0.4,1.5,47.47,0,0,0.7,5191.2,0
UTT_CELL_0103_0094,CELL_0103_0094,UTT,2022-05-02,30.46227,78.97672,1868.1,33.6,166.2,0.239,-0.971,CONIFER_HIGH_FLAMMABILITY,0.356,0.044,13.875,59.25,2.525,195.0,0.654,2.439,0.4,1.5,47.47,0,0,0.7,22979.0,0
UTT_CELL_0038_0128,CELL_0038_0128,UTT,2022-05-02,30.17177,79.15919,1766.7,11.2,137.2,0.679,-0.734,CONIFER_HIGH_FLAMMABILITY,0.58,0.044,13.875,59.25,2.525,195.0,0.654,2.439,0.4,1.5,47.47,0,0,0.5,12923.9,0
UTT_CELL_0064_0118,CELL_0064_0118,UTT,2022-05-02,30.28828,79.10504,1815.0,32.2,148.8,0.518,-0.855,CONIFER_HIGH_FLAMMABILITY,0.37,0.044,13.875,59.25,2.525,195.0,0.654,2.439,0.4,1.5,47.47,3,3,0.7,686.3,1
UTT_CELL_0129_0088,CELL_0129_0088,UTT,2022-05-02,30.57902,78.94302,1924.6,6.4,177.9,0.037,-0.999,CONIFER_HIGH_FLAMMABILITY,0.628,0.044,13.875,59.25,2.525,195.0,0.654,2.439,0.4,1.5,47.47,0,0,0.7,31879.0,0
UTT_CELL_0032_0061,CELL_0032_0061,UTT,2022-05-02,30.13937,78.81208,1608.5,14.2,133.9,0.721,-0.693,CONIFER_HIGH_FLAMMABILITY,0.55,0.044,13.875,59.25,2.525,195.0,0.654,2.439,0.4,1.5,47.47,0,0,0.7,5238.5,0
UTT_CELL_0129_0102,CELL_0129_0102,UTT,2022-05-03,30.58015,79.01598,1954.5,6.8,178.0,0.035,-0.999,CONIFER_HIGH_FLAMMABILITY,0.639,0.1,12.85,66.75,2.2849999999999997,166.0,-0.553,2.217,2.9,4.4,16.31,0,0,1.7,32813.2,0
UTT_CELL_0087_0083,CELL_0087_0083,UTT,2022-05-03,30.38923,78.92099,1801.9,14.5,158.9,0.36,-0.933,CONIFER_HIGH_FLAMMABILITY,0.562,0.1,12.85,66.75,2.2849999999999997,166.0,-0.553,2.217,2.9,4.4,16.31,0,0,1.7,19683.5,0
UTT_CELL_0084_0045,CELL_0084_0045,UTT,2022-05-03,30.37241,78.72368,1712.9,7.5,157.2,0.388,-0.922,CONIFER_HIGH_FLAMMABILITY,0.632,0.1,12.85,66.75,2.2849999999999997,166.0,-0.553,2.217,2.9,4.4,16.31,6,6,1.7,2320.5,0
UTT_CELL_0019_0088,CELL_0019_0088,UTT,2022-05-03,30.08301,78.95336,1631.2,31.5,128.3,0.785,-0.62,CONIFER_HIGH_FLAMMABILITY,0.392,0.1,12.85,66.75,2.2849999999999997,166.0,-0.553,2.217,2.9,4.4,16.31,0,0,0.7,5157.3,0
UTT_CELL_0097_0056,CELL_0097_0056,UTT,2022-05-03,30.432,78.77955,1771.0,28.8,163.2,0.289,-0.957,CONIFER_HIGH_FLAMMABILITY,0.419,0.1,12.85,66.75,2.2849999999999997,166.0,-0.553,2.217,2.9,4.4,16.31,0,0,1.7,7765.6,0
UTT_CELL_0100_0096,CELL_0100_0096,UTT,2022-05-03,30.44891,78.9874,1864.3,32.1,164.9,0.261,-0.965,CONIFER_HIGH_FLAMMABILITY,0.386,0.1,12.85,66.75,2.2849999999999997,166.0,-0.553,2.217,2.9,4.4,16.31,0,0,1.7,21080.1,0
UTT_CELL_0042_0047,CELL_0042_0047,UTT,2022-05-03,30.18323,78.73843,1605.3,15.8,138.3,0.665,-0.747,CONIFER_HIGH_FLAMMABILITY,0.549,0.1,12.85,66.75,2.2849999999999997,166.0,-0.553,2.217,2.9,4.4,16.31,4,4,1.2,2264.3,0
UTT_CELL_0052_0004,CELL_0052_0004,UTT,2022-05-03,30.22427,78.51416,1540.2,29.2,142.4,0.61,-0.792,CONIFER_HIGH_FLAMMABILITY,0.415,0.1,12.85,66.75,2.2849999999999997,166.0,-0.553,2.217,2.9,4.4,16.31,1,1,1.7,2511.9,0
UTT_CELL_0061_0119,CELL_0061_0119,UTT,2022-05-03,30.27482,79.1105,1809.1,33.6,147.5,0.537,-0.843,CONIFER_HIGH_FLAMMABILITY,0.371,0.1,12.85,66.75,2.2849999999999997,166.0,-0.553,2.217,2.9,4.4,16.31,9,9,0.5,397.3,0
UTT_CELL_0013_0024,CELL_0013_0024,UTT,2022-05-03,30.05037,78.6222,1479.1,33.9,125.0,0.819,-0.574,CONIFER_HIGH_FLAMMABILITY,0.368,0.1,12.85,66.75,2.2849999999999997,166.0,-0.553,2.217,2.9,4.4,16.31,0,0,1.2,10629.2,0
UTT_CELL_0077_0153,CELL_0077_0153,UTT,2022-05-03,30.34942,79.28591,1924.0,14.0,154.9,0.424,-0.906,CONIFER_HIGH_FLAMMABILITY,0.567,0.1,12.85,66.75,2.2849999999999997,166.0,-0.553,2.217,2.9,4.4,16.31,0,0,0.7,10916.1,0
UTT_CELL_0006_0107,CELL_0006_0107,UTT,2022-05-03,30.02588,79.05303,1636.7,31.4,122.6,0.842,-0.539,CONIFER_HIGH_FLAMMABILITY,0.393,0.1,12.85,66.75,2.2849999999999997,166.0,-0.553,2.217,2.9,4.4,16.31,2,2,1.7,1685.4,0
UTT_CELL_0087_0111,CELL_0087_0111,UTT,2022-05-03,30.39147,79.06663,1861.5,15.4,159.1,0.357,-0.934,CONIFER_HIGH_FLAMMABILITY,0.553,0.1,12.85,66.75,2.2849999999999997,166.0,-0.553,2.217,2.9,4.4,16.31,0,0,1.7,11159.8,0
UTT_CELL_0032_0105,CELL_0032_0105,UTT,2022-05-03,30.14298,79.04036,1701.9,12.8,134.3,0.716,-0.698,CONIFER_HIGH_FLAMMABILITY,0.579,0.1,12.85,66.75,2.2849999999999997,166.0,-0.553,2.217,2.9,4.4,16.31,0,0,1.7,5447.9,0
UTT_CELL_0107_0035,CELL_0107_0035,UTT,2022-05-03,30.47518,78.66922,1752.8,34.0,167.5,0.216,-0.976,CONIFER_HIGH_FLAMMABILITY,0.367,0.1,12.85,66.75,2.2849999999999997,166.0,-0.553,2.217,2.9,4.4,16.31,0,0,1.2,11253.9,0
UTT_CELL_0010_0001,CELL_0010_0001,UTT,2022-05-03,30.03464,78.50336,1422.1,32.8,123.5,0.834,-0.552,CONIFER_HIGH_FLAMMABILITY,0.379,0.1,12.85,66.75,2.2849999999999997,166.0,-0.553,2.217,2.9,4.4,16.31,1,1,1.7,4187.2,0
UTT_CELL_0048_0151,CELL_0048_0151,UTT,2022-05-03,30.21849,79.27779,1842.2,27.7,141.8,0.618,-0.786,CONIFER_HIGH_FLAMMABILITY,0.43,0.1,12.85,66.75,2.2849999999999997,166.0,-0.553,2.217,2.9,4.4,16.31,0,0,1.7,6849.2,0
UTT_CELL_0058_0108,CELL_0058_0108,UTT,2022-05-03,30.26046,79.05361,1777.7,34.0,146.0,0.559,-0.829,CONIFER_HIGH_FLAMMABILITY,0.367,0.1,12.85,66.75,2.2849999999999997,166.0,-0.553,2.217,2.9,4.4,16.31,1,1,1.2,4714.3,0
UTT_CELL_0042_0093,CELL_0042_0093,UTT,2022-05-03,30.18713,78.97717,1703.1,17.4,138.7,0.66,-0.751,CONIFER_HIGH_FLAMMABILITY,0.533,0.1,12.85,66.75,2.2849999999999997,166.0,-0.553,2.217,2.9,4.4,16.31,1,1,1.7,4811.0,0
UTT_CELL_0113_0145,CELL_0113_0145,UTT,2022-05-03,30.51122,79.2414,2003.3,29.6,171.1,0.155,-0.988,CONIFER_MODERATE_FLAMMABILITY,0.411,0.1,12.85,66.75,2.2849999999999997,166.0,-0.553,2.217,2.9,4.4,16.31,0,0,0.7,26360.7,0
UTT_CELL_0075_0006,CELL_0075_0006,UTT,2022-05-03,30.32814,78.52194,1605.7,22.0,152.8,0.457,-0.889,CONIFER_HIGH_FLAMMABILITY,0.487,0.1,12.85,66.75,2.2849999999999997,166.0,-0.553,2.217,2.9,4.4,16.31,0,0,0.5,5546.8,0
UTT_CELL_0000_0084,CELL_0000_0084,UTT,2022-05-03,29.99701,78.9344,1572.0,24.2,119.7,0.869,-0.495,CONIFER_HIGH_FLAMMABILITY,0.465,0.1,12.85,66.75,2.2849999999999997,166.0,-0.553,2.217,2.9,4.4,16.31,0,0,1.7,6085.9,0
UTT_CELL_0120_0074,CELL_0120_0074,UTT,2022-05-03,30.53727,78.87095,1870.7,22.1,173.7,0.11,-0.994,CONIFER_HIGH_FLAMMABILITY,0.486,0.1,12.85,66.75,2.2849999999999997,166.0,-0.553,2.217,2.9,4.4,16.31,0,0,1.7,23145.3,0
UTT_CELL_0107_0081,CELL_0107_0081,UTT,2022-05-03,30.47924,78.90866,1851.0,33.9,167.9,0.21,-0.978,CONIFER_HIGH_FLAMMABILITY,0.368,0.1,12.85,66.75,2.2849999999999997,166.0,-0.553,2.217,2.9,4.4,16.31,0,0,1.7,21795.6,0
UTT_CELL_0117_0041,CELL_0117_0041,UTT,2022-05-03,30.52082,78.69939,1792.2,27.2,172.1,0.137,-0.991,CONIFER_HIGH_FLAMMABILITY,0.435,0.1,12.85,66.75,2.2849999999999997,166.0,-0.553,2.217,2.9,4.4,16.31,0,0,1.2,16575.3,0
UTT_CELL_0065_0068,CELL_0065_0068,UTT,2022-05-03,30.28877,78.84515,1711.3,32.1,148.9,0.517,-0.856,CONIFER_HIGH_FLAMMABILITY,0.386,0.1,12.85,66.75,2.2849999999999997,166.0,-0.553,2.217,2.9,4.4,16.31,0,0,0.7,14250.9,1
UTT_CELL_0029_0126,CELL_0029_0126,UTT,2022-05-03,30.13103,79.14957,1738.4,17.5,133.1,0.73,-0.683,CONIFER_HIGH_FLAMMABILITY,0.532,0.1,12.85,66.75,2.2849999999999997,166.0,-0.553,2.217,2.9,4.4,16.31,0,0,1.2,16464.6,0
UTT_CELL_0062_0043,CELL_0062_0043,UTT,2022-05-03,30.27304,78.71558,1650.1,33.7,147.3,0.54,-0.842,CONIFER_HIGH_FLAMMABILITY,0.37,0.1,12.85,66.75,2.2849999999999997,166.0,-0.553,2.217,2.9,4.4,16.31,2,2,1.7,3760.0,0
UTT_CELL_0097_0149,CELL_0097_0149,UTT,2022-05-03,30.43934,79.26351,1969.0,30.4,163.9,0.277,-0.961,CONIFER_HIGH_FLAMMABILITY,0.403,0.1,12.85,66.75,2.2849999999999997,166.0,-0.553,2.217,2.9,4.4,16.31,0,0,0.7,18620.7,0
UTT_CELL_0123_0142,CELL_0123_0142,UTT,2022-05-03,30.55611,79.22495,2023.6,15.1,175.6,0.077,-0.997,CONIFER_MODERATE_FLAMMABILITY,0.556,0.1,12.85,66.75,2.2849999999999997,166.0,-0.553,2.217,2.9,4.4,16.31,0,0,0.7,31510.3,0
UTT_CELL_0110_0154,CELL_0110_0154,UTT,2022-05-03,30.49832,79.28851,2014.4,32.1,169.8,0.177,-0.984,CONIFER_MODERATE_FLAMMABILITY,0.386,0.1,12.85,66.75,2.2849999999999997,166.0,-0.553,2.217,2.9,4.4,16.31,0,0,0.7,22427.5,0
UTT_CELL_0010_0083,CELL_0010_0083,UTT,2022-05-03,30.04202,78.92828,1596.5,33.5,124.2,0.827,-0.562,CONIFER_HIGH_FLAMMABILITY,0.372,0.1,12.85,66.75,2.2849999999999997,166.0,-0.553,2.217,2.9,4.4,16.31,1,1,1.7,2354.7,0
UTT_CELL_0039_0111,CELL_0039_0111,UTT,2022-05-03,30.17501,79.07087,1733.4,12.5,137.5,0.676,-0.737,CONIFER_HIGH_FLAMMABILITY,0.582,0.1,12.85,66.75,2.2849999999999997,166.0,-0.553,2.217,2.9,4.4,16.31,0,0,1.7,9386.0,0
UTT_CELL_0023_0081,CELL_0023_0081,UTT,2022-05-03,30.10048,78.91669,1627.0,27.6,130.0,0.766,-0.643,CONIFER_HIGH_FLAMMABILITY,0.431,0.1,12.85,66.75,2.2849999999999997,166.0,-0.553,2.217,2.9,4.4,16.31,2,2,0.7,4581.5,0
UTT_CELL_0120_0122,CELL_0120_0122,UTT,2022-05-03,30.54112,79.121,1973.1,20.8,174.1,0.103,-0.995,CONIFER_HIGH_FLAMMABILITY,0.499,0.1,12.85,66.75,2.2849999999999997,166.0,-0.553,2.217,2.9,4.4,16.31,0,0,1.7,27154.7,0
UTT_CELL_0033_0045,CELL_0033_0045,UTT,2022-05-03,30.14247,78.72898,1577.1,13.0,134.2,0.717,-0.697,CONIFER_HIGH_FLAMMABILITY,0.577,0.1,12.85,66.75,2.2849999999999997,166.0,-0.553,2.217,2.9,4.4,16.31,2,2,0.5,3949.7,1
UTT_CELL_0043_0001,CELL_0043_0001,UTT,2022-05-03,30.1834,78.49961,1509.9,15.9,138.3,0.665,-0.747,CONIFER_HIGH_FLAMMABILITY,0.548,0.1,12.85,66.75,2.2849999999999997,166.0,-0.553,2.217,2.9,4.4,16.31,1,1,1.7,4641.8,0
UTT_CELL_0101_0055,CELL_0101_0055,UTT,2022-05-03,30.44995,78.77393,1779.5,32.3,165.0,0.259,-0.966,CONIFER_HIGH_FLAMMABILITY,0.384,0.1,12.85,66.75,2.2849999999999997,166.0,-0.553,2.217,2.9,4.4,16.31,0,0,1.7,9306.5,0
UTT_CELL_0007_0059,CELL_0007_0059,UTT,2022-05-03,30.02648,78.8042,1537.6,31.6,122.6,0.842,-0.539,CONIFER_HIGH_FLAMMABILITY,0.391,0.1,12.85,66.75,2.2849999999999997,166.0,-0.553,2.217,2.9,4.4,16.31,1,1,1.7,3256.0,0
UTT_CELL_0101_0057,CELL_0101_0057,UTT,2022-05-03,30.45013,78.78434,1783.8,32.3,165.0,0.259,-0.966,CONIFER_HIGH_FLAMMABILITY,0.384,0.1,12.85,66.75,2.2849999999999997,166.0,-0.553,2.217,2.9,4.4,16.31,0,0,1.7,9789.0,0
UTT_CELL_0104_0100,CELL_0104_0100,UTT,2022-05-03,30.46726,79.00786,1883.5,33.9,166.7,0.23,-0.973,CONIFER_HIGH_FLAMMABILITY,0.368,0.1,12.85,66.75,2.2849999999999997,166.0,-0.553,2.217,2.9,4.4,16.31,0,0,1.7,21556.5,0
UTT_CELL_0111_0019,CELL_0111_0019,UTT,2022-05-03,30.4917,78.5855,1729.2,33.0,169.2,0.187,-0.982,CONIFER_HIGH_FLAMMABILITY,0.377,0.1,12.85,66.75,2.2849999999999997,166.0,-0.553,2.217,2.9,4.4,16.31,0,0,0.7,6586.9,0
UTT_CELL_0046_0049,CELL_0046_0049,UTT,2022-05-03,30.20144,78.74839,1620.2,22.5,140.1,0.641,-0.767,CONIFER_HIGH_FLAMMABILITY,0.482,0.1,12.85,66.75,2.2849999999999997,166.0,-0.553,2.217,2.9,4.4,16.31,4,4,1.2,121.0,0
UTT_CELL_0081_0153,CELL_0081_0153,UTT,2022-05-03,30.36746,79.28559,1934.7,6.5,156.7,0.396,-0.918,CONIFER_HIGH_FLAMMABILITY,0.642,0.1,12.85,66.75,2.2849999999999997,166.0,-0.553,2.217,2.9,4.4,16.31,0,0,0.7,11748.0,0
UTT_CELL_0017_0028,CELL_0017_0028,UTT,2022-05-03,30.06878,78.64251,1498.3,33.4,126.9,0.8,-0.6,CONIFER_HIGH_FLAMMABILITY,0.373,0.1,12.85,66.75,2.2849999999999997,166.0,-0.553,2.217,2.9,4.4,16.31,0,0,1.2,10979.9,0
UTT_CELL_0030_0023,CELL_0030_0023,UTT,2022-05-03,30.12692,78.61518,1522.2,19.1,132.7,0.735,-0.678,CONIFER_HIGH_FLAMMABILITY,0.516,0.1,12.85,66.75,2.2849999999999997,166.0,-0.553,2.217,2.9,4.4,16.31,0,0,0.5,12295.7,0
UTT_CELL_0046_0057,CELL_0046_0057,UTT,2022-05-03,30.20215,78.78992,1637.3,22.8,140.2,0.64,-0.768,CONIFER_HIGH_FLAMMABILITY,0.479,0.1,12.85,66.75,2.2849999999999997,166.0,-0.553,2.217,2.9,4.4,16.31,1,1,1.2,4534.2,0
UTT_CELL_0049_0098,CELL_0049_0098,UTT,2022-05-03,30.21909,79.00249,1732.5,27.9,141.9,0.617,-0.787,CONIFER_HIGH_FLAMMABILITY,0.428,0.1,12.85,66.75,2.2849999999999997,166.0,-0.553,2.217,2.9,4.4,16.31,0,0,1.7,8186.6,0
UTT_CELL_0046_0075,CELL_0046_0075,UTT,2022-05-03,30.20369,78.88336,1675.6,23.3,140.4,0.637,-0.771,CONIFER_HIGH_FLAMMABILITY,0.474,0.1,12.85,66.75,2.2849999999999997,166.0,-0.553,2.217,2.9,4.4,16.31,0,0,0.7,10460.2,0
UTT_CELL_0036_0120,CELL_0036_0120,UTT,2022-05-03,30.16216,79.11784,1744.4,7.2,136.2,0.692,-0.722,CONIFER_HIGH_FLAMMABILITY,0.635,0.1,12.85,66.75,2.2849999999999997,166.0,-0.553,2.217,2.9,4.4,16.31,0,0,1.2,12127.1,0
UTT_CELL_0133_0155,CELL_0133_0155,UTT,2022-05-03,30.60211,79.2919,2078.0,15.8,180.2,-0.003,-1.0,CONIFER_MODERATE_FLAMMABILITY,0.549,0.1,12.85,66.75,2.2849999999999997,166.0,-0.553,2.217,2.9,4.4,16.31,0,0,0.7,33021.4,0
UTT_CELL_0121_0001,CELL_0121_0001,UTT,2022-05-03,30.535,78.49065,1717.3,22.9,173.5,0.113,-0.994,CONIFER_HIGH_FLAMMABILITY,0.478,0.1,12.85,66.75,2.2849999999999997,166.0,-0.553,2.217,2.9,4.4,16.31,0,0,0.7,5734.3,0
UTT_CELL_0072_0063,CELL_0072_0063,UTT,2022-05-03,30.3199,78.81848,1719.3,24.7,152.0,0.469,-0.883,CONIFER_HIGH_FLAMMABILITY,0.46,0.1,12.85,66.75,2.2849999999999997,166.0,-0.553,2.217,2.9,4.4,16.31,0,0,1.7,10001.0,0
UTT_CELL_0069_0033,CELL_0069_0033,UTT,2022-05-03,30.30368,78.66289,1647.4,29.2,150.4,0.494,-0.869,CONIFER_HIGH_FLAMMABILITY,0.415,0.1,12.85,66.75,2.2849999999999997,166.0,-0.553,2.217,2.9,4.4,16.31,7,7,1.2,1407.6,0
UTT_CELL_0117_0138,CELL_0117_0138,UTT,2022-05-03,30.52876,79.20461,1999.1,24.9,172.9,0.124,-0.992,CONIFER_HIGH_FLAMMABILITY,0.458,0.1,12.85,66.75,2.2849999999999997,166.0,-0.553,2.217,2.9,4.4,16.31,0,0,1.7,28123.1,0
UTT_CELL_0004_0073,CELL_0004_0073,UTT,2022-05-03,30.01414,78.87703,1559.3,29.0,121.4,0.854,-0.521,CONIFER_HIGH_FLAMMABILITY,0.417,0.1,12.85,66.75,2.2849999999999997,166.0,-0.553,2.217,2.9,4.4,16.31,1,1,1.7,4763.6,0
UTT_CELL_0104_0148,CELL_0104_0148,UTT,2022-05-03,30.47084,79.25775,1985.6,34.0,167.1,0.223,-0.975,CONIFER_HIGH_FLAMMABILITY,0.367,0.1,12.85,66.75,2.2849999999999997,166.0,-0.553,2.217,2.9,4.4,16.31,0,0,0.7,21684.8,0
UTT_CELL_0053_0019,CELL_0053_0019,UTT,2022-05-03,30.23023,78.59192,1574.9,30.5,143.0,0.602,-0.799,CONIFER_HIGH_FLAMMABILITY,0.402,0.1,12.85,66.75,2.2849999999999997,166.0,-0.553,2.217,2.9,4.4,16.31,0,0,0.7,8217.5,0
UTT_CELL_0043_0067,CELL_0043_0067,UTT,2022-05-03,30.18949,78.84212,1650.5,18.3,138.9,0.657,-0.754,CONIFER_HIGH_FLAMMABILITY,0.524,0.1,12.85,66.75,2.2849999999999997,166.0,-0.553,2.217,2.9,4.4,16.31,0,0,1.2,10399.4,0
UTT_CELL_0062_0154,CELL_0062_0154,UTT,2022-05-03,30.28183,79.29228,1886.0,33.0,148.2,0.527,-0.85,CONIFER_HIGH_FLAMMABILITY,0.377,0.1,12.85,66.75,2.2849999999999997,166.0,-0.553,2.217,2.9,4.4,16.31,0,0,0.7,10412.2,0
UTT_CELL_0127_0126,CELL_0127_0126,UTT,2022-05-03,30.57298,79.14123,2000.3,8.2,177.3,0.047,-0.999,CONIFER_MODERATE_FLAMMABILITY,0.625,0.1,12.85,66.75,2.2849999999999997,166.0,-0.553,2.217,2.9,4.4,16.31,0,0,1.7,30920.2,0
UTT_CELL_0127_0127,CELL_0127_0127,UTT,2022-05-03,30.57306,79.14645,2002.4,8.1,177.3,0.047,-0.999,CONIFER_MODERATE_FLAMMABILITY,0.626,0.1,12.85,66.75,2.2849999999999997,166.0,-0.553,2.217,2.9,4.4,16.31,0,0,1.7,31015.7,0
UTT_CELL_0008_0002,CELL_0008_0002,UTT,2022-05-03,30.02572,78.50876,1418.9,31.4,122.6,0.842,-0.539,CONIFER_HIGH_FLAMMABILITY,0.393,0.1,12.85,66.75,2.2849999999999997,166.0,-0.553,2.217,2.9,4.4,16.31,1,1,1.7,3031.9,0
UTT_CELL_0076_0010,CELL_0076_0010,UTT,2022-05-03,30.33304,78.54261,1616.9,20.3,153.3,0.449,-0.893,CONIFER_HIGH_FLAMMABILITY,0.504,0.1,12.85,66.75,2.2849999999999997,166.0,-0.553,2.217,2.9,4.4,16.31,1,1,0.7,4611.3,0
UTT_CELL_0118_0033,CELL_0118_0033,UTT,2022-05-03,30.52458,78.65762,1777.8,26.2,172.5,0.131,-0.991,CONIFER_HIGH_FLAMMABILITY,0.445,0.1,12.85,66.75,2.2849999999999997,166.0,-0.553,2.217,2.9,4.4,16.31,0,0,0.7,14858.6,0
UTT_CELL_0004_0136,CELL_0004_0136,UTT,2022-05-03,30.019,79.2035,1692.8,30.1,121.9,0.849,-0.528,CONIFER_HIGH_FLAMMABILITY,0.406,0.1,12.85,66.75,2.2849999999999997,166.0,-0.553,2.217,2.9,4.4,16.31,0,0,0.7,14547.5,0
UTT_CELL_0008_0019,CELL_0008_0019,UTT,2022-05-03,30.02736,78.59684,1455.2,31.7,122.7,0.842,-0.54,CONIFER_HIGH_FLAMMABILITY,0.39,0.1,12.85,66.75,2.2849999999999997,166.0,-0.553,2.217,2.9,4.4,16.31,0,0,1.7,8881.4,0
UTT_CELL_0063_0034,CELL_0063_0034,UTT,2022-05-03,30.27672,78.66873,1633.5,33.5,147.7,0.534,-0.845,CONIFER_HIGH_FLAMMABILITY,0.372,0.1,12.85,66.75,2.2849999999999997,166.0,-0.553,2.217,2.9,4.4,16.31,4,4,0.7,899.2,0
UTT_CELL_0082_0109,CELL_0082_0109,UTT,2022-05-03,30.36876,79.05667,1843.9,6.0,156.9,0.392,-0.92,CONIFER_HIGH_FLAMMABILITY,0.647,0.1,12.85,66.75,2.2849999999999997,166.0,-0.553,2.217,2.9,4.4,16.31,0,0,1.7,9381.2,0
UTT_CELL_0066_0078,CELL_0066_0078,UTT,2022-05-03,30.29412,78.89701,1735.3,31.2,149.4,0.509,-0.861,CONIFER_HIGH_FLAMMABILITY,0.395,0.1,12.85,66.75,2.2849999999999997,166.0,-0.553,2.217,2.9,4.4,16.31,0,0,0.7,18675.5,0
UTT_CELL_0124_0133,CELL_0124_0133,UTT,2022-05-03,30.55997,79.17797,2007.2,13.5,176.0,0.07,-0.998,CONIFER_MODERATE_FLAMMABILITY,0.572,0.1,12.85,66.75,2.2849999999999997,166.0,-0.553,2.217,2.9,4.4,16.31,0,0,1.7,30366.8,0
UTT_CELL_0118_0068,CELL_0118_0068,UTT,2022-05-03,30.52773,78.83989,1852.6,25.2,172.8,0.125,-0.992,CONIFER_HIGH_FLAMMABILITY,0.455,0.1,12.85,66.75,2.2849999999999997,166.0,-0.553,2.217,2.9,4.4,16.31,0,0,1.7,20323.2,0
UTT_CELL_0099_0001,CELL_0099_0001,UTT,2022-05-03,30.43584,78.49319,1658.8,29.7,163.6,0.282,-0.959,CONIFER_HIGH_FLAMMABILITY,0.41,0.1,12.85,66.75,2.2849999999999997,166.0,-0.553,2.217,2.9,4.4,16.31,1,1,1.7,2084.6,0
UTT_CELL_0076_0054,CELL_0076_0054,UTT,2022-05-03,30.33714,78.77129,1710.8,18.8,153.7,0.443,-0.896,CONIFER_HIGH_FLAMMABILITY,0.519,0.1,12.85,66.75,2.2849999999999997,166.0,-0.553,2.217,2.9,4.4,16.31,1,1,1.7,4825.0,0
UTT_CELL_0115_0037,CELL_0115_0037,UTT,2022-05-03,30.51143,78.67877,1778.4,29.6,171.1,0.155,-0.988,CONIFER_HIGH_FLAMMABILITY,0.411,0.1,12.85,66.75,2.2849999999999997,166.0,-0.553,2.217,2.9,4.4,16.31,0,0,1.2,15284.4,0
UTT_CELL_0118_0075,CELL_0118_0075,UTT,2022-05-03,30.52833,78.87635,1867.5,25.0,172.8,0.125,-0.992,CONIFER_HIGH_FLAMMABILITY,0.457,0.1,12.85,66.75,2.2849999999999997,166.0,-0.553,2.217,2.9,4.4,16.31,0,0,1.7,22745.8,0
UTT_CELL_0063_0064,CELL_0063_0064,UTT,2022-05-03,30.27941,78.82457,1697.5,33.3,147.9,0.531,-0.847,CONIFER_HIGH_FLAMMABILITY,0.374,0.1,12.85,66.75,2.2849999999999997,166.0,-0.553,2.217,2.9,4.4,16.31,0,0,1.2,12110.8,0
UTT_CELL_0034_0045,CELL_0034_0045,UTT,2022-05-03,30.14698,78.72887,1579.7,11.1,134.7,0.711,-0.703,CONIFER_HIGH_FLAMMABILITY,0.596,0.1,12.85,66.75,2.2849999999999997,166.0,-0.553,2.217,2.9,4.4,16.31,2,2,0.5,3476.2,1
UTT_CELL_0063_0071,CELL_0063_0071,UTT,2022-05-03,30.28,78.86093,1712.4,33.2,148.0,0.53,-0.848,CONIFER_HIGH_FLAMMABILITY,0.375,0.1,12.85,66.75,2.2849999999999997,166.0,-0.553,2.217,2.9,4.4,16.31,0,0,1.2,15223.8,0
UTT_CELL_0011_0097,CELL_0011_0097,UTT,2022-05-03,30.04765,79.00075,1628.9,33.8,124.8,0.821,-0.571,CONIFER_HIGH_FLAMMABILITY,0.369,0.1,12.85,66.75,2.2849999999999997,166.0,-0.553,2.217,2.9,4.4,16.31,1,1,1.7,4983.7,0
UTT_CELL_0102_0056,CELL_0102_0056,UTT,2022-05-03,30.45455,78.77904,1784.3,32.9,165.5,0.25,-0.968,CONIFER_HIGH_FLAMMABILITY,0.378,0.1,12.85,66.75,2.2849999999999997,166.0,-0.553,2.217,2.9,4.4,16.31,0,0,1.7,9989.1,0
UTT_CELL_0112_0014,CELL_0112_0014,UTT,2022-05-03,30.49572,78.55936,1721.2,32.5,169.6,0.181,-0.984,CONIFER_HIGH_FLAMMABILITY,0.382,0.1,12.85,66.75,2.2849999999999997,166.0,-0.553,2.217,2.9,4.4,16.31,1,1,0.7,3658.0,0
UTT_CELL_0066_0130,CELL_0066_0130,UTT,2022-05-03,30.29819,79.16724,1845.8,30.4,149.8,0.503,-0.864,CONIFER_HIGH_FLAMMABILITY,0.403,0.1,12.85,66.75,2.2849999999999997,166.0,-0.553,2.217,2.9,4.4,16.31,0,0,0.5,6555.6,0
UTT_CELL_0063_0092,CELL_0063_0092,UTT,2022-05-03,30.28174,78.97004,1757.1,33.0,148.2,0.527,-0.85,CONIFER_HIGH_FLAMMABILITY,0.377,0.1,12.85,66.75,2.2849999999999997,166.0,-0.553,2.217,2.9,4.4,16.31,0,0,1.2,13965.5,0
UTT_CELL_0125_0038,CELL_0125_0038,UTT,2022-05-03,30.55661,78.68291,1807.1,14.9,175.7,0.075,-0.997,CONIFER_HIGH_FLAMMABILITY,0.558,0.1,12.85,66.75,2.2849999999999997,166.0,-0.553,2.217,2.9,4.4,16.31,0,0,0.7,18551.8,0
UTT_CELL_0041_0004,CELL_0041_0004,UTT,2022-05-03,30.17468,78.51541,1511.0,12.4,137.5,0.676,-0.737,CONIFER_HIGH_FLAMMABILITY,0.583,0.1,12.85,66.75,2.2849999999999997,166.0,-0.553,2.217,2.9,4.4,16.31,0,0,1.7,6125.2,0
UTT_CELL_0011_0137,CELL_0011_0137,UTT,2022-05-03,30.05064,79.20811,1713.6,34.0,125.1,0.818,-0.575,CONIFER_HIGH_FLAMMABILITY,0.367,0.1,12.85,66.75,2.2849999999999997,166.0,-0.553,2.217,2.9,4.4,16.31,0,0,0.7,18092.5,0
UTT_CELL_0034_0090,CELL_0034_0090,UTT,2022-05-03,30.15081,78.96234,1675.4,9.6,135.1,0.706,-0.708,CONIFER_HIGH_FLAMMABILITY,0.611,0.1,12.85,66.75,2.2849999999999997,166.0,-0.553,2.217,2.9,4.4,16.31,3,3,0.7,2691.0,0
UTT_CELL_0008_0106,CELL_0008_0106,UTT,2022-05-03,30.03483,79.04767,1640.0,32.8,123.5,0.834,-0.552,CONIFER_HIGH_FLAMMABILITY,0.379,0.1,12.85,66.75,2.2849999999999997,166.0,-0.553,2.217,2.9,4.4,16.31,2,2,1.7,1700.1,0
UTT_CELL_0092_0147,CELL_0092_0147,UTT,2022-05-03,30.41665,79.25351,1951.4,24.4,161.7,0.314,-0.949,CONIFER_HIGH_FLAMMABILITY,0.463,0.1,12.85,66.75,2.2849999999999997,166.0,-0.553,2.217,2.9,4.4,16.31,0,0,0.7,17741.0,0
UTT_CELL_0011_0149,CELL_0011_0149,UTT,2022-05-03,30.05148,79.27032,1739.0,34.0,125.1,0.818,-0.575,CONIFER_HIGH_FLAMMABILITY,0.367,0.1,12.85,66.75,2.2849999999999997,166.0,-0.553,2.217,2.9,4.4,16.31,0,0,0.5,13312.0,0
UTT_CELL_0099_0070,CELL_0099_0070,UTT,2022-05-03,30.44224,78.85219,1806.2,31.0,164.2,0.272,-0.962,CONIFER_HIGH_FLAMMABILITY,0.397,0.1,12.85,66.75,2.2849999999999997,166.0,-0.553,2.217,2.9,4.4,16.31,0,0,1.7,14301.5,0
UTT_CELL_0073_0085,CELL_0073_0085,UTT,2022-05-03,30.32626,78.93272,1768.8,22.7,152.6,0.46,-0.888,CONIFER_HIGH_FLAMMABILITY,0.48,0.1,12.85,66.75,2.2849999999999997,166.0,-0.553,2.217,2.9,4.4,16.31,0,0,1.7,19031.2,0
UTT_CELL_0008_0116,CELL_0008_0116,UTT,2022-05-03,30.03559,79.0995,1661.2,32.9,123.6,0.833,-0.553,CONIFER_HIGH_FLAMMABILITY,0.378,0.1,12.85,66.75,2.2849999999999997,166.0,-0.553,2.217,2.9,4.4,16.31,0,0,1.7,6680.6,0
UTT_CELL_0031_0067,CELL_0031_0067,UTT,2022-05-03,30.13538,78.8433,1618.5,15.8,133.5,0.725,-0.688,CONIFER_HIGH_FLAMMABILITY,0.549,0.1,12.85,66.75,2.2849999999999997,166.0,-0.553,2.217,2.9,4.4,16.31,0,0,1.7,7783.5,0
UTT_CELL_0047_0110,CELL_0047_0110,UTT,2022-05-03,30.21101,79.06498,1752.6,25.6,141.1,0.628,-0.778,CONIFER_HIGH_FLAMMABILITY,0.451,0.1,12.85,66.75,2.2849999999999997,166.0,-0.553,2.217,2.9,4.4,16.31,0,0,1.2,7263.4,0
UTT_CELL_0050_0153,CELL_0050_0153,UTT,2022-05-03,30.22764,79.28803,1851.8,29.9,142.8,0.605,-0.797,CONIFER_HIGH_FLAMMABILITY,0.408,0.1,12.85,66.75,2.2849999999999997,166.0,-0.553,2.217,2.9,4.4,16.31,0,0,1.7,6973.1,0
UTT_CELL_0015_0057,CELL_0015_0057,UTT,2022-05-03,30.06237,78.79303,1554.6,33.8,126.2,0.807,-0.591,CONIFER_HIGH_FLAMMABILITY,0.369,0.1,12.85,66.75,2.2849999999999997,166.0,-0.553,2.217,2.9,4.4,16.31,1,1,1.7,4870.1,0
UTT_CELL_0060_0118,CELL_0060_0118,UTT,2022-05-03,30.27024,79.10539,1804.3,33.9,147.0,0.545,-0.839,CONIFER_HIGH_FLAMMABILITY,0.368,0.1,12.85,66.75,2.2849999999999997,166.0,-0.553,2.217,2.9,4.4,16.31,9,9,0.5,795.4,1
UTT_CELL_0051_0007,CELL_0051_0007,UTT,2022-05-03,30.22005,78.52984,1544.0,28.1,142.0,0.616,-0.788,CONIFER_HIGH_FLAMMABILITY,0.426,0.1,12.85,66.75,2.2849999999999997,166.0,-0.553,2.217,2.9,4.4,16.31,1,1,1.7,4280.6,0
UTT_CELL_0096_0067,CELL_0096_0067,UTT,2022-05-03,30.42845,78.83688,1791.8,27.9,162.8,0.296,-0.955,CONIFER_HIGH_FLAMMABILITY,0.428,0.1,12.85,66.75,2.2849999999999997,166.0,-0.553,2.217,2.9,4.4,16.31,0,0,1.7,12045.5,0
UTT_CELL_0057_0085,CELL_0057_0085,UTT,2022-05-03,30.25412,78.93424,1726.2,33.7,145.4,0.568,-0.823,CONIFER_HIGH_FLAMMABILITY,0.37,0.1,12.85,66.75,2.2849999999999997,166.0,-0.553,2.217,2.9,4.4,16.31,0,0,0.7,13494.2,0
UTT_CELL_0021_0145,CELL_0021_0145,UTT,2022-05-03,30.0963,79.24879,1757.3,28.7,129.6,0.771,-0.637,CONIFER_HIGH_FLAMMABILITY,0.42,0.1,12.85,66.75,2.2849999999999997,166.0,-0.553,2.217,2.9,4.4,16.31,0,0,1.7,11696.9,0
UTT_CELL_0051_0013,CELL_0051_0013,UTT,2022-05-03,30.22064,78.56099,1556.8,28.3,142.1,0.614,-0.789,CONIFER_HIGH_FLAMMABILITY,0.424,0.1,12.85,66.75,2.2849999999999997,166.0,-0.553,2.217,2.9,4.4,16.31,0,0,1.7,7721.5,0
UTT_CELL_0012_0040,CELL_0012_0040,UTT,2022-05-03,30.04734,78.70523,1510.5,33.8,124.7,0.822,-0.569,CONIFER_HIGH_FLAMMABILITY,0.369,0.1,12.85,66.75,2.2849999999999997,166.0,-0.553,2.217,2.9,4.4,16.31,0,0,1.2,7585.4,0
UTT_CELL_0054_0064,CELL_0054_0064,UTT,2022-05-03,30.23883,78.82546,1673.5,32.0,143.9,0.589,-0.808,CONIFER_HIGH_FLAMMABILITY,0.387,0.1,12.85,66.75,2.2849999999999997,166.0,-0.553,2.217,2.9,4.4,16.31,0,0,1.2,9478.5,0
UTT_CELL_0047_0149,CELL_0047_0149,UTT,2022-05-03,30.21384,79.26749,1835.3,26.4,141.4,0.624,-0.782,CONIFER_HIGH_FLAMMABILITY,0.443,0.1,12.85,66.75,2.2849999999999997,166.0,-0.553,2.217,2.9,4.4,16.31,0,0,1.7,7358.6,0
UTT_CELL_0132_0039,CELL_0132_0039,UTT,2022-05-03,30.58826,78.68737,1827.9,10.2,178.8,0.021,-1.0,CONIFER_HIGH_FLAMMABILITY,0.605,0.1,12.85,66.75,2.2849999999999997,166.0,-0.553,2.217,2.9,4.4,16.31,0,0,0.7,20489.7,0
UTT_CELL_0070_0109,CELL_0070_0109,UTT,2022-05-03,30.31465,79.05774,1811.9,26.3,151.5,0.477,-0.879,CONIFER_HIGH_FLAMMABILITY,0.444,0.1,12.85,66.75,2.2849999999999997,166.0,-0.553,2.217,2.9,4.4,16.31,0,0,1.7,5247.9,0
UTT_CELL_0077_0028,CELL_0077_0028,UTT,2022-05-03,30.33928,78.63605,1658.0,18.0,153.9,0.44,-0.898,CONIFER_HIGH_FLAMMABILITY,0.527,0.1,12.85,66.75,2.2849999999999997,166.0,-0.553,2.217,2.9,4.4,16.31,0,0,1.2,5264.3,0
UTT_CELL_0035_0009,CELL_0035_0009,UTT,2022-05-03,30.14812,78.54202,1505.7,10.7,134.8,0.71,-0.705,CONIFER_HIGH_FLAMMABILITY,0.6,0.1,12.85,66.75,2.2849999999999997,166.0,-0.553,2.217,2.9,4.4,16.31,0,0,1.7,10156.5,0
UTT_CELL_0083_0107,CELL_0083_0107,UTT,2022-05-03,30.37312,79.04618,1842.3,7.8,157.3,0.386,-0.923,CONIFER_HIGH_FLAMMABILITY,0.629,0.1,12.85,66.75,2.2849999999999997,166.0,-0.553,2.217,2.9,4.4,16.31,0,0,1.7,10436.1,0
UTT_CELL_0132_0046,CELL_0132_0046,UTT,2022-05-03,30.5889,78.72384,1842.9,10.5,178.9,0.019,-1.0,CONIFER_HIGH_FLAMMABILITY,0.602,0.1,12.85,66.75,2.2849999999999997,166.0,-0.553,2.217,2.9,4.4,16.31,0,0,0.7,24130.6,0
UTT_CELL_0064_0046,CELL_0064_0046,UTT,2022-05-03,30.28233,78.73096,1661.8,32.9,148.2,0.527,-0.85,CONIFER_HIGH_FLAMMABILITY,0.378,0.1,12.85,66.75,2.2849999999999997,166.0,-0.553,2.217,2.9,4.4,16.31,0,0,1.7,5623.2,0
UTT_CELL_0074_0006,CELL_0074_0006,UTT,2022-05-03,30.32364,78.52205,1603.0,23.5,152.4,0.463,-0.886,CONIFER_HIGH_FLAMMABILITY,0.472,0.1,12.85,66.75,2.2849999999999997,166.0,-0.553,2.217,2.9,4.4,16.31,0,0,0.7,5744.9,0
UTT_CELL_0074_0008,CELL_0074_0008,UTT,2022-05-03,30.32383,78.53244,1607.3,23.5,152.4,0.463,-0.886,CONIFER_HIGH_FLAMMABILITY,0.472,0.1,12.85,66.75,2.2849999999999997,166.0,-0.553,2.217,2.9,4.4,16.31,1,1,0.7,4754.5,0
UTT_CELL_0064_0067,CELL_0064_0067,UTT,2022-05-03,30.28417,78.84006,1706.5,32.7,148.4,0.524,-0.852,CONIFER_HIGH_FLAMMABILITY,0.38,0.1,12.85,66.75,2.2849999999999997,166.0,-0.553,2.217,2.9,4.4,16.31,0,0,1.2,13710.0,1
UTT_CELL_0064_0068,CELL_0064_0068,UTT,2022-05-03,30.28426,78.84525,1708.7,32.7,148.4,0.524,-0.852,CONIFER_HIGH_FLAMMABILITY,0.38,0.1,12.85,66.75,2.2849999999999997,166.0,-0.553,2.217,2.9,4.4,16.31,0,0,1.2,14146.2,1
UTT_CELL_0064_0069,CELL_0064_0069,UTT,2022-05-03,30.28434,78.85044,1710.8,32.7,148.4,0.524,-0.852,CONIFER_HIGH_FLAMMABILITY,0.38,0.1,12.85,66.75,2.2849999999999997,166.0,-0.553,2.217,2.9,4.4,16.31,0,0,1.2,14592.3,1
UTT_CELL_0067_0106,CELL_0067_0106,UTT,2022-05-03,30.30089,79.04242,1797.5,29.8,150.1,0.498,-0.867,CONIFER_HIGH_FLAMMABILITY,0.409,0.1,12.85,66.75,2.2849999999999997,166.0,-0.553,2.217,2.9,4.4,16.31,0,0,1.7,6592.5,0
UTT_CELL_0035_0046,CELL_0035_0046,UTT,2022-05-03,30.15158,78.73396,1584.5,9.2,135.2,0.705,-0.71,CONIFER_HIGH_FLAMMABILITY,0.615,0.1,12.85,66.75,2.2849999999999997,166.0,-0.553,2.217,2.9,4.4,16.31,2,2,0.5,3286.6,1
UTT_CELL_0002_0143,CELL_0002_0143,UTT,2022-05-03,30.01047,79.23993,1702.3,28.1,121.0,0.857,-0.515,CONIFER_HIGH_FLAMMABILITY,0.426,0.1,12.85,66.75,2.2849999999999997,166.0,-0.553,2.217,2.9,4.4,16.31,0,0,0.7,14559.7,0
UTT_CELL_0126_0008,CELL_0126_0008,UTT,2022-05-03,30.55824,78.52653,1745.6,14.2,175.8,0.073,-0.997,CONIFER_HIGH_FLAMMABILITY,0.565,0.1,12.85,66.75,2.2849999999999997,166.0,-0.553,2.217,2.9,4.4,16.31,0,0,0.7,6711.0,0
UTT_CELL_0100_0019,CELL_0100_0019,UTT,2022-05-03,30.44211,78.58672,1700.0,31.0,164.2,0.272,-0.962,CONIFER_HIGH_FLAMMABILITY,0.397,0.1,12.85,66.75,2.2849999999999997,166.0,-0.553,2.217,2.9,4.4,16.31,1,1,0.7,4311.1,0
UTT_CELL_0012_0112,CELL_0012_0112,UTT,2022-05-03,30.05332,79.07842,1663.4,34.0,125.3,0.816,-0.578,CONIFER_HIGH_FLAMMABILITY,0.367,0.1,12.85,66.75,2.2849999999999997,166.0,-0.553,2.217,2.9,4.4,16.31,0,0,1.7,5606.8,0
UTT_CELL_0003_0010,CELL_0003_0010,UTT,2022-05-03,30.00396,78.55076,1422.7,26.3,120.4,0.863,-0.506,CONIFER_HIGH_FLAMMABILITY,0.444,0.1,12.85,66.75,2.2849999999999997,166.0,-0.553,2.217,2.9,4.4,16.31,1,1,1.7,3298.5,0
UTT_CELL_0009_0097,CELL_0009_0097,UTT,2022-05-03,30.03863,79.00094,1623.6,33.2,123.9,0.83,-0.558,CONIFER_HIGH_FLAMMABILITY,0.375,0.1,12.85,66.75,2.2849999999999997,166.0,-0.553,2.217,2.9,4.4,16.31,1,1,1.7,4489.3,0
UTT_CELL_0029_0023,CELL_0029_0023,UTT,2022-05-03,30.12241,78.61529,1519.6,20.7,132.2,0.741,-0.672,CONIFER_HIGH_FLAMMABILITY,0.5,0.1,12.85,66.75,2.2849999999999997,166.0,-0.553,2.217,2.9,4.4,16.31,0,0,0.5,12516.4,0
UTT_CELL_0115_0008,CELL_0115_0008,UTT,2022-05-04,30.50865,78.52778,1716.3,30.2,170.9,0.158,-0.987,CONIFER_HIGH_FLAMMABILITY,0.403,0.054,13.024999999999999,60.5,2.6925000000000003,292.75,2.483,-1.041,1.5,5.8999999999999995,25.96,1,1,1.7,1215.8,0
UTT_CELL_0061_0098,CELL_0061_0098,UTT,2022-05-04,30.2732,79.0014,1764.5,33.7,147.3,0.54,-0.842,CONIFER_HIGH_FLAMMABILITY,0.368,0.054,13.024999999999999,60.5,2.6925000000000003,292.75,2.483,-1.041,1.5,5.8999999999999995,25.96,0,0,2.2,10423.7,0
UTT_CELL_0001_0107,CELL_0001_0107,UTT,2022-05-04,30.00333,79.05347,1623.4,26.1,120.3,0.863,-0.505,CONIFER_HIGH_FLAMMABILITY,0.444,0.054,13.024999999999999,60.5,2.6925000000000003,292.75,2.483,-1.041,1.5,5.8999999999999995,25.96,3,3,2.7,1207.5,0
UTT_CELL_0081_0018,CELL_0081_0018,UTT,2022-05-04,30.35636,78.58363,1647.3,11.2,155.6,0.413,-0.911,CONIFER_HIGH_FLAMMABILITY,0.593,0.054,13.024999999999999,60.5,2.6925000000000003,292.75,2.483,-1.041,1.5,5.8999999999999995,25.96,0,0,1.7,6441.8,0
UTT_CELL_0071_0063,CELL_0071_0063,UTT,2022-05-04,30.31539,78.81857,1716.7,26.1,151.5,0.477,-0.879,CONIFER_HIGH_FLAMMABILITY,0.444,0.054,13.024999999999999,60.5,2.6925000000000003,292.75,2.483,-1.041,1.5,5.8999999999999995,25.96,4,4,0.5,4043.2,0
UTT_CELL_0123_0041,CELL_0123_0041,UTT,2022-05-04,30.54787,78.69875,1808.2,18.3,174.8,0.091,-0.996,CONIFER_HIGH_FLAMMABILITY,0.522,0.054,13.024999999999999,60.5,2.6925000000000003,292.75,2.483,-1.041,1.5,5.8999999999999995,25.96,0,0,2.2,19527.0,0
UTT_CELL_0124_0140,CELL_0124_0140,UTT,2022-05-04,30.56047,79.21445,2022.1,13.3,176.0,0.07,-0.998,CONIFER_MODERATE_FLAMMABILITY,0.572,0.054,13.024999999999999,60.5,2.6925000000000003,292.75,2.483,-1.041,1.5,5.8999999999999995,25.96,0,0,2.7,31786.2,0
UTT_CELL_0019_0089,CELL_0019_0089,UTT,2022-05-04,30.08309,78.95855,1633.3,31.5,128.3,0.785,-0.62,CONIFER_HIGH_FLAMMABILITY,0.39,0.054,13.024999999999999,60.5,2.6925000000000003,292.75,2.483,-1.041,1.5,5.8999999999999995,25.96,0,0,1.7,5263.8,0
UTT_CELL_0105_0072,CELL_0105_0072,UTT,2022-05-04,30.46946,78.86201,1826.5,33.9,166.9,0.227,-0.974,CONIFER_HIGH_FLAMMABILITY,0.366,0.054,13.024999999999999,60.5,2.6925000000000003,292.75,2.483,-1.041,1.5,5.8999999999999995,25.96,0,0,2.7,16982.3,0
UTT_CELL_0087_0103,CELL_0087_0103,UTT,2022-05-04,30.39084,79.02502,1844.5,15.1,159.1,0.357,-0.934,CONIFER_HIGH_FLAMMABILITY,0.554,0.054,13.024999999999999,60.5,2.6925000000000003,292.75,2.483,-1.041,1.5,5.8999999999999995,25.96,0,0,2.7,13431.1,0
UTT_CELL_0084_0066,CELL_0084_0066,UTT,2022-05-04,30.37426,78.83287,1757.7,8.3,157.4,0.384,-0.923,CONIFER_HIGH_FLAMMABILITY,0.622,0.054,13.024999999999999,60.5,2.6925000000000003,292.75,2.483,-1.041,1.5,5.8999999999999995,25.96,0,0,0.5,9578.8,0
UTT_CELL_0021_0038,CELL_0021_0038,UTT,2022-05-04,30.08773,78.69392,1530.2,30.6,128.8,0.779,-0.627,CONIFER_HIGH_FLAMMABILITY,0.399,0.054,13.024999999999999,60.5,2.6925000000000003,292.75,2.483,-1.041,1.5,5.8999999999999995,25.96,0,0,0.5,7200.9,0
UTT_CELL_0066_0097,CELL_0066_0097,UTT,2022-05-04,30.29567,78.99574,1775.7,30.9,149.6,0.506,-0.863,CONIFER_HIGH_FLAMMABILITY,0.396,0.054,13.024999999999999,60.5,2.6925000000000003,292.75,2.483,-1.041,1.5,5.8999999999999995,25.96,0,0,2.2,11429.9,0
UTT_CELL_0102_0041,CELL_0102_0041,UTT,2022-05-04,30.45319,78.70098,1752.3,32.7,165.3,0.254,-0.967,CONIFER_HIGH_FLAMMABILITY,0.378,0.054,13.024999999999999,60.5,2.6925000000000003,292.75,2.483,-1.041,1.5,5.8999999999999995,25.96,0,0,2.2,9341.6,0
UTT_CELL_0086_0009,CELL_0086_0009,UTT,2022-05-04,30.37803,78.53628,1641.3,9.9,157.8,0.378,-0.926,CONIFER_HIGH_FLAMMABILITY,0.606,0.054,13.024999999999999,60.5,2.6925000000000003,292.75,2.483,-1.041,1.5,5.8999999999999995,25.96,1,1,1.2,3600.2,0
UTT_CELL_0126_0097,CELL_0126_0097,UTT,2022-05-04,30.56622,78.9902,1935.8,11.0,176.6,0.059,-0.998,CONIFER_HIGH_FLAMMABILITY,0.595,0.054,13.024999999999999,60.5,2.6925000000000003,292.75,2.483,-1.041,1.5,5.8999999999999995,25.96,0,0,2.7,32320.9,0
UTT_CELL_0008_0059,CELL_0008_0059,UTT,2022-05-04,30.03098,78.8041,1540.2,32.3,123.1,0.838,-0.546,CONIFER_HIGH_FLAMMABILITY,0.382,0.054,13.024999999999999,60.5,2.6925000000000003,292.75,2.483,-1.041,1.5,5.8999999999999995,25.96,1,1,2.7,3680.1,1
UTT_CELL_0125_0007,CELL_0125_0007,UTT,2022-05-04,30.55363,78.52143,1740.8,16.1,175.4,0.08,-0.997,CONIFER_HIGH_FLAMMABILITY,0.544,0.054,13.024999999999999,60.5,2.6925000000000003,292.75,2.483,-1.041,1.5,5.8999999999999995,25.96,0,0,1.7,6224.7,0
UTT_CELL_0040_0135,CELL_0040_0135,UTT,2022-05-04,30.18129,79.19536,1786.9,15.1,138.1,0.668,-0.744,CONIFER_HIGH_FLAMMABILITY,0.554,0.054,13.024999999999999,60.5,2.6925000000000003,292.75,2.483,-1.041,1.5,5.8999999999999995,25.96,0,0,2.7,13889.9,0
UTT_CELL_0125_0021,CELL_0125_0021,UTT,2022-05-04,30.555,78.59435,1770.7,15.5,175.5,0.078,-0.997,CONIFER_HIGH_FLAMMABILITY,0.55,0.054,13.024999999999999,60.5,2.6925000000000003,292.75,2.483,-1.041,1.5,5.8999999999999995,25.96,0,0,1.7,9855.0,0
UTT_CELL_0037_0103,CELL_0037_0103,UTT,2022-05-04,30.16537,79.02953,1711.0,8.6,136.5,0.688,-0.725,CONIFER_HIGH_FLAMMABILITY,0.619,0.054,13.024999999999999,60.5,2.6925000000000003,292.75,2.483,-1.041,1.5,5.8999999999999995,25.96,1,1,2.7,4740.3,0
UTT_CELL_0068_0069,CELL_0068_0069,UTT,2022-05-04,30.30238,78.85005,1721.4,29.5,150.2,0.497,-0.868,CONIFER_HIGH_FLAMMABILITY,0.41,0.054,13.024999999999999,60.5,2.6925000000000003,292.75,2.483,-1.041,1.5,5.8999999999999995,25.96,4,4,0.5,1537.1,0
UTT_CELL_0079_0127,CELL_0079_0127,UTT,2022-05-04,30.35659,79.15054,1874.2,11.1,155.7,0.412,-0.911,CONIFER_HIGH_FLAMMABILITY,0.594,0.054,13.024999999999999,60.5,2.6925000000000003,292.75,2.483,-1.041,1.5,5.8999999999999995,25.96,0,0,2.7,8532.1,0
UTT_CELL_0125_0028,CELL_0125_0028,UTT,2022-05-04,30.55567,78.63082,1785.7,15.3,175.6,0.077,-0.997,CONIFER_HIGH_FLAMMABILITY,0.552,0.054,13.024999999999999,60.5,2.6925000000000003,292.75,2.483,-1.041,1.5,5.8999999999999995,25.96,0,0,1.7,13245.5,0
UTT_CELL_0099_0041,CELL_0099_0041,UTT,2022-05-04,30.43967,78.7013,1744.3,30.5,164.0,0.276,-0.961,CONIFER_HIGH_FLAMMABILITY,0.4,0.054,13.024999999999999,60.5,2.6925000000000003,292.75,2.483,-1.041,1.5,5.8999999999999995,25.96,0,0,2.2,7956.1,0
UTT_CELL_0021_0082,CELL_0021_0082,UTT,2022-05-04,30.09154,78.92206,1623.7,29.8,129.2,0.775,-0.632,CONIFER_HIGH_FLAMMABILITY,0.407,0.054,13.024999999999999,60.5,2.6925000000000003,292.75,2.483,-1.041,1.5,5.8999999999999995,25.96,1,1,1.7,4964.7,0
UTT_CELL_0034_0081,CELL_0034_0081,UTT,2022-05-04,30.15008,78.91565,1656.3,9.9,135.0,0.707,-0.707,CONIFER_HIGH_FLAMMABILITY,0.606,0.054,13.024999999999999,60.5,2.6925000000000003,292.75,2.483,-1.041,1.5,5.8999999999999995,25.96,2,2,1.7,3840.2,0
UTT_CELL_0029_0104,CELL_0029_0104,UTT,2022-05-04,30.12937,79.03544,1691.8,18.1,132.9,0.733,-0.681,CONIFER_HIGH_FLAMMABILITY,0.524,0.054,13.024999999999999,60.5,2.6925000000000003,292.75,2.483,-1.041,1.5,5.8999999999999995,25.96,0,0,2.7,5233.9,0
UTT_CELL_0135_0000,CELL_0135_0000,UTT,2022-05-04,30.59801,78.48381,1752.3,14.2,179.8,0.003,-1.0,CONIFER_HIGH_FLAMMABILITY,0.563,0.054,13.024999999999999,60.5,2.6925000000000003,292.75,2.483,-1.041,1.5,5.8999999999999995,25.96,0,0,1.7,12091.1,1
UTT_CELL_0117_0035,CELL_0117_0035,UTT,2022-05-04,30.52026,78.66814,1779.4,27.4,172.0,0.139,-0.99,CONIFER_HIGH_FLAMMABILITY,0.431,0.054,13.024999999999999,60.5,2.6925000000000003,292.75,2.483,-1.041,1.5,5.8999999999999995,25.96,0,0,1.7,15757.0,0
UTT_CELL_0068_0097,CELL_0068_0097,UTT,2022-05-04,30.30469,78.99556,1781.0,28.9,150.5,0.492,-0.87,CONIFER_HIGH_FLAMMABILITY,0.416,0.054,13.024999999999999,60.5,2.6925000000000003,292.75,2.483,-1.041,1.5,5.8999999999999995,25.96,0,0,2.2,11748.0,0
UTT_CELL_0117_0046,CELL_0117_0046,UTT,2022-05-04,30.52127,78.72542,1802.9,27.1,172.1,0.137,-0.991,CONIFER_HIGH_FLAMMABILITY,0.434,0.054,13.024999999999999,60.5,2.6925000000000003,292.75,2.483,-1.041,1.5,5.8999999999999995,25.96,0,0,2.7,16769.0,0
UTT_CELL_0115_0108,CELL_0115_0108,UTT,2022-05-04,30.5175,79.04851,1929.9,28.1,171.7,0.144,-0.99,CONIFER_HIGH_FLAMMABILITY,0.424,0.054,13.024999999999999,60.5,2.6925000000000003,292.75,2.483,-1.041,1.5,5.8999999999999995,25.96,0,0,2.7,25151.0,0
UTT_CELL_0057_0057,CELL_0057_0057,UTT,2022-05-04,30.25174,78.78881,1666.6,33.5,145.2,0.571,-0.821,CONIFER_HIGH_FLAMMABILITY,0.37,0.054,13.024999999999999,60.5,2.6925000000000003,292.75,2.483,-1.041,1.5,5.8999999999999995,25.96,0,0,0.5,6886.6,0
UTT_CELL_0073_0088,CELL_0073_0088,UTT,2022-05-04,30.32651,78.94832,1775.2,22.6,152.7,0.459,-0.889,CONIFER_HIGH_FLAMMABILITY,0.479,0.054,13.024999999999999,60.5,2.6925000000000003,292.75,2.483,-1.041,1.5,5.8999999999999995,25.96,0,0,0.5,11986.0,0
UTT_CELL_0020_0017,CELL_0020_0017,UTT,2022-05-04,30.08127,78.58516,1482.8,31.8,128.1,0.787,-0.617,CONIFER_HIGH_FLAMMABILITY,0.387,0.054,13.024999999999999,60.5,2.6925000000000003,292.75,2.483,-1.041,1.5,5.8999999999999995,25.96,0,0,2.7,11362.5,0
UTT_CELL_0067_0018,CELL_0067_0018,UTT,2022-05-04,30.29325,78.58518,1610.0,31.3,149.3,0.511,-0.86,CONIFER_HIGH_FLAMMABILITY,0.392,0.054,13.024999999999999,60.5,2.6925000000000003,292.75,2.483,-1.041,1.5,5.8999999999999995,25.96,1,1,1.7,2035.5,0
UTT_CELL_0084_0150,CELL_0084_0150,UTT,2022-05-04,30.38078,79.26975,1936.4,11.0,158.1,0.373,-0.928,CONIFER_HIGH_FLAMMABILITY,0.595,0.054,13.024999999999999,60.5,2.6925000000000003,292.75,2.483,-1.041,1.5,5.8999999999999995,25.96,0,0,1.7,14003.6,0
UTT_CELL_0070_0063,CELL_0070_0063,UTT,2022-05-04,30.31088,78.81867,1714.0,27.4,151.1,0.483,-0.875,CONIFER_HIGH_FLAMMABILITY,0.431,0.054,13.024999999999999,60.5,2.6925000000000003,292.75,2.483,-1.041,1.5,5.8999999999999995,25.96,4,4,0.5,3647.3,0
UTT_CELL_0080_0022,CELL_0080_0022,UTT,2022-05-04,30.35224,78.60453,1653.2,12.9,155.2,0.419,-0.908,CONIFER_HIGH_FLAMMABILITY,0.576,0.054,13.024999999999999,60.5,2.6925000000000003,292.75,2.483,-1.041,1.5,5.8999999999999995,25.96,0,0,1.7,7021.5,0
UTT_CELL_0004_0000,CELL_0004_0000,UTT,2022-05-04,30.00749,78.49886,1404.0,27.3,120.7,0.86,-0.511,CONIFER_HIGH_FLAMMABILITY,0.432,0.054,13.024999999999999,60.5,2.6925000000000003,292.75,2.483,-1.041,1.5,5.8999999999999995,25.96,1,1,2.7,2567.0,0
UTT_CELL_0055_0135,CELL_0055_0135,UTT,2022-05-04,30.24894,79.19413,1827.0,33.3,144.9,0.575,-0.818,CONIFER_HIGH_FLAMMABILITY,0.372,0.054,13.024999999999999,60.5,2.6925000000000003,292.75,2.483,-1.041,1.5,5.8999999999999995,25.96,0,0,0.7,9885.2,0
UTT_CELL_0023_0073,CELL_0023_0073,UTT,2022-05-04,30.09981,78.8752,1610.0,27.8,130.0,0.766,-0.643,CONIFER_HIGH_FLAMMABILITY,0.427,0.054,13.024999999999999,60.5,2.6925000000000003,292.75,2.483,-1.041,1.5,5.8999999999999995,25.96,0,0,2.7,7082.2,0
UTT_CELL_0060_0117,CELL_0060_0117,UTT,2022-05-04,30.27016,79.10019,1802.2,33.9,147.0,0.545,-0.839,CONIFER_HIGH_FLAMMABILITY,0.366,0.054,13.024999999999999,60.5,2.6925000000000003,292.75,2.483,-1.041,1.5,5.8999999999999995,25.96,10,10,2.2,567.3,1
UTT_CELL_0110_0153,CELL_0110_0153,UTT,2022-05-04,30.49825,79.2833,2012.3,32.1,169.8,0.177,-0.984,CONIFER_MODERATE_FLAMMABILITY,0.384,0.054,13.024999999999999,60.5,2.6925000000000003,292.75,2.483,-1.041,1.5,5.8999999999999995,25.96,0,0,1.7,22685.5,0
UTT_CELL_0104_0080,CELL_0104_0080,UTT,2022-05-04,30.46563,78.90375,1840.9,33.8,166.6,0.232,-0.973,CONIFER_HIGH_FLAMMABILITY,0.367,0.054,13.024999999999999,60.5,2.6925000000000003,292.75,2.483,-1.041,1.5,5.8999999999999995,25.96,0,0,2.7,20532.6,0
UTT_CELL_0007_0047,CELL_0007_0047,UTT,2022-05-04,30.02542,78.74202,1512.1,31.4,122.5,0.843,-0.537,CONIFER_HIGH_FLAMMABILITY,0.391,0.054,13.024999999999999,60.5,2.6925000000000003,292.75,2.483,-1.041,1.5,5.8999999999999995,25.96,0,0,2.2,7725.5,0
UTT_CELL_0015_0063,CELL_0015_0063,UTT,2022-05-04,30.06289,78.82413,1567.4,33.8,126.3,0.806,-0.592,CONIFER_HIGH_FLAMMABILITY,0.367,0.054,13.024999999999999,60.5,2.6925000000000003,292.75,2.483,-1.041,1.5,5.8999999999999995,25.96,0,0,2.7,6692.2,0
UTT_CELL_0023_0083,CELL_0023_0083,UTT,2022-05-04,30.10064,78.92706,1631.2,27.6,130.1,0.765,-0.644,CONIFER_HIGH_FLAMMABILITY,0.429,0.054,13.024999999999999,60.5,2.6925000000000003,292.75,2.483,-1.041,1.5,5.8999999999999995,25.96,2,2,1.7,3816.8,0
UTT_CELL_0015_0072,CELL_0015_0072,UTT,2022-05-04,30.06366,78.87079,1586.5,33.7,126.4,0.805,-0.593,CONIFER_HIGH_FLAMMABILITY,0.368,0.054,13.024999999999999,60.5,2.6925000000000003,292.75,2.483,-1.041,1.5,5.8999999999999995,25.96,1,1,2.7,4563.0,0
UTT_CELL_0046_0038,CELL_0046_0038,UTT,2022-05-04,30.20045,78.6913,1596.8,22.2,140.0,0.643,-0.766,CONIFER_HIGH_FLAMMABILITY,0.483,0.054,13.024999999999999,60.5,2.6925000000000003,292.75,2.483,-1.041,1.5,5.8999999999999995,25.96,4,4,2.7,3138.2,0
UTT_CELL_0007_0059,CELL_0007_0059,UTT,2022-05-04,30.02648,78.8042,1537.6,31.6,122.6,0.842,-0.539,CONIFER_HIGH_FLAMMABILITY,0.389,0.054,13.024999999999999,60.5,2.6925000000000003,292.75,2.483,-1.041,1.5,5.8999999999999995,25.96,1,1,2.7,3256.0,0
UTT_CELL_0026_0138,CELL_0026_0138,UTT,2022-05-04,30.11836,79.21208,1755.8,22.1,131.8,0.745,-0.667,CONIFER_HIGH_FLAMMABILITY,0.484,0.054,13.024999999999999,60.5,2.6925000000000003,292.75,2.483,-1.041,1.5,5.8999999999999995,25.96,0,0,2.7,13490.6,0
UTT_CELL_0073_0143,CELL_0073_0143,UTT,2022-05-04,30.33068,79.23423,1892.1,21.1,153.1,0.452,-0.892,CONIFER_HIGH_FLAMMABILITY,0.494,0.054,13.024999999999999,60.5,2.6925000000000003,292.75,2.483,-1.041,1.5,5.8999999999999995,25.96,0,0,1.1,14747.2,0
UTT_CELL_0095_0003,CELL_0095_0003,UTT,2022-05-04,30.418,78.50406,1652.4,24.9,161.8,0.312,-0.95,CONIFER_HIGH_FLAMMABILITY,0.456,0.054,13.024999999999999,60.5,2.6925000000000003,292.75,2.483,-1.041,1.5,5.8999999999999995,25.96,2,2,2.7,264.3,0
UTT_CELL_0090_0027,CELL_0090_0027,UTT,2022-05-04,30.39779,78.62944,1690.4,17.8,159.8,0.345,-0.938,CONIFER_HIGH_FLAMMABILITY,0.527,0.054,13.024999999999999,60.5,2.6925000000000003,292.75,2.483,-1.041,1.5,5.8999999999999995,25.96,0,0,2.2,5506.5,0
UTT_CELL_0086_0151,CELL_0086_0151,UTT,2022-05-04,30.38987,79.2748,1943.8,14.7,159.0,0.358,-0.934,CONIFER_HIGH_FLAMMABILITY,0.558,0.054,13.024999999999999,60.5,2.6925000000000003,292.75,2.483,-1.041,1.5,5.8999999999999995,25.96,0,0,1.7,14071.2,0
UTT_CELL_0098_0048,CELL_0098_0048,UTT,2022-05-04,30.4358,78.73782,1756.6,29.7,163.6,0.282,-0.959,CONIFER_HIGH_FLAMMABILITY,0.408,0.054,13.024999999999999,60.5,2.6925000000000003,292.75,2.483,-1.041,1.5,5.8999999999999995,25.96,0,0,2.7,7184.8,0
UTT_CELL_0014_0011,CELL_0014_0011,UTT,2022-05-04,30.05364,78.55473,1454.1,34.0,125.4,0.815,-0.579,CONIFER_HIGH_FLAMMABILITY,0.365,0.054,13.024999999999999,60.5,2.6925000000000003,292.75,2.483,-1.041,1.5,5.8999999999999995,25.96,0,0,2.7,6894.7,0
UTT_CELL_0134_0003,CELL_0134_0003,UTT,2022-05-04,30.5938,78.49956,1756.1,12.5,179.4,0.01,-1.0,CONIFER_HIGH_FLAMMABILITY,0.58,0.054,13.024999999999999,60.5,2.6925000000000003,292.75,2.483,-1.041,1.5,5.8999999999999995,25.96,0,0,1.7,11069.1,0
UTT_CELL_0017_0062,CELL_0017_0062,UTT,2022-05-04,30.07182,78.81875,1570.6,33.1,127.2,0.797,-0.605,CONIFER_HIGH_FLAMMABILITY,0.374,0.054,13.024999999999999,60.5,2.6925000000000003,292.75,2.483,-1.041,1.5,5.8999999999999995,25.96,0,0,2.7,5584.9,0
UTT_CELL_0062_0122,CELL_0062_0122,UTT,2022-05-04,30.27956,79.126,1818.1,33.2,148.0,0.53,-0.848,CONIFER_HIGH_FLAMMABILITY,0.373,0.054,13.024999999999999,60.5,2.6925000000000003,292.75,2.483,-1.041,1.5,5.8999999999999995,25.96,10,10,1.1,1828.1,0
UTT_CELL_0090_0051,CELL_0090_0051,UTT,2022-05-04,30.4,78.75426,1741.7,18.7,160.0,0.342,-0.94,CONIFER_HIGH_FLAMMABILITY,0.518,0.054,13.024999999999999,60.5,2.6925000000000003,292.75,2.483,-1.041,1.5,5.8999999999999995,25.96,1,1,2.7,3349.8,0
UTT_CELL_0091_0150,CELL_0091_0150,UTT,2022-05-04,30.41235,79.2692,1955.1,23.0,161.2,0.322,-0.947,CONIFER_HIGH_FLAMMABILITY,0.475,0.054,13.024999999999999,60.5,2.6925000000000003,292.75,2.483,-1.041,1.5,5.8999999999999995,25.96,0,0,1.7,16093.4,0
UTT_CELL_0022_0046,CELL_0022_0046,UTT,2022-05-04,30.09296,78.7353,1549.9,29.5,129.3,0.774,-0.633,CONIFER_HIGH_FLAMMABILITY,0.41,0.054,13.024999999999999,60.5,2.6925000000000003,292.75,2.483,-1.041,1.5,5.8999999999999995,25.96,0,0,2.7,5164.6,0
UTT_CELL_0053_0013,CELL_0053_0013,UTT,2022-05-04,30.22965,78.56077,1562.1,30.4,143.0,0.602,-0.799,CONIFER_HIGH_FLAMMABILITY,0.401,0.054,13.024999999999999,60.5,2.6925000000000003,292.75,2.483,-1.041,1.5,5.8999999999999995,25.96,0,0,2.7,7707.1,0
UTT_CELL_0104_0148,CELL_0104_0148,UTT,2022-05-04,30.47084,79.25775,1985.6,34.0,167.1,0.223,-0.975,CONIFER_HIGH_FLAMMABILITY,0.365,0.054,13.024999999999999,60.5,2.6925000000000003,292.75,2.483,-1.041,1.5,5.8999999999999995,25.96,0,0,1.7,21684.8,0
UTT_CELL_0009_0059,CELL_0009_0059,UTT,2022-05-04,30.03549,78.804,1542.9,32.9,123.5,0.834,-0.552,CONIFER_HIGH_FLAMMABILITY,0.376,0.054,13.024999999999999,60.5,2.6925000000000003,292.75,2.483,-1.041,1.5,5.8999999999999995,25.96,1,1,2.7,4121.4,1
UTT_CELL_0009_0060,CELL_0009_0060,UTT,2022-05-04,30.03558,78.80918,1545.0,32.9,123.6,0.833,-0.553,CONIFER_HIGH_FLAMMABILITY,0.376,0.054,13.024999999999999,60.5,2.6925000000000003,292.75,2.483,-1.041,1.5,5.8999999999999995,25.96,1,1,2.7,3896.2,1
UTT_CELL_0057_0155,CELL_0057_0155,UTT,2022-05-04,30.25935,79.29787,1874.8,33.9,145.9,0.561,-0.828,CONIFER_HIGH_FLAMMABILITY,0.366,0.054,13.024999999999999,60.5,2.6925000000000003,292.75,2.483,-1.041,1.5,5.8999999999999995,25.96,0,0,2.7,9823.8,0
UTT_CELL_0106_0097,CELL_0106_0097,UTT,2022-05-04,30.47604,78.99205,1882.4,34.0,167.6,0.215,-0.977,CONIFER_HIGH_FLAMMABILITY,0.365,0.054,13.024999999999999,60.5,2.6925000000000003,292.75,2.483,-1.041,1.5,5.8999999999999995,25.96,0,0,2.7,23281.5,0
UTT_CELL_0041_0128,CELL_0041_0128,UTT,2022-05-04,30.18529,79.15894,1774.8,16.6,138.5,0.663,-0.749,CONIFER_HIGH_FLAMMABILITY,0.539,0.054,13.024999999999999,60.5,2.6925000000000003,292.75,2.483,-1.041,1.5,5.8999999999999995,25.96,0,0,0.7,11110.3,0
UTT_CELL_0132_0096,CELL_0132_0096,UTT,2022-05-04,30.5932,78.98443,1949.7,12.3,179.3,0.012,-1.0,CONIFER_HIGH_FLAMMABILITY,0.582,0.054,13.024999999999999,60.5,2.6925000000000003,292.75,2.483,-1.041,1.5,5.8999999999999995,25.96,0,0,2.7,35336.4,0
UTT_CELL_0022_0074,CELL_0022_0074,UTT,2022-05-04,30.09539,78.88048,1609.4,28.9,129.5,0.772,-0.636,CONIFER_HIGH_FLAMMABILITY,0.416,0.054,13.024999999999999,60.5,2.6925000000000003,292.75,2.483,-1.041,1.5,5.8999999999999995,25.96,0,0,2.7,6368.4,0
UTT_CELL_0129_0078,CELL_0129_0078,UTT,2022-05-04,30.57819,78.89091,1903.3,6.0,177.8,0.038,-0.999,CONIFER_HIGH_FLAMMABILITY,0.645,0.054,13.024999999999999,60.5,2.6925000000000003,292.75,2.483,-1.041,1.5,5.8999999999999995,25.96,0,0,2.7,28118.0,0
UTT_CELL_0006_0062,CELL_0006_0062,UTT,2022-05-04,30.02222,78.81984,1541.3,30.8,122.2,0.846,-0.533,CONIFER_HIGH_FLAMMABILITY,0.397,0.054,13.024999999999999,60.5,2.6925000000000003,292.75,2.483,-1.041,1.5,5.8999999999999995,25.96,1,1,2.7,2180.8,0
UTT_CELL_0058_0039,CELL_0058_0039,UTT,2022-05-04,30.25464,78.69523,1630.9,33.7,145.5,0.566,-0.824,CONIFER_HIGH_FLAMMABILITY,0.368,0.054,13.024999999999999,60.5,2.6925000000000003,292.75,2.483,-1.041,1.5,5.8999999999999995,25.96,3,3,2.7,1125.4,0
UTT_CELL_0089_0005,CELL_0089_0005,UTT,2022-05-04,30.39116,78.51514,1640.8,15.2,159.1,0.357,-0.934,CONIFER_HIGH_FLAMMABILITY,0.553,0.054,13.024999999999999,60.5,2.6925000000000003,292.75,2.483,-1.041,1.5,5.8999999999999995,25.96,3,3,1.2,2197.1,0
UTT_CELL_0030_0117,CELL_0030_0117,UTT,2022-05-04,30.13487,79.10279,1722.0,16.0,133.5,0.725,-0.688,CONIFER_HIGH_FLAMMABILITY,0.545,0.054,13.024999999999999,60.5,2.6925000000000003,292.75,2.483,-1.041,1.5,5.8999999999999995,25.96,0,0,2.7,12430.4,0
UTT_CELL_0080_0154,CELL_0080_0154,UTT,2022-05-04,30.36302,79.29087,1934.2,8.4,156.3,0.402,-0.916,CONIFER_HIGH_FLAMMABILITY,0.621,0.054,13.024999999999999,60.5,2.6925000000000003,292.75,2.483,-1.041,1.5,5.8999999999999995,25.96,0,0,1.7,11000.0,0
UTT_CELL_0012_0153,CELL_0012_0153,UTT,2022-05-05,30.05626,79.29098,1750.1,34.0,125.6,0.813,-0.582,CONIFER_HIGH_FLAMMABILITY,0.377,0.084,12.225000000000001,64.25,2.625,270.25,2.625,-0.011,1.2999999999999998,7.199999999999999,25.26,0,0,2.2,11499.3,0
UTT_CELL_0123_0028,CELL_0123_0028,UTT,2022-05-05,30.54665,78.63104,1780.4,18.7,174.7,0.092,-0.996,CONIFER_HIGH_FLAMMABILITY,0.53,0.084,12.225000000000001,64.25,2.625,270.25,2.625,-0.011,1.2999999999999998,7.199999999999999,25.26,0,0,2.7,12812.0,0
UTT_CELL_0094_0007,CELL_0094_0007,UTT,2022-05-05,30.41389,78.52497,1658.3,23.6,161.4,0.319,-0.948,CONIFER_HIGH_FLAMMABILITY,0.481,0.084,12.225000000000001,64.25,2.625,270.25,2.625,-0.011,1.2999999999999998,7.199999999999999,25.26,3,3,3.7,2614.7,0
UTT_CELL_0016_0045,CELL_0016_0045,UTT,2022-05-05,30.06582,78.73073,1531.8,33.6,126.6,0.803,-0.596,CONIFER_HIGH_FLAMMABILITY,0.381,0.084,12.225000000000001,64.25,2.625,270.25,2.625,-0.011,1.2999999999999998,7.199999999999999,25.26,0,0,3.7,6980.4,0
UTT_CELL_0126_0073,CELL_0126_0073,UTT,2022-05-05,30.56423,78.86515,1884.6,11.8,176.4,0.063,-0.998,CONIFER_HIGH_FLAMMABILITY,0.599,0.084,12.225000000000001,64.25,2.625,270.25,2.625,-0.011,1.2999999999999998,7.199999999999999,25.26,0,0,3.7,25243.2,0
UTT_CELL_0129_0116,CELL_0129_0116,UTT,2022-05-05,30.58124,79.08894,1984.3,7.3,178.1,0.033,-0.999,CONIFER_HIGH_FLAMMABILITY,0.644,0.084,12.225000000000001,64.25,2.625,270.25,2.625,-0.011,1.2999999999999998,7.199999999999999,25.26,0,0,3.7,31556.3,0
UTT_CELL_0048_0115,CELL_0048_0115,UTT,2022-05-05,30.2159,79.09085,1765.9,27.0,141.6,0.621,-0.784,CONIFER_HIGH_FLAMMABILITY,0.447,0.084,12.225000000000001,64.25,2.625,270.25,2.625,-0.011,1.2999999999999998,7.199999999999999,25.26,0,0,3.2,5918.6,0
UTT_CELL_0126_0084,CELL_0126_0084,UTT,2022-05-05,30.56516,78.92246,1908.1,11.4,176.5,0.061,-0.998,CONIFER_HIGH_FLAMMABILITY,0.603,0.084,12.225000000000001,64.25,2.625,270.25,2.625,-0.011,1.2999999999999998,7.199999999999999,25.26,0,0,3.7,29196.3,0
UTT_CELL_0022_0139,CELL_0022_0139,UTT,2022-05-05,30.10039,79.21759,1747.3,27.6,130.0,0.766,-0.643,CONIFER_HIGH_FLAMMABILITY,0.441,0.084,12.225000000000001,64.25,2.625,270.25,2.625,-0.011,1.2999999999999998,7.199999999999999,25.26,0,0,3.7,14006.1,0
UTT_CELL_0061_0129,CELL_0061_0129,UTT,2022-05-05,30.27556,79.16246,1830.3,33.6,147.6,0.536,-0.844,CONIFER_HIGH_FLAMMABILITY,0.381,0.084,12.225000000000001,64.25,2.625,270.25,2.625,-0.011,1.2999999999999998,7.199999999999999,25.26,0,0,2.1,5887.6,0
UTT_CELL_0107_0034,CELL_0107_0034,UTT,2022-05-05,30.47509,78.66401,1750.7,34.0,167.5,0.216,-0.976,CONIFER_HIGH_FLAMMABILITY,0.377,0.084,12.225000000000001,64.25,2.625,270.25,2.625,-0.011,1.2999999999999998,7.199999999999999,25.26,0,0,3.2,11279.3,0
UTT_CELL_0042_0066,CELL_0042_0066,UTT,2022-05-05,30.18489,78.83703,1645.7,16.5,138.5,0.663,-0.749,CONIFER_HIGH_FLAMMABILITY,0.552,0.084,12.225000000000001,64.25,2.625,270.25,2.625,-0.011,1.2999999999999998,7.199999999999999,25.26,0,0,3.2,9915.3,0
UTT_CELL_0107_0039,CELL_0107_0039,UTT,2022-05-05,30.47555,78.69004,1761.3,34.0,167.6,0.215,-0.977,CONIFER_HIGH_FLAMMABILITY,0.377,0.084,12.225000000000001,64.25,2.625,270.25,2.625,-0.011,1.2999999999999998,7.199999999999999,25.26,0,0,3.2,11447.1,0
UTT_CELL_0000_0051,CELL_0000_0051,UTT,2022-05-05,29.99421,78.76345,1501.9,23.3,119.4,0.871,-0.491,CONIFER_HIGH_FLAMMABILITY,0.484,0.084,12.225000000000001,64.25,2.625,270.25,2.625,-0.011,1.2999999999999998,7.199999999999999,25.26,0,0,0.7,6120.8,0
UTT_CELL_0006_0130,CELL_0006_0130,UTT,2022-05-05,30.02759,79.17223,1685.4,31.7,122.8,0.841,-0.542,CONIFER_HIGH_FLAMMABILITY,0.4,0.084,12.225000000000001,64.25,2.625,270.25,2.625,-0.011,1.2999999999999998,7.199999999999999,25.26,0,0,3.7,14258.8,0
UTT_CELL_0078_0019,CELL_0078_0019,UTT,2022-05-05,30.34293,78.58916,1641.4,16.6,154.3,0.434,-0.901,CONIFER_HIGH_FLAMMABILITY,0.551,0.084,12.225000000000001,64.25,2.625,270.25,2.625,-0.011,1.2999999999999998,7.199999999999999,25.26,0,0,2.7,5259.8,0
UTT_CELL_0100_0128,CELL_0100_0128,UTT,2022-05-05,30.45137,79.15396,1932.4,32.5,165.1,0.257,-0.966,CONIFER_HIGH_FLAMMABILITY,0.392,0.084,12.225000000000001,64.25,2.625,270.25,2.625,-0.011,1.2999999999999998,7.199999999999999,25.26,0,0,3.7,18065.1,0
UTT_CELL_0036_0003,CELL_0036_0003,UTT,2022-05-05,30.15204,78.51078,1495.5,9.0,135.2,0.705,-0.71,CONIFER_HIGH_FLAMMABILITY,0.627,0.084,12.225000000000001,64.25,2.625,270.25,2.625,-0.011,1.2999999999999998,7.199999999999999,25.26,0,0,3.7,8314.4,0
UTT_CELL_0049_0000,CELL_0049_0000,UTT,2022-05-05,30.21035,78.49374,1523.7,25.4,141.0,0.629,-0.777,CONIFER_HIGH_FLAMMABILITY,0.463,0.084,12.225000000000001,64.25,2.625,270.25,2.625,-0.011,1.2999999999999998,7.199999999999999,25.26,1,1,3.7,1582.2,0
UTT_CELL_0120_0046,CELL_0120_0046,UTT,2022-05-05,30.5348,78.72511,1810.9,23.0,173.5,0.113,-0.994,CONIFER_HIGH_FLAMMABILITY,0.487,0.084,12.225000000000001,64.25,2.625,270.25,2.625,-0.011,1.2999999999999998,7.199999999999999,25.26,0,0,3.7,18263.3,0
UTT_CELL_0078_0029,CELL_0078_0029,UTT,2022-05-05,30.34388,78.64114,1662.8,16.2,154.4,0.432,-0.902,CONIFER_HIGH_FLAMMABILITY,0.555,0.084,12.225000000000001,64.25,2.625,270.25,2.625,-0.011,1.2999999999999998,7.199999999999999,25.26,2,2,3.2,4503.3,0
UTT_CELL_0113_0132,CELL_0113_0132,UTT,2022-05-05,30.51029,79.17369,1975.6,29.8,171.0,0.156,-0.988,CONIFER_HIGH_FLAMMABILITY,0.419,0.084,12.225000000000001,64.25,2.625,270.25,2.625,-0.011,1.2999999999999998,7.199999999999999,25.26,0,0,3.7,24961.9,0
UTT_CELL_0052_0046,CELL_0052_0046,UTT,2022-05-05,30.22822,78.7322,1629.8,30.1,142.8,0.605,-0.797,CONIFER_HIGH_FLAMMABILITY,0.416,0.084,12.225000000000001,64.25,2.625,270.25,2.625,-0.011,1.2999999999999998,7.199999999999999,25.26,3,3,3.7,2578.4,0
UTT_CELL_0081_0074,CELL_0081_0074,UTT,2022-05-05,30.36142,78.87477,1766.8,9.1,156.1,0.405,-0.914,CONIFER_HIGH_FLAMMABILITY,0.626,0.084,12.225000000000001,64.25,2.625,270.25,2.625,-0.011,1.2999999999999998,7.199999999999999,25.26,0,0,1.1,8631.5,0
UTT_CELL_0052_0048,CELL_0052_0048,UTT,2022-05-05,30.2284,78.74259,1634.1,30.1,142.8,0.605,-0.797,CONIFER_HIGH_FLAMMABILITY,0.416,0.084,12.225000000000001,64.25,2.625,270.25,2.625,-0.011,1.2999999999999998,7.199999999999999,25.26,2,2,3.2,3168.6,0
UTT_CELL_0013_0074,CELL_0013_0074,UTT,2022-05-05,30.05481,78.88135,1585.4,34.0,125.5,0.814,-0.581,CONIFER_HIGH_FLAMMABILITY,0.377,0.084,12.225000000000001,64.25,2.625,270.25,2.625,-0.011,1.2999999999999998,7.199999999999999,25.26,1,1,3.7,3086.8,0
UTT_CELL_0000_0081,CELL_0000_0081,UTT,2022-05-05,29.99676,78.91886,1565.6,24.1,119.7,0.869,-0.495,CONIFER_HIGH_FLAMMABILITY,0.476,0.084,12.225000000000001,64.25,2.625,270.25,2.625,-0.011,1.2999999999999998,7.199999999999999,25.26,0,0,3.7,5467.7,0
UTT_CELL_0007_0001,CELL_0007_0001,UTT,2022-05-05,30.02111,78.5037,1414.1,30.5,122.1,0.847,-0.531,CONIFER_HIGH_FLAMMABILITY,0.412,0.084,12.225000000000001,64.25,2.625,270.25,2.625,-0.011,1.2999999999999998,7.199999999999999,25.26,1,1,3.7,2925.0,0
UTT_CELL_0065_0065,CELL_0065_0065,UTT,2022-05-05,30.28851,78.82957,1704.9,32.1,148.9,0.517,-0.856,CONIFER_HIGH_FLAMMABILITY,0.396,0.084,12.225000000000001,64.25,2.625,270.25,2.625,-0.011,1.2999999999999998,7.199999999999999,25.26,4,4,1.2,1228.2,0
UTT_CELL_0020_0008,CELL_0020_0008,UTT,2022-05-05,30.0804,78.53851,1463.6,31.9,128.0,0.788,-0.616,CONIFER_HIGH_FLAMMABILITY,0.398,0.084,12.225000000000001,64.25,2.625,270.25,2.625,-0.011,1.2999999999999998,7.199999999999999,25.26,0,0,3.7,8980.5,0
UTT_CELL_0026_0086,CELL_0026_0086,UTT,2022-05-05,30.11441,78.94234,1645.6,23.5,131.4,0.75,-0.661,CONIFER_HIGH_FLAMMABILITY,0.482,0.084,12.225000000000001,64.25,2.625,270.25,2.625,-0.011,1.2999999999999998,7.199999999999999,25.26,2,2,2.7,1682.0,0
UTT_CELL_0107_0089,CELL_0107_0089,UTT,2022-05-05,30.4799,78.95031,1868.1,33.9,168.0,0.208,-0.978,CONIFER_HIGH_FLAMMABILITY,0.378,0.084,12.225000000000001,64.25,2.625,270.25,2.625,-0.011,1.2999999999999998,7.199999999999999,25.26,0,0,1.1,24124.7,0
UTT_CELL_0078_0067,CELL_0078_0067,UTT,2022-05-05,30.3473,78.83867,1743.8,14.8,154.7,0.427,-0.904,CONIFER_HIGH_FLAMMABILITY,0.569,0.084,12.225000000000001,64.25,2.625,270.25,2.625,-0.011,1.2999999999999998,7.199999999999999,25.26,0,0,1.1,6523.9,0
UTT_CELL_0110_0132,CELL_0110_0132,UTT,2022-05-05,30.49676,79.17394,1967.6,32.3,169.7,0.179,-0.984,CONIFER_HIGH_FLAMMABILITY,0.394,0.084,12.225000000000001,64.25,2.625,270.25,2.625,-0.011,1.2999999999999998,7.199999999999999,25.26,0,0,3.7,23553.7,0
UTT_CELL_0114_0016,CELL_0114_0016,UTT,2022-05-05,30.50493,78.56955,1730.8,30.9,170.5,0.165,-0.986,CONIFER_HIGH_FLAMMABILITY,0.408,0.084,12.225000000000001,64.25,2.625,270.25,2.625,-0.011,1.2999999999999998,7.199999999999999,25.26,1,1,2.7,4846.9,0
UTT_CELL_0042_0131,CELL_0042_0131,UTT,2022-05-05,30.19002,79.17443,1783.8,18.5,139.0,0.656,-0.755,CONIFER_HIGH_FLAMMABILITY,0.532,0.084,12.225000000000001,64.25,2.625,270.25,2.625,-0.011,1.2999999999999998,7.199999999999999,25.26,0,0,1.7,11666.0,0
UTT_CELL_0065_0086,CELL_0065_0086,UTT,2022-05-05,30.29027,78.93868,1749.6,31.9,149.0,0.515,-0.857,CONIFER_HIGH_FLAMMABILITY,0.398,0.084,12.225000000000001,64.25,2.625,270.25,2.625,-0.011,1.2999999999999998,7.199999999999999,25.26,0,0,1.2,10046.8,0
UTT_CELL_0046_0017,CELL_0046_0017,UTT,2022-05-05,30.19848,78.58231,1552.0,21.5,139.8,0.645,-0.764,CONIFER_HIGH_FLAMMABILITY,0.502,0.084,12.225000000000001,64.25,2.625,270.25,2.625,-0.011,1.2999999999999998,7.199999999999999,25.26,0,0,3.7,10479.6,0
UTT_CELL_0091_0079,CELL_0091_0079,UTT,2022-05-05,30.40693,78.8998,1804.1,21.2,160.7,0.331,-0.944,CONIFER_HIGH_FLAMMABILITY,0.505,0.084,12.225000000000001,64.25,2.625,270.25,2.625,-0.011,1.2999999999999998,7.199999999999999,25.26,0,0,1.1,14368.2,0
UTT_CELL_0085_0007,CELL_0085_0007,UTT,2022-05-05,30.37332,78.526,1634.4,7.9,157.3,0.386,-0.923,CONIFER_HIGH_FLAMMABILITY,0.638,0.084,12.225000000000001,64.25,2.625,270.25,2.625,-0.011,1.2999999999999998,7.199999999999999,25.26,2,2,2.2,2446.1,0
UTT_CELL_0085_0010,CELL_0085_0010,UTT,2022-05-05,30.37362,78.54159,1640.8,8.1,157.4,0.384,-0.923,CONIFER_HIGH_FLAMMABILITY,0.636,0.084,12.225000000000001,64.25,2.625,270.25,2.625,-0.011,1.2999999999999998,7.199999999999999,25.26,1,1,2.2,4173.9,0
UTT_CELL_0068_0136,CELL_0068_0136,UTT,2022-05-05,30.30764,79.19825,1863.9,28.2,150.8,0.488,-0.873,CONIFER_HIGH_FLAMMABILITY,0.435,0.084,12.225000000000001,64.25,2.625,270.25,2.625,-0.011,1.2999999999999998,7.199999999999999,25.26,0,0,2.1,10152.6,0
UTT_CELL_0023_0078,CELL_0023_0078,UTT,2022-05-05,30.10023,78.90113,1620.6,27.7,130.0,0.766,-0.643,CONIFER_HIGH_FLAMMABILITY,0.44,0.084,12.225000000000001,64.25,2.625,270.25,2.625,-0.011,1.2999999999999998,7.199999999999999,25.26,0,0,2.7,5966.1,0
UTT_CELL_0098_0006,CELL_0098_0006,UTT,2022-05-05,30.43182,78.51932,1666.8,28.7,163.2,0.289,-0.957,CONIFER_HIGH_FLAMMABILITY,0.43,0.084,12.225000000000001,64.25,2.625,270.25,2.625,-0.011,1.2999999999999998,7.199999999999999,25.26,2,2,3.7,2370.6,0
UTT_CELL_0068_0141,CELL_0068_0141,UTT,2022-05-05,30.30799,79.22424,1874.5,28.1,150.8,0.488,-0.873,CONIFER_HIGH_FLAMMABILITY,0.436,0.084,12.225000000000001,64.25,2.625,270.25,2.625,-0.011,1.2999999999999998,7.199999999999999,25.26,0,0,2.1,12965.8,0
UTT_CELL_0124_0004,CELL_0124_0004,UTT,2022-05-05,30.54883,78.50592,1731.7,17.9,174.9,0.089,-0.996,CONIFER_HIGH_FLAMMABILITY,0.538,0.084,12.225000000000001,64.25,2.625,270.25,2.625,-0.011,1.2999999999999998,7.199999999999999,25.26,0,0,2.7,6107.9,0
UTT_CELL_0000_0141,CELL_0000_0141,UTT,2022-05-05,30.00131,79.22973,1692.7,25.5,120.1,0.865,-0.502,CONIFER_HIGH_FLAMMABILITY,0.462,0.084,12.225000000000001,64.25,2.625,270.25,2.625,-0.011,1.2999999999999998,7.199999999999999,25.26,0,0,2.7,13215.5,0
UTT_CELL_0114_0050,CELL_0114_0050,UTT,2022-05-05,30.50811,78.74657,1803.5,30.3,170.8,0.16,-0.987,CONIFER_HIGH_FLAMMABILITY,0.414,0.084,12.225000000000001,64.25,2.625,270.25,2.625,-0.011,1.2999999999999998,7.199999999999999,25.26,0,0,3.7,15174.4,0
UTT_CELL_0117_0086,CELL_0117_0086,UTT,2022-05-05,30.52475,78.93374,1888.3,26.1,172.5,0.131,-0.991,CONIFER_HIGH_FLAMMABILITY,0.456,0.084,12.225000000000001,64.25,2.625,270.25,2.625,-0.011,1.2999999999999998,7.199999999999999,25.26,0,0,3.7,27030.0,0
UTT_CELL_0091_0103,CELL_0091_0103,UTT,2022-05-05,30.40888,79.02466,1855.2,21.9,160.9,0.327,-0.945,CONIFER_HIGH_FLAMMABILITY,0.498,0.084,12.225000000000001,64.25,2.625,270.25,2.625,-0.011,1.2999999999999998,7.199999999999999,25.26,0,0,3.7,15056.5,0
UTT_CELL_0094_0141,CELL_0094_0141,UTT,2022-05-05,30.42525,79.22212,1944.0,27.0,162.5,0.301,-0.954,CONIFER_HIGH_FLAMMABILITY,0.447,0.084,12.225000000000001,64.25,2.625,270.25,2.625,-0.011,1.2999999999999998,7.199999999999999,25.26,0,0,0.7,18452.3,0
UTT_CELL_0078_0114,CELL_0078_0114,UTT,2022-05-05,30.35111,79.08303,1843.9,13.3,155.1,0.421,-0.907,CONIFER_HIGH_FLAMMABILITY,0.584,0.084,12.225000000000001,64.25,2.625,270.25,2.625,-0.011,1.2999999999999998,7.199999999999999,25.26,0,0,3.7,6328.5,0
UTT_CELL_0127_0053,CELL_0127_0053,UTT,2022-05-05,30.56699,78.76084,1844.5,10.7,176.7,0.058,-0.998,CONIFER_HIGH_FLAMMABILITY,0.61,0.084,12.225000000000001,64.25,2.625,270.25,2.625,-0.011,1.2999999999999998,7.199999999999999,25.26,0,0,3.7,21783.5,0
UTT_CELL_0046_0054,CELL_0046_0054,UTT,2022-05-05,30.20188,78.77435,1630.9,22.7,140.2,0.64,-0.768,CONIFER_HIGH_FLAMMABILITY,0.49,0.084,12.225000000000001,64.25,2.625,270.25,2.625,-0.011,1.2999999999999998,7.199999999999999,25.26,1,1,3.2,2806.1,0
UTT_CELL_0069_0006,CELL_0069_0006,UTT,2022-05-05,30.3011,78.52262,1589.7,29.8,150.1,0.498,-0.867,CONIFER_HIGH_FLAMMABILITY,0.419,0.084,12.225000000000001,64.25,2.625,270.25,2.625,-0.011,1.2999999999999998,7.199999999999999,25.26,0,0,2.7,5070.3,0
UTT_CELL_0101_0071,CELL_0101_0071,UTT,2022-05-05,30.45134,78.8572,1813.7,32.5,165.1,0.257,-0.966,CONIFER_HIGH_FLAMMABILITY,0.392,0.084,12.225000000000001,64.25,2.625,270.25,2.625,-0.011,1.2999999999999998,7.199999999999999,25.26,0,0,3.7,15330.6,0
UTT_CELL_0078_0123,CELL_0078_0123,UTT,2022-05-05,30.35179,79.12983,1863.0,13.0,155.2,0.419,-0.908,CONIFER_HIGH_FLAMMABILITY,0.587,0.084,12.225000000000001,64.25,2.625,270.25,2.625,-0.011,1.2999999999999998,7.199999999999999,25.26,0,0,3.7,6812.4,0
UTT_CELL_0043_0022,CELL_0043_0022,UTT,2022-05-05,30.18543,78.60858,1554.7,16.7,138.5,0.663,-0.749,CONIFER_HIGH_FLAMMABILITY,0.55,0.084,12.225000000000001,64.25,2.625,270.25,2.625,-0.011,1.2999999999999998,7.199999999999999,25.26,0,0,3.7,9849.5,0
UTT_CELL_0124_0027,CELL_0124_0027,UTT,2022-05-05,30.55107,78.62572,1780.9,17.1,175.1,0.085,-0.996,CONIFER_HIGH_FLAMMABILITY,0.546,0.084,12.225000000000001,64.25,2.625,270.25,2.625,-0.011,1.2999999999999998,7.199999999999999,25.26,0,0,2.7,12503.9,0
UTT_CELL_0091_0124,CELL_0091_0124,UTT,2022-05-05,30.41049,79.13391,1899.9,22.4,161.0,0.326,-0.946,CONIFER_HIGH_FLAMMABILITY,0.493,0.084,12.225000000000001,64.25,2.625,270.25,2.625,-0.011,1.2999999999999998,7.199999999999999,25.26,0,0,3.7,13069.1,0
UTT_CELL_0114_0075,CELL_0114_0075,UTT,2022-05-05,30.5103,78.87674,1856.9,29.8,171.0,0.156,-0.988,CONIFER_HIGH_FLAMMABILITY,0.419,0.084,12.225000000000001,64.25,2.625,270.25,2.625,-0.011,1.2999999999999998,7.199999999999999,25.26,0,0,3.7,21282.0,0
UTT_CELL_0010_0127,CELL_0010_0127,UTT,2022-05-05,30.04542,79.15635,1689.8,33.7,124.5,0.824,-0.566,CONIFER_HIGH_FLAMMABILITY,0.38,0.084,12.225000000000001,64.25,2.625,270.25,2.625,-0.011,1.2999999999999998,7.199999999999999,25.26,0,0,3.7,12969.3,0
UTT_CELL_0098_0048,CELL_0098_0048,UTT,2022-05-05,30.4358,78.73782,1756.6,29.7,163.6,0.282,-0.959,CONIFER_HIGH_FLAMMABILITY,0.42,0.084,12.225000000000001,64.25,2.625,270.25,2.625,-0.011,1.2999999999999998,7.199999999999999,25.26,0,0,3.7,7184.8,0
UTT_CELL_0104_0126,CELL_0104_0126,UTT,2022-05-05,30.46926,79.14321,1938.8,33.9,166.9,0.227,-0.974,CONIFER_HIGH_FLAMMABILITY,0.378,0.084,12.225000000000001,64.25,2.625,270.25,2.625,-0.011,1.2999999999999998,7.199999999999999,25.26,0,0,3.7,19642.3,0
UTT_CELL_0104_0127,CELL_0104_0127,UTT,2022-05-05,30.46934,79.14841,1941.0,33.9,166.9,0.227,-0.974,CONIFER_HIGH_FLAMMABILITY,0.378,0.084,12.225000000000001,64.25,2.625,270.25,2.625,-0.011,1.2999999999999998,7.199999999999999,25.26,0,0,3.7,19793.8,0
UTT_CELL_0014_0012,CELL_0014_0012,UTT,2022-05-05,30.05374,78.55991,1456.2,34.0,125.4,0.815,-0.579,CONIFER_HIGH_FLAMMABILITY,0.377,0.084,12.225000000000001,64.25,2.625,270.25,2.625,-0.011,1.2999999999999998,7.199999999999999,25.26,0,0,3.7,7230.4,0
UTT_CELL_0075_0102,CELL_0075_0102,UTT,2022-05-05,30.33665,79.02091,1810.4,19.0,153.7,0.443,-0.896,CONIFER_HIGH_FLAMMABILITY,0.527,0.084,12.225000000000001,64.25,2.625,270.25,2.625,-0.011,1.2999999999999998,7.199999999999999,25.26,0,0,3.7,9978.0,0
UTT_CELL_0007_0097,CELL_0007_0097,UTT,2022-05-05,30.02961,79.00112,1618.2,32.1,123.0,0.839,-0.545,CONIFER_HIGH_FLAMMABILITY,0.396,0.084,12.225000000000001,64.25,2.625,270.25,2.625,-0.011,1.2999999999999998,7.199999999999999,25.26,2,2,3.7,4146.1,0
UTT_CELL_0001_0023,CELL_0001_0023,UTT,2022-05-05,29.99618,78.61832,1445.0,23.9,119.6,0.869,-0.494,CONIFER_HIGH_FLAMMABILITY,0.478,0.084,12.225000000000001,64.25,2.625,270.25,2.625,-0.011,1.2999999999999998,7.199999999999999,25.26,0,0,3.2,7950.3,0
UTT_CELL_0033_0088,CELL_0033_0088,UTT,2022-05-05,30.14614,78.95206,1668.5,11.5,134.6,0.712,-0.702,CONIFER_HIGH_FLAMMABILITY,0.602,0.084,12.225000000000001,64.25,2.625,270.25,2.625,-0.011,1.2999999999999998,7.199999999999999,25.26,3,3,2.7,1606.2,1
UTT_CELL_0043_0045,CELL_0043_0045,UTT,2022-05-05,30.18756,78.72794,1603.7,17.5,138.8,0.659,-0.752,CONIFER_HIGH_FLAMMABILITY,0.542,0.084,12.225000000000001,64.25,2.625,270.25,2.625,-0.011,1.2999999999999998,7.199999999999999,25.26,7,7,2.2,1728.8,1
UTT_CELL_0033_0089,CELL_0033_0089,UTT,2022-05-05,30.14622,78.95725,1670.6,11.5,134.6,0.712,-0.702,CONIFER_HIGH_FLAMMABILITY,0.602,0.084,12.225000000000001,64.25,2.625,270.25,2.625,-0.011,1.2999999999999998,7.199999999999999,25.26,3,3,2.7,1933.7,1
UTT_CELL_0033_0090,CELL_0033_0090,UTT,2022-05-05,30.1463,78.96244,1672.8,11.4,134.6,0.712,-0.702,CONIFER_HIGH_FLAMMABILITY,0.603,0.084,12.225000000000001,64.25,2.625,270.25,2.625,-0.011,1.2999999999999998,7.199999999999999,25.26,3,3,2.7,2358.4,1
UTT_CELL_0043_0044,CELL_0043_0044,UTT,2022-05-05,30.18747,78.72275,1601.6,17.5,138.7,0.66,-0.751,CONIFER_HIGH_FLAMMABILITY,0.542,0.084,12.225000000000001,64.25,2.625,270.25,2.625,-0.011,1.2999999999999998,7.199999999999999,25.26,7,7,2.2,1394.5,1
UTT_CELL_0007_0100,CELL_0007_0100,UTT,2022-05-05,30.02985,79.01667,1624.6,32.1,123.0,0.839,-0.545,CONIFER_HIGH_FLAMMABILITY,0.396,0.084,12.225000000000001,64.25,2.625,270.25,2.625,-0.011,1.2999999999999998,7.199999999999999,25.26,3,3,3.7,2510.3,0
UTT_CELL_0053_0000,CELL_0053_0000,UTT,2022-05-05,30.22838,78.49328,1534.3,30.1,142.8,0.605,-0.797,CONIFER_HIGH_FLAMMABILITY,0.416,0.084,12.225000000000001,64.25,2.625,270.25,2.625,-0.011,1.2999999999999998,7.199999999999999,25.26,1,1,3.7,479.5,0
UTT_CELL_0088_0104,CELL_0088_0104,UTT,2022-05-05,30.39543,79.03013,1849.3,16.9,159.5,0.35,-0.937,CONIFER_HIGH_FLAMMABILITY,0.548,0.084,12.225000000000001,64.25,2.625,270.25,2.625,-0.011,1.2999999999999998,7.199999999999999,25.26,0,0,3.7,13487.1,0
UTT_CELL_0059_0081,CELL_0059_0081,UTT,2022-05-05,30.26281,78.91327,1723.0,34.0,146.3,0.555,-0.832,CONIFER_HIGH_FLAMMABILITY,0.377,0.084,12.225000000000001,64.25,2.625,270.25,2.625,-0.011,1.2999999999999998,7.199999999999999,25.26,0,0,1.2,7655.9,0
UTT_CELL_0010_0144,CELL_0010_0144,UTT,2022-05-05,30.04662,79.24448,1725.8,33.8,124.7,0.822,-0.569,CONIFER_HIGH_FLAMMABILITY,0.379,0.084,12.225000000000001,64.25,2.625,270.25,2.625,-0.011,1.2999999999999998,7.199999999999999,25.26,0,0,2.2,15696.8,0
UTT_CELL_0053_0013,CELL_0053_0013,UTT,2022-05-05,30.22965,78.56077,1562.1,30.4,143.0,0.602,-0.799,CONIFER_HIGH_FLAMMABILITY,0.413,0.084,12.225000000000001,64.25,2.625,270.25,2.625,-0.011,1.2999999999999998,7.199999999999999,25.26,0,0,3.7,7707.1,0
UTT_CELL_0066_0013,CELL_0066_0013,UTT,2022-05-05,30.28826,78.55932,1596.7,32.2,148.8,0.518,-0.855,CONIFER_HIGH_FLAMMABILITY,0.395,0.084,12.225000000000001,64.25,2.625,270.25,2.625,-0.011,1.2999999999999998,7.199999999999999,25.26,1,1,2.7,1675.0,0
UTT_CELL_0098_0086,CELL_0098_0086,UTT,2022-05-05,30.43907,78.93555,1837.7,30.4,163.9,0.277,-0.961,CONIFER_HIGH_FLAMMABILITY,0.413,0.084,12.225000000000001,64.25,2.625,270.25,2.625,-0.011,1.2999999999999998,7.199999999999999,25.26,0,0,1.1,19374.7,0
UTT_CELL_0059_0106,CELL_0059_0106,UTT,2022-05-05,30.26481,79.04314,1776.1,34.0,146.5,0.552,-0.834,CONIFER_HIGH_FLAMMABILITY,0.377,0.084,12.225000000000001,64.25,2.625,270.25,2.625,-0.011,1.2999999999999998,7.199999999999999,25.26,0,0,3.2,5799.2,0
UTT_CELL_0030_0080,CELL_0030_0080,UTT,2022-05-05,30.13196,78.91084,1643.5,17.2,133.2,0.729,-0.685,CONIFER_HIGH_FLAMMABILITY,0.545,0.084,12.225000000000001,64.25,2.625,270.25,2.625,-0.011,1.2999999999999998,7.199999999999999,25.26,2,2,2.7,3881.7,0
UTT_CELL_0121_0054,CELL_0121_0054,UTT,2022-05-05,30.54003,78.76667,1830.7,21.2,174.0,0.105,-0.995,CONIFER_HIGH_FLAMMABILITY,0.505,0.084,12.225000000000001,64.25,2.625,270.25,2.625,-0.011,1.2999999999999998,7.199999999999999,25.26,0,0,3.7,18876.0,0
UTT_CELL_0108_0061,CELL_0108_0061,UTT,2022-05-05,30.48204,78.80445,1811.0,33.8,168.2,0.204,-0.979,CONIFER_HIGH_FLAMMABILITY,0.379,0.084,12.225000000000001,64.25,2.625,270.25,2.625,-0.011,1.2999999999999998,7.199999999999999,25.26,0,0,3.7,13962.8,0
UTT_CELL_0124_0094,CELL_0124_0094,UTT,2022-05-05,30.55697,78.97475,1924.1,14.8,175.7,0.075,-0.997,CONIFER_HIGH_FLAMMABILITY,0.569,0.084,12.225000000000001,64.25,2.625,270.25,2.625,-0.011,1.2999999999999998,7.199999999999999,25.26,0,0,3.7,32088.9,0
UTT_CELL_0040_0055,CELL_0040_0055,UTT,2022-05-05,30.17492,78.78015,1617.0,12.5,137.5,0.676,-0.737,CONIFER_HIGH_FLAMMABILITY,0.592,0.084,12.225000000000001,64.25,2.625,270.25,2.625,-0.011,1.2999999999999998,7.199999999999999,25.26,1,1,3.2,4473.0,0
UTT_CELL_0088_0155,CELL_0088_0155,UTT,2022-05-05,30.39916,79.29545,1957.7,18.3,159.9,0.344,-0.939,CONIFER_HIGH_FLAMMABILITY,0.534,0.084,12.225000000000001,64.25,2.625,270.25,2.625,-0.011,1.2999999999999998,7.199999999999999,25.26,0,0,0.7,10418.4,0
UTT_CELL_0092_0038,CELL_0092_0038,UTT,2022-05-05,30.40783,78.68643,1719.3,21.5,160.8,0.329,-0.944,CONIFER_HIGH_FLAMMABILITY,0.502,0.084,12.225000000000001,64.25,2.625,270.25,2.625,-0.011,1.2999999999999998,7.199999999999999,25.26,2,2,3.2,4059.6,0
UTT_CELL_0063_0023,CELL_0063_0023,UTT,2022-05-05,30.27569,78.61159,1610.1,33.6,147.6,0.536,-0.844,CONIFER_HIGH_FLAMMABILITY,0.381,0.084,12.225000000000001,64.25,2.625,270.25,2.625,-0.011,1.2999999999999998,7.199999999999999,25.26,0,0,2.7,5533.4,0
UTT_CELL_0011_0048,CELL_0011_0048,UTT,2022-05-05,30.04355,78.74679,1524.8,33.6,124.4,0.825,-0.565,CONIFER_HIGH_FLAMMABILITY,0.381,0.084,12.225000000000001,64.25,2.625,270.25,2.625,-0.011,1.2999999999999998,7.199999999999999,25.26,0,0,0.7,6508.9,0
UTT_CELL_0050_0031,CELL_0050_0031,UTT,2022-05-05,30.21784,78.65454,1592.5,27.5,141.8,0.618,-0.786,CONIFER_HIGH_FLAMMABILITY,0.442,0.084,12.225000000000001,64.25,2.625,270.25,2.625,-0.011,1.2999999999999998,7.199999999999999,25.26,1,1,3.7,4134.5,0
UTT_CELL_0011_0050,CELL_0011_0050,UTT,2022-05-05,30.04372,78.75716,1529.1,33.6,124.4,0.825,-0.565,CONIFER_HIGH_FLAMMABILITY,0.381,0.084,12.225000000000001,64.25,2.625,270.25,2.625,-0.011,1.2999999999999998,7.199999999999999,25.26,0,0,0.7,5393.5,0
UTT_CELL_0115_0000,CELL_0115_0000,UTT,2022-05-05,30.50786,78.48614,1699.2,30.4,170.8,0.16,-0.987,CONIFER_HIGH_FLAMMABILITY,0.413,0.084,12.225000000000001,64.25,2.625,270.25,2.625,-0.011,1.2999999999999998,7.199999999999999,25.26,1,1,2.7,4614.6,0
UTT_CELL_0072_0142,CELL_0072_0142,UTT,2022-05-05,30.3261,79.22911,1887.3,22.7,152.6,0.46,-0.888,CONIFER_HIGH_FLAMMABILITY,0.49,0.084,12.225000000000001,64.25,2.625,270.25,2.625,-0.011,1.2999999999999998,7.199999999999999,25.26,0,0,2.1,14038.5,0
UTT_CELL_0121_0081,CELL_0121_0081,UTT,2022-05-05,30.54237,78.90731,1888.3,20.3,174.2,0.101,-0.995,CONIFER_HIGH_FLAMMABILITY,0.514,0.084,12.225000000000001,64.25,2.625,270.25,2.625,-0.011,1.2999999999999998,7.199999999999999,25.26,0,0,3.7,26199.6,0
UTT_CELL_0098_0132,CELL_0098_0132,UTT,2022-05-05,30.44264,79.17495,1935.6,31.1,164.3,0.271,-0.963,CONIFER_HIGH_FLAMMABILITY,0.406,0.084,12.225000000000001,64.25,2.625,270.25,2.625,-0.011,1.2999999999999998,7.199999999999999,25.26,0,0,3.7,18072.2,0
UTT_CELL_0030_0125,CELL_0030_0125,UTT,2022-05-05,30.13547,79.1443,1739.0,15.8,133.5,0.725,-0.688,CONIFER_HIGH_FLAMMABILITY,0.559,0.084,12.225000000000001,64.25,2.625,270.25,2.625,-0.011,1.2999999999999998,7.199999999999999,25.26,0,0,0.5,15607.0,0
UTT_CELL_0014_0094,CELL_0014_0094,UTT,2022-05-05,30.06094,78.98493,1630.5,33.9,126.1,0.808,-0.589,CONIFER_HIGH_FLAMMABILITY,0.378,0.084,12.225000000000001,64.25,2.625,270.25,2.625,-0.011,1.2999999999999998,7.199999999999999,25.26,0,0,3.7,7267.5,0
UTT_CELL_0059_0151,CELL_0059_0151,UTT,2022-05-05,30.2681,79.27693,1871.6,33.9,146.8,0.548,-0.837,CONIFER_HIGH_FLAMMABILITY,0.378,0.084,12.225000000000001,64.25,2.625,270.25,2.625,-0.011,1.2999999999999998,7.199999999999999,25.26,0,0,3.7,11526.8,0
UTT_CELL_0102_0014,CELL_0102_0014,UTT,2022-05-05,30.45064,78.56048,1694.6,32.4,165.1,0.257,-0.966,CONIFER_HIGH_FLAMMABILITY,0.393,0.084,12.225000000000001,64.25,2.625,270.25,2.625,-0.011,1.2999999999999998,7.199999999999999,25.26,1,1,2.7,1537.6,0
UTT_CELL_0072_0155,CELL_0072_0155,UTT,2022-05-05,30.327,79.2967,1914.9,22.4,152.7,0.459,-0.889,CONIFER_HIGH_FLAMMABILITY,0.493,0.084,12.225000000000001,64.25,2.625,270.25,2.625,-0.011,1.2999999999999998,7.199999999999999,25.26,0,0,2.7,9191.9,1
UTT_CELL_0076_0035,CELL_0076_0035,UTT,2022-05-05,30.33542,78.67254,1670.3,19.4,153.5,0.446,-0.895,CONIFER_HIGH_FLAMMABILITY,0.523,0.084,12.225000000000001,64.25,2.625,270.25,2.625,-0.011,1.2999999999999998,7.199999999999999,25.26,8,8,3.2,2694.6,0
UTT_CELL_0021_0022,CELL_0021_0022,UTT,2022-05-05,30.08625,78.61097,1496.1,30.9,128.6,0.782,-0.624,CONIFER_HIGH_FLAMMABILITY,0.408,0.084,12.225000000000001,64.25,2.625,270.25,2.625,-0.011,1.2999999999999998,7.199999999999999,25.26,0,0,3.7,13716.2,0
UTT_CELL_0037_0055,CELL_0037_0055,UTT,2022-05-05,30.16139,78.78045,1609.0,6.9,136.1,0.693,-0.721,CONIFER_HIGH_FLAMMABILITY,0.648,0.084,12.225000000000001,64.25,2.625,270.25,2.625,-0.011,1.2999999999999998,7.199999999999999,25.26,0,0,3.2,5573.1,0
UTT_CELL_0085_0155,CELL_0085_0155,UTT,2022-05-05,30.38563,79.29568,1949.7,13.0,158.6,0.365,-0.931,CONIFER_HIGH_FLAMMABILITY,0.587,0.084,12.225000000000001,64.25,2.625,270.25,2.625,-0.011,1.2999999999999998,7.199999999999999,25.26,0,0,0.7,10743.8,0
UTT_CELL_0073_0003,CELL_0073_0003,UTT,2022-05-05,30.31883,78.50657,1593.9,25.1,151.9,0.471,-0.882,CONIFER_HIGH_FLAMMABILITY,0.466,0.084,12.225000000000001,64.25,2.625,270.25,2.625,-0.011,1.2999999999999998,7.199999999999999,25.26,0,0,3.7,5449.5,0
UTT_CELL_0066_0087,CELL_0066_0087,UTT,2022-05-05,30.29487,78.94378,1754.4,31.1,149.5,0.508,-0.862,CONIFER_HIGH_FLAMMABILITY,0.406,0.084,12.225000000000001,64.25,2.625,270.25,2.625,-0.011,1.2999999999999998,7.199999999999999,25.26,0,0,1.2,10648.1,0
UTT_CELL_0027_0103,CELL_0027_0103,UTT,2022-05-05,30.12028,79.03043,1684.3,21.5,132.0,0.743,-0.669,CONIFER_HIGH_FLAMMABILITY,0.502,0.084,12.225000000000001,64.25,2.625,270.25,2.625,-0.011,1.2999999999999998,7.199999999999999,25.26,0,0,3.7,5201.3,0
UTT_CELL_0134_0096,CELL_0134_0096,UTT,2022-05-05,30.60222,78.98424,1955.0,15.9,180.2,-0.003,-1.0,CONIFER_HIGH_FLAMMABILITY,0.558,0.084,12.225000000000001,64.25,2.625,270.25,2.625,-0.011,1.2999999999999998,7.199999999999999,25.26,0,0,3.7,36276.3,0
UTT_CELL_0001_0116,CELL_0001_0116,UTT,2022-05-05,30.00402,79.1001,1642.5,26.3,120.4,0.863,-0.506,CONIFER_HIGH_FLAMMABILITY,0.454,0.084,12.225000000000001,64.25,2.625,270.25,2.625,-0.011,1.2999999999999998,7.199999999999999,25.26,0,0,3.7,6157.4,0
UTT_CELL_0102_0030,CELL_0102_0030,UTT,2022-05-05,30.45217,78.64374,1728.8,32.6,165.2,0.255,-0.967,CONIFER_HIGH_FLAMMABILITY,0.391,0.084,12.225000000000001,64.25,2.625,270.25,2.625,-0.011,1.2999999999999998,7.199999999999999,25.26,0,0,3.2,9275.3,0
UTT_CELL_0105_0077,CELL_0105_0077,UTT,2022-05-05,30.46989,78.88804,1837.1,34.0,167.0,0.225,-0.974,CONIFER_HIGH_FLAMMABILITY,0.377,0.084,12.225000000000001,64.25,2.625,270.25,2.625,-0.011,1.2999999999999998,7.199999999999999,25.26,0,0,3.7,19315.7,0
UTT_CELL_0082_0131,CELL_0082_0131,UTT,2022-05-05,30.37042,79.17109,1890.7,6.7,157.0,0.391,-0.921,CONIFER_HIGH_FLAMMABILITY,0.65,0.084,12.225000000000001,64.25,2.625,270.25,2.625,-0.011,1.2999999999999998,7.199999999999999,25.26,0,0,3.7,11193.8,0
UTT_CELL_0063_0062,CELL_0063_0062,UTT,2022-05-05,30.27923,78.81418,1693.2,33.3,147.9,0.531,-0.847,CONIFER_HIGH_FLAMMABILITY,0.384,0.084,12.225000000000001,64.25,2.625,270.25,2.625,-0.011,1.2999999999999998,7.199999999999999,25.26,4,4,1.2,3011.2,0
UTT_CELL_0008_0047,CELL_0008_0047,UTT,2022-05-05,30.02993,78.74192,1514.7,32.1,123.0,0.839,-0.545,CONIFER_HIGH_FLAMMABILITY,0.396,0.084,12.225000000000001,64.25,2.625,270.25,2.625,-0.011,1.2999999999999998,7.199999999999999,25.26,0,0,0.7,6911.1,0
UTT_CELL_0063_0065,CELL_0063_0065,UTT,2022-05-05,30.27949,78.82976,1699.6,33.2,147.9,0.531,-0.847,CONIFER_HIGH_FLAMMABILITY,0.385,0.084,12.225000000000001,64.25,2.625,270.25,2.625,-0.011,1.2999999999999998,7.199999999999999,25.26,4,4,1.2,1396.1,1
UTT_CELL_0108_0125,CELL_0108_0125,UTT,2022-05-05,30.48722,79.13766,1947.4,33.4,168.7,0.196,-0.981,CONIFER_HIGH_FLAMMABILITY,0.383,0.084,12.225000000000001,64.25,2.625,270.25,2.625,-0.011,1.2999999999999998,7.199999999999999,25.26,0,0,3.7,21462.7,0
UTT_CELL_0102_0050,CELL_0102_0050,UTT,2022-05-05,30.45401,78.74781,1771.5,32.8,165.4,0.252,-0.968,CONIFER_HIGH_FLAMMABILITY,0.389,0.084,12.225000000000001,64.25,2.625,270.25,2.625,-0.011,1.2999999999999998,7.199999999999999,25.26,0,0,3.7,9174.6,0
UTT_CELL_0063_0070,CELL_0063_0070,UTT,2022-05-05,30.27992,78.85574,1710.2,33.2,148.0,0.53,-0.848,CONIFER_HIGH_FLAMMABILITY,0.385,0.084,12.225000000000001,64.25,2.625,270.25,2.625,-0.011,1.2999999999999998,7.199999999999999,25.26,4,4,1.2,1060.7,1
UTT_CELL_0066_0109,CELL_0066_0109,UTT,2022-05-05,30.29661,79.0581,1801.2,30.7,149.7,0.505,-0.863,CONIFER_HIGH_FLAMMABILITY,0.41,0.084,12.225000000000001,64.25,2.625,270.25,2.625,-0.011,1.2999999999999998,7.199999999999999,25.26,2,2,3.7,4840.1,0
UTT_CELL_0108_0130,CELL_0108_0130,UTT,2022-05-05,30.48759,79.16369,1958.0,33.4,168.8,0.194,-0.981,CONIFER_HIGH_FLAMMABILITY,0.383,0.084,12.225000000000001,64.25,2.625,270.25,2.625,-0.011,1.2999999999999998,7.199999999999999,25.26,0,0,3.7,22221.6,0
UTT_CELL_0086_0026,CELL_0086_0026,UTT,2022-05-05,30.37966,78.62467,1677.7,10.6,158.0,0.375,-0.927,CONIFER_HIGH_FLAMMABILITY,0.611,0.084,12.225000000000001,64.25,2.625,270.25,2.625,-0.011,1.2999999999999998,7.199999999999999,25.26,0,0,3.2,5390.8,0
UTT_CELL_0092_0105,CELL_0092_0105,UTT,2022-05-05,30.41355,79.03497,1862.1,23.4,161.4,0.319,-0.948,CONIFER_HIGH_FLAMMABILITY,0.483,0.084,12.225000000000001,64.25,2.625,270.25,2.625,-0.011,1.2999999999999998,7.199999999999999,25.26,0,0,3.7,14883.9,0
UTT_CELL_0014_0146,CELL_0014_0146,UTT,2022-05-05,30.0648,79.25453,1740.7,33.7,126.5,0.804,-0.595,CONIFER_HIGH_FLAMMABILITY,0.38,0.084,12.225000000000001,64.25,2.625,270.25,2.625,-0.011,1.2999999999999998,7.199999999999999,25.26,0,0,2.2,13528.7,0
UTT_CELL_0089_0073,CELL_0089_0073,UTT,2022-05-05,30.39741,78.86879,1786.0,17.7,159.7,0.347,-0.938,CONIFER_HIGH_FLAMMABILITY,0.54,0.084,12.225000000000001,64.25,2.625,270.25,2.625,-0.011,1.2999999999999998,7.199999999999999,25.26,0,0,1.1,12284.4,0
UTT_CELL_0014_0150,CELL_0014_0150,UTT,2022-05-05,30.06508,79.27527,1749.2,33.7,126.5,0.804,-0.595,CONIFER_HIGH_FLAMMABILITY,0.38,0.084,12.225000000000001,64.25,2.625,270.25,2.625,-0.011,1.2999999999999998,7.199999999999999,25.26,0,0,2.2,11822.7,0
UTT_CELL_0115_0064,CELL_0115_0064,UTT,2022-05-05,30.51386,78.81936,1836.1,29.0,171.4,0.15,-0.989,CONIFER_HIGH_FLAMMABILITY,0.427,0.084,12.225000000000001,64.25,2.625,270.25,2.625,-0.011,1.2999999999999998,7.199999999999999,25.26,0,0,3.7,17858.6,0
UTT_CELL_0037_0105,CELL_0037_0105,UTT,2022-05-05,30.16553,79.03991,1715.3,8.6,136.6,0.687,-0.727,CONIFER_HIGH_FLAMMABILITY,0.631,0.084,12.225000000000001,64.25,2.625,270.25,2.625,-0.011,1.2999999999999998,7.199999999999999,25.26,0,0,3.7,5799.1,0
UTT_CELL_0021_0073,CELL_0021_0073,UTT,2022-05-05,30.09079,78.87539,1604.6,30.0,129.1,0.776,-0.631,CONIFER_HIGH_FLAMMABILITY,0.417,0.084,12.225000000000001,64.25,2.625,270.25,2.625,-0.011,1.2999999999999998,7.199999999999999,25.26,0,0,3.7,6224.6,0
UTT_CELL_0073_0051,CELL_0073_0051,UTT,2022-05-05,30.32335,78.75601,1696.4,23.6,152.3,0.465,-0.885,CONIFER_HIGH_FLAMMABILITY,0.481,0.084,12.225000000000001,64.25,2.625,270.25,2.625,-0.011,1.2999999999999998,7.199999999999999,25.26,5,5,2.7,3643.3,0
UTT_CELL_0128_0068,CELL_0128_0068,UTT,2022-05-05,30.57282,78.83889,1879.3,8.2,177.3,0.047,-0.999,CONIFER_HIGH_FLAMMABILITY,0.635,0.084,12.225000000000001,64.25,2.625,270.25,2.625,-0.011,1.2999999999999998,7.199999999999999,25.26,0,0,3.7,24686.3,0
UTT_CELL_0134_0144,CELL_0134_0144,UTT,2022-05-05,30.60585,79.23448,2057.3,17.3,180.6,-0.01,-1.0,CONIFER_MODERATE_FLAMMABILITY,0.544,0.084,12.225000000000001,64.25,2.625,270.25,2.625,-0.011,1.2999999999999998,7.199999999999999,25.26,0,0,0.7,27219.1,0
UTT_CELL_0066_0139,CELL_0066_0139,UTT,2022-05-05,30.29883,79.21401,1864.9,30.3,149.9,0.502,-0.865,CONIFER_HIGH_FLAMMABILITY,0.414,0.084,12.225000000000001,64.25,2.625,270.25,2.625,-0.011,1.2999999999999998,7.199999999999999,25.26,0,0,2.1,11666.9,0
UTT_CELL_0066_0140,CELL_0066_0140,UTT,2022-05-05,30.2989,79.21921,1867.0,30.3,149.9,0.502,-0.865,CONIFER_HIGH_FLAMMABILITY,0.414,0.084,12.225000000000001,64.25,2.625,270.25,2.625,-0.011,1.2999999999999998,7.199999999999999,25.26,0,0,2.1,12239.2,0
UTT_CELL_0024_0121,CELL_0024_0121,UTT,2022-05-05,30.10811,79.12406,1714.5,25.4,130.8,0.757,-0.653,CONIFER_HIGH_FLAMMABILITY,0.463,0.084,12.225000000000001,64.25,2.625,270.25,2.625,-0.011,1.2999999999999998,7.199999999999999,25.26,0,0,3.7,13436.7,0
UTT_CELL_0073_0060,CELL_0073_0060,UTT,2022-05-05,30.32415,78.80278,1715.6,23.4,152.4,0.463,-0.886,CONIFER_HIGH_FLAMMABILITY,0.483,0.084,12.225000000000001,64.25,2.625,270.25,2.625,-0.011,1.2999999999999998,7.199999999999999,25.26,0,0,1.2,5928.6,0
UTT_CELL_0028_0002,CELL_0028_0002,UTT,2022-05-05,30.11588,78.5065,1472.1,23.0,131.6,0.748,-0.664,CONIFER_HIGH_FLAMMABILITY,0.487,0.084,12.225000000000001,64.25,2.625,270.25,2.625,-0.011,1.2999999999999998,7.199999999999999,25.26,0,0,3.7,12163.1,0
UTT_CELL_0034_0086,CELL_0034_0086,UTT,2022-05-05,30.15049,78.94159,1666.9,9.7,135.0,0.707,-0.707,CONIFER_HIGH_FLAMMABILITY,0.62,0.084,12.225000000000001,64.25,2.625,270.25,2.625,-0.011,1.2999999999999998,7.199999999999999,25.26,2,2,2.7,1985.6,1
UTT_CELL_0128_0085,CELL_0128_0085,UTT,2022-05-05,30.57426,78.92748,1915.5,7.6,177.4,0.045,-0.999,CONIFER_HIGH_FLAMMABILITY,0.641,0.084,12.225000000000001,64.25,2.625,270.25,2.625,-0.011,1.2999999999999998,7.199999999999999,25.26,0,0,3.7,30318.3,0
UTT_CELL_0034_0090,CELL_0034_0090,UTT,2022-05-05,30.15081,78.96234,1675.4,9.6,135.1,0.706,-0.708,CONIFER_HIGH_FLAMMABILITY,0.621,0.084,12.225000000000001,64.25,2.625,270.25,2.625,-0.011,1.2999999999999998,7.199999999999999,25.26,3,3,2.7,2691.0,0
UTT_CELL_0105_0136,CELL_0105_0136,UTT,2022-05-05,30.4745,79.19519,1962.8,34.0,167.5,0.216,-0.976,CONIFER_HIGH_FLAMMABILITY,0.377,0.084,12.225000000000001,64.25,2.625,270.25,2.625,-0.011,1.2999999999999998,7.199999999999999,25.26,0,0,3.7,22244.7,0
UTT_CELL_0005_0066,CELL_0005_0066,UTT,2022-05-05,30.01806,78.84067,1547.1,29.9,121.8,0.85,-0.527,CONIFER_HIGH_FLAMMABILITY,0.418,0.084,12.225000000000001,64.25,2.625,270.25,2.625,-0.011,1.2999999999999998,7.199999999999999,25.26,4,4,3.7,2750.0,0
UTT_CELL_0125_0049,CELL_0125_0049,UTT,2022-05-05,30.55761,78.74021,1830.7,14.5,175.8,0.073,-0.997,CONIFER_HIGH_FLAMMABILITY,0.572,0.084,12.225000000000001,64.25,2.625,270.25,2.625,-0.011,1.2999999999999998,7.199999999999999,25.26,0,0,3.7,20673.2,0
UTT_CELL_0092_0149,CELL_0092_0149,UTT,2022-05-05,30.41679,79.26391,1955.6,24.5,161.7,0.314,-0.949,CONIFER_HIGH_FLAMMABILITY,0.472,0.084,12.225000000000001,64.25,2.625,270.25,2.625,-0.011,1.2999999999999998,7.199999999999999,25.26,0,0,0.7,13777.9,0
UTT_CELL_0073_0079,CELL_0073_0079,UTT,2022-05-05,30.32577,78.90154,1756.1,22.8,152.6,0.46,-0.888,CONIFER_HIGH_FLAMMABILITY,0.489,0.084,12.225000000000001,64.25,2.625,270.25,2.625,-0.011,1.2999999999999998,7.199999999999999,25.26,0,0,1.1,7357.0,0
UTT_CELL_0096_0031,CELL_0096_0031,UTT,2022-05-05,30.42522,78.64959,1715.0,27.0,162.5,0.301,-0.954,CONIFER_HIGH_FLAMMABILITY,0.447,0.084,12.225000000000001,64.25,2.625,270.25,2.625,-0.011,1.2999999999999998,7.199999999999999,25.26,0,0,3.2,6259.8,0
UTT_CELL_0037_0138,CELL_0037_0138,UTT,2022-05-05,30.16797,79.21118,1785.3,9.6,136.8,0.685,-0.729,CONIFER_HIGH_FLAMMABILITY,0.621,0.084,12.225000000000001,64.25,2.625,270.25,2.625,-0.011,1.2999999999999998,7.199999999999999,25.26,0,0,3.7,12125.6,0
UTT_CELL_0080_0005,CELL_0080_0005,UTT,2022-05-05,30.35058,78.51617,1616.8,13.5,155.1,0.421,-0.907,CONIFER_HIGH_FLAMMABILITY,0.582,0.084,12.225000000000001,64.25,2.625,270.25,2.625,-0.011,1.2999999999999998,7.199999999999999,25.26,2,2,2.2,3006.7,1
UTT_CELL_0135_0019,CELL_0135_0019,UTT,2022-05-05,30.59989,78.58282,1793.1,15.0,180.0,0.0,-1.0,CONIFER_HIGH_FLAMMABILITY,0.567,0.084,12.225000000000001,64.25,2.625,270.25,2.625,-0.011,1.2999999999999998,7.199999999999999,25.26,0,0,0.5,10943.4,0
UTT_CELL_0096_0038,CELL_0096_0038,UTT,2022-05-05,30.42587,78.686,1729.9,27.2,162.6,0.299,-0.954,CONIFER_HIGH_FLAMMABILITY,0.445,0.084,12.225000000000001,64.25,2.625,270.25,2.625,-0.011,1.2999999999999998,7.199999999999999,25.26,0,0,3.2,5953.5,0
UTT_CELL_0086_0081,CELL_0086_0081,UTT,2022-05-05,30.38455,78.91069,1795.0,12.6,158.5,0.367,-0.93,CONIFER_HIGH_FLAMMABILITY,0.591,0.084,12.225000000000001,64.25,2.625,270.25,2.625,-0.011,1.2999999999999998,7.199999999999999,25.26,0,0,1.1,12782.4,0
UTT_CELL_0135_0023,CELL_0135_0023,UTT,2022-05-05,30.60027,78.60366,1801.6,15.1,180.0,0.0,-1.0,CONIFER_HIGH_FLAMMABILITY,0.566,0.084,12.225000000000001,64.25,2.625,270.25,2.625,-0.011,1.2999999999999998,7.199999999999999,25.26,0,0,0.5,13257.1,0
UTT_CELL_0109_0037,CELL_0109_0037,UTT,2022-05-05,30.48438,78.67941,1762.4,33.6,168.4,0.201,-0.98,CONIFER_HIGH_FLAMMABILITY,0.381,0.084,12.225000000000001,64.25,2.625,270.25,2.625,-0.011,1.2999999999999998,7.199999999999999,25.26,0,0,3.2,12289.3,0
UTT_CELL_0047_0106,CELL_0047_0106,UTT,2022-05-05,30.2107,79.04421,1744.1,25.5,141.1,0.628,-0.778,CONIFER_HIGH_FLAMMABILITY,0.462,0.084,12.225000000000001,64.25,2.625,270.25,2.625,-0.011,1.2999999999999998,7.199999999999999,25.26,0,0,3.2,8601.5,0
UTT_CELL_0047_0109,CELL_0047_0109,UTT,2022-05-05,30.21093,79.05979,1750.5,25.6,141.1,0.628,-0.778,CONIFER_HIGH_FLAMMABILITY,0.461,0.084,12.225000000000001,64.25,2.625,270.25,2.625,-0.011,1.2999999999999998,7.199999999999999,25.26,0,0,3.2,7554.2,0
UTT_CELL_0012_0012,CELL_0012_0012,UTT,2022-05-05,30.04472,78.56013,1450.9,33.7,124.5,0.824,-0.566,CONIFER_HIGH_FLAMMABILITY,0.38,0.084,12.225000000000001,64.25,2.625,270.25,2.625,-0.011,1.2999999999999998,7.199999999999999,25.26,0,0,3.7,6469.8,0
UTT_CELL_0047_0115,CELL_0047_0115,UTT,2022-05-05,30.21139,79.09094,1763.2,25.7,141.1,0.628,-0.778,CONIFER_HIGH_FLAMMABILITY,0.46,0.084,12.225000000000001,64.25,2.625,270.25,2.625,-0.011,1.2999999999999998,7.199999999999999,25.26,0,0,3.2,6416.9,0
UTT_CELL_0093_0019,CELL_0093_0019,UTT,2022-05-05,30.41055,78.5875,1681.3,22.4,161.1,0.324,-0.946,CONIFER_HIGH_FLAMMABILITY,0.493,0.084,12.225000000000001,64.25,2.625,270.25,2.625,-0.011,1.2999999999999998,7.199999999999999,25.26,0,0,2.7,5798.2,0
UTT_CELL_0115_0129,CELL_0115_0129,UTT,2022-05-05,30.51909,79.15789,1974.6,27.7,171.9,0.141,-0.99,CONIFER_HIGH_FLAMMABILITY,0.44,0.084,12.225000000000001,64.25,2.625,270.25,2.625,-0.011,1.2999999999999998,7.199999999999999,25.26,0,0,3.7,25402.8,0
UTT_CELL_0109_0056,CELL_0109_0056,UTT,2022-05-05,30.48611,78.77832,1803.0,33.5,168.6,0.198,-0.98,CONIFER_HIGH_FLAMMABILITY,0.382,0.084,12.225000000000001,64.25,2.625,270.25,2.625,-0.011,1.2999999999999998,7.199999999999999,25.26,0,0,3.7,13270.2,0
UTT_CELL_0064_0000,CELL_0064_0000,UTT,2022-05-05,30.27796,78.49202,1563.6,33.4,147.8,0.533,-0.846,CONIFER_HIGH_FLAMMABILITY,0.383,0.084,12.225000000000001,64.25,2.625,270.25,2.625,-0.011,1.2999999999999998,7.199999999999999,25.26,0,0,2.7,5182.5,0
UTT_CELL_0080_0034,CELL_0080_0034,UTT,2022-05-05,30.35336,78.66691,1678.8,12.4,155.3,0.418,-0.909,CONIFER_HIGH_FLAMMABILITY,0.593,0.084,12.225000000000001,64.25,2.625,270.25,2.625,-0.011,1.2999999999999998,7.199999999999999,25.26,7,7,3.2,1917.8,0
UTT_CELL_0015_0065,CELL_0015_0065,UTT,2022-05-05,30.06306,78.8345,1571.6,33.8,126.3,0.806,-0.592,CONIFER_HIGH_FLAMMABILITY,0.379,0.084,12.225000000000001,64.25,2.625,270.25,2.625,-0.011,1.2999999999999998,7.199999999999999,25.26,3,3,0.7,4205.7,0
UTT_CELL_0018_0104,CELL_0018_0104,UTT,2022-05-05,30.07977,79.03642,1662.4,32.0,128.0,0.788,-0.616,CONIFER_HIGH_FLAMMABILITY,0.397,0.084,12.225000000000001,64.25,2.625,270.25,2.625,-0.011,1.2999999999999998,7.199999999999999,25.26,0,0,3.7,6324.1,0
UTT_CELL_0135_0051,CELL_0135_0051,UTT,2022-05-05,30.60288,78.74959,1861.6,16.1,180.3,-0.005,-1.0,CONIFER_HIGH_FLAMMABILITY,0.556,0.084,12.225000000000001,64.25,2.625,270.25,2.625,-0.011,1.2999999999999998,7.199999999999999,25.26,0,0,3.7,25698.0,0
UTT_CELL_0073_0120,CELL_0073_0120,UTT,2022-05-05,30.32901,79.11466,1843.3,21.7,152.9,0.456,-0.89,CONIFER_HIGH_FLAMMABILITY,0.5,0.084,12.225000000000001,64.25,2.625,270.25,2.625,-0.011,1.2999999999999998,7.199999999999999,25.26,3,3,3.7,3809.1,0
UTT_CELL_0128_0132,CELL_0128_0132,UTT,2022-05-05,30.57793,79.17242,2015.7,6.1,177.8,0.038,-0.999,CONIFER_MODERATE_FLAMMABILITY,0.656,0.084,12.225000000000001,64.25,2.625,270.25,2.625,-0.011,1.2999999999999998,7.199999999999999,25.26,0,0,0.7,30019.6,0
UTT_CELL_0038_0019,CELL_0038_0019,UTT,2022-05-05,30.16261,78.59356,1535.0,7.4,136.3,0.691,-0.723,CONIFER_HIGH_FLAMMABILITY,0.643,0.084,12.225000000000001,64.25,2.625,270.25,2.625,-0.011,1.2999999999999998,7.199999999999999,25.26,0,0,3.7,12866.8,0
UTT_CELL_0015_0071,CELL_0015_0071,UTT,2022-05-05,30.06357,78.86561,1584.4,33.7,126.4,0.805,-0.593,CONIFER_HIGH_FLAMMABILITY,0.38,0.084,12.225000000000001,64.25,2.625,270.25,2.625,-0.011,1.2999999999999998,7.199999999999999,25.26,0,0,3.7,5076.2,0
UTT_CELL_0031_0100,CELL_0031_0100,UTT,2022-05-05,30.13808,79.0145,1688.6,14.8,133.8,0.722,-0.692,CONIFER_HIGH_FLAMMABILITY,0.569,0.084,12.225000000000001,64.25,2.625,270.25,2.625,-0.011,1.2999999999999998,7.199999999999999,25.26,1,1,3.7,2719.7,0
UTT_CELL_0093_0043,CELL_0093_0043,UTT,2022-05-05,30.4128,78.71233,1732.6,23.2,161.3,0.321,-0.947,CONIFER_HIGH_FLAMMABILITY,0.485,0.084,12.225000000000001,64.25,2.625,270.25,2.625,-0.011,1.2999999999999998,7.199999999999999,25.26,0,0,3.7,5821.9,0
UTT_CELL_0064_0020,CELL_0064_0020,UTT,2022-05-05,30.27991,78.5959,1606.3,33.2,148.0,0.53,-0.848,CONIFER_HIGH_FLAMMABILITY,0.385,0.084,12.225000000000001,64.25,2.625,270.25,2.625,-0.011,1.2999999999999998,7.199999999999999,25.26,1,1,2.7,3815.5,1
UTT_CELL_0109_0078,CELL_0109_0078,UTT,2022-05-05,30.48801,78.89285,1849.9,33.3,168.8,0.194,-0.981,CONIFER_HIGH_FLAMMABILITY,0.384,0.084,12.225000000000001,64.25,2.625,270.25,2.625,-0.011,1.2999999999999998,7.199999999999999,25.26,0,0,3.7,20938.6,0
UTT_CELL_0015_0086,CELL_0015_0086,UTT,2022-05-05,30.06481,78.94337,1616.2,33.7,126.5,0.804,-0.595,CONIFER_HIGH_FLAMMABILITY,0.38,0.084,12.225000000000001,64.25,2.625,270.25,2.625,-0.011,1.2999999999999998,7.199999999999999,25.26,1,1,3.7,4594.1,0
UTT_CELL_0018_0125,CELL_0018_0125,UTT,2022-05-05,30.08135,79.14531,1706.9,31.8,128.1,0.787,-0.617,CONIFER_HIGH_FLAMMABILITY,0.399,0.084,12.225000000000001,64.25,2.625,270.25,2.625,-0.011,1.2999999999999998,7.199999999999999,25.26,0,0,3.7,13552.5,0
UTT_CELL_0090_0013,CELL_0090_0013,UTT,2022-05-05,30.39645,78.55663,1660.5,17.3,159.6,0.349,-0.937,CONIFER_HIGH_FLAMMABILITY,0.544,0.084,12.225000000000001,64.25,2.625,270.25,2.625,-0.011,1.2999999999999998,7.199999999999999,25.26,0,0,2.7,5441.5,0
UTT_CELL_0109_0083,CELL_0109_0083,UTT,2022-05-05,30.48843,78.91889,1860.6,33.3,168.8,0.194,-0.981,CONIFER_HIGH_FLAMMABILITY,0.384,0.084,12.225000000000001,64.25,2.625,270.25,2.625,-0.011,1.2999999999999998,7.199999999999999,25.26,0,0,3.7,23304.6,0
UTT_CELL_0122_0083,CELL_0122_0083,UTT,2022-05-05,30.54704,78.91764,1895.3,18.6,174.7,0.092,-0.996,CONIFER_HIGH_FLAMMABILITY,0.531,0.084,12.225000000000001,64.25,2.625,270.25,2.625,-0.011,1.2999999999999998,7.199999999999999,25.26,0,0,3.7,27369.6,0
UTT_CELL_0119_0047,CELL_0119_0047,UTT,2022-05-05,30.53038,78.73042,1810.4,24.4,173.0,0.122,-0.993,CONIFER_HIGH_FLAMMABILITY,0.473,0.084,12.225000000000001,64.25,2.625,270.25,2.625,-0.011,1.2999999999999998,7.199999999999999,25.26,0,0,3.7,17714.6,0
UTT_CELL_0073_0155,CELL_0073_0155,UTT,2022-05-05,30.33151,79.29662,1917.6,20.8,153.2,0.451,-0.893,CONIFER_HIGH_FLAMMABILITY,0.509,0.084,12.225000000000001,64.25,2.625,270.25,2.625,-0.011,1.2999999999999998,7.199999999999999,25.26,0,0,2.7,9270.3,1
UTT_CELL_0054_0087,CELL_0054_0087,UTT,2022-05-05,30.24076,78.94491,1722.4,32.3,144.1,0.586,-0.81,CONIFER_HIGH_FLAMMABILITY,0.394,0.084,12.225000000000001,64.25,2.625,270.25,2.625,-0.011,1.2999999999999998,7.199999999999999,25.26,0,0,3.7,11696.9,0
UTT_CELL_0041_0100,CELL_0041_0100,UTT,2022-05-05,30.18317,79.0136,1715.3,15.8,138.3,0.665,-0.747,CONIFER_HIGH_FLAMMABILITY,0.559,0.084,12.225000000000001,64.25,2.625,270.25,2.625,-0.011,1.2999999999999998,7.199999999999999,25.26,1,1,3.7,4790.1,0
UTT_CELL_0005_0157,CELL_0005_0157,UTT,2022-05-05,30.02495,79.31226,1739.9,31.3,122.5,0.843,-0.537,CONIFER_HIGH_FLAMMABILITY,0.404,0.084,12.225000000000001,64.25,2.625,270.25,2.625,-0.011,1.2999999999999998,7.199999999999999,25.26,0,0,2.2,13532.5,0
UTT_CELL_0119_0066,CELL_0119_0066,UTT,2022-05-05,30.53207,78.82938,1851.0,23.9,173.2,0.118,-0.993,CONIFER_HIGH_FLAMMABILITY,0.478,0.084,12.225000000000001,64.25,2.625,270.25,2.625,-0.011,1.2999999999999998,7.199999999999999,25.26,0,0,3.7,20164.9,0
UTT_CELL_0054_0096,CELL_0054_0096,UTT,2022-05-05,30.24148,78.99165,1741.5,32.4,144.1,0.586,-0.81,CONIFER_HIGH_FLAMMABILITY,0.393,0.084,12.225000000000001,64.25,2.625,270.25,2.625,-0.011,1.2999999999999998,7.199999999999999,25.26,0,0,3.7,10578.3,0
UTT_CELL_0022_0034,CELL_0022_0034,UTT,2022-05-05,30.09188,78.67308,1524.4,29.7,129.2,0.775,-0.632,CONIFER_HIGH_FLAMMABILITY,0.42,0.084,12.225000000000001,64.25,2.625,270.25,2.625,-0.011,1.2999999999999998,7.199999999999999,25.26,0,0,1.1,8360.8,0
UTT_CELL_0012_0078,CELL_0012_0078,UTT,2022-05-05,30.05063,78.90218,1591.2,34.0,125.1,0.818,-0.575,CONIFER_HIGH_FLAMMABILITY,0.377,0.084,12.225000000000001,64.25,2.625,270.25,2.625,-0.011,1.2999999999999998,7.199999999999999,25.26,1,1,3.7,870.5,0
UTT_CELL_0122_0108,CELL_0122_0108,UTT,2022-05-05,30.54906,79.04788,1948.6,17.8,174.9,0.089,-0.996,CONIFER_HIGH_FLAMMABILITY,0.539,0.084,12.225000000000001,64.25,2.625,270.25,2.625,-0.011,1.2999999999999998,7.199999999999999,25.26,0,0,3.7,28583.4,0
UTT_CELL_0067_0097,CELL_0067_0097,UTT,2022-05-05,30.30018,78.99565,1778.4,30.0,150.0,0.5,-0.866,CONIFER_HIGH_FLAMMABILITY,0.417,0.084,12.225000000000001,64.25,2.625,270.25,2.625,-0.011,1.2999999999999998,7.199999999999999,25.26,0,0,3.2,11579.2,0
UTT_CELL_0119_0073,CELL_0119_0073,UTT,2022-05-05,30.53267,78.86584,1865.9,23.7,173.3,0.117,-0.993,CONIFER_HIGH_FLAMMABILITY,0.48,0.084,12.225000000000001,64.25,2.625,270.25,2.625,-0.011,1.2999999999999998,7.199999999999999,25.26,0,0,3.7,22396.2,0
UTT_CELL_0067_0099,CELL_0067_0099,UTT,2022-05-05,30.30034,79.00604,1782.6,29.9,150.0,0.5,-0.866,CONIFER_HIGH_FLAMMABILITY,0.418,0.084,12.225000000000001,64.25,2.625,270.25,2.625,-0.011,1.2999999999999998,7.199999999999999,25.26,0,0,3.2,10489.7,0
UTT_CELL_0057_0149,CELL_0057_0149,UTT,2022-05-05,30.25894,79.2667,1862.0,33.9,145.9,0.561,-0.828,CONIFER_HIGH_FLAMMABILITY,0.378,0.084,12.225000000000001,64.25,2.625,270.25,2.625,-0.011,1.2999999999999998,7.199999999999999,25.26,0,0,3.7,11172.6,0
UTT_CELL_0057_0150,CELL_0057_0150,UTT,2022-05-05,30.25901,79.27189,1864.2,33.9,145.9,0.561,-0.828,CONIFER_HIGH_FLAMMABILITY,0.378,0.084,12.225000000000001,64.25,2.625,270.25,2.625,-0.011,1.2999999999999998,7.199999999999999,25.26,0,0,3.7,10883.3,0
UTT_CELL_0087_0019,CELL_0087_0019,UTT,2022-05-05,30.3835,78.58817,1665.4,12.2,158.4,0.368,-0.93,CONIFER_HIGH_FLAMMABILITY,0.595,0.084,12.225000000000001,64.25,2.625,270.25,2.625,-0.011,1.2999999999999998,7.199999999999999,25.26,0,0,2.7,8126.9,0
UTT_CELL_0106_0091,CELL_0106_0091,UTT,2022-05-05,30.47556,78.96082,1869.7,34.0,167.6,0.215,-0.977,CONIFER_HIGH_FLAMMABILITY,0.377,0.084,12.225000000000001,64.25,2.625,270.25,2.625,-0.011,1.2999999999999998,7.199999999999999,25.26,0,0,1.1,24291.2,0
UTT_CELL_0035_0045,CELL_0035_0045,UTT,2022-05-05,30.15149,78.72877,1582.4,9.3,135.1,0.706,-0.708,CONIFER_HIGH_FLAMMABILITY,0.624,0.084,12.225000000000001,64.25,2.625,270.25,2.625,-0.011,1.2999999999999998,7.199999999999999,25.26,6,6,1.1,389.5,0
UTT_CELL_0032_0009,CELL_0032_0009,UTT,2022-05-05,30.1346,78.54235,1497.7,16.1,133.5,0.725,-0.688,CONIFER_HIGH_FLAMMABILITY,0.556,0.084,12.225000000000001,64.25,2.625,270.25,2.625,-0.011,1.2999999999999998,7.199999999999999,25.26,0,0,3.7,11456.7,0
UTT_CELL_0080_0105,CELL_0080_0105,UTT,2022-05-05,30.35943,79.03605,1830.1,9.9,155.9,0.408,-0.913,CONIFER_HIGH_FLAMMABILITY,0.618,0.084,12.225000000000001,64.25,2.625,270.25,2.625,-0.011,1.2999999999999998,7.199999999999999,25.26,0,0,3.7,10037.8,0
UTT_CELL_0067_0113,CELL_0067_0113,UTT,2022-05-05,30.30143,79.0788,1812.4,29.7,150.1,0.498,-0.867,CONIFER_HIGH_FLAMMABILITY,0.42,0.084,12.225000000000001,64.25,2.625,270.25,2.625,-0.011,1.2999999999999998,7.199999999999999,25.26,11,11,3.7,2584.2,0
UTT_CELL_0087_0026,CELL_0087_0026,UTT,2022-05-05,30.38417,78.62456,1680.3,12.4,158.4,0.368,-0.93,CONIFER_HIGH_FLAMMABILITY,0.593,0.084,12.225000000000001,64.25,2.625,270.25,2.625,-0.011,1.2999999999999998,7.199999999999999,25.26,0,0,3.2,5485.1,0
UTT_CELL_0058_0000,CELL_0058_0000,UTT,2022-05-05,30.25092,78.49271,1547.6,33.5,145.1,0.572,-0.82,CONIFER_HIGH_FLAMMABILITY,0.382,0.084,12.225000000000001,64.25,2.625,270.25,2.625,-0.011,1.2999999999999998,7.199999999999999,25.26,1,1,3.7,2943.1,0
UTT_CELL_0015_0138,CELL_0015_0138,UTT,2022-05-05,30.06875,79.21297,1726.4,33.4,126.9,0.8,-0.6,CONIFER_HIGH_FLAMMABILITY,0.383,0.084,12.225000000000001,64.25,2.625,270.25,2.625,-0.011,1.2999999999999998,7.199999999999999,25.26,0,0,3.7,16662.4,0
UTT_CELL_0067_0118,CELL_0067_0118,UTT,2022-05-05,30.30181,79.10478,1823.0,29.6,150.2,0.497,-0.868,CONIFER_HIGH_FLAMMABILITY,0.421,0.084,12.225000000000001,64.25,2.625,270.25,2.625,-0.011,1.2999999999999998,7.199999999999999,25.26,11,11,3.7,611.7,0
UTT_CELL_0019_0025,CELL_0019_0025,UTT,2022-05-05,30.07752,78.62674,1497.2,32.4,127.8,0.79,-0.613,CONIFER_HIGH_FLAMMABILITY,0.393,0.084,12.225000000000001,64.25,2.625,270.25,2.625,-0.011,1.2999999999999998,7.199999999999999,25.26,0,0,3.2,12698.0,0
UTT_CELL_0009_0070,CELL_0009_0070,UTT,2022-05-05,30.03643,78.861,1566.3,33.0,123.6,0.833,-0.553,CONIFER_HIGH_FLAMMABILITY,0.387,0.084,12.225000000000001,64.25,2.625,270.25,2.625,-0.011,1.2999999999999998,7.199999999999999,25.26,0,0,3.7,5211.3,0
UTT_CELL_0038_0098,CELL_0038_0098,UTT,2022-05-05,30.16949,79.00349,1703.1,10.3,136.9,0.683,-0.73,CONIFER_HIGH_FLAMMABILITY,0.614,0.084,12.225000000000001,64.25,2.625,270.25,2.625,-0.011,1.2999999999999998,7.199999999999999,25.26,1,1,3.7,2915.6,0
UTT_CELL_0080_0121,CELL_0080_0121,UTT,2022-05-05,30.36066,79.11925,1864.1,9.4,156.1,0.405,-0.914,CONIFER_HIGH_FLAMMABILITY,0.623,0.084,12.225000000000001,64.25,2.625,270.25,2.625,-0.011,1.2999999999999998,7.199999999999999,25.26,0,0,3.7,7304.1,0
UTT_CELL_0009_0076,CELL_0009_0076,UTT,2022-05-05,30.03693,78.8921,1579.0,33.0,123.7,0.832,-0.555,CONIFER_HIGH_FLAMMABILITY,0.387,0.084,12.225000000000001,64.25,2.625,270.25,2.625,-0.011,1.2999999999999998,7.199999999999999,25.26,1,1,3.7,1884.4,1
UTT_CELL_0126_0025,CELL_0126_0025,UTT,2022-05-05,30.55989,78.61508,1782.0,13.6,176.0,0.07,-0.998,CONIFER_HIGH_FLAMMABILITY,0.581,0.084,12.225000000000001,64.25,2.625,270.25,2.625,-0.011,1.2999999999999998,7.199999999999999,25.26,0,0,2.7,12011.4,0
UTT_CELL_0106_0121,CELL_0106_0121,UTT,2022-05-05,30.47791,79.117,1933.5,33.9,167.8,0.211,-0.977,CONIFER_HIGH_FLAMMABILITY,0.378,0.084,12.225000000000001,64.25,2.625,270.25,2.625,-0.011,1.2999999999999998,7.199999999999999,25.26,0,0,3.7,20125.7,0
UTT_CELL_0054_0145,CELL_0054_0145,UTT,2022-05-05,30.24514,79.24616,1845.5,32.9,144.5,0.581,-0.814,CONIFER_HIGH_FLAMMABILITY,0.388,0.084,12.225000000000001,64.25,2.625,270.25,2.625,-0.011,1.2999999999999998,7.199999999999999,25.26,0,0,3.7,11423.6,0
UTT_CELL_0058_0027,CELL_0058_0027,UTT,2022-05-05,30.25353,78.63291,1605.3,33.7,145.4,0.568,-0.823,CONIFER_HIGH_FLAMMABILITY,0.38,0.084,12.225000000000001,64.25,2.625,270.25,2.625,-0.011,1.2999999999999998,7.199999999999999,25.26,1,1,3.7,3633.2,0
UTT_CELL_0058_0031,CELL_0058_0031,UTT,2022-05-05,30.2539,78.65368,1613.8,33.7,145.4,0.568,-0.823,CONIFER_HIGH_FLAMMABILITY,0.38,0.084,12.225000000000001,64.25,2.625,270.25,2.625,-0.011,1.2999999999999998,7.199999999999999,25.26,3,3,3.7,1328.7,0
UTT_CELL_0003_0017,CELL_0003_0017,UTT,2022-05-05,30.00463,78.58702,1437.6,26.5,120.5,0.862,-0.508,CONIFER_HIGH_FLAMMABILITY,0.452,0.084,12.225000000000001,64.25,2.625,270.25,2.625,-0.011,1.2999999999999998,7.199999999999999,25.26,0,0,3.7,7319.6,0
UTT_CELL_0016_0015,CELL_0016_0015,UTT,2022-05-05,30.06304,78.57524,1467.9,33.8,126.3,0.806,-0.592,CONIFER_HIGH_FLAMMABILITY,0.379,0.084,12.225000000000001,64.25,2.625,270.25,2.625,-0.011,1.2999999999999998,7.199999999999999,25.26,0,0,3.7,9103.8,0
UTT_CELL_0035_0087,CELL_0035_0087,UTT,2022-05-05,30.15508,78.94669,1671.7,7.8,135.5,0.701,-0.713,CONIFER_HIGH_FLAMMABILITY,0.639,0.084,12.225000000000001,64.25,2.625,270.25,2.625,-0.011,1.2999999999999998,7.199999999999999,25.26,2,2,2.7,2441.7,1
UTT_CELL_0113_0051,CELL_0113_0051,UTT,2022-05-05,30.50369,78.75188,1803.0,31.2,170.4,0.167,-0.986,CONIFER_HIGH_FLAMMABILITY,0.405,0.084,12.225000000000001,64.25,2.625,270.25,2.625,-0.011,1.2999999999999998,7.199999999999999,25.26,0,0,3.7,14704.7,0
UTT_CELL_0032_0057,CELL_0032_0057,UTT,2022-05-05,30.13902,78.79133,1599.9,14.4,133.9,0.721,-0.693,CONIFER_HIGH_FLAMMABILITY,0.573,0.084,12.225000000000001,64.25,2.625,270.25,2.625,-0.011,1.2999999999999998,7.199999999999999,25.26,1,1,3.7,4031.1,0
UTT_CELL_0029_0021,CELL_0029_0021,UTT,2022-05-05,30.12222,78.60492,1515.3,20.8,132.2,0.741,-0.672,CONIFER_HIGH_FLAMMABILITY,0.509,0.084,12.225000000000001,64.25,2.625,270.25,2.625,-0.011,1.2999999999999998,7.199999999999999,25.26,0,0,2.2,13548.0,0
UTT_CELL_0113_0062,CELL_0113_0062,UTT,2022-05-05,30.50467,78.80915,1826.5,31.0,170.5,0.165,-0.986,CONIFER_HIGH_FLAMMABILITY,0.407,0.084,12.225000000000001,64.25,2.625,270.25,2.625,-0.011,1.2999999999999998,7.199999999999999,25.26,0,0,3.7,16436.7,0
UTT_CELL_0132_0133,CELL_0132_0133,UTT,2022-05-05,30.59605,79.17729,2028.5,13.4,179.6,0.007,-1.0,CONIFER_MODERATE_FLAMMABILITY,0.583,0.084,12.225000000000001,64.25,2.625,270.25,2.625,-0.011,1.2999999999999998,7.199999999999999,25.26,0,0,0.7,30862.4,0
UTT_CELL_0123_0020,CELL_0123_0020,UTT,2022-05-05,30.54589,78.58937,1763.3,19.0,174.6,0.094,-0.996,CONIFER_HIGH_FLAMMABILITY,0.527,0.084,12.225000000000001,64.25,2.625,270.25,2.625,-0.011,1.2999999999999998,7.199999999999999,25.26,0,0,2.7,8789.8,0
UTT_CELL_0025_0151,CELL_0025_0151,UTT,2022-05-06,30.11475,79.2796,1780.7,23.3,131.5,0.749,-0.663,CONIFER_HIGH_FLAMMABILITY,0.484,0.068,12.174999999999999,62.25,2.69,301.75,2.287,-1.416,0.925,8.125,28.26,0,0,4.7,7952.0,0
UTT_CELL_0000_0006,CELL_0000_0006,UTT,2022-05-06,29.99005,78.53038,1406.2,21.9,119.0,0.875,-0.485,CONIFER_HIGH_FLAMMABILITY,0.498,0.068,12.174999999999999,62.25,2.69,301.75,2.287,-1.416,0.925,8.125,28.26,1,1,4.7,1621.8,0
UTT_CELL_0058_0060,CELL_0058_0060,UTT,2022-05-06,30.25652,78.80429,1675.6,33.8,145.7,0.564,-0.826,CONIFER_HIGH_FLAMMABILITY,0.379,0.068,12.174999999999999,62.25,2.69,301.75,2.287,-1.416,0.925,8.125,28.26,1,1,0.5,3760.4,0
UTT_CELL_0094_0005,CELL_0094_0005,UTT,2022-05-06,30.41369,78.51457,1654.0,23.5,161.4,0.319,-0.948,CONIFER_HIGH_FLAMMABILITY,0.482,0.068,12.174999999999999,62.25,2.69,301.75,2.287,-1.416,0.925,8.125,28.26,2,2,4.7,1522.5,1
UTT_CELL_0016_0042,CELL_0016_0042,UTT,2022-05-06,30.06555,78.71518,1525.4,33.6,126.6,0.803,-0.596,CONIFER_HIGH_FLAMMABILITY,0.381,0.068,12.174999999999999,62.25,2.69,301.75,2.287,-1.416,0.925,8.125,28.26,0,0,4.7,8425.8,0
UTT_CELL_0006_0092,CELL_0006_0092,UTT,2022-05-06,30.02471,78.9753,1604.9,31.2,122.5,0.843,-0.537,CONIFER_HIGH_FLAMMABILITY,0.405,0.068,12.174999999999999,62.25,2.69,301.75,2.287,-1.416,0.925,8.125,28.26,0,0,4.7,5492.8,0
UTT_CELL_0061_0108,CELL_0061_0108,UTT,2022-05-06,30.27399,79.05335,1785.7,33.7,147.4,0.539,-0.842,CONIFER_HIGH_FLAMMABILITY,0.38,0.068,12.174999999999999,62.25,2.69,301.75,2.287,-1.416,0.925,8.125,28.26,1,1,4.2,4679.0,0
UTT_CELL_0032_0088,CELL_0032_0088,UTT,2022-05-06,30.14163,78.95215,1665.8,13.3,134.2,0.717,-0.697,CONIFER_HIGH_FLAMMABILITY,0.584,0.068,12.174999999999999,62.25,2.69,301.75,2.287,-1.416,0.925,8.125,28.26,8,8,0.5,429.0,1
UTT_CELL_0032_0089,CELL_0032_0089,UTT,2022-05-06,30.14171,78.95734,1668.0,13.3,134.2,0.717,-0.697,CONIFER_HIGH_FLAMMABILITY,0.584,0.068,12.174999999999999,62.25,2.69,301.75,2.287,-1.416,0.925,8.125,28.26,8,8,0.5,363.4,1
UTT_CELL_0032_0091,CELL_0032_0091,UTT,2022-05-06,30.14187,78.96772,1672.2,13.2,134.2,0.717,-0.697,CONIFER_HIGH_FLAMMABILITY,0.585,0.068,12.174999999999999,62.25,2.69,301.75,2.287,-1.416,0.925,8.125,28.26,8,8,0.5,855.2,1
UTT_CELL_0032_0092,CELL_0032_0092,UTT,2022-05-06,30.14195,78.97291,1674.3,13.2,134.2,0.717,-0.697,CONIFER_HIGH_FLAMMABILITY,0.585,0.068,12.174999999999999,62.25,2.69,301.75,2.287,-1.416,0.925,8.125,28.26,8,8,0.5,1413.5,1
UTT_CELL_0113_0097,CELL_0113_0097,UTT,2022-05-06,30.50761,78.99141,1901.1,30.4,170.8,0.16,-0.987,CONIFER_HIGH_FLAMMABILITY,0.413,0.068,12.174999999999999,62.25,2.69,301.75,2.287,-1.416,0.925,8.125,28.26,0,0,4.7,26365.4,0
UTT_CELL_0022_0139,CELL_0022_0139,UTT,2022-05-06,30.10039,79.21759,1747.3,27.6,130.0,0.766,-0.643,CONIFER_HIGH_FLAMMABILITY,0.441,0.068,12.174999999999999,62.25,2.69,301.75,2.287,-1.416,0.925,8.125,28.26,0,0,4.7,14006.1,0
UTT_CELL_0126_0093,CELL_0126_0093,UTT,2022-05-06,30.5659,78.96936,1927.3,11.1,176.6,0.059,-0.998,CONIFER_HIGH_FLAMMABILITY,0.606,0.068,12.174999999999999,62.25,2.69,301.75,2.287,-1.416,0.925,8.125,28.26,0,0,4.7,32994.5,0
UTT_CELL_0058_0083,CELL_0058_0083,UTT,2022-05-06,30.25846,78.92375,1724.6,33.9,145.8,0.562,-0.827,CONIFER_HIGH_FLAMMABILITY,0.378,0.068,12.174999999999999,62.25,2.69,301.75,2.287,-1.416,0.925,8.125,28.26,0,0,0.7,8162.8,0
UTT_CELL_0061_0124,CELL_0061_0124,UTT,2022-05-06,30.2752,79.13648,1819.7,33.6,147.5,0.537,-0.843,CONIFER_HIGH_FLAMMABILITY,0.381,0.068,12.174999999999999,62.25,2.69,301.75,2.287,-1.416,0.925,8.125,28.26,11,11,3.1,3079.5,0
UTT_CELL_0113_0103,CELL_0113_0103,UTT,2022-05-06,30.50808,79.02265,1913.9,30.3,170.8,0.16,-0.987,CONIFER_HIGH_FLAMMABILITY,0.414,0.068,12.174999999999999,62.25,2.69,301.75,2.287,-1.416,0.925,8.125,28.26,0,0,4.7,24994.4,0
UTT_CELL_0052_0014,CELL_0052_0014,UTT,2022-05-06,30.22524,78.56607,1561.6,29.4,142.5,0.609,-0.793,CONIFER_HIGH_FLAMMABILITY,0.423,0.068,12.174999999999999,62.25,2.69,301.75,2.287,-1.416,0.925,8.125,28.26,0,0,0.5,7043.0,0
UTT_CELL_0048_0138,CELL_0048_0138,UTT,2022-05-06,30.21758,79.21028,1814.7,27.5,141.8,0.618,-0.786,CONIFER_HIGH_FLAMMABILITY,0.442,0.068,12.174999999999999,62.25,2.69,301.75,2.287,-1.416,0.925,8.125,28.26,0,0,2.7,12834.7,0
UTT_CELL_0110_0072,CELL_0110_0072,UTT,2022-05-06,30.49201,78.86152,1839.8,32.9,169.2,0.187,-0.982,CONIFER_HIGH_FLAMMABILITY,0.388,0.068,12.174999999999999,62.25,2.69,301.75,2.287,-1.416,0.925,8.125,28.26,0,0,4.7,18646.8,0
UTT_CELL_0006_0124,CELL_0006_0124,UTT,2022-05-06,30.02716,79.14114,1672.7,31.7,122.7,0.842,-0.54,CONIFER_HIGH_FLAMMABILITY,0.4,0.068,12.174999999999999,62.25,2.69,301.75,2.287,-1.416,0.925,8.125,28.26,0,0,0.5,8091.6,0
UTT_CELL_0129_0148,CELL_0129_0148,UTT,2022-05-06,30.58359,79.25573,2052.4,8.3,178.4,0.028,-1.0,CONIFER_MODERATE_FLAMMABILITY,0.634,0.068,12.174999999999999,62.25,2.69,301.75,2.287,-1.416,0.925,8.125,28.26,0,0,1.7,23816.2,0
UTT_CELL_0107_0041,CELL_0107_0041,UTT,2022-05-06,30.47574,78.70045,1765.6,34.0,167.6,0.215,-0.977,CONIFER_HIGH_FLAMMABILITY,0.377,0.068,12.174999999999999,62.25,2.69,301.75,2.287,-1.416,0.925,8.125,28.26,0,0,4.2,11714.6,0
UTT_CELL_0084_0091,CELL_0084_0091,UTT,2022-05-06,30.37636,78.96288,1811.0,9.2,157.6,0.381,-0.925,CONIFER_HIGH_FLAMMABILITY,0.625,0.068,12.174999999999999,62.25,2.69,301.75,2.287,-1.416,0.925,8.125,28.26,0,0,2.1,16162.2,0
UTT_CELL_0039_0035,CELL_0039_0035,UTT,2022-05-06,30.16861,78.67647,1571.8,9.9,136.9,0.683,-0.73,CONIFER_HIGH_FLAMMABILITY,0.618,0.068,12.174999999999999,62.25,2.69,301.75,2.287,-1.416,0.925,8.125,28.26,2,2,3.2,4288.1,0
UTT_CELL_0035_0156,CELL_0035_0156,UTT,2022-05-06,30.16019,79.30477,1818.0,6.4,136.0,0.695,-0.719,CONIFER_HIGH_FLAMMABILITY,0.653,0.068,12.174999999999999,62.25,2.69,301.75,2.287,-1.416,0.925,8.125,28.26,2,2,4.7,2284.5,0
UTT_CELL_0133_0033,CELL_0133_0033,UTT,2022-05-06,30.59221,78.65599,1817.7,11.9,179.2,0.014,-1.0,CONIFER_HIGH_FLAMMABILITY,0.598,0.068,12.174999999999999,62.25,2.69,301.75,2.287,-1.416,0.925,8.125,28.26,0,0,3.7,17792.1,0
UTT_CELL_0120_0044,CELL_0120_0044,UTT,2022-05-06,30.53462,78.71469,1806.6,23.0,173.5,0.113,-0.994,CONIFER_HIGH_FLAMMABILITY,0.487,0.068,12.174999999999999,62.25,2.69,301.75,2.287,-1.416,0.925,8.125,28.26,0,0,4.7,18415.9,0
UTT_CELL_0000_0061,CELL_0000_0061,UTT,2022-05-06,29.99508,78.81525,1523.2,23.6,119.5,0.87,-0.492,CONIFER_HIGH_FLAMMABILITY,0.481,0.068,12.174999999999999,62.25,2.69,301.75,2.287,-1.416,0.925,8.125,28.26,4,4,4.7,1072.0,0
UTT_CELL_0113_0126,CELL_0113_0126,UTT,2022-05-06,30.50985,79.14244,1962.9,29.9,171.0,0.156,-0.988,CONIFER_HIGH_FLAMMABILITY,0.418,0.068,12.174999999999999,62.25,2.69,301.75,2.287,-1.416,0.925,8.125,28.26,0,0,4.7,24028.7,0
UTT_CELL_0117_0008,CELL_0117_0008,UTT,2022-05-06,30.51767,78.52756,1721.6,28.1,171.8,0.143,-0.99,CONIFER_HIGH_FLAMMABILITY,0.436,0.068,12.174999999999999,62.25,2.69,301.75,2.287,-1.416,0.925,8.125,28.26,1,1,3.7,2211.0,0
UTT_CELL_0084_0104,CELL_0084_0104,UTT,2022-05-06,30.37739,79.03049,1838.6,9.6,157.7,0.379,-0.925,CONIFER_HIGH_FLAMMABILITY,0.621,0.068,12.174999999999999,62.25,2.69,301.75,2.287,-1.416,0.925,8.125,28.26,0,0,4.7,11900.9,0
UTT_CELL_0026_0054,CELL_0026_0054,UTT,2022-05-06,30.11171,78.77637,1577.6,24.3,131.2,0.752,-0.659,CONIFER_HIGH_FLAMMABILITY,0.474,0.068,12.174999999999999,62.25,2.69,301.75,2.287,-1.416,0.925,8.125,28.26,1,1,4.7,927.2,0
UTT_CELL_0081_0069,CELL_0081_0069,UTT,2022-05-06,30.36099,78.84877,1756.1,9.2,156.1,0.405,-0.914,CONIFER_HIGH_FLAMMABILITY,0.625,0.068,12.174999999999999,62.25,2.69,301.75,2.287,-1.416,0.925,8.125,28.26,0,0,2.1,7992.6,0
UTT_CELL_0120_0051,CELL_0120_0051,UTT,2022-05-06,30.53525,78.75115,1821.6,22.8,173.5,0.113,-0.994,CONIFER_HIGH_FLAMMABILITY,0.489,0.068,12.174999999999999,62.25,2.69,301.75,2.287,-1.416,0.925,8.125,28.26,0,0,4.7,18200.2,0
UTT_CELL_0078_0031,CELL_0078_0031,UTT,2022-05-06,30.34407,78.65153,1667.1,16.1,154.4,0.432,-0.902,CONIFER_HIGH_FLAMMABILITY,0.556,0.068,12.174999999999999,62.25,2.69,301.75,2.287,-1.416,0.925,8.125,28.26,3,3,4.2,3672.4,0
UTT_CELL_0081_0077,CELL_0081_0077,UTT,2022-05-06,30.36167,78.89037,1773.2,9.0,156.2,0.404,-0.915,CONIFER_HIGH_FLAMMABILITY,0.627,0.068,12.174999999999999,62.25,2.69,301.75,2.287,-1.416,0.925,8.125,28.26,0,0,2.1,9426.9,0
UTT_CELL_0016_0107,CELL_0016_0107,UTT,2022-05-06,30.07098,79.05215,1663.4,33.2,127.1,0.798,-0.603,CONIFER_HIGH_FLAMMABILITY,0.385,0.068,12.174999999999999,62.25,2.69,301.75,2.287,-1.416,0.925,8.125,28.26,0,0,4.7,5566.6,0
UTT_CELL_0003_0118,CELL_0003_0118,UTT,2022-05-06,30.01319,79.1103,1652.0,28.8,121.3,0.854,-0.52,CONIFER_HIGH_FLAMMABILITY,0.429,0.068,12.174999999999999,62.25,2.69,301.75,2.287,-1.416,0.925,8.125,28.26,0,0,4.7,7259.3,0
UTT_CELL_0094_0077,CELL_0094_0077,UTT,2022-05-06,30.42029,78.88911,1807.8,25.6,162.0,0.309,-0.951,CONIFER_HIGH_FLAMMABILITY,0.461,0.068,12.174999999999999,62.25,2.69,301.75,2.287,-1.416,0.925,8.125,28.26,0,0,2.1,15322.6,0
UTT_CELL_0113_0147,CELL_0113_0147,UTT,2022-05-06,30.51136,79.25181,2007.5,29.6,171.1,0.155,-0.988,CONIFER_MODERATE_FLAMMABILITY,0.421,0.068,12.174999999999999,62.25,2.69,301.75,2.287,-1.416,0.925,8.125,28.26,0,0,1.7,18541.5,0
UTT_CELL_0117_0030,CELL_0117_0030,UTT,2022-05-06,30.51979,78.64211,1768.7,27.5,172.0,0.139,-0.99,CONIFER_HIGH_FLAMMABILITY,0.442,0.068,12.174999999999999,62.25,2.69,301.75,2.287,-1.416,0.925,8.125,28.26,0,0,3.7,13066.2,0
UTT_CELL_0013_0078,CELL_0013_0078,UTT,2022-05-06,30.05514,78.90208,1593.9,34.0,125.5,0.814,-0.581,CONIFER_HIGH_FLAMMABILITY,0.377,0.068,12.174999999999999,62.25,2.69,301.75,2.287,-1.416,0.925,8.125,28.26,2,2,4.7,1298.7,0
UTT_CELL_0081_0087,CELL_0081_0087,UTT,2022-05-06,30.3625,78.94236,1794.4,8.6,156.3,0.402,-0.916,CONIFER_HIGH_FLAMMABILITY,0.631,0.068,12.174999999999999,62.25,2.69,301.75,2.287,-1.416,0.925,8.125,28.26,0,0,2.1,13418.1,0
UTT_CELL_0130_0027,CELL_0130_0027,UTT,2022-05-06,30.57811,78.62506,1796.9,6.0,177.8,0.038,-0.999,CONIFER_HIGH_FLAMMABILITY,0.657,0.068,12.174999999999999,62.25,2.69,301.75,2.287,-1.416,0.925,8.125,28.26,0,0,3.7,14116.4,0
UTT_CELL_0088_0024,CELL_0088_0024,UTT,2022-05-06,30.38849,78.61405,1678.7,14.2,158.8,0.362,-0.932,CONIFER_HIGH_FLAMMABILITY,0.575,0.068,12.174999999999999,62.25,2.69,301.75,2.287,-1.416,0.925,8.125,28.26,0,0,4.2,6729.7,0
UTT_CELL_0127_0007,CELL_0127_0007,UTT,2022-05-06,30.56265,78.5212,1746.1,12.5,176.3,0.065,-0.998,CONIFER_HIGH_FLAMMABILITY,0.592,0.068,12.174999999999999,62.25,2.69,301.75,2.287,-1.416,0.925,8.125,28.26,0,0,1.1,5846.6,0
UTT_CELL_0023_0055,CELL_0023_0055,UTT,2022-05-06,30.09827,78.78186,1571.7,28.2,129.8,0.768,-0.64,CONIFER_HIGH_FLAMMABILITY,0.435,0.068,12.174999999999999,62.25,2.69,301.75,2.287,-1.416,0.925,8.125,28.26,1,1,4.7,698.5,0
UTT_CELL_0049_0046,CELL_0049_0046,UTT,2022-05-06,30.2147,78.73251,1621.8,26.7,141.5,0.623,-0.783,CONIFER_HIGH_FLAMMABILITY,0.45,0.068,12.174999999999999,62.25,2.69,301.75,2.287,-1.416,0.925,8.125,28.26,6,6,4.7,1702.6,0
UTT_CELL_0007_0027,CELL_0007_0027,UTT,2022-05-06,30.0236,78.63839,1469.5,31.0,122.4,0.844,-0.536,CONIFER_HIGH_FLAMMABILITY,0.407,0.068,12.174999999999999,62.25,2.69,301.75,2.287,-1.416,0.925,8.125,28.26,0,0,4.2,7278.3,0
UTT_CELL_0036_0061,CELL_0036_0061,UTT,2022-05-06,30.15741,78.81168,1619.1,6.8,135.7,0.698,-0.716,CONIFER_HIGH_FLAMMABILITY,0.649,0.068,12.174999999999999,62.25,2.69,301.75,2.287,-1.416,0.925,8.125,28.26,0,0,4.7,6832.9,0
UTT_CELL_0003_0155,CELL_0003_0155,UTT,2022-05-06,30.0158,79.30204,1730.3,29.4,121.6,0.852,-0.524,CONIFER_HIGH_FLAMMABILITY,0.423,0.068,12.174999999999999,62.25,2.69,301.75,2.287,-1.416,0.925,8.125,28.26,0,0,3.2,14971.0,0
UTT_CELL_0020_0032,CELL_0020_0032,UTT,2022-05-06,30.08267,78.66292,1514.8,31.5,128.3,0.785,-0.62,CONIFER_HIGH_FLAMMABILITY,0.402,0.068,12.174999999999999,62.25,2.69,301.75,2.287,-1.416,0.925,8.125,28.26,0,0,2.1,9882.1,0
UTT_CELL_0094_0124,CELL_0094_0124,UTT,2022-05-06,30.42402,79.13366,1907.9,26.6,162.4,0.302,-0.953,CONIFER_HIGH_FLAMMABILITY,0.451,0.068,12.174999999999999,62.25,2.69,301.75,2.287,-1.416,0.925,8.125,28.26,0,0,4.7,14512.3,0
UTT_CELL_0004_0010,CELL_0004_0010,UTT,2022-05-06,30.00847,78.55065,1425.3,27.6,120.8,0.859,-0.512,CONIFER_HIGH_FLAMMABILITY,0.441,0.068,12.174999999999999,62.25,2.69,301.75,2.287,-1.416,0.925,8.125,28.26,1,1,4.7,3366.9,0
UTT_CELL_0062_0064,CELL_0062_0064,UTT,2022-05-06,30.2749,78.82467,1694.8,33.6,147.5,0.537,-0.843,CONIFER_HIGH_FLAMMABILITY,0.381,0.068,12.174999999999999,62.25,2.69,301.75,2.287,-1.416,0.925,8.125,28.26,6,6,0.5,748.0,0
UTT_CELL_0023_0083,CELL_0023_0083,UTT,2022-05-06,30.10064,78.92706,1631.2,27.6,130.1,0.765,-0.644,CONIFER_HIGH_FLAMMABILITY,0.441,0.068,12.174999999999999,62.25,2.69,301.75,2.287,-1.416,0.925,8.125,28.26,2,2,3.7,3816.8,0
UTT_CELL_0049_0074,CELL_0049_0074,UTT,2022-05-06,30.21713,78.87788,1681.4,27.4,141.7,0.62,-0.785,CONIFER_HIGH_FLAMMABILITY,0.443,0.068,12.174999999999999,62.25,2.69,301.75,2.287,-1.416,0.925,8.125,28.26,0,0,0.7,7478.8,0
UTT_CELL_0130_0076,CELL_0130_0076,UTT,2022-05-06,30.58253,78.88039,1901.7,7.8,178.3,0.03,-1.0,CONIFER_HIGH_FLAMMABILITY,0.639,0.068,12.174999999999999,62.25,2.69,301.75,2.287,-1.416,0.925,8.125,28.26,0,0,4.7,27863.8,0
UTT_CELL_0026_0124,CELL_0026_0124,UTT,2022-05-06,30.11735,79.13945,1726.2,22.5,131.7,0.747,-0.665,CONIFER_HIGH_FLAMMABILITY,0.492,0.068,12.174999999999999,62.25,2.69,301.75,2.287,-1.416,0.925,8.125,28.26,0,0,4.7,15379.2,0
UTT_CELL_0107_0127,CELL_0107_0127,UTT,2022-05-06,30.48286,79.14816,1949.0,33.7,168.3,0.203,-0.979,CONIFER_HIGH_FLAMMABILITY,0.38,0.068,12.174999999999999,62.25,2.69,301.75,2.287,-1.416,0.925,8.125,28.26,0,0,4.7,21239.8,0
UTT_CELL_0046_0041,CELL_0046_0041,UTT,2022-05-06,30.20072,78.70687,1603.2,22.3,140.1,0.641,-0.767,CONIFER_HIGH_FLAMMABILITY,0.494,0.068,12.174999999999999,62.25,2.69,301.75,2.287,-1.416,0.925,8.125,28.26,6,6,4.7,1595.7,0
UTT_CELL_0059_0035,CELL_0059_0035,UTT,2022-05-06,30.25878,78.67435,1625.0,33.9,145.9,0.561,-0.828,CONIFER_HIGH_FLAMMABILITY,0.378,0.068,12.174999999999999,62.25,2.69,301.75,2.287,-1.416,0.925,8.125,28.26,3,3,4.7,1136.8,0
UTT_CELL_0127_0045,CELL_0127_0045,UTT,2022-05-06,30.56627,78.71916,1827.4,11.0,176.6,0.059,-0.998,CONIFER_HIGH_FLAMMABILITY,0.607,0.068,12.174999999999999,62.25,2.69,301.75,2.287,-1.416,0.925,8.125,28.26,0,0,4.7,21811.1,0
UTT_CELL_0101_0055,CELL_0101_0055,UTT,2022-05-06,30.44995,78.77393,1779.5,32.3,165.0,0.259,-0.966,CONIFER_HIGH_FLAMMABILITY,0.394,0.068,12.174999999999999,62.25,2.69,301.75,2.287,-1.416,0.925,8.125,28.26,0,0,4.7,9306.5,0
UTT_CELL_0036_0097,CELL_0036_0097,UTT,2022-05-06,30.16039,78.99848,1695.6,6.5,136.0,0.695,-0.719,CONIFER_HIGH_FLAMMABILITY,0.652,0.068,12.174999999999999,62.25,2.69,301.75,2.287,-1.416,0.925,8.125,28.26,3,3,4.7,1763.4,0
UTT_CELL_0046_0056,CELL_0046_0056,UTT,2022-05-06,30.20206,78.78473,1635.1,22.8,140.2,0.64,-0.768,CONIFER_HIGH_FLAMMABILITY,0.489,0.068,12.174999999999999,62.25,2.69,301.75,2.287,-1.416,0.925,8.125,28.26,1,1,4.2,3958.1,0
UTT_CELL_0004_0038,CELL_0004_0038,UTT,2022-05-06,30.01109,78.6957,1484.9,28.3,121.1,0.856,-0.517,CONIFER_HIGH_FLAMMABILITY,0.434,0.068,12.174999999999999,62.25,2.69,301.75,2.287,-1.416,0.925,8.125,28.26,1,1,4.2,3425.1,0
UTT_CELL_0056_0016,CELL_0056_0016,UTT,2022-05-06,30.24347,78.57601,1576.5,32.7,144.3,0.584,-0.812,CONIFER_HIGH_FLAMMABILITY,0.39,0.068,12.174999999999999,62.25,2.69,301.75,2.287,-1.416,0.925,8.125,28.26,1,1,0.5,4739.8,0
UTT_CELL_0052_0143,CELL_0052_0143,UTT,2022-05-06,30.23598,79.23593,1836.0,31.6,143.6,0.593,-0.805,CONIFER_HIGH_FLAMMABILITY,0.401,0.068,12.174999999999999,62.25,2.69,301.75,2.287,-1.416,0.925,8.125,28.26,0,0,4.7,11635.5,0
UTT_CELL_0133_0147,CELL_0133_0147,UTT,2022-05-06,30.60156,79.2502,2061.0,15.6,180.2,-0.003,-1.0,CONIFER_MODERATE_FLAMMABILITY,0.561,0.068,12.174999999999999,62.25,2.69,301.75,2.287,-1.416,0.925,8.125,28.26,0,0,1.7,25776.3,0
UTT_CELL_0030_0037,CELL_0030_0037,UTT,2022-05-06,30.12822,78.68779,1552.0,18.6,132.8,0.734,-0.679,CONIFER_HIGH_FLAMMABILITY,0.531,0.068,12.174999999999999,62.25,2.69,301.75,2.287,-1.416,0.925,8.125,28.26,1,1,2.1,4839.6,0
UTT_CELL_0075_0098,CELL_0075_0098,UTT,2022-05-06,30.33633,79.00011,1801.8,19.1,153.6,0.445,-0.896,CONIFER_HIGH_FLAMMABILITY,0.526,0.068,12.174999999999999,62.25,2.69,301.75,2.287,-1.416,0.925,8.125,28.26,0,0,4.7,12082.4,0
UTT_CELL_0078_0136,CELL_0078_0136,UTT,2022-05-06,30.35274,79.19743,1890.6,12.7,155.3,0.418,-0.909,CONIFER_HIGH_FLAMMABILITY,0.59,0.068,12.174999999999999,62.25,2.69,301.75,2.287,-1.416,0.925,8.125,28.26,0,0,0.5,11189.4,0
UTT_CELL_0130_0120,CELL_0130_0120,UTT,2022-05-06,30.58606,79.1097,1995.5,9.3,178.6,0.024,-1.0,CONIFER_HIGH_FLAMMABILITY,0.624,0.068,12.174999999999999,62.25,2.69,301.75,2.287,-1.416,0.925,8.125,28.26,0,0,4.7,32071.2,0
UTT_CELL_0069_0036,CELL_0069_0036,UTT,2022-05-06,30.30396,78.67848,1653.8,29.1,150.4,0.494,-0.869,CONIFER_HIGH_FLAMMABILITY,0.426,0.068,12.174999999999999,62.25,2.69,301.75,2.287,-1.416,0.925,8.125,28.26,7,7,4.2,506.1,0
UTT_CELL_0082_0030,CELL_0082_0030,UTT,2022-05-06,30.36201,78.6459,1675.6,8.8,156.2,0.404,-0.915,CONIFER_HIGH_FLAMMABILITY,0.629,0.068,12.174999999999999,62.25,2.69,301.75,2.287,-1.416,0.925,8.125,28.26,2,2,4.2,3063.1,0
UTT_CELL_0121_0016,CELL_0121_0016,UTT,2022-05-06,30.53648,78.56876,1749.4,22.4,173.6,0.111,-0.994,CONIFER_HIGH_FLAMMABILITY,0.493,0.068,12.174999999999999,62.25,2.69,301.75,2.287,-1.416,0.925,8.125,28.26,0,0,3.7,6363.5,0
UTT_CELL_0043_0056,CELL_0043_0056,UTT,2022-05-06,30.18853,78.78503,1627.1,17.9,138.9,0.657,-0.754,CONIFER_HIGH_FLAMMABILITY,0.538,0.068,12.174999999999999,62.25,2.69,301.75,2.287,-1.416,0.925,8.125,28.26,1,1,4.2,4207.7,0
UTT_CELL_0053_0025,CELL_0053_0025,UTT,2022-05-06,30.2308,78.62307,1587.7,30.6,143.1,0.6,-0.8,CONIFER_HIGH_FLAMMABILITY,0.411,0.068,12.174999999999999,62.25,2.69,301.75,2.287,-1.416,0.925,8.125,28.26,0,0,4.7,5349.8,0
UTT_CELL_0085_0090,CELL_0085_0090,UTT,2022-05-06,30.38078,78.95759,1811.5,11.0,158.1,0.373,-0.928,CONIFER_HIGH_FLAMMABILITY,0.607,0.068,12.174999999999999,62.25,2.69,301.75,2.287,-1.416,0.925,8.125,28.26,0,0,2.1,16004.1,0
UTT_CELL_0046_0109,CELL_0046_0109,UTT,2022-05-06,30.20642,79.05987,1747.8,24.2,140.6,0.635,-0.773,CONIFER_HIGH_FLAMMABILITY,0.475,0.068,12.174999999999999,62.25,2.69,301.75,2.287,-1.416,0.925,8.125,28.26,0,0,4.2,7981.1,0
UTT_CELL_0117_0153,CELL_0117_0153,UTT,2022-05-06,30.52982,79.28275,2031.0,24.6,173.0,0.122,-0.993,CONIFER_MODERATE_FLAMMABILITY,0.471,0.068,12.174999999999999,62.25,2.69,301.75,2.287,-1.416,0.925,8.125,28.26,0,0,1.7,17318.4,0
UTT_CELL_0134_0034,CELL_0134_0034,UTT,2022-05-06,30.59681,78.6611,1822.5,13.7,179.7,0.005,-1.0,CONIFER_HIGH_FLAMMABILITY,0.58,0.068,12.174999999999999,62.25,2.69,301.75,2.287,-1.416,0.925,8.125,28.26,0,0,3.7,18550.9,0
UTT_CELL_0014_0051,CELL_0014_0051,UTT,2022-05-06,30.05734,78.76203,1539.2,34.0,125.7,0.812,-0.584,CONIFER_HIGH_FLAMMABILITY,0.377,0.068,12.174999999999999,62.25,2.69,301.75,2.287,-1.416,0.925,8.125,28.26,0,0,1.7,5425.9,0
UTT_CELL_0030_0085,CELL_0030_0085,UTT,2022-05-06,30.13237,78.93678,1654.1,17.0,133.2,0.729,-0.685,CONIFER_HIGH_FLAMMABILITY,0.547,0.068,12.174999999999999,62.25,2.69,301.75,2.287,-1.416,0.925,8.125,28.26,7,7,3.7,1003.8,1
UTT_CELL_0004_0097,CELL_0004_0097,UTT,2022-05-06,30.01609,79.00139,1610.2,29.5,121.6,0.852,-0.524,CONIFER_HIGH_FLAMMABILITY,0.422,0.068,12.174999999999999,62.25,2.69,301.75,2.287,-1.416,0.925,8.125,28.26,3,3,4.7,2785.9,0
UTT_CELL_0127_0119,CELL_0127_0119,UTT,2022-05-06,30.57246,79.10475,1985.4,8.4,177.2,0.049,-0.999,CONIFER_HIGH_FLAMMABILITY,0.633,0.068,12.174999999999999,62.25,2.69,301.75,2.287,-1.416,0.925,8.125,28.26,0,0,4.7,30550.7,0
UTT_CELL_0040_0044,CELL_0040_0044,UTT,2022-05-06,30.17394,78.72306,1593.6,12.1,137.4,0.677,-0.736,CONIFER_HIGH_FLAMMABILITY,0.596,0.068,12.174999999999999,62.25,2.69,301.75,2.287,-1.416,0.925,8.125,28.26,10,10,3.2,675.3,0
UTT_CELL_0017_0097,CELL_0017_0097,UTT,2022-05-06,30.07471,79.00021,1644.9,32.7,127.5,0.793,-0.609,CONIFER_HIGH_FLAMMABILITY,0.39,0.068,12.174999999999999,62.25,2.69,301.75,2.287,-1.416,0.925,8.125,28.26,0,0,4.7,7135.8,0
UTT_CELL_0030_0093,CELL_0030_0093,UTT,2022-05-06,30.13302,78.97828,1671.1,16.8,133.3,0.728,-0.686,CONIFER_HIGH_FLAMMABILITY,0.549,0.068,12.174999999999999,62.25,2.69,301.75,2.287,-1.416,0.925,8.125,28.26,8,8,4.7,2061.7,0
UTT_CELL_0059_0120,CELL_0059_0120,UTT,2022-05-06,30.26588,79.11587,1805.9,34.0,146.6,0.55,-0.835,CONIFER_HIGH_FLAMMABILITY,0.377,0.068,12.174999999999999,62.25,2.69,301.75,2.287,-1.416,0.925,8.125,28.26,11,11,2.7,1072.4,0
UTT_CELL_0030_0094,CELL_0030_0094,UTT,2022-05-06,30.1331,78.98347,1673.2,16.7,133.3,0.728,-0.686,CONIFER_HIGH_FLAMMABILITY,0.55,0.068,12.174999999999999,62.25,2.69,301.75,2.287,-1.416,0.925,8.125,28.26,7,7,4.7,1697.4,0
UTT_CELL_0020_0138,CELL_0020_0138,UTT,2022-05-06,30.0913,79.21256,1739.8,29.9,129.1,0.776,-0.631,CONIFER_HIGH_FLAMMABILITY,0.418,0.068,12.174999999999999,62.25,2.69,301.75,2.287,-1.416,0.925,8.125,28.26,0,0,4.7,15054.6,0
UTT_CELL_0105_0021,CELL_0105_0021,UTT,2022-05-06,30.46484,78.59658,1717.5,33.8,166.5,0.233,-0.972,CONIFER_HIGH_FLAMMABILITY,0.379,0.068,12.174999999999999,62.25,2.69,301.75,2.287,-1.416,0.925,8.125,28.26,0,0,3.7,5840.0,0
UTT_CELL_0027_0057,CELL_0027_0057,UTT,2022-05-06,30.11648,78.79183,1586.6,22.8,131.6,0.748,-0.664,CONIFER_HIGH_FLAMMABILITY,0.489,0.068,12.174999999999999,62.25,2.69,301.75,2.287,-1.416,0.925,8.125,28.26,1,1,4.7,1846.8,0
UTT_CELL_0046_0132,CELL_0046_0132,UTT,2022-05-06,30.20813,79.17929,1796.6,24.7,140.8,0.632,-0.775,CONIFER_HIGH_FLAMMABILITY,0.47,0.068,12.174999999999999,62.25,2.69,301.75,2.287,-1.416,0.925,8.125,28.26,0,0,2.7,10585.7,0
UTT_CELL_0030_0102,CELL_0030_0102,UTT,2022-05-06,30.13373,79.02497,1690.2,16.5,133.4,0.727,-0.687,CONIFER_HIGH_FLAMMABILITY,0.552,0.068,12.174999999999999,62.25,2.69,301.75,2.287,-1.416,0.925,8.125,28.26,1,1,4.7,3976.5,0
UTT_CELL_0069_0087,CELL_0069_0087,UTT,2022-05-06,30.30839,78.94349,1762.4,28.0,150.8,0.488,-0.873,CONIFER_HIGH_FLAMMABILITY,0.437,0.068,12.174999999999999,62.25,2.69,301.75,2.287,-1.416,0.925,8.125,28.26,0,0,0.7,10487.3,0
UTT_CELL_0079_0043,CELL_0079_0043,UTT,2022-05-06,30.34968,78.7138,1695.3,13.9,155.0,0.423,-0.906,CONIFER_HIGH_FLAMMABILITY,0.578,0.068,12.174999999999999,62.25,2.69,301.75,2.287,-1.416,0.925,8.125,28.26,11,11,3.7,1356.0,0
UTT_CELL_0043_0102,CELL_0043_0102,UTT,2022-05-06,30.19235,79.0238,1724.9,19.3,139.2,0.653,-0.757,CONIFER_HIGH_FLAMMABILITY,0.524,0.068,12.174999999999999,62.25,2.69,301.75,2.287,-1.416,0.925,8.125,28.26,0,0,4.7,6262.2,0
UTT_CELL_0063_0016,CELL_0063_0016,UTT,2022-05-06,30.27502,78.57523,1595.1,33.6,147.5,0.537,-0.843,CONIFER_HIGH_FLAMMABILITY,0.381,0.068,12.174999999999999,62.25,2.69,301.75,2.287,-1.416,0.925,8.125,28.26,2,2,0.5,2574.3,0
UTT_CELL_0056_0102,CELL_0056_0102,UTT,2022-05-06,30.25097,79.02263,1759.6,33.5,145.1,0.572,-0.82,CONIFER_HIGH_FLAMMABILITY,0.382,0.068,12.174999999999999,62.25,2.69,301.75,2.287,-1.416,0.925,8.125,28.26,0,0,4.2,8302.4,0
UTT_CELL_0050_0035,CELL_0050_0035,UTT,2022-05-06,30.21821,78.6753,1601.0,27.6,141.8,0.618,-0.786,CONIFER_HIGH_FLAMMABILITY,0.441,0.068,12.174999999999999,62.25,2.69,301.75,2.287,-1.416,0.925,8.125,28.26,3,3,4.7,3803.6,0
UTT_CELL_0089_0025,CELL_0089_0025,UTT,2022-05-06,30.39309,78.61914,1683.5,16.0,159.3,0.353,-0.935,CONIFER_HIGH_FLAMMABILITY,0.557,0.068,12.174999999999999,62.25,2.69,301.75,2.287,-1.416,0.925,8.125,28.26,0,0,4.2,6336.3,0
UTT_CELL_0004_0146,CELL_0004_0146,UTT,2022-05-06,30.0197,79.25532,1713.9,30.3,122.0,0.848,-0.53,CONIFER_HIGH_FLAMMABILITY,0.414,0.068,12.174999999999999,62.25,2.69,301.75,2.287,-1.416,0.925,8.125,28.26,0,0,0.5,11582.9,0
UTT_CELL_0063_0046,CELL_0063_0046,UTT,2022-05-06,30.27782,78.73106,1659.1,33.4,147.8,0.533,-0.846,CONIFER_HIGH_FLAMMABILITY,0.383,0.068,12.174999999999999,62.25,2.69,301.75,2.287,-1.416,0.925,8.125,28.26,0,0,4.7,5270.2,0
UTT_CELL_0121_0105,CELL_0121_0105,UTT,2022-05-06,30.54432,79.03234,1939.5,19.6,174.4,0.098,-0.995,CONIFER_HIGH_FLAMMABILITY,0.521,0.068,12.174999999999999,62.25,2.69,301.75,2.287,-1.416,0.925,8.125,28.26,0,0,4.7,28485.6,0
UTT_CELL_0102_0036,CELL_0102_0036,UTT,2022-05-06,30.45273,78.67496,1741.6,32.7,165.3,0.254,-0.967,CONIFER_HIGH_FLAMMABILITY,0.39,0.068,12.174999999999999,62.25,2.69,301.75,2.287,-1.416,0.925,8.125,28.26,0,0,4.2,8757.8,0
UTT_CELL_0027_0119,CELL_0027_0119,UTT,2022-05-06,30.12149,79.11343,1718.3,21.0,132.1,0.742,-0.67,CONIFER_HIGH_FLAMMABILITY,0.507,0.068,12.174999999999999,62.25,2.69,301.75,2.287,-1.416,0.925,8.125,28.26,0,0,4.7,13775.5,0
UTT_CELL_0134_0110,CELL_0134_0110,UTT,2022-05-06,30.60333,79.05722,1984.9,16.3,180.3,-0.005,-1.0,CONIFER_HIGH_FLAMMABILITY,0.554,0.068,12.174999999999999,62.25,2.69,301.75,2.287,-1.416,0.925,8.125,28.26,0,0,4.7,34332.6,0
UTT_CELL_0108_0125,CELL_0108_0125,UTT,2022-05-06,30.48722,79.13766,1947.4,33.4,168.7,0.196,-0.981,CONIFER_HIGH_FLAMMABILITY,0.383,0.068,12.174999999999999,62.25,2.69,301.75,2.287,-1.416,0.925,8.125,28.26,0,0,4.7,21462.7,0
UTT_CELL_0047_0036,CELL_0047_0036,UTT,2022-05-06,30.20477,78.68081,1595.2,23.7,140.5,0.636,-0.772,CONIFER_HIGH_FLAMMABILITY,0.48,0.068,12.174999999999999,62.25,2.69,301.75,2.287,-1.416,0.925,8.125,28.26,3,3,4.7,4161.1,0
UTT_CELL_0089_0056,CELL_0089_0056,UTT,2022-05-06,30.39593,78.78037,1749.7,17.1,159.6,0.349,-0.937,CONIFER_HIGH_FLAMMABILITY,0.546,0.068,12.174999999999999,62.25,2.69,301.75,2.287,-1.416,0.925,8.125,28.26,1,1,4.7,4816.6,0
UTT_CELL_0037_0086,CELL_0037_0086,UTT,2022-05-06,30.16402,78.94131,1674.9,8.0,136.4,0.69,-0.724,CONIFER_HIGH_FLAMMABILITY,0.637,0.068,12.174999999999999,62.25,2.69,301.75,2.287,-1.416,0.925,8.125,28.26,7,7,0.5,1279.8,0
UTT_CELL_0134_0122,CELL_0134_0122,UTT,2022-05-06,30.60425,79.11978,2010.5,16.7,180.4,-0.007,-1.0,CONIFER_MODERATE_FLAMMABILITY,0.55,0.068,12.174999999999999,62.25,2.69,301.75,2.287,-1.416,0.925,8.125,28.26,0,0,4.7,34136.8,0
UTT_CELL_0001_0145,CELL_0001_0145,UTT,2022-05-06,30.0061,79.25038,1703.8,26.9,120.6,0.861,-0.509,CONIFER_HIGH_FLAMMABILITY,0.448,0.068,12.174999999999999,62.25,2.69,301.75,2.287,-1.416,0.925,8.125,28.26,0,0,0.5,10311.6,0
UTT_CELL_0057_0003,CELL_0057_0003,UTT,2022-05-06,30.24671,78.5084,1551.4,33.1,144.7,0.578,-0.816,CONIFER_HIGH_FLAMMABILITY,0.386,0.068,12.174999999999999,62.25,2.69,301.75,2.287,-1.416,0.925,8.125,28.26,1,1,4.7,3101.8,0
UTT_CELL_0131_0096,CELL_0131_0096,UTT,2022-05-06,30.58869,78.98452,1947.0,10.4,178.9,0.019,-1.0,CONIFER_HIGH_FLAMMABILITY,0.613,0.068,12.174999999999999,62.25,2.69,301.75,2.287,-1.416,0.925,8.125,28.26,0,0,4.7,34867.7,0
UTT_CELL_0105_0108,CELL_0105_0108,UTT,2022-05-06,30.4724,79.04941,1903.2,34.0,167.2,0.222,-0.975,CONIFER_HIGH_FLAMMABILITY,0.377,0.068,12.174999999999999,62.25,2.69,301.75,2.287,-1.416,0.925,8.125,28.26,0,0,4.7,20290.8,0
UTT_CELL_0092_0116,CELL_0092_0116,UTT,2022-05-06,30.41439,79.0922,1885.5,23.7,161.4,0.319,-0.948,CONIFER_HIGH_FLAMMABILITY,0.48,0.068,12.174999999999999,62.25,2.69,301.75,2.287,-1.416,0.925,8.125,28.26,0,0,4.7,13046.9,0
UTT_CELL_0121_0143,CELL_0121_0143,UTT,2022-05-06,30.54716,79.23033,2020.4,18.6,174.7,0.092,-0.996,CONIFER_MODERATE_FLAMMABILITY,0.531,0.068,12.174999999999999,62.25,2.69,301.75,2.287,-1.416,0.925,8.125,28.26,0,0,1.7,22862.5,0
UTT_CELL_0083_0000,CELL_0083_0000,UTT,2022-05-06,30.36361,78.48984,1614.1,8.1,156.4,0.4,-0.916,CONIFER_HIGH_FLAMMABILITY,0.636,0.068,12.174999999999999,62.25,2.69,301.75,2.287,-1.416,0.925,8.125,28.26,4,4,4.7,391.6,0
UTT_CELL_0086_0039,CELL_0086_0039,UTT,2022-05-06,30.38088,78.69227,1705.4,11.1,158.1,0.373,-0.928,CONIFER_HIGH_FLAMMABILITY,0.606,0.068,12.174999999999999,62.25,2.69,301.75,2.287,-1.416,0.925,8.125,28.26,2,2,4.2,2287.7,0
UTT_CELL_0018_0034,CELL_0018_0034,UTT,2022-05-06,30.07384,78.6735,1513.7,32.8,127.4,0.794,-0.607,CONIFER_HIGH_FLAMMABILITY,0.389,0.068,12.174999999999999,62.25,2.69,301.75,2.287,-1.416,0.925,8.125,28.26,0,0,2.1,9783.7,0
UTT_CELL_0018_0037,CELL_0018_0037,UTT,2022-05-06,30.07412,78.68905,1520.1,32.8,127.4,0.794,-0.607,CONIFER_HIGH_FLAMMABILITY,0.389,0.068,12.174999999999999,62.25,2.69,301.75,2.287,-1.416,0.925,8.125,28.26,0,0,2.1,8771.7,0
UTT_CELL_0125_0027,CELL_0125_0027,UTT,2022-05-06,30.55557,78.62561,1783.6,15.3,175.6,0.077,-0.997,CONIFER_HIGH_FLAMMABILITY,0.564,0.068,12.174999999999999,62.25,2.69,301.75,2.287,-1.416,0.925,8.125,28.26,0,0,3.7,12737.7,0
UTT_CELL_0131_0106,CELL_0131_0106,UTT,2022-05-06,30.58949,79.03664,1968.3,10.7,178.9,0.019,-1.0,CONIFER_HIGH_FLAMMABILITY,0.61,0.068,12.174999999999999,62.25,2.69,301.75,2.287,-1.416,0.925,8.125,28.26,0,0,4.7,33233.5,0
UTT_CELL_0057_0026,CELL_0057_0026,UTT,2022-05-06,30.24893,78.62783,1600.5,33.3,144.9,0.575,-0.818,CONIFER_HIGH_FLAMMABILITY,0.384,0.068,12.174999999999999,62.25,2.69,301.75,2.287,-1.416,0.925,8.125,28.26,2,2,4.7,4226.6,1
UTT_CELL_0002_0012,CELL_0002_0012,UTT,2022-05-06,29.99964,78.56123,1424.3,25.0,120.0,0.866,-0.5,CONIFER_HIGH_FLAMMABILITY,0.467,0.068,12.174999999999999,62.25,2.69,301.75,2.287,-1.416,0.925,8.125,28.26,1,1,4.7,4452.4,0
UTT_CELL_0076_0097,CELL_0076_0097,UTT,2022-05-06,30.34077,78.99482,1802.4,17.4,154.1,0.437,-0.9,CONIFER_HIGH_FLAMMABILITY,0.543,0.068,12.174999999999999,62.25,2.69,301.75,2.287,-1.416,0.925,8.125,28.26,0,0,4.7,12809.5,0
UTT_CELL_0053_0152,CELL_0053_0152,UTT,2022-05-06,30.24111,79.2826,1857.7,32.4,144.1,0.586,-0.81,CONIFER_HIGH_FLAMMABILITY,0.393,0.068,12.174999999999999,62.25,2.69,301.75,2.287,-1.416,0.925,8.125,28.26,0,0,4.7,8568.5,0
UTT_CELL_0008_0094,CELL_0008_0094,UTT,2022-05-06,30.03389,78.98548,1614.5,32.7,123.4,0.835,-0.55,CONIFER_HIGH_FLAMMABILITY,0.39,0.068,12.174999999999999,62.25,2.69,301.75,2.287,-1.416,0.925,8.125,28.26,0,0,4.7,5416.8,0
UTT_CELL_0015_0014,CELL_0015_0014,UTT,2022-05-06,30.05844,78.57016,1463.1,34.0,125.8,0.811,-0.585,CONIFER_HIGH_FLAMMABILITY,0.377,0.068,12.174999999999999,62.25,2.69,301.75,2.287,-1.416,0.925,8.125,28.26,0,0,4.7,8348.8,0
UTT_CELL_0024_0128,CELL_0024_0128,UTT,2022-05-06,30.10863,79.16037,1729.3,25.3,130.9,0.756,-0.655,CONIFER_HIGH_FLAMMABILITY,0.464,0.068,12.174999999999999,62.25,2.69,301.75,2.287,-1.416,0.925,8.125,28.26,0,0,0.5,16521.1,0
UTT_CELL_0015_0019,CELL_0015_0019,UTT,2022-05-06,30.05892,78.59607,1473.8,33.9,125.9,0.81,-0.586,CONIFER_HIGH_FLAMMABILITY,0.378,0.068,12.174999999999999,62.25,2.69,301.75,2.287,-1.416,0.925,8.125,28.26,0,0,4.7,10485.2,0
UTT_CELL_0044_0047,CELL_0044_0047,UTT,2022-05-06,30.19224,78.73822,1610.6,19.3,139.2,0.653,-0.757,CONIFER_HIGH_FLAMMABILITY,0.524,0.068,12.174999999999999,62.25,2.69,301.75,2.287,-1.416,0.925,8.125,28.26,7,7,0.5,1239.6,0
UTT_CELL_0005_0066,CELL_0005_0066,UTT,2022-05-06,30.01806,78.84067,1547.1,29.9,121.8,0.85,-0.527,CONIFER_HIGH_FLAMMABILITY,0.418,0.068,12.174999999999999,62.25,2.69,301.75,2.287,-1.416,0.925,8.125,28.26,4,4,4.7,2750.0,0
UTT_CELL_0083_0032,CELL_0083_0032,UTT,2022-05-06,30.3667,78.65619,1682.5,6.9,156.7,0.396,-0.918,CONIFER_HIGH_FLAMMABILITY,0.648,0.068,12.174999999999999,62.25,2.69,301.75,2.287,-1.416,0.925,8.125,28.26,2,2,4.2,1829.4,0
UTT_CELL_0054_0010,CELL_0054_0010,UTT,2022-05-06,30.23387,78.54508,1558.4,31.2,143.4,0.596,-0.803,CONIFER_HIGH_FLAMMABILITY,0.405,0.068,12.174999999999999,62.25,2.69,301.75,2.287,-1.416,0.925,8.125,28.26,0,0,4.7,6035.8,0
UTT_CELL_0015_0032,CELL_0015_0032,UTT,2022-05-06,30.06013,78.66345,1501.5,33.9,126.0,0.809,-0.588,CONIFER_HIGH_FLAMMABILITY,0.378,0.068,12.174999999999999,62.25,2.69,301.75,2.287,-1.416,0.925,8.125,28.26,0,0,4.2,9195.2,0
UTT_CELL_0047_0100,CELL_0047_0100,UTT,2022-05-06,30.21023,79.01306,1731.4,25.4,141.0,0.629,-0.777,CONIFER_HIGH_FLAMMABILITY,0.463,0.068,12.174999999999999,62.25,2.69,301.75,2.287,-1.416,0.925,8.125,28.26,0,0,4.7,7505.8,0
UTT_CELL_0118_0147,CELL_0118_0147,UTT,2022-05-06,30.53391,79.25141,2020.9,23.3,173.4,0.115,-0.993,CONIFER_MODERATE_FLAMMABILITY,0.484,0.068,12.174999999999999,62.25,2.69,301.75,2.287,-1.416,0.925,8.125,28.26,0,0,1.7,20128.2,0
UTT_CELL_0099_0078,CELL_0099_0078,UTT,2022-05-06,30.44292,78.89382,1823.3,31.1,164.3,0.271,-0.963,CONIFER_HIGH_FLAMMABILITY,0.406,0.068,12.174999999999999,62.25,2.69,301.75,2.287,-1.416,0.925,8.125,28.26,0,0,2.1,17875.4,0
UTT_CELL_0041_0024,CELL_0041_0024,UTT,2022-05-06,30.1766,78.61918,1553.6,13.2,137.7,0.673,-0.74,CONIFER_HIGH_FLAMMABILITY,0.585,0.068,12.174999999999999,62.25,2.69,301.75,2.287,-1.416,0.925,8.125,28.26,0,0,4.7,9962.0,0
UTT_CELL_0024_0150,CELL_0024_0150,UTT,2022-05-06,30.11018,79.27449,1775.9,24.8,131.0,0.755,-0.656,CONIFER_HIGH_FLAMMABILITY,0.469,0.068,12.174999999999999,62.25,2.69,301.75,2.287,-1.416,0.925,8.125,28.26,0,0,4.7,8694.1,0
UTT_CELL_0008_0126,CELL_0008_0126,UTT,2022-05-06,30.03632,79.15134,1682.3,33.0,123.6,0.833,-0.553,CONIFER_HIGH_FLAMMABILITY,0.387,0.068,12.174999999999999,62.25,2.69,301.75,2.287,-1.416,0.925,8.125,28.26,0,0,0.5,8704.5,0
UTT_CELL_0131_0150,CELL_0131_0150,UTT,2022-05-06,30.59275,79.266,2062.0,12.1,179.3,0.012,-1.0,CONIFER_MODERATE_FLAMMABILITY,0.596,0.068,12.174999999999999,62.25,2.69,301.75,2.287,-1.416,0.925,8.125,28.26,0,0,1.7,23962.6,0
UTT_CELL_0125_0075,CELL_0125_0075,UTT,2022-05-06,30.5599,78.87566,1886.2,13.6,176.0,0.07,-0.998,CONIFER_HIGH_FLAMMABILITY,0.581,0.068,12.174999999999999,62.25,2.69,301.75,2.287,-1.416,0.925,8.125,28.26,0,0,4.7,25484.5,0
UTT_CELL_0012_0009,CELL_0012_0009,UTT,2022-05-06,30.04444,78.54458,1444.5,33.7,124.4,0.825,-0.565,CONIFER_HIGH_FLAMMABILITY,0.38,0.068,12.174999999999999,62.25,2.69,301.75,2.287,-1.416,0.925,8.125,28.26,0,0,4.7,5440.6,0
UTT_CELL_0031_0086,CELL_0031_0086,UTT,2022-05-06,30.13696,78.94187,1658.9,15.2,133.7,0.723,-0.691,CONIFER_HIGH_FLAMMABILITY,0.565,0.068,12.174999999999999,62.25,2.69,301.75,2.287,-1.416,0.925,8.125,28.26,7,7,3.7,610.7,1
UTT_CELL_0063_0156,CELL_0063_0156,UTT,2022-05-06,30.28648,79.3026,1892.9,32.4,148.6,0.521,-0.854,CONIFER_HIGH_FLAMMABILITY,0.393,0.068,12.174999999999999,62.25,2.69,301.75,2.287,-1.416,0.925,8.125,28.26,2,2,0.5,4500.3,0
UTT_CELL_0041_0052,CELL_0041_0052,UTT,2022-05-06,30.17916,78.76448,1613.3,14.2,137.9,0.67,-0.742,CONIFER_HIGH_FLAMMABILITY,0.575,0.068,12.174999999999999,62.25,2.69,301.75,2.287,-1.416,0.925,8.125,28.26,4,4,4.2,2929.2,1
UTT_CELL_0028_0060,CELL_0028_0060,UTT,2022-05-06,30.12125,78.80729,1595.7,21.1,132.1,0.742,-0.67,CONIFER_HIGH_FLAMMABILITY,0.506,0.068,12.174999999999999,62.25,2.69,301.75,2.287,-1.416,0.925,8.125,28.26,1,1,4.7,3522.9,1
UTT_CELL_0028_0061,CELL_0028_0061,UTT,2022-05-06,30.12133,78.81248,1597.8,21.1,132.1,0.742,-0.67,CONIFER_HIGH_FLAMMABILITY,0.506,0.068,12.174999999999999,62.25,2.69,301.75,2.287,-1.416,0.925,8.125,28.26,1,1,4.7,4026.8,1
UTT_CELL_0073_0119,CELL_0073_0119,UTT,2022-05-06,30.32894,79.10946,1841.1,21.7,152.9,0.456,-0.89,CONIFER_HIGH_FLAMMABILITY,0.5,0.068,12.174999999999999,62.25,2.69,301.75,2.287,-1.416,0.925,8.125,28.26,3,3,4.7,3622.6,0
UTT_CELL_0002_0077,CELL_0002_0077,UTT,2022-05-06,30.00545,78.89795,1562.5,26.7,120.5,0.862,-0.508,CONIFER_HIGH_FLAMMABILITY,0.45,0.068,12.174999999999999,62.25,2.69,301.75,2.287,-1.416,0.925,8.125,28.26,2,2,0.5,3432.0,0
UTT_CELL_0009_0001,CELL_0009_0001,UTT,2022-05-06,30.03013,78.50347,1419.5,32.1,123.0,0.839,-0.545,CONIFER_HIGH_FLAMMABILITY,0.396,0.068,12.174999999999999,62.25,2.69,301.75,2.287,-1.416,0.925,8.125,28.26,1,1,4.7,3746.9,0
UTT_CELL_0018_0116,CELL_0018_0116,UTT,2022-05-06,30.08068,79.09864,1687.9,31.9,128.1,0.787,-0.617,CONIFER_HIGH_FLAMMABILITY,0.398,0.068,12.174999999999999,62.25,2.69,301.75,2.287,-1.416,0.925,8.125,28.26,0,0,4.7,9290.9,0
UTT_CELL_0119_0031,CELL_0119_0031,UTT,2022-05-06,30.5289,78.6471,1776.2,24.9,172.9,0.124,-0.992,CONIFER_HIGH_FLAMMABILITY,0.468,0.068,12.174999999999999,62.25,2.69,301.75,2.287,-1.416,0.925,8.125,28.26,0,0,3.7,13828.1,0
UTT_CELL_0028_0074,CELL_0028_0074,UTT,2022-05-06,30.12244,78.87991,1625.4,20.7,132.2,0.741,-0.672,CONIFER_HIGH_FLAMMABILITY,0.51,0.068,12.174999999999999,62.25,2.69,301.75,2.287,-1.416,0.925,8.125,28.26,0,0,3.7,7408.2,0
UTT_CELL_0122_0071,CELL_0122_0071,UTT,2022-05-06,30.54603,78.85512,1869.7,19.0,174.6,0.094,-0.996,CONIFER_HIGH_FLAMMABILITY,0.527,0.068,12.174999999999999,62.25,2.69,301.75,2.287,-1.416,0.925,8.125,28.26,0,0,4.7,22940.3,0
UTT_CELL_0041_0070,CELL_0041_0070,UTT,2022-05-06,30.18072,78.85789,1651.6,14.8,138.1,0.668,-0.744,CONIFER_HIGH_FLAMMABILITY,0.569,0.068,12.174999999999999,62.25,2.69,301.75,2.287,-1.416,0.925,8.125,28.26,0,0,0.5,9820.4,0
UTT_CELL_0135_0067,CELL_0135_0067,UTT,2022-05-06,30.6043,78.83298,1895.8,16.7,180.4,-0.007,-1.0,CONIFER_HIGH_FLAMMABILITY,0.55,0.068,12.174999999999999,62.25,2.69,301.75,2.287,-1.416,0.925,8.125,28.26,0,0,4.7,27649.7,0
UTT_CELL_0051_0028,CELL_0051_0028,UTT,2022-05-06,30.22206,78.63886,1588.8,28.6,142.2,0.613,-0.79,CONIFER_HIGH_FLAMMABILITY,0.431,0.068,12.174999999999999,62.25,2.69,301.75,2.287,-1.416,0.925,8.125,28.26,1,1,4.7,4574.8,0
UTT_CELL_0135_0068,CELL_0135_0068,UTT,2022-05-06,30.60438,78.83819,1897.9,16.7,180.4,-0.007,-1.0,CONIFER_HIGH_FLAMMABILITY,0.55,0.068,12.174999999999999,62.25,2.69,301.75,2.287,-1.416,0.925,8.125,28.26,0,0,4.7,27869.4,0
UTT_CELL_0073_0137,CELL_0073_0137,UTT,2022-05-06,30.33026,79.20304,1879.4,21.3,153.0,0.454,-0.891,CONIFER_HIGH_FLAMMABILITY,0.504,0.068,12.174999999999999,62.25,2.69,301.75,2.287,-1.416,0.925,8.125,28.26,0,0,0.5,10214.9,0
UTT_CELL_0002_0090,CELL_0002_0090,UTT,2022-05-06,30.00651,78.9653,1590.0,27.0,120.7,0.86,-0.511,CONIFER_HIGH_FLAMMABILITY,0.447,0.068,12.174999999999999,62.25,2.69,301.75,2.287,-1.416,0.925,8.125,28.26,0,0,4.7,5639.6,0
UTT_CELL_0005_0132,CELL_0005_0132,UTT,2022-05-06,30.02323,79.18268,1687.0,31.0,122.3,0.845,-0.534,CONIFER_HIGH_FLAMMABILITY,0.407,0.068,12.174999999999999,62.25,2.69,301.75,2.287,-1.416,0.925,8.125,28.26,0,0,0.5,7156.4,0
UTT_CELL_0099_0129,CELL_0099_0129,UTT,2022-05-06,30.44693,79.15925,1931.9,31.8,164.7,0.264,-0.965,CONIFER_HIGH_FLAMMABILITY,0.399,0.068,12.174999999999999,62.25,2.69,301.75,2.287,-1.416,0.925,8.125,28.26,0,0,4.7,17801.7,0
UTT_CELL_0035_0000,CELL_0035_0000,UTT,2022-05-06,30.14724,78.49534,1486.5,11.0,134.7,0.711,-0.703,CONIFER_HIGH_FLAMMABILITY,0.607,0.068,12.174999999999999,62.25,2.69,301.75,2.287,-1.416,0.925,8.125,28.26,0,0,4.7,8578.7,0
UTT_CELL_0128_0157,CELL_0128_0157,UTT,2022-05-06,30.5797,79.30272,2068.9,6.6,178.0,0.035,-0.999,CONIFER_MODERATE_FLAMMABILITY,0.651,0.068,12.174999999999999,62.25,2.69,301.75,2.287,-1.416,0.925,8.125,28.26,0,0,1.7,20621.2,0
UTT_CELL_0005_0135,CELL_0005_0135,UTT,2022-05-06,30.02344,79.19823,1693.4,31.0,122.3,0.845,-0.534,CONIFER_HIGH_FLAMMABILITY,0.407,0.068,12.174999999999999,62.25,2.69,301.75,2.287,-1.416,0.925,8.125,28.26,0,0,0.5,7714.1,0
UTT_CELL_0028_0087,CELL_0028_0087,UTT,2022-05-06,30.12351,78.94734,1653.0,20.3,132.4,0.738,-0.674,CONIFER_HIGH_FLAMMABILITY,0.514,0.068,12.174999999999999,62.25,2.69,301.75,2.287,-1.416,0.925,8.125,28.26,7,7,3.7,611.9,1
UTT_CELL_0106_0051,CELL_0106_0051,UTT,2022-05-06,30.47213,78.7526,1784.3,34.0,167.2,0.222,-0.975,CONIFER_HIGH_FLAMMABILITY,0.377,0.068,12.174999999999999,62.25,2.69,301.75,2.287,-1.416,0.925,8.125,28.26,0,0,4.7,11214.8,0
UTT_CELL_0060_0153,CELL_0060_0153,UTT,2022-05-06,30.27275,79.28724,1878.5,33.8,147.3,0.54,-0.842,CONIFER_HIGH_FLAMMABILITY,0.379,0.068,12.174999999999999,62.25,2.69,301.75,2.287,-1.416,0.925,8.125,28.26,0,0,0.5,6006.2,1
UTT_CELL_0064_0033,CELL_0064_0033,UTT,2022-05-06,30.28114,78.66343,1634.1,33.1,148.1,0.528,-0.849,CONIFER_HIGH_FLAMMABILITY,0.386,0.068,12.174999999999999,62.25,2.69,301.75,2.287,-1.416,0.925,8.125,28.26,3,3,3.7,1509.9,0
UTT_CELL_0080_0067,CELL_0080_0067,UTT,2022-05-06,30.35631,78.83847,1749.2,11.2,155.6,0.413,-0.911,CONIFER_HIGH_FLAMMABILITY,0.605,0.068,12.174999999999999,62.25,2.69,301.75,2.287,-1.416,0.925,8.125,28.26,0,0,2.1,7519.8,0
UTT_CELL_0041_0091,CELL_0041_0091,UTT,2022-05-06,30.18246,78.96689,1696.2,15.5,138.2,0.667,-0.745,CONIFER_HIGH_FLAMMABILITY,0.562,0.068,12.174999999999999,62.25,2.69,301.75,2.287,-1.416,0.925,8.125,28.26,6,6,0.5,3989.5,0
UTT_CELL_0067_0082,CELL_0067_0082,UTT,2022-05-06,30.29896,78.9177,1746.5,30.2,149.9,0.502,-0.865,CONIFER_HIGH_FLAMMABILITY,0.415,0.068,12.174999999999999,62.25,2.69,301.75,2.287,-1.416,0.925,8.125,28.26,0,0,0.7,7443.1,0
UTT_CELL_0086_0154,CELL_0086_0154,UTT,2022-05-06,30.39007,79.2904,1950.2,14.8,159.0,0.358,-0.934,CONIFER_HIGH_FLAMMABILITY,0.569,0.068,12.174999999999999,62.25,2.69,301.75,2.287,-1.416,0.925,8.125,28.26,0,0,0.5,6732.6,0
UTT_CELL_0057_0131,CELL_0057_0131,UTT,2022-05-06,30.25767,79.17318,1823.9,33.9,145.8,0.562,-0.827,CONIFER_HIGH_FLAMMABILITY,0.378,0.068,12.174999999999999,62.25,2.69,301.75,2.287,-1.416,0.925,8.125,28.26,0,0,2.7,7399.2,0
UTT_CELL_0132_0058,CELL_0132_0058,UTT,2022-05-06,30.58998,78.78638,1868.5,10.9,179.0,0.017,-1.0,CONIFER_HIGH_FLAMMABILITY,0.608,0.068,12.174999999999999,62.25,2.69,301.75,2.287,-1.416,0.925,8.125,28.26,0,0,4.7,24700.3,0
UTT_CELL_0002_0119,CELL_0002_0119,UTT,2022-05-06,30.00875,79.11556,1651.5,27.6,120.9,0.858,-0.514,CONIFER_HIGH_FLAMMABILITY,0.441,0.068,12.174999999999999,62.25,2.69,301.75,2.287,-1.416,0.925,8.125,28.26,0,0,4.7,7837.4,0
UTT_CELL_0070_0128,CELL_0070_0128,UTT,2022-05-06,30.31608,79.1565,1852.2,25.9,151.6,0.476,-0.88,CONIFER_HIGH_FLAMMABILITY,0.458,0.068,12.174999999999999,62.25,2.69,301.75,2.287,-1.416,0.925,8.125,28.26,0,0,3.1,6298.2,0
UTT_CELL_0086_0157,CELL_0086_0157,UTT,2022-05-06,30.39028,79.30601,1956.6,14.9,159.0,0.358,-0.934,CONIFER_HIGH_FLAMMABILITY,0.568,0.068,12.174999999999999,62.25,2.69,301.75,2.287,-1.416,0.925,8.125,28.26,0,0,0.5,6830.2,0
UTT_CELL_0028_0110,CELL_0028_0110,UTT,2022-05-06,30.12533,79.06665,1701.9,19.7,132.5,0.737,-0.676,CONIFER_HIGH_FLAMMABILITY,0.52,0.068,12.174999999999999,62.25,2.69,301.75,2.287,-1.416,0.925,8.125,28.26,0,0,4.7,8669.8,0
UTT_CELL_0103_0039,CELL_0103_0039,UTT,2022-05-06,30.45752,78.69046,1750.7,33.2,165.8,0.245,-0.969,CONIFER_HIGH_FLAMMABILITY,0.385,0.068,12.174999999999999,62.25,2.69,301.75,2.287,-1.416,0.925,8.125,28.26,0,0,4.2,9488.6,0
UTT_CELL_0064_0065,CELL_0064_0065,UTT,2022-05-06,30.284,78.82966,1702.3,32.8,148.4,0.524,-0.852,CONIFER_HIGH_FLAMMABILITY,0.389,0.068,12.174999999999999,62.25,2.69,301.75,2.287,-1.416,0.925,8.125,28.26,6,6,0.5,404.7,0
UTT_CELL_0087_0018,CELL_0087_0018,UTT,2022-05-06,30.38341,78.58297,1663.2,12.1,158.3,0.37,-0.929,CONIFER_HIGH_FLAMMABILITY,0.596,0.068,12.174999999999999,62.25,2.69,301.75,2.287,-1.416,0.925,8.125,28.26,0,0,3.7,7834.2,0
UTT_CELL_0070_0148,CELL_0070_0148,UTT,2022-05-06,30.3175,79.26047,1894.7,25.5,151.8,0.473,-0.881,CONIFER_HIGH_FLAMMABILITY,0.462,0.068,12.174999999999999,62.25,2.69,301.75,2.287,-1.416,0.925,8.125,28.26,2,2,0.5,3953.4,0
UTT_CELL_0041_0124,CELL_0041_0124,UTT,2022-05-06,30.185,79.13818,1766.3,16.5,138.5,0.663,-0.749,CONIFER_HIGH_FLAMMABILITY,0.552,0.068,12.174999999999999,62.25,2.69,301.75,2.287,-1.416,0.925,8.125,28.26,0,0,2.7,10163.0,0
UTT_CELL_0116_0050,CELL_0116_0050,UTT,2022-05-06,30.51713,78.74636,1808.8,28.2,171.7,0.144,-0.99,CONIFER_HIGH_FLAMMABILITY,0.435,0.068,12.174999999999999,62.25,2.69,301.75,2.287,-1.416,0.925,8.125,28.26,0,0,4.7,16174.9,0
UTT_CELL_0119_0095,CELL_0119_0095,UTT,2022-05-06,30.5345,78.98043,1912.9,23.1,173.5,0.113,-0.994,CONIFER_HIGH_FLAMMABILITY,0.486,0.068,12.174999999999999,62.25,2.69,301.75,2.287,-1.416,0.925,8.125,28.26,0,0,4.7,29576.5,0
UTT_CELL_0080_0114,CELL_0080_0114,UTT,2022-05-06,30.36013,79.08285,1849.2,9.6,156.0,0.407,-0.914,CONIFER_HIGH_FLAMMABILITY,0.621,0.068,12.174999999999999,62.25,2.69,301.75,2.287,-1.416,0.925,8.125,28.26,0,0,4.7,7287.4,0
UTT_CELL_0032_0020,CELL_0032_0020,UTT,2022-05-06,30.13565,78.59941,1521.2,15.7,133.6,0.724,-0.69,CONIFER_HIGH_FLAMMABILITY,0.56,0.068,12.174999999999999,62.25,2.69,301.75,2.287,-1.416,0.925,8.125,28.26,0,0,3.2,13531.4,0
UTT_CELL_0129_0056,CELL_0129_0056,UTT,2022-05-06,30.57628,78.77627,1856.3,6.8,177.6,0.042,-0.999,CONIFER_HIGH_FLAMMABILITY,0.649,0.068,12.174999999999999,62.25,2.69,301.75,2.287,-1.416,0.925,8.125,28.26,0,0,4.7,23009.8,0
UTT_CELL_0135_0144,CELL_0135_0144,UTT,2022-05-06,30.61037,79.23439,2060.0,19.0,181.0,-0.017,-1.0,CONIFER_MODERATE_FLAMMABILITY,0.527,0.068,12.174999999999999,62.25,2.69,301.75,2.287,-1.416,0.925,8.125,28.26,0,0,1.7,27616.9,0
UTT_CELL_0022_0081,CELL_0022_0081,UTT,2022-05-06,30.09597,78.91678,1624.3,28.8,129.6,0.771,-0.637,CONIFER_HIGH_FLAMMABILITY,0.429,0.068,12.174999999999999,62.25,2.69,301.75,2.287,-1.416,0.925,8.125,28.26,1,1,3.7,4933.2,0
UTT_CELL_0038_0115,CELL_0038_0115,UTT,2022-05-06,30.1708,79.09172,1739.2,10.8,137.1,0.681,-0.733,CONIFER_HIGH_FLAMMABILITY,0.609,0.068,12.174999999999999,62.25,2.69,301.75,2.287,-1.416,0.925,8.125,28.26,0,0,4.2,10911.4,0
UTT_CELL_0119_0118,CELL_0119_0118,UTT,2022-05-06,30.5363,79.10025,1961.9,22.5,173.6,0.111,-0.994,CONIFER_HIGH_FLAMMABILITY,0.492,0.068,12.174999999999999,62.25,2.69,301.75,2.287,-1.416,0.925,8.125,28.26,0,0,4.7,26536.5,0
UTT_CELL_0022_0084,CELL_0022_0084,UTT,2022-05-06,30.09621,78.93234,1630.7,28.7,129.6,0.771,-0.637,CONIFER_HIGH_FLAMMABILITY,0.43,0.068,12.174999999999999,62.25,2.69,301.75,2.287,-1.416,0.925,8.125,28.26,2,2,3.7,3963.3,0
UTT_CELL_0080_0138,CELL_0080_0138,UTT,2022-05-06,30.3619,79.20766,1900.2,8.9,156.2,0.404,-0.915,CONIFER_HIGH_FLAMMABILITY,0.628,0.068,12.174999999999999,62.25,2.69,301.75,2.287,-1.416,0.925,8.125,28.26,0,0,0.5,10392.0,0
UTT_CELL_0090_0099,CELL_0090_0099,UTT,2022-05-06,30.40405,79.00394,1844.0,20.2,160.4,0.335,-0.942,CONIFER_HIGH_FLAMMABILITY,0.515,0.068,12.174999999999999,62.25,2.69,301.75,2.287,-1.416,0.925,8.125,28.26,0,0,4.7,16072.7,0
UTT_CELL_0061_0074,CELL_0061_0074,UTT,2022-05-06,30.27124,78.87671,1713.4,33.8,147.1,0.543,-0.84,CONIFER_HIGH_FLAMMABILITY,0.379,0.068,12.174999999999999,62.25,2.69,301.75,2.287,-1.416,0.925,8.125,28.26,5,5,0.7,2759.9,0
UTT_CELL_0100_0061,CELL_0100_0061,UTT,2022-05-06,30.44597,78.80526,1789.7,31.7,164.6,0.266,-0.964,CONIFER_HIGH_FLAMMABILITY,0.4,0.068,12.174999999999999,62.25,2.69,301.75,2.287,-1.416,0.925,8.125,28.26,0,0,4.7,10671.0,0
UTT_CELL_0038_0129,CELL_0038_0129,UTT,2022-05-06,30.17184,79.16439,1768.9,11.2,137.2,0.679,-0.734,CONIFER_HIGH_FLAMMABILITY,0.605,0.068,12.174999999999999,62.25,2.69,301.75,2.287,-1.416,0.925,8.125,28.26,0,0,2.7,12705.7,0
UTT_CELL_0035_0097,CELL_0035_0097,UTT,2022-05-06,30.15588,78.99858,1693.0,7.4,135.6,0.7,-0.714,CONIFER_HIGH_FLAMMABILITY,0.643,0.068,12.174999999999999,62.25,2.69,301.75,2.287,-1.416,0.925,8.125,28.26,3,3,4.7,1340.7,0
UTT_CELL_0077_0124,CELL_0077_0124,UTT,2022-05-07,30.34735,79.13511,1862.5,14.8,154.7,0.427,-0.904,CONIFER_HIGH_FLAMMABILITY,0.565,0.096,12.45,65.75,2.4225,204.75,1.014,2.2,1.3,9.425,24.56,0,0,5.7,6685.5,0
UTT_CELL_0037_0046,CELL_0037_0046,UTT,2022-05-07,30.16059,78.73375,1589.9,6.5,136.1,0.693,-0.721,CONIFER_HIGH_FLAMMABILITY,0.648,0.096,12.45,65.75,2.4225,204.75,1.014,2.2,1.3,9.425,24.56,10,10,3.1,1260.5,0
UTT_CELL_0066_0078,CELL_0066_0078,UTT,2022-05-07,30.29412,78.89701,1735.3,31.2,149.4,0.509,-0.861,CONIFER_HIGH_FLAMMABILITY,0.401,0.096,12.45,65.75,2.4225,204.75,1.014,2.2,1.3,9.425,24.56,0,0,1.7,5090.4,0
UTT_CELL_0053_0085,CELL_0053_0085,UTT,2022-05-07,30.23608,78.93461,1715.5,31.6,143.6,0.593,-0.805,CONIFER_HIGH_FLAMMABILITY,0.397,0.096,12.45,65.75,2.4225,204.75,1.014,2.2,1.3,9.425,24.56,0,0,1.1,9262.9,0
UTT_CELL_0118_0057,CELL_0118_0057,UTT,2022-05-07,30.52677,78.78261,1829.1,25.5,172.7,0.127,-0.992,CONIFER_HIGH_FLAMMABILITY,0.458,0.096,12.45,65.75,2.4225,204.75,1.014,2.2,1.3,9.425,24.56,0,0,5.7,17753.6,0
UTT_CELL_0006_0091,CELL_0006_0091,UTT,2022-05-07,30.02463,78.97011,1602.8,31.2,122.5,0.843,-0.537,CONIFER_HIGH_FLAMMABILITY,0.401,0.096,12.45,65.75,2.4225,204.75,1.014,2.2,1.3,9.425,24.56,0,0,5.7,5956.6,0
UTT_CELL_0068_0031,CELL_0068_0031,UTT,2022-05-07,30.29898,78.65261,1640.4,30.2,149.9,0.502,-0.865,CONIFER_HIGH_FLAMMABILITY,0.411,0.096,12.45,65.75,2.4225,204.75,1.014,2.2,1.3,9.425,24.56,2,2,5.2,2654.0,0
UTT_CELL_0019_0100,CELL_0019_0100,UTT,2022-05-07,30.08396,79.01559,1656.6,31.3,128.4,0.784,-0.621,CONIFER_HIGH_FLAMMABILITY,0.4,0.096,12.45,65.75,2.4225,204.75,1.014,2.2,1.3,9.425,24.56,0,0,5.7,7234.9,0
UTT_CELL_0055_0045,CELL_0055_0045,UTT,2022-05-07,30.24166,78.7267,1635.7,32.4,144.2,0.585,-0.811,CONIFER_HIGH_FLAMMABILITY,0.389,0.096,12.45,65.75,2.4225,204.75,1.014,2.2,1.3,9.425,24.56,2,2,5.7,3305.6,0
UTT_CELL_0121_0114,CELL_0121_0114,UTT,2022-05-07,30.54502,79.07923,1958.7,19.4,174.5,0.096,-0.995,CONIFER_HIGH_FLAMMABILITY,0.519,0.096,12.45,65.75,2.4225,204.75,1.014,2.2,1.3,9.425,24.56,0,0,5.7,27616.0,0
UTT_CELL_0077_0157,CELL_0077_0157,UTT,2022-05-07,30.34969,79.30671,1932.5,13.9,155.0,0.423,-0.906,CONIFER_HIGH_FLAMMABILITY,0.574,0.096,12.45,65.75,2.4225,204.75,1.014,2.2,1.3,9.425,24.56,2,2,1.1,2546.9,1
UTT_CELL_0069_0144,CELL_0069_0144,UTT,2022-05-07,30.31272,79.23975,1883.5,26.9,151.3,0.48,-0.877,CONIFER_HIGH_FLAMMABILITY,0.444,0.096,12.45,65.75,2.4225,204.75,1.014,2.2,1.3,9.425,24.56,0,0,1.1,6312.8,0
UTT_CELL_0000_0045,CELL_0000_0045,UTT,2022-05-07,29.99368,78.73237,1489.2,23.1,119.4,0.871,-0.491,CONIFER_HIGH_FLAMMABILITY,0.482,0.096,12.45,65.75,2.4225,204.75,1.014,2.2,1.3,9.425,24.56,0,0,5.2,5082.7,0
UTT_CELL_0078_0010,CELL_0078_0010,UTT,2022-05-07,30.34206,78.54238,1622.2,16.9,154.2,0.435,-0.9,CONIFER_HIGH_FLAMMABILITY,0.544,0.096,12.45,65.75,2.4225,204.75,1.014,2.2,1.3,9.425,24.56,1,1,1.7,3074.8,0
UTT_CELL_0055_0060,CELL_0055_0060,UTT,2022-05-07,30.24299,78.80459,1667.6,32.6,144.3,0.584,-0.812,CONIFER_HIGH_FLAMMABILITY,0.387,0.096,12.45,65.75,2.4225,204.75,1.014,2.2,1.3,9.425,24.56,1,1,1.1,4931.5,0
UTT_CELL_0087_0124,CELL_0087_0124,UTT,2022-05-07,30.39245,79.13426,1889.2,15.8,159.2,0.355,-0.935,CONIFER_HIGH_FLAMMABILITY,0.555,0.096,12.45,65.75,2.4225,204.75,1.014,2.2,1.3,9.425,24.56,0,0,5.7,11169.0,0
UTT_CELL_0118_0095,CELL_0118_0095,UTT,2022-05-07,30.52999,78.98053,1910.2,24.5,173.0,0.122,-0.993,CONIFER_HIGH_FLAMMABILITY,0.468,0.096,12.45,65.75,2.4225,204.75,1.014,2.2,1.3,9.425,24.56,0,0,5.7,29127.0,0
UTT_CELL_0045_0112,CELL_0045_0112,UTT,2022-05-07,30.20214,79.07554,1751.5,22.8,140.2,0.64,-0.768,CONIFER_HIGH_FLAMMABILITY,0.485,0.096,12.45,65.75,2.4225,204.75,1.014,2.2,1.3,9.425,24.56,0,0,5.2,7740.2,0
UTT_CELL_0125_0017,CELL_0125_0017,UTT,2022-05-07,30.55461,78.57352,1762.2,15.7,175.5,0.078,-0.997,CONIFER_HIGH_FLAMMABILITY,0.556,0.096,12.45,65.75,2.4225,204.75,1.014,2.2,1.3,9.425,24.56,0,0,4.7,8189.7,0
UTT_CELL_0055_0070,CELL_0055_0070,UTT,2022-05-07,30.24385,78.85652,1688.9,32.7,144.4,0.582,-0.813,CONIFER_HIGH_FLAMMABILITY,0.386,0.096,12.45,65.75,2.4225,204.75,1.014,2.2,1.3,9.425,24.56,3,3,1.7,4017.8,0
UTT_CELL_0029_0084,CELL_0029_0084,UTT,2022-05-07,30.12778,78.93168,1649.3,18.7,132.8,0.734,-0.679,CONIFER_HIGH_FLAMMABILITY,0.526,0.096,12.45,65.75,2.4225,204.75,1.014,2.2,1.3,9.425,24.56,15,15,0.5,784.1,1
UTT_CELL_0042_0079,CELL_0042_0079,UTT,2022-05-07,30.18599,78.90451,1673.4,16.9,138.6,0.661,-0.75,CONIFER_HIGH_FLAMMABILITY,0.544,0.096,12.45,65.75,2.4225,204.75,1.014,2.2,1.3,9.425,24.56,0,0,1.1,5642.8,0
UTT_CELL_0053_0132,CELL_0053_0132,UTT,2022-05-07,30.2397,79.17871,1815.3,32.2,144.0,0.588,-0.809,CONIFER_HIGH_FLAMMABILITY,0.391,0.096,12.45,65.75,2.4225,204.75,1.014,2.2,1.3,9.425,24.56,0,0,3.7,8606.9,0
UTT_CELL_0011_0113,CELL_0011_0113,UTT,2022-05-07,30.04889,79.08369,1662.8,33.9,124.9,0.82,-0.572,CONIFER_HIGH_FLAMMABILITY,0.374,0.096,12.45,65.75,2.4225,204.75,1.014,2.2,1.3,9.425,24.56,0,0,5.7,5823.8,0
UTT_CELL_0018_0032,CELL_0018_0032,UTT,2022-05-07,30.07366,78.66313,1509.4,32.9,127.4,0.794,-0.607,CONIFER_HIGH_FLAMMABILITY,0.384,0.096,12.45,65.75,2.4225,204.75,1.014,2.2,1.3,9.425,24.56,0,0,3.1,10561.8,0
UTT_CELL_0066_0130,CELL_0066_0130,UTT,2022-05-07,30.29819,79.16724,1845.8,30.4,149.8,0.503,-0.864,CONIFER_HIGH_FLAMMABILITY,0.409,0.096,12.45,65.75,2.4225,204.75,1.014,2.2,1.3,9.425,24.56,0,0,4.1,6555.6,0
UTT_CELL_0026_0052,CELL_0026_0052,UTT,2022-05-07,30.11153,78.766,1573.3,24.4,131.2,0.752,-0.659,CONIFER_HIGH_FLAMMABILITY,0.469,0.096,12.45,65.75,2.4225,204.75,1.014,2.2,1.3,9.425,24.56,2,2,5.7,1784.1,0
UTT_CELL_0073_0051,CELL_0073_0051,UTT,2022-05-07,30.32335,78.75601,1696.4,23.6,152.3,0.465,-0.885,CONIFER_HIGH_FLAMMABILITY,0.477,0.096,12.45,65.75,2.4225,204.75,1.014,2.2,1.3,9.425,24.56,5,5,4.7,3643.3,0
UTT_CELL_0062_0005,CELL_0062_0005,UTT,2022-05-07,30.26944,78.51822,1569.0,33.9,146.9,0.546,-0.838,CONIFER_HIGH_FLAMMABILITY,0.374,0.096,12.45,65.75,2.4225,204.75,1.014,2.2,1.3,9.425,24.56,0,0,5.7,5808.6,0
UTT_CELL_0083_0015,CELL_0083_0015,UTT,2022-05-07,30.36509,78.56781,1646.2,7.5,156.5,0.399,-0.917,CONIFER_HIGH_FLAMMABILITY,0.638,0.096,12.45,65.75,2.4225,204.75,1.014,2.2,1.3,9.425,24.56,0,0,1.7,5890.9,0
UTT_CELL_0040_0154,CELL_0040_0154,UTT,2022-05-07,30.18261,79.294,1827.2,15.6,138.3,0.665,-0.747,CONIFER_HIGH_FLAMMABILITY,0.557,0.096,12.45,65.75,2.4225,204.75,1.014,2.2,1.3,9.425,24.56,2,2,5.7,3078.4,0
UTT_CELL_0110_0108,CELL_0110_0108,UTT,2022-05-07,30.49495,79.04896,1916.6,32.6,169.5,0.182,-0.983,CONIFER_HIGH_FLAMMABILITY,0.387,0.096,12.45,65.75,2.4225,204.75,1.014,2.2,1.3,9.425,24.56,0,0,5.7,22713.0,0
UTT_CELL_0088_0003,CELL_0088_0003,UTT,2022-05-07,30.38645,78.50486,1633.8,13.4,158.6,0.365,-0.931,CONIFER_HIGH_FLAMMABILITY,0.579,0.096,12.45,65.75,2.4225,204.75,1.014,2.2,1.3,9.425,24.56,6,6,4.2,1297.6,0
UTT_CELL_0026_0072,CELL_0026_0072,UTT,2022-05-07,30.11326,78.86973,1615.8,23.8,131.3,0.751,-0.66,CONIFER_HIGH_FLAMMABILITY,0.475,0.096,12.45,65.75,2.4225,204.75,1.014,2.2,1.3,9.425,24.56,0,0,0.5,6256.6,0
UTT_CELL_0019_0157,CELL_0019_0157,UTT,2022-05-07,30.0881,79.31118,1777.3,30.5,128.8,0.779,-0.627,CONIFER_HIGH_FLAMMABILITY,0.408,0.096,12.45,65.75,2.4225,204.75,1.014,2.2,1.3,9.425,24.56,0,0,4.2,7315.4,0
UTT_CELL_0092_0144,CELL_0092_0144,UTT,2022-05-07,30.41644,79.23789,1945.0,24.4,161.6,0.316,-0.949,CONIFER_HIGH_FLAMMABILITY,0.469,0.096,12.45,65.75,2.4225,204.75,1.014,2.2,1.3,9.425,24.56,0,0,1.1,11566.8,0
UTT_CELL_0055_0104,CELL_0055_0104,UTT,2022-05-07,30.24662,79.03311,1761.2,33.1,144.7,0.578,-0.816,CONIFER_HIGH_FLAMMABILITY,0.382,0.096,12.45,65.75,2.4225,204.75,1.014,2.2,1.3,9.425,24.56,0,0,5.2,7329.0,0
UTT_CELL_0107_0082,CELL_0107_0082,UTT,2022-05-07,30.47932,78.91387,1853.1,33.9,167.9,0.21,-0.978,CONIFER_HIGH_FLAMMABILITY,0.374,0.096,12.45,65.75,2.4225,204.75,1.014,2.2,1.3,9.425,24.56,0,0,5.7,22285.8,0
UTT_CELL_0094_0088,CELL_0094_0088,UTT,2022-05-07,30.4212,78.94634,1831.3,25.8,162.1,0.307,-0.952,CONIFER_HIGH_FLAMMABILITY,0.455,0.096,12.45,65.75,2.4225,204.75,1.014,2.2,1.3,9.425,24.56,0,0,3.1,18394.9,0
UTT_CELL_0024_0142,CELL_0024_0142,UTT,2022-05-07,30.10963,79.23299,1759.0,25.0,131.0,0.755,-0.656,CONIFER_HIGH_FLAMMABILITY,0.463,0.096,12.45,65.75,2.4225,204.75,1.014,2.2,1.3,9.425,24.56,0,0,5.7,12020.5,0
UTT_CELL_0112_0064,CELL_0112_0064,UTT,2022-05-07,30.50033,78.81967,1828.1,31.8,170.0,0.174,-0.985,CONIFER_HIGH_FLAMMABILITY,0.395,0.096,12.45,65.75,2.4225,204.75,1.014,2.2,1.3,9.425,24.56,0,0,5.7,16560.9,0
UTT_CELL_0055_0116,CELL_0055_0116,UTT,2022-05-07,30.24754,79.09543,1786.7,33.2,144.8,0.576,-0.817,CONIFER_HIGH_FLAMMABILITY,0.381,0.096,12.45,65.75,2.4225,204.75,1.014,2.2,1.3,9.425,24.56,9,9,5.2,2386.5,0
UTT_CELL_0060_0094,CELL_0060_0094,UTT,2022-05-07,30.26838,78.98071,1753.3,33.9,146.8,0.548,-0.837,CONIFER_HIGH_FLAMMABILITY,0.374,0.096,12.45,65.75,2.4225,204.75,1.014,2.2,1.3,9.425,24.56,0,0,5.2,12710.2,0
UTT_CELL_0094_0102,CELL_0094_0102,UTT,2022-05-07,30.42233,79.01918,1861.1,26.2,162.2,0.306,-0.952,CONIFER_HIGH_FLAMMABILITY,0.451,0.096,12.45,65.75,2.4225,204.75,1.014,2.2,1.3,9.425,24.56,0,0,5.7,16634.0,0
UTT_CELL_0033_0015,CELL_0033_0015,UTT,2022-05-07,30.13968,78.57336,1513.2,14.1,134.0,0.719,-0.695,CONIFER_HIGH_FLAMMABILITY,0.572,0.096,12.45,65.75,2.4225,204.75,1.014,2.2,1.3,9.425,24.56,0,0,5.7,13076.6,0
UTT_CELL_0083_0052,CELL_0083_0052,UTT,2022-05-07,30.36853,78.76018,1725.2,6.1,156.9,0.392,-0.92,CONIFER_HIGH_FLAMMABILITY,0.652,0.096,12.45,65.75,2.4225,204.75,1.014,2.2,1.3,9.425,24.56,1,1,5.7,1763.1,0
UTT_CELL_0081_0115,CELL_0081_0115,UTT,2022-05-07,30.36471,79.08797,1854.0,7.7,156.5,0.399,-0.917,CONIFER_HIGH_FLAMMABILITY,0.636,0.096,12.45,65.75,2.4225,204.75,1.014,2.2,1.3,9.425,24.56,0,0,5.7,7643.2,0
UTT_CELL_0063_0143,CELL_0063_0143,UTT,2022-05-07,30.28559,79.23504,1865.4,32.5,148.6,0.521,-0.854,CONIFER_HIGH_FLAMMABILITY,0.388,0.096,12.45,65.75,2.4225,204.75,1.014,2.2,1.3,9.425,24.56,0,0,0.5,6275.7,0
UTT_CELL_0073_0102,CELL_0073_0102,UTT,2022-05-07,30.32763,79.02109,1805.0,22.2,152.8,0.457,-0.889,CONIFER_HIGH_FLAMMABILITY,0.491,0.096,12.45,65.75,2.4225,204.75,1.014,2.2,1.3,9.425,24.56,0,0,5.7,9562.7,0
UTT_CELL_0023_0067,CELL_0023_0067,UTT,2022-05-07,30.09931,78.84409,1597.2,27.9,129.9,0.767,-0.641,CONIFER_HIGH_FLAMMABILITY,0.434,0.096,12.45,65.75,2.4225,204.75,1.014,2.2,1.3,9.425,24.56,2,2,0.5,4214.6,0
UTT_CELL_0021_0130,CELL_0021_0130,UTT,2022-05-07,30.09524,79.17099,1725.5,28.9,129.5,0.772,-0.636,CONIFER_HIGH_FLAMMABILITY,0.424,0.096,12.45,65.75,2.4225,204.75,1.014,2.2,1.3,9.425,24.56,0,0,1.1,15003.8,0
UTT_CELL_0047_0120,CELL_0047_0120,UTT,2022-05-07,30.21176,79.1169,1773.8,25.8,141.2,0.627,-0.779,CONIFER_HIGH_FLAMMABILITY,0.455,0.096,12.45,65.75,2.4225,204.75,1.014,2.2,1.3,9.425,24.56,0,0,2.1,6625.1,0
UTT_CELL_0096_0059,CELL_0096_0059,UTT,2022-05-07,30.42776,78.79526,1774.8,27.7,162.8,0.296,-0.955,CONIFER_HIGH_FLAMMABILITY,0.436,0.096,12.45,65.75,2.4225,204.75,1.014,2.2,1.3,9.425,24.56,0,0,5.7,8412.9,0
UTT_CELL_0085_0007,CELL_0085_0007,UTT,2022-05-07,30.37332,78.526,1634.4,7.9,157.3,0.386,-0.923,CONIFER_HIGH_FLAMMABILITY,0.634,0.096,12.45,65.75,2.4225,204.75,1.014,2.2,1.3,9.425,24.56,4,4,4.2,2446.1,0
UTT_CELL_0080_0034,CELL_0080_0034,UTT,2022-05-07,30.35336,78.66691,1678.8,12.4,155.3,0.418,-0.909,CONIFER_HIGH_FLAMMABILITY,0.589,0.096,12.45,65.75,2.4225,204.75,1.014,2.2,1.3,9.425,24.56,7,7,5.2,1917.8,0
UTT_CELL_0039_0113,CELL_0039_0113,UTT,2022-05-07,30.17516,79.08125,1737.6,12.6,137.5,0.676,-0.737,CONIFER_HIGH_FLAMMABILITY,0.587,0.096,12.45,65.75,2.4225,204.75,1.014,2.2,1.3,9.425,24.56,0,0,5.7,10481.8,0
UTT_CELL_0010_0088,CELL_0010_0088,UTT,2022-05-07,30.04243,78.9542,1607.1,33.5,124.2,0.827,-0.562,CONIFER_HIGH_FLAMMABILITY,0.378,0.096,12.45,65.75,2.4225,204.75,1.014,2.2,1.3,9.425,24.56,0,0,5.7,5219.1,0
UTT_CELL_0076_0157,CELL_0076_0157,UTT,2022-05-07,30.34518,79.30679,1929.8,15.7,154.5,0.431,-0.903,CONIFER_HIGH_FLAMMABILITY,0.556,0.096,12.45,65.75,2.4225,204.75,1.014,2.2,1.3,9.425,24.56,2,2,1.1,2128.5,1
UTT_CELL_0073_0117,CELL_0073_0117,UTT,2022-05-07,30.32879,79.09906,1836.9,21.8,152.9,0.456,-0.89,CONIFER_HIGH_FLAMMABILITY,0.495,0.096,12.45,65.75,2.4225,204.75,1.014,2.2,1.3,9.425,24.56,3,3,5.7,3514.1,0
UTT_CELL_0109_0061,CELL_0109_0061,UTT,2022-05-07,30.48655,78.80435,1813.7,33.5,168.7,0.196,-0.981,CONIFER_HIGH_FLAMMABILITY,0.378,0.096,12.45,65.75,2.4225,204.75,1.014,2.2,1.3,9.425,24.56,0,0,5.7,14399.6,0
UTT_CELL_0008_0150,CELL_0008_0150,UTT,2022-05-07,30.03801,79.27574,1733.1,33.1,123.8,0.831,-0.556,CONIFER_HIGH_FLAMMABILITY,0.382,0.096,12.45,65.75,2.4225,204.75,1.014,2.2,1.3,9.425,24.56,0,0,4.2,14125.7,0
UTT_CELL_0025_0024,CELL_0025_0024,UTT,2022-05-07,30.10447,78.62091,1511.0,26.5,130.4,0.762,-0.648,CONIFER_HIGH_FLAMMABILITY,0.448,0.096,12.45,65.75,2.4225,204.75,1.014,2.2,1.3,9.425,24.56,0,0,3.1,12717.4,0
UTT_CELL_0035_0094,CELL_0035_0094,UTT,2022-05-07,30.15564,78.98301,1686.6,7.5,135.6,0.7,-0.714,CONIFER_HIGH_FLAMMABILITY,0.638,0.096,12.45,65.75,2.4225,204.75,1.014,2.2,1.3,9.425,24.56,11,11,5.7,1402.5,0
UTT_CELL_0044_0099,CELL_0044_0099,UTT,2022-05-07,30.19662,79.00814,1721.2,20.9,139.7,0.647,-0.763,CONIFER_HIGH_FLAMMABILITY,0.504,0.096,12.45,65.75,2.4225,204.75,1.014,2.2,1.3,9.425,24.56,0,0,5.7,5900.0,0
UTT_CELL_0068_0149,CELL_0068_0149,UTT,2022-05-07,30.30855,79.26582,1891.5,28.0,150.9,0.486,-0.874,CONIFER_HIGH_FLAMMABILITY,0.433,0.096,12.45,65.75,2.4225,204.75,1.014,2.2,1.3,9.425,24.56,3,3,1.1,3788.8,0
UTT_CELL_0098_0020,CELL_0098_0020,UTT,2022-05-07,30.43319,78.59215,1696.8,29.0,163.3,0.287,-0.958,CONIFER_HIGH_FLAMMABILITY,0.423,0.096,12.45,65.75,2.4225,204.75,1.014,2.2,1.3,9.425,24.56,0,0,4.7,5067.4,0
UTT_CELL_0125_0106,CELL_0125_0106,UTT,2022-05-07,30.56243,79.03719,1952.3,12.5,176.2,0.066,-0.998,CONIFER_HIGH_FLAMMABILITY,0.588,0.096,12.45,65.75,2.4225,204.75,1.014,2.2,1.3,9.425,24.56,0,0,5.7,30294.8,0
UTT_CELL_0021_0155,CELL_0021_0155,UTT,2022-05-07,30.09698,79.30066,1778.5,28.5,129.7,0.769,-0.639,CONIFER_HIGH_FLAMMABILITY,0.428,0.096,12.45,65.75,2.4225,204.75,1.014,2.2,1.3,9.425,24.56,0,0,4.2,7323.7,0
UTT_CELL_0054_0062,CELL_0054_0062,UTT,2022-05-07,30.23865,78.81508,1669.2,32.0,143.9,0.589,-0.808,CONIFER_HIGH_FLAMMABILITY,0.393,0.096,12.45,65.75,2.4225,204.75,1.014,2.2,1.3,9.425,24.56,1,1,1.1,4891.1,0
UTT_CELL_0052_0127,CELL_0052_0127,UTT,2022-05-07,30.23483,79.15283,1802.0,31.4,143.5,0.595,-0.804,CONIFER_HIGH_FLAMMABILITY,0.399,0.096,12.45,65.75,2.4225,204.75,1.014,2.2,1.3,9.425,24.56,0,0,3.7,6427.0,0
UTT_CELL_0034_0156,CELL_0034_0156,UTT,2022-05-07,30.15568,79.30484,1815.3,7.5,135.6,0.7,-0.714,CONIFER_HIGH_FLAMMABILITY,0.638,0.096,12.45,65.75,2.4225,204.75,1.014,2.2,1.3,9.425,24.56,2,2,5.7,2635.2,0
UTT_CELL_0010_0110,CELL_0010_0110,UTT,2022-05-07,30.04415,79.06823,1653.8,33.7,124.4,0.825,-0.565,CONIFER_HIGH_FLAMMABILITY,0.376,0.096,12.45,65.75,2.4225,204.75,1.014,2.2,1.3,9.425,24.56,2,2,5.7,4092.2,0
UTT_CELL_0075_0081,CELL_0075_0081,UTT,2022-05-07,30.33495,78.91174,1765.7,19.6,153.5,0.446,-0.895,CONIFER_HIGH_FLAMMABILITY,0.517,0.096,12.45,65.75,2.4225,204.75,1.014,2.2,1.3,9.425,24.56,0,0,3.1,8867.6,0
UTT_CELL_0036_0102,CELL_0036_0102,UTT,2022-05-07,30.16078,79.02443,1706.2,6.6,136.1,0.693,-0.721,CONIFER_HIGH_FLAMMABILITY,0.647,0.096,12.45,65.75,2.4225,204.75,1.014,2.2,1.3,9.425,24.56,1,1,5.7,4010.8,0
UTT_CELL_0010_0120,CELL_0010_0120,UTT,2022-05-07,30.0449,79.12006,1675.0,33.7,124.5,0.824,-0.566,CONIFER_HIGH_FLAMMABILITY,0.376,0.096,12.45,65.75,2.4225,204.75,1.014,2.2,1.3,9.425,24.56,0,0,5.7,9186.2,0
UTT_CELL_0002_0104,CELL_0002_0104,UTT,2022-05-07,30.00761,79.03784,1619.7,27.3,120.8,0.859,-0.512,CONIFER_HIGH_FLAMMABILITY,0.44,0.096,12.45,65.75,2.4225,204.75,1.014,2.2,1.3,9.425,24.56,3,3,5.7,838.9,0
UTT_CELL_0001_0012,CELL_0001_0012,UTT,2022-05-07,29.99513,78.56134,1421.6,23.6,119.5,0.87,-0.492,CONIFER_HIGH_FLAMMABILITY,0.477,0.096,12.45,65.75,2.4225,204.75,1.014,2.2,1.3,9.425,24.56,1,1,5.7,4514.0,0
UTT_CELL_0027_0011,CELL_0027_0011,UTT,2022-05-07,30.11225,78.55328,1488.7,24.2,131.2,0.752,-0.659,CONIFER_HIGH_FLAMMABILITY,0.471,0.096,12.45,65.75,2.4225,204.75,1.014,2.2,1.3,9.425,24.56,0,0,5.7,12812.7,0
UTT_CELL_0085_0067,CELL_0085_0067,UTT,2022-05-07,30.37886,78.83798,1762.5,10.2,157.9,0.376,-0.927,CONIFER_HIGH_FLAMMABILITY,0.611,0.096,12.45,65.75,2.4225,204.75,1.014,2.2,1.3,9.425,24.56,0,0,3.1,10014.5,0
UTT_CELL_0018_0157,CELL_0018_0157,UTT,2022-05-07,30.08359,79.31126,1774.7,31.4,128.4,0.784,-0.621,CONIFER_HIGH_FLAMMABILITY,0.399,0.096,12.45,65.75,2.4225,204.75,1.014,2.2,1.3,9.425,24.56,0,0,4.2,7728.7,0
UTT_CELL_0033_0094,CELL_0033_0094,UTT,2022-05-07,30.14662,78.98319,1681.3,11.3,134.7,0.711,-0.703,CONIFER_HIGH_FLAMMABILITY,0.6,0.096,12.45,65.75,2.4225,204.75,1.014,2.2,1.3,9.425,24.56,14,14,5.7,910.3,0
UTT_CELL_0061_0025,CELL_0061_0025,UTT,2022-05-07,30.26686,78.6222,1609.0,34.0,146.7,0.549,-0.836,CONIFER_HIGH_FLAMMABILITY,0.373,0.096,12.45,65.75,2.4225,204.75,1.014,2.2,1.3,9.425,24.56,2,2,0.5,2162.1,0
UTT_CELL_0078_0157,CELL_0078_0157,UTT,2022-05-07,30.3542,79.30663,1935.2,12.1,155.4,0.416,-0.909,CONIFER_HIGH_FLAMMABILITY,0.592,0.096,12.45,65.75,2.4225,204.75,1.014,2.2,1.3,9.425,24.56,2,2,1.1,2990.6,1
UTT_CELL_0074_0022,CELL_0074_0022,UTT,2022-05-07,30.32519,78.60519,1637.2,23.0,152.5,0.462,-0.887,CONIFER_HIGH_FLAMMABILITY,0.483,0.096,12.45,65.75,2.4225,204.75,1.014,2.2,1.3,9.425,24.56,1,1,4.7,4934.9,0
UTT_CELL_0116_0043,CELL_0116_0043,UTT,2022-05-07,30.51649,78.70991,1793.9,28.4,171.6,0.146,-0.989,CONIFER_HIGH_FLAMMABILITY,0.429,0.096,12.45,65.75,2.4225,204.75,1.014,2.2,1.3,9.425,24.56,0,0,5.2,16356.8,0
UTT_CELL_0035_0040,CELL_0035_0040,UTT,2022-05-07,30.15104,78.70283,1571.8,9.5,135.1,0.706,-0.708,CONIFER_HIGH_FLAMMABILITY,0.618,0.096,12.45,65.75,2.4225,204.75,1.014,2.2,1.3,9.425,24.56,8,8,3.1,3071.2,0
UTT_CELL_0022_0048,CELL_0022_0048,UTT,2022-05-07,30.09314,78.74567,1554.2,29.4,129.3,0.774,-0.633,CONIFER_HIGH_FLAMMABILITY,0.419,0.096,12.45,65.75,2.4225,204.75,1.014,2.2,1.3,9.425,24.56,1,1,5.7,4052.6,0
UTT_CELL_0062_0130,CELL_0062_0130,UTT,2022-05-07,30.28015,79.16757,1835.1,33.2,148.0,0.53,-0.848,CONIFER_HIGH_FLAMMABILITY,0.381,0.096,12.45,65.75,2.4225,204.75,1.014,2.2,1.3,9.425,24.56,0,0,4.1,6399.1,0
UTT_CELL_0074_0026,CELL_0074_0026,UTT,2022-05-07,30.32557,78.62598,1645.7,22.9,152.6,0.46,-0.888,CONIFER_HIGH_FLAMMABILITY,0.484,0.096,12.45,65.75,2.4225,204.75,1.014,2.2,1.3,9.425,24.56,0,0,5.2,5829.4,0
UTT_CELL_0101_0114,CELL_0101_0114,UTT,2022-05-07,30.45483,79.081,1905.3,32.9,165.5,0.25,-0.968,CONIFER_HIGH_FLAMMABILITY,0.384,0.096,12.45,65.75,2.4225,204.75,1.014,2.2,1.3,9.425,24.56,0,0,5.7,17642.5,0
UTT_CELL_0061_0042,CELL_0061_0042,UTT,2022-05-07,30.26844,78.71049,1645.3,33.9,146.8,0.548,-0.837,CONIFER_HIGH_FLAMMABILITY,0.374,0.096,12.45,65.75,2.4225,204.75,1.014,2.2,1.3,9.425,24.56,2,2,5.7,3030.0,0
UTT_CELL_0025_0103,CELL_0025_0103,UTT,2022-05-07,30.11126,79.03061,1679.0,24.5,131.1,0.754,-0.657,CONIFER_HIGH_FLAMMABILITY,0.468,0.096,12.45,65.75,2.4225,204.75,1.014,2.2,1.3,9.425,24.56,0,0,5.7,5829.7,0
UTT_CELL_0030_0083,CELL_0030_0083,UTT,2022-05-07,30.13221,78.9264,1649.9,17.1,133.2,0.729,-0.685,CONIFER_HIGH_FLAMMABILITY,0.542,0.096,12.45,65.75,2.4225,204.75,1.014,2.2,1.3,9.425,24.56,14,14,0.5,924.5,0
UTT_CELL_0030_0086,CELL_0030_0086,UTT,2022-05-07,30.13245,78.94196,1656.3,17.0,133.2,0.729,-0.685,CONIFER_HIGH_FLAMMABILITY,0.543,0.096,12.45,65.75,2.4225,204.75,1.014,2.2,1.3,9.425,24.56,15,15,0.5,348.4,1
UTT_CELL_0028_0149,CELL_0028_0149,UTT,2022-05-07,30.12815,79.26899,1784.5,18.6,132.8,0.734,-0.679,CONIFER_HIGH_FLAMMABILITY,0.527,0.096,12.45,65.75,2.4225,204.75,1.014,2.2,1.3,9.425,24.56,0,0,5.7,7615.9,0
UTT_CELL_0129_0063,CELL_0129_0063,UTT,2022-05-07,30.5769,78.81274,1871.2,6.5,177.7,0.04,-0.999,CONIFER_HIGH_FLAMMABILITY,0.648,0.096,12.45,65.75,2.4225,204.75,1.014,2.2,1.3,9.425,24.56,0,0,5.7,24030.6,0
UTT_CELL_0132_0102,CELL_0132_0102,UTT,2022-05-07,30.59368,79.0157,1962.5,12.5,179.4,0.01,-1.0,CONIFER_HIGH_FLAMMABILITY,0.588,0.096,12.45,65.75,2.4225,204.75,1.014,2.2,1.3,9.425,24.56,0,0,5.7,34261.5,0
UTT_CELL_0030_0092,CELL_0030_0092,UTT,2022-05-07,30.13293,78.97309,1669.0,16.8,133.3,0.728,-0.686,CONIFER_HIGH_FLAMMABILITY,0.545,0.096,12.45,65.75,2.4225,204.75,1.014,2.2,1.3,9.425,24.56,16,16,0.7,883.7,1
UTT_CELL_0030_0093,CELL_0030_0093,UTT,2022-05-07,30.13302,78.97828,1671.1,16.8,133.3,0.728,-0.686,CONIFER_HIGH_FLAMMABILITY,0.545,0.096,12.45,65.75,2.4225,204.75,1.014,2.2,1.3,9.425,24.56,16,16,0.7,1165.4,1
UTT_CELL_0051_0106,CELL_0051_0106,UTT,2022-05-07,30.22874,79.04385,1754.8,30.2,142.9,0.603,-0.798,CONIFER_HIGH_FLAMMABILITY,0.411,0.096,12.45,65.75,2.4225,204.75,1.014,2.2,1.3,9.425,24.56,0,0,5.2,7246.6,0
UTT_CELL_0053_0049,CELL_0053_0049,UTT,2022-05-07,30.233,78.74768,1638.9,31.0,143.3,0.598,-0.802,CONIFER_HIGH_FLAMMABILITY,0.403,0.096,12.45,65.75,2.4225,204.75,1.014,2.2,1.3,9.425,24.56,2,2,5.2,3598.9,0
UTT_CELL_0061_0066,CELL_0061_0066,UTT,2022-05-07,30.27056,78.83516,1696.4,33.9,147.1,0.543,-0.84,CONIFER_HIGH_FLAMMABILITY,0.374,0.096,12.45,65.75,2.4225,204.75,1.014,2.2,1.3,9.425,24.56,6,6,1.1,1394.0,0
UTT_CELL_0019_0048,CELL_0019_0048,UTT,2022-05-07,30.07962,78.74597,1546.2,32.0,128.0,0.788,-0.616,CONIFER_HIGH_FLAMMABILITY,0.393,0.096,12.45,65.75,2.4225,204.75,1.014,2.2,1.3,9.425,24.56,1,1,5.7,4708.0,0
UTT_CELL_0100_0051,CELL_0100_0051,UTT,2022-05-07,30.44508,78.75322,1768.3,31.5,164.5,0.267,-0.964,CONIFER_HIGH_FLAMMABILITY,0.398,0.096,12.45,65.75,2.4225,204.75,1.014,2.2,1.3,9.425,24.56,0,0,5.7,8232.9,0
UTT_CELL_0014_0073,CELL_0014_0073,UTT,2022-05-07,30.05923,78.87607,1586.0,33.9,125.9,0.81,-0.586,CONIFER_HIGH_FLAMMABILITY,0.374,0.096,12.45,65.75,2.4225,204.75,1.014,2.2,1.3,9.425,24.56,2,2,1.1,3195.1,0
UTT_CELL_0051_0117,CELL_0051_0117,UTT,2022-05-07,30.22958,79.10098,1778.1,30.3,143.0,0.602,-0.799,CONIFER_HIGH_FLAMMABILITY,0.41,0.096,12.45,65.75,2.4225,204.75,1.014,2.2,1.3,9.425,24.56,3,3,5.2,4426.8,0
UTT_CELL_0072_0134,CELL_0072_0134,UTT,2022-05-07,30.32553,79.18752,1870.3,22.9,152.6,0.46,-0.888,CONIFER_HIGH_FLAMMABILITY,0.484,0.096,12.45,65.75,2.4225,204.75,1.014,2.2,1.3,9.425,24.56,0,0,4.1,9784.8,0
UTT_CELL_0089_0010,CELL_0089_0010,UTT,2022-05-07,30.39165,78.54114,1651.4,15.4,159.2,0.355,-0.935,CONIFER_HIGH_FLAMMABILITY,0.559,0.096,12.45,65.75,2.4225,204.75,1.014,2.2,1.3,9.425,24.56,2,2,0.5,4055.7,0
UTT_CELL_0063_0026,CELL_0063_0026,UTT,2022-05-07,30.27597,78.62717,1616.5,33.6,147.6,0.536,-0.844,CONIFER_HIGH_FLAMMABILITY,0.377,0.096,12.45,65.75,2.4225,204.75,1.014,2.2,1.3,9.425,24.56,3,3,0.5,3036.1,0
UTT_CELL_0119_0139,CELL_0119_0139,UTT,2022-05-07,30.53785,79.20965,2006.6,21.9,173.8,0.108,-0.994,CONIFER_MODERATE_FLAMMABILITY,0.494,0.096,12.45,65.75,2.4225,204.75,1.014,2.2,1.3,9.425,24.56,0,0,2.7,24062.3,0
UTT_CELL_0006_0074,CELL_0006_0074,UTT,2022-05-07,30.02324,78.88202,1566.8,31.0,122.3,0.845,-0.534,CONIFER_HIGH_FLAMMABILITY,0.403,0.096,12.45,65.75,2.4225,204.75,1.014,2.2,1.3,9.425,24.56,2,2,1.1,1869.7,0
UTT_CELL_0055_0013,CELL_0055_0013,UTT,2022-05-07,30.23867,78.56055,1567.4,32.0,143.9,0.589,-0.808,CONIFER_HIGH_FLAMMABILITY,0.393,0.096,12.45,65.75,2.4225,204.75,1.014,2.2,1.3,9.425,24.56,0,0,1.1,6193.3,0
UTT_CELL_0051_0137,CELL_0051_0137,UTT,2022-05-08,30.23104,79.20485,1820.6,30.6,143.1,0.6,-0.8,CONIFER_HIGH_FLAMMABILITY,0.399,0.1,13.025,71.0,2.3325,190.25,0.415,2.295,0.625,10.05,29.58,0,0,1.2,10405.9,1
UTT_CELL_0110_0031,CELL_0110_0031,UTT,2022-05-08,30.48833,78.64807,1752.2,33.3,168.8,0.194,-0.981,CONIFER_HIGH_FLAMMABILITY,0.372,0.1,13.025,71.0,2.3325,190.25,0.415,2.295,0.625,10.05,29.58,0,0,5.7,12121.1,0
UTT_CELL_0094_0011,CELL_0094_0011,UTT,2022-05-08,30.41428,78.54578,1666.9,23.7,161.4,0.319,-0.948,CONIFER_HIGH_FLAMMABILITY,0.468,0.1,13.025,71.0,2.3325,190.25,0.415,2.295,0.625,10.05,29.58,3,3,5.7,3384.8,0
UTT_CELL_0061_0116,CELL_0061_0116,UTT,2022-05-08,30.2746,79.09491,1802.7,33.6,147.5,0.537,-0.843,CONIFER_HIGH_FLAMMABILITY,0.369,0.1,13.025,71.0,2.3325,190.25,0.415,2.295,0.625,10.05,29.58,11,11,6.2,617.9,1
UTT_CELL_0022_0137,CELL_0022_0137,UTT,2022-05-08,30.10025,79.20722,1743.0,27.7,130.0,0.766,-0.643,CONIFER_HIGH_FLAMMABILITY,0.428,0.1,13.025,71.0,2.3325,190.25,0.415,2.295,0.625,10.05,29.58,0,0,6.7,14966.6,0
UTT_CELL_0048_0127,CELL_0048_0127,UTT,2022-05-08,30.21679,79.15316,1791.3,27.3,141.7,0.62,-0.785,CONIFER_HIGH_FLAMMABILITY,0.432,0.1,13.025,71.0,2.3325,190.25,0.415,2.295,0.625,10.05,29.58,0,0,4.7,7871.4,0
UTT_CELL_0097_0068,CELL_0097_0068,UTT,2022-05-08,30.43305,78.84198,1796.6,29.0,163.3,0.287,-0.958,CONIFER_HIGH_FLAMMABILITY,0.415,0.1,13.025,71.0,2.3325,190.25,0.415,2.295,0.625,10.05,29.58,0,0,6.7,12796.3,0
UTT_CELL_0113_0102,CELL_0113_0102,UTT,2022-05-08,30.50801,79.01744,1911.8,30.3,170.8,0.16,-0.987,CONIFER_HIGH_FLAMMABILITY,0.402,0.1,13.025,71.0,2.3325,190.25,0.415,2.295,0.625,10.05,29.58,0,0,6.7,25195.0,0
UTT_CELL_0045_0097,CELL_0045_0097,UTT,2022-05-08,30.20097,78.99766,1719.7,22.4,140.1,0.641,-0.767,CONIFER_HIGH_FLAMMABILITY,0.481,0.1,13.025,71.0,2.3325,190.25,0.415,2.295,0.625,10.05,29.58,0,0,6.7,6122.1,0
UTT_CELL_0003_0077,CELL_0003_0077,UTT,2022-05-08,30.00996,78.89785,1565.1,28.0,121.0,0.857,-0.515,CONIFER_HIGH_FLAMMABILITY,0.425,0.1,13.025,71.0,2.3325,190.25,0.415,2.295,0.625,10.05,29.58,2,2,2.1,2937.0,0
UTT_CELL_0016_0074,CELL_0016_0074,UTT,2022-05-08,30.06833,78.88106,1593.4,33.4,126.8,0.801,-0.599,CONIFER_HIGH_FLAMMABILITY,0.371,0.1,13.025,71.0,2.3325,190.25,0.415,2.295,0.625,10.05,29.58,2,2,2.1,3829.3,0
UTT_CELL_0061_0133,CELL_0061_0133,UTT,2022-05-08,30.27585,79.18324,1838.8,33.6,147.6,0.536,-0.844,CONIFER_HIGH_FLAMMABILITY,0.369,0.1,13.025,71.0,2.3325,190.25,0.415,2.295,0.625,10.05,29.58,0,0,5.1,8172.3,0
UTT_CELL_0016_0078,CELL_0016_0078,UTT,2022-05-08,30.06866,78.9018,1601.9,33.4,126.9,0.8,-0.6,CONIFER_HIGH_FLAMMABILITY,0.371,0.1,13.025,71.0,2.3325,190.25,0.415,2.295,0.625,10.05,29.58,2,2,6.7,2735.2,0
UTT_CELL_0087_0125,CELL_0087_0125,UTT,2022-05-08,30.39252,79.13946,1891.3,15.8,159.3,0.353,-0.935,CONIFER_HIGH_FLAMMABILITY,0.547,0.1,13.025,71.0,2.3325,190.25,0.415,2.295,0.625,10.05,29.58,0,0,6.7,11376.6,0
UTT_CELL_0113_0114,CELL_0113_0114,UTT,2022-05-08,30.50894,79.07994,1937.3,30.1,170.9,0.158,-0.987,CONIFER_HIGH_FLAMMABILITY,0.404,0.1,13.025,71.0,2.3325,190.25,0.415,2.295,0.625,10.05,29.58,0,0,6.7,23622.6,0
UTT_CELL_0100_0125,CELL_0100_0125,UTT,2022-05-08,30.45115,79.13835,1926.0,32.4,165.1,0.257,-0.966,CONIFER_HIGH_FLAMMABILITY,0.381,0.1,13.025,71.0,2.3325,190.25,0.415,2.295,0.625,10.05,29.58,0,0,6.7,17561.4,0
UTT_CELL_0058_0106,CELL_0058_0106,UTT,2022-05-08,30.2603,79.04323,1773.5,34.0,146.0,0.559,-0.829,CONIFER_HIGH_FLAMMABILITY,0.365,0.1,13.025,71.0,2.3325,190.25,0.415,2.295,0.625,10.05,29.58,0,0,6.2,5851.1,0
UTT_CELL_0010_0023,CELL_0010_0023,UTT,2022-05-08,30.03675,78.61735,1469.0,33.0,123.7,0.832,-0.555,CONIFER_HIGH_FLAMMABILITY,0.375,0.1,13.025,71.0,2.3325,190.25,0.415,2.295,0.625,10.05,29.58,0,0,6.2,10011.7,0
UTT_CELL_0120_0052,CELL_0120_0052,UTT,2022-05-08,30.53534,78.75636,1823.7,22.8,173.5,0.113,-0.994,CONIFER_HIGH_FLAMMABILITY,0.477,0.1,13.025,71.0,2.3325,190.25,0.415,2.295,0.625,10.05,29.58,0,0,6.7,18242.5,0
UTT_CELL_0049_0009,CELL_0049_0009,UTT,2022-05-08,30.21123,78.54045,1542.9,25.7,141.1,0.628,-0.778,CONIFER_HIGH_FLAMMABILITY,0.448,0.1,13.025,71.0,2.3325,190.25,0.415,2.295,0.625,10.05,29.58,0,0,6.7,5624.3,0
UTT_CELL_0036_0016,CELL_0036_0016,UTT,2022-05-08,30.1533,78.57822,1523.3,8.5,135.3,0.703,-0.711,CONIFER_HIGH_FLAMMABILITY,0.62,0.1,13.025,71.0,2.3325,190.25,0.415,2.295,0.625,10.05,29.58,0,0,1.2,12007.8,0
UTT_CELL_0074_0157,CELL_0074_0157,UTT,2022-05-08,30.33616,79.30694,1924.5,19.1,153.6,0.445,-0.896,CONIFER_HIGH_FLAMMABILITY,0.514,0.1,13.025,71.0,2.3325,190.25,0.415,2.295,0.625,10.05,29.58,14,14,0.5,1075.7,1
UTT_CELL_0091_0033,CELL_0091_0033,UTT,2022-05-08,30.40286,78.66053,1705.9,19.7,160.3,0.337,-0.941,CONIFER_HIGH_FLAMMABILITY,0.508,0.1,13.025,71.0,2.3325,190.25,0.415,2.295,0.625,10.05,29.58,2,2,6.2,3499.3,0
UTT_CELL_0019_0145,CELL_0019_0145,UTT,2022-05-08,30.08728,79.24895,1751.9,30.7,128.7,0.78,-0.625,CONIFER_HIGH_FLAMMABILITY,0.398,0.1,13.025,71.0,2.3325,190.25,0.415,2.295,0.625,10.05,29.58,0,0,6.7,12439.8,0
UTT_CELL_0094_0091,CELL_0094_0091,UTT,2022-05-08,30.42145,78.96195,1837.6,25.9,162.1,0.307,-0.952,CONIFER_HIGH_FLAMMABILITY,0.446,0.1,13.025,71.0,2.3325,190.25,0.415,2.295,0.625,10.05,29.58,0,0,4.1,19509.6,0
UTT_CELL_0058_0154,CELL_0058_0154,UTT,2022-05-08,30.26379,79.2926,1875.3,34.0,146.4,0.553,-0.833,CONIFER_HIGH_FLAMMABILITY,0.365,0.1,13.025,71.0,2.3325,190.25,0.415,2.295,0.625,10.05,29.58,1,1,1.2,861.7,0
UTT_CELL_0058_0157,CELL_0058_0157,UTT,2022-05-08,30.264,79.30818,1881.7,34.0,146.4,0.553,-0.833,CONIFER_HIGH_FLAMMABILITY,0.365,0.1,13.025,71.0,2.3325,190.25,0.415,2.295,0.625,10.05,29.58,1,1,1.2,2197.2,1
UTT_CELL_0046_0005,CELL_0046_0005,UTT,2022-05-08,30.19732,78.52003,1526.4,21.1,139.7,0.647,-0.763,CONIFER_HIGH_FLAMMABILITY,0.494,0.1,13.025,71.0,2.3325,190.25,0.415,2.295,0.625,10.05,29.58,1,1,6.7,4366.2,0
UTT_CELL_0029_0131,CELL_0029_0131,UTT,2022-05-08,30.13139,79.17551,1749.0,17.4,133.1,0.73,-0.683,CONIFER_HIGH_FLAMMABILITY,0.531,0.1,13.025,71.0,2.3325,190.25,0.415,2.295,0.625,10.05,29.58,0,0,6.7,16741.0,0
UTT_CELL_0084_0153,CELL_0084_0153,UTT,2022-05-08,30.38099,79.28536,1942.7,11.1,158.1,0.373,-0.928,CONIFER_HIGH_FLAMMABILITY,0.594,0.1,13.025,71.0,2.3325,190.25,0.415,2.295,0.625,10.05,29.58,11,11,0.5,3968.2,0
UTT_CELL_0091_0072,CELL_0091_0072,UTT,2022-05-08,30.40634,78.86339,1789.2,21.0,160.6,0.332,-0.943,CONIFER_HIGH_FLAMMABILITY,0.495,0.1,13.025,71.0,2.3325,190.25,0.415,2.295,0.625,10.05,29.58,0,0,4.1,13157.7,0
UTT_CELL_0062_0047,CELL_0062_0047,UTT,2022-05-08,30.2734,78.73636,1658.6,33.7,147.3,0.54,-0.842,CONIFER_HIGH_FLAMMABILITY,0.368,0.1,13.025,71.0,2.3325,190.25,0.415,2.295,0.625,10.05,29.58,0,0,6.7,5402.7,0
UTT_CELL_0078_0081,CELL_0078_0081,UTT,2022-05-08,30.34848,78.91145,1773.7,14.4,154.8,0.426,-0.905,CONIFER_HIGH_FLAMMABILITY,0.561,0.1,13.025,71.0,2.3325,190.25,0.415,2.295,0.625,10.05,29.58,0,0,4.1,9784.4,0
UTT_CELL_0029_0145,CELL_0029_0145,UTT,2022-05-08,30.13238,79.24815,1778.7,17.0,133.2,0.729,-0.685,CONIFER_HIGH_FLAMMABILITY,0.535,0.1,13.025,71.0,2.3325,190.25,0.415,2.295,0.625,10.05,29.58,0,0,6.7,9227.3,0
UTT_CELL_0023_0069,CELL_0023_0069,UTT,2022-05-08,30.09948,78.85446,1601.5,27.9,129.9,0.767,-0.641,CONIFER_HIGH_FLAMMABILITY,0.426,0.1,13.025,71.0,2.3325,190.25,0.415,2.295,0.625,10.05,29.58,0,0,1.2,5161.6,0
UTT_CELL_0094_0120,CELL_0094_0120,UTT,2022-05-08,30.42372,79.11284,1899.4,26.6,162.4,0.302,-0.953,CONIFER_HIGH_FLAMMABILITY,0.439,0.1,13.025,71.0,2.3325,190.25,0.415,2.295,0.625,10.05,29.58,0,0,6.7,14093.3,1
UTT_CELL_0046_0026,CELL_0046_0026,UTT,2022-05-08,30.19934,78.62901,1571.2,21.8,139.9,0.644,-0.765,CONIFER_HIGH_FLAMMABILITY,0.487,0.1,13.025,71.0,2.3325,190.25,0.415,2.295,0.625,10.05,29.58,0,0,1.2,5479.6,1
UTT_CELL_0094_0122,CELL_0094_0122,UTT,2022-05-08,30.42387,79.12325,1903.6,26.6,162.4,0.302,-0.953,CONIFER_HIGH_FLAMMABILITY,0.439,0.1,13.025,71.0,2.3325,190.25,0.415,2.295,0.625,10.05,29.58,0,0,6.7,14257.7,0
UTT_CELL_0065_0105,CELL_0065_0105,UTT,2022-05-08,30.29179,79.0374,1790.0,31.6,149.2,0.512,-0.859,CONIFER_HIGH_FLAMMABILITY,0.389,0.1,13.025,71.0,2.3325,190.25,0.415,2.295,0.625,10.05,29.58,0,0,6.2,6895.7,0
UTT_CELL_0023_0095,CELL_0023_0095,UTT,2022-05-08,30.10161,78.98929,1656.7,27.3,130.2,0.764,-0.645,CONIFER_HIGH_FLAMMABILITY,0.432,0.1,13.025,71.0,2.3325,190.25,0.415,2.295,0.625,10.05,29.58,5,5,0.7,3397.6,0
UTT_CELL_0088_0067,CELL_0088_0067,UTT,2022-05-08,30.39239,78.83768,1770.5,15.7,159.2,0.355,-0.935,CONIFER_HIGH_FLAMMABILITY,0.548,0.1,13.025,71.0,2.3325,190.25,0.415,2.295,0.625,10.05,29.58,0,0,6.7,10594.7,0
UTT_CELL_0101_0062,CELL_0101_0062,UTT,2022-05-08,30.45057,78.81036,1794.5,32.4,165.1,0.257,-0.966,CONIFER_HIGH_FLAMMABILITY,0.381,0.1,13.025,71.0,2.3325,190.25,0.415,2.295,0.625,10.05,29.58,0,0,6.7,11424.9,0
UTT_CELL_0052_0123,CELL_0052_0123,UTT,2022-05-08,30.23454,79.13205,1793.5,31.3,143.5,0.595,-0.804,CONIFER_HIGH_FLAMMABILITY,0.392,0.1,13.025,71.0,2.3325,190.25,0.415,2.295,0.625,10.05,29.58,1,1,4.7,4891.1,0
UTT_CELL_0124_0017,CELL_0124_0017,UTT,2022-05-08,30.55011,78.57363,1759.5,17.4,175.0,0.087,-0.996,CONIFER_HIGH_FLAMMABILITY,0.531,0.1,13.025,71.0,2.3325,190.25,0.415,2.295,0.625,10.05,29.58,0,0,5.7,7819.2,0
UTT_CELL_0082_0002,CELL_0082_0002,UTT,2022-05-08,30.3593,78.50035,1615.7,9.9,155.9,0.408,-0.913,CONIFER_HIGH_FLAMMABILITY,0.606,0.1,13.025,71.0,2.3325,190.25,0.415,2.295,0.625,10.05,29.58,4,4,6.7,1628.0,0
UTT_CELL_0114_0069,CELL_0114_0069,UTT,2022-05-08,30.50979,78.8455,1844.1,29.9,171.0,0.156,-0.988,CONIFER_HIGH_FLAMMABILITY,0.406,0.1,13.025,71.0,2.3325,190.25,0.415,2.295,0.625,10.05,29.58,0,0,6.7,19011.2,0
UTT_CELL_0130_0105,CELL_0130_0105,UTT,2022-05-08,30.5849,79.03152,1963.5,8.8,178.5,0.026,-1.0,CONIFER_HIGH_FLAMMABILITY,0.617,0.1,13.025,71.0,2.3325,190.25,0.415,2.295,0.625,10.05,29.58,0,0,6.7,32866.6,0
UTT_CELL_0082_0010,CELL_0082_0010,UTT,2022-05-08,30.36009,78.54193,1632.8,9.6,156.0,0.407,-0.914,CONIFER_HIGH_FLAMMABILITY,0.609,0.1,13.025,71.0,2.3325,190.25,0.415,2.295,0.625,10.05,29.58,2,2,2.7,2976.7,0
UTT_CELL_0069_0020,CELL_0069_0020,UTT,2022-05-08,30.30245,78.59535,1619.6,29.5,150.2,0.497,-0.868,CONIFER_HIGH_FLAMMABILITY,0.41,0.1,13.025,71.0,2.3325,190.25,0.415,2.295,0.625,10.05,29.58,2,2,2.1,2490.3,0
UTT_CELL_0065_0141,CELL_0065_0141,UTT,2022-05-08,30.29446,79.22449,1866.5,31.1,149.4,0.509,-0.861,CONIFER_HIGH_FLAMMABILITY,0.394,0.1,13.025,71.0,2.3325,190.25,0.415,2.295,0.625,10.05,29.58,0,0,1.2,7689.8,0
UTT_CELL_0052_0149,CELL_0052_0149,UTT,2022-05-08,30.23639,79.26709,1848.7,31.6,143.6,0.593,-0.805,CONIFER_HIGH_FLAMMABILITY,0.389,0.1,13.025,71.0,2.3325,190.25,0.415,2.295,0.625,10.05,29.58,1,1,1.2,4584.2,0
UTT_CELL_0075_0103,CELL_0075_0103,UTT,2022-05-08,30.33673,79.02611,1812.5,18.9,153.7,0.443,-0.896,CONIFER_HIGH_FLAMMABILITY,0.516,0.1,13.025,71.0,2.3325,190.25,0.415,2.295,0.625,10.05,29.58,0,0,6.7,9466.9,0
UTT_CELL_0059_0073,CELL_0059_0073,UTT,2022-05-08,30.26214,78.87171,1706.0,34.0,146.2,0.556,-0.831,CONIFER_HIGH_FLAMMABILITY,0.365,0.1,13.025,71.0,2.3325,190.25,0.415,2.295,0.625,10.05,29.58,5,5,2.7,2831.8,0
UTT_CELL_0001_0029,CELL_0001_0029,UTT,2022-05-08,29.99674,78.64939,1457.8,24.1,119.7,0.869,-0.495,CONIFER_HIGH_FLAMMABILITY,0.464,0.1,13.025,71.0,2.3325,190.25,0.415,2.295,0.625,10.05,29.58,1,1,6.2,4657.6,0
UTT_CELL_0036_0131,CELL_0036_0131,UTT,2022-05-08,30.16296,79.17493,1767.8,7.5,136.3,0.691,-0.723,CONIFER_HIGH_FLAMMABILITY,0.63,0.1,13.025,71.0,2.3325,190.25,0.415,2.295,0.625,10.05,29.58,0,0,4.7,14150.0,0
UTT_CELL_0098_0065,CELL_0098_0065,UTT,2022-05-08,30.4373,78.82627,1792.9,30.0,163.7,0.281,-0.96,CONIFER_HIGH_FLAMMABILITY,0.405,0.1,13.025,71.0,2.3325,190.25,0.415,2.295,0.625,10.05,29.58,0,0,6.7,11651.0,0
UTT_CELL_0095_0031,CELL_0095_0031,UTT,2022-05-08,30.42071,78.6497,1712.3,25.7,162.1,0.307,-0.952,CONIFER_HIGH_FLAMMABILITY,0.448,0.1,13.025,71.0,2.3325,190.25,0.415,2.295,0.625,10.05,29.58,0,0,6.2,5802.4,0
UTT_CELL_0033_0105,CELL_0033_0105,UTT,2022-05-08,30.14749,79.04027,1704.6,10.9,134.7,0.711,-0.703,CONIFER_HIGH_FLAMMABILITY,0.596,0.1,13.025,71.0,2.3325,190.25,0.415,2.295,0.625,10.05,29.58,0,0,6.7,5428.4,0
UTT_CELL_0121_0027,CELL_0121_0027,UTT,2022-05-08,30.53754,78.62605,1772.9,22.0,173.8,0.108,-0.994,CONIFER_HIGH_FLAMMABILITY,0.485,0.1,13.025,71.0,2.3325,190.25,0.415,2.295,0.625,10.05,29.58,0,0,5.7,11901.7,0
UTT_CELL_0030_0072,CELL_0030_0072,UTT,2022-05-08,30.13129,78.86934,1626.5,17.4,133.1,0.73,-0.683,CONIFER_HIGH_FLAMMABILITY,0.531,0.1,13.025,71.0,2.3325,190.25,0.415,2.295,0.625,10.05,29.58,0,0,1.2,6200.3,0
UTT_CELL_0124_0070,CELL_0124_0070,UTT,2022-05-08,30.55496,78.84971,1872.9,15.6,175.5,0.078,-0.997,CONIFER_HIGH_FLAMMABILITY,0.549,0.1,13.025,71.0,2.3325,190.25,0.415,2.295,0.625,10.05,29.58,0,0,6.7,23479.6,0
UTT_CELL_0049_0145,CELL_0049_0145,UTT,2022-05-08,30.22258,79.24656,1832.2,28.8,142.3,0.612,-0.791,CONIFER_HIGH_FLAMMABILITY,0.417,0.1,13.025,71.0,2.3325,190.25,0.415,2.295,0.625,10.05,29.58,0,0,1.2,7193.6,0
UTT_CELL_0121_0037,CELL_0121_0037,UTT,2022-05-08,30.53848,78.67813,1794.3,21.7,173.8,0.108,-0.994,CONIFER_HIGH_FLAMMABILITY,0.488,0.1,13.025,71.0,2.3325,190.25,0.415,2.295,0.625,10.05,29.58,0,0,5.7,17429.7,0
UTT_CELL_0127_0114,CELL_0127_0114,UTT,2022-05-08,30.57207,79.0787,1974.7,8.6,177.2,0.049,-0.999,CONIFER_HIGH_FLAMMABILITY,0.619,0.1,13.025,71.0,2.3325,190.25,0.415,2.295,0.625,10.05,29.58,0,0,6.7,30613.0,0
UTT_CELL_0134_0033,CELL_0134_0033,UTT,2022-05-08,30.59671,78.65589,1820.4,13.7,179.7,0.005,-1.0,CONIFER_HIGH_FLAMMABILITY,0.568,0.1,13.025,71.0,2.3325,190.25,0.415,2.295,0.625,10.05,29.58,0,0,5.7,18081.9,0
UTT_CELL_0069_0061,CELL_0069_0061,UTT,2022-05-08,30.3062,78.80838,1707.1,28.6,150.6,0.491,-0.871,CONIFER_HIGH_FLAMMABILITY,0.419,0.1,13.025,71.0,2.3325,190.25,0.415,2.295,0.625,10.05,29.58,5,5,2.1,3554.6,0
UTT_CELL_0111_0092,CELL_0111_0092,UTT,2022-05-08,30.49818,78.96556,1885.1,32.1,169.8,0.177,-0.984,CONIFER_HIGH_FLAMMABILITY,0.384,0.1,13.025,71.0,2.3325,190.25,0.415,2.295,0.625,10.05,29.58,0,0,4.1,26721.0,0
UTT_CELL_0075_0149,CELL_0075_0149,UTT,2022-05-08,30.34012,79.26527,1910.2,17.6,154.0,0.438,-0.899,CONIFER_HIGH_FLAMMABILITY,0.529,0.1,13.025,71.0,2.3325,190.25,0.415,2.295,0.625,10.05,29.58,8,8,2.1,3557.0,0
UTT_CELL_0095_0060,CELL_0095_0060,UTT,2022-05-08,30.42334,78.80056,1774.2,26.5,162.3,0.304,-0.953,CONIFER_HIGH_FLAMMABILITY,0.44,0.1,13.025,71.0,2.3325,190.25,0.415,2.295,0.625,10.05,29.58,0,0,6.7,8476.6,0
UTT_CELL_0043_0092,CELL_0043_0092,UTT,2022-05-08,30.19156,78.97189,1703.7,19.0,139.2,0.653,-0.757,CONIFER_HIGH_FLAMMABILITY,0.515,0.1,13.025,71.0,2.3325,190.25,0.415,2.295,0.625,10.05,29.58,0,0,2.1,5135.2,0
UTT_CELL_0075_0157,CELL_0075_0157,UTT,2022-05-08,30.34067,79.30687,1927.1,17.4,154.1,0.437,-0.9,CONIFER_HIGH_FLAMMABILITY,0.531,0.1,13.025,71.0,2.3325,190.25,0.415,2.295,0.625,10.05,29.58,14,14,0.5,607.7,1
UTT_CELL_0020_0155,CELL_0020_0155,UTT,2022-05-08,30.09247,79.30074,1775.8,29.6,129.2,0.775,-0.632,CONIFER_HIGH_FLAMMABILITY,0.409,0.1,13.025,71.0,2.3325,190.25,0.415,2.295,0.625,10.05,29.58,0,0,5.2,7671.1,0
UTT_CELL_0040_0069,CELL_0040_0069,UTT,2022-05-08,30.17613,78.8528,1646.8,13.0,137.6,0.674,-0.738,CONIFER_HIGH_FLAMMABILITY,0.575,0.1,13.025,71.0,2.3325,190.25,0.415,2.295,0.625,10.05,29.58,0,0,1.2,7323.2,0
UTT_CELL_0051_0132,CELL_0051_0132,UTT,2022-05-08,30.23068,79.17888,1810.0,30.6,143.1,0.6,-0.8,CONIFER_HIGH_FLAMMABILITY,0.399,0.1,13.025,71.0,2.3325,190.25,0.415,2.295,0.625,10.05,29.58,0,0,4.7,9078.7,0
UTT_CELL_0053_0066,CELL_0053_0066,UTT,2022-05-08,30.23449,78.83595,1675.1,31.3,143.4,0.596,-0.803,CONIFER_HIGH_FLAMMABILITY,0.392,0.1,13.025,71.0,2.3325,190.25,0.415,2.295,0.625,10.05,29.58,0,0,2.1,5218.7,0
UTT_CELL_0134_0073,CELL_0134_0073,UTT,2022-05-08,30.6003,78.86436,1905.9,15.1,180.0,0.0,-1.0,CONIFER_HIGH_FLAMMABILITY,0.554,0.1,13.025,71.0,2.3325,190.25,0.415,2.295,0.625,10.05,29.58,0,0,6.7,28675.6,0
UTT_CELL_0027_0093,CELL_0027_0093,UTT,2022-05-08,30.11949,78.97855,1663.1,21.7,131.9,0.744,-0.668,CONIFER_HIGH_FLAMMABILITY,0.488,0.1,13.025,71.0,2.3325,190.25,0.415,2.295,0.625,10.05,29.58,16,16,0.7,1271.9,0
UTT_CELL_0085_0146,CELL_0085_0146,UTT,2022-05-08,30.38501,79.24886,1930.6,12.8,158.5,0.367,-0.93,CONIFER_HIGH_FLAMMABILITY,0.577,0.1,13.025,71.0,2.3325,190.25,0.415,2.295,0.625,10.05,29.58,0,0,0.5,7280.0,0
UTT_CELL_0063_0039,CELL_0063_0039,UTT,2022-05-08,30.27718,78.6947,1644.2,33.5,147.7,0.534,-0.845,CONIFER_HIGH_FLAMMABILITY,0.37,0.1,13.025,71.0,2.3325,190.25,0.415,2.295,0.625,10.05,29.58,5,5,5.7,2000.9,0
UTT_CELL_0098_0145,CELL_0098_0145,UTT,2022-05-08,30.44357,79.24261,1963.2,31.2,164.4,0.269,-0.963,CONIFER_HIGH_FLAMMABILITY,0.393,0.1,13.025,71.0,2.3325,190.25,0.415,2.295,0.625,10.05,29.58,0,0,0.5,12360.7,0
UTT_CELL_0131_0051,CELL_0131_0051,UTT,2022-05-08,30.58485,78.75001,1850.9,8.8,178.5,0.026,-1.0,CONIFER_HIGH_FLAMMABILITY,0.617,0.1,13.025,71.0,2.3325,190.25,0.415,2.295,0.625,10.05,29.58,0,0,6.7,23697.9,0
UTT_CELL_0014_0112,CELL_0014_0112,UTT,2022-05-08,30.06234,79.07825,1668.7,33.8,126.2,0.807,-0.591,CONIFER_HIGH_FLAMMABILITY,0.367,0.1,13.025,71.0,2.3325,190.25,0.415,2.295,0.625,10.05,29.58,0,0,6.7,6248.7,0
UTT_CELL_0086_0006,CELL_0086_0006,UTT,2022-05-08,30.37773,78.52069,1634.9,9.8,157.8,0.378,-0.926,CONIFER_HIGH_FLAMMABILITY,0.607,0.1,13.025,71.0,2.3325,190.25,0.415,2.295,0.625,10.05,29.58,4,4,5.2,1879.5,0
UTT_CELL_0053_0119,CELL_0053_0119,UTT,2022-05-08,30.23875,79.11119,1787.7,32.0,143.9,0.589,-0.808,CONIFER_HIGH_FLAMMABILITY,0.385,0.1,13.025,71.0,2.3325,190.25,0.415,2.295,0.625,10.05,29.58,7,7,3.1,3569.0,0
UTT_CELL_0027_0134,CELL_0027_0134,UTT,2022-05-08,30.12259,79.19124,1750.1,20.6,132.3,0.74,-0.673,CONIFER_HIGH_FLAMMABILITY,0.499,0.1,13.025,71.0,2.3325,190.25,0.415,2.295,0.625,10.05,29.58,0,0,6.7,15405.8,0
UTT_CELL_0057_0012,CELL_0057_0012,UTT,2022-05-08,30.24759,78.55513,1570.6,33.2,144.8,0.576,-0.817,CONIFER_HIGH_FLAMMABILITY,0.373,0.1,13.025,71.0,2.3325,190.25,0.415,2.295,0.625,10.05,29.58,0,0,2.1,5963.0,0
UTT_CELL_0015_0004,CELL_0015_0004,UTT,2022-05-08,30.05747,78.51834,1441.8,34.0,125.7,0.812,-0.584,CONIFER_HIGH_FLAMMABILITY,0.365,0.1,13.025,71.0,2.3325,190.25,0.415,2.295,0.625,10.05,29.58,0,0,6.7,6234.2,0
UTT_CELL_0131_0118,CELL_0131_0118,UTT,2022-05-08,30.59042,79.09919,1993.9,11.1,179.0,0.017,-1.0,CONIFER_HIGH_FLAMMABILITY,0.594,0.1,13.025,71.0,2.3325,190.25,0.415,2.295,0.625,10.05,29.58,0,0,6.7,32543.7,0
UTT_CELL_0079_0148,CELL_0079_0148,UTT,2022-05-08,30.35809,79.25975,1918.8,10.4,155.8,0.41,-0.912,CONIFER_HIGH_FLAMMABILITY,0.601,0.1,13.025,71.0,2.3325,190.25,0.415,2.295,0.625,10.05,29.58,0,0,2.1,5076.1,0
UTT_CELL_0089_0109,CELL_0089_0109,UTT,2022-05-08,30.40033,79.05605,1862.6,18.8,160.0,0.342,-0.94,CONIFER_HIGH_FLAMMABILITY,0.517,0.1,13.025,71.0,2.3325,190.25,0.415,2.295,0.625,10.05,29.58,0,0,6.7,12514.6,0
UTT_CELL_0073_0080,CELL_0073_0080,UTT,2022-05-08,30.32585,78.90673,1758.2,22.8,152.6,0.46,-0.888,CONIFER_HIGH_FLAMMABILITY,0.477,0.1,13.025,71.0,2.3325,190.25,0.415,2.295,0.625,10.05,29.58,0,0,2.7,7812.7,0
UTT_CELL_0050_0136,CELL_0050_0136,UTT,2022-05-08,30.22646,79.19974,1815.8,29.7,142.6,0.607,-0.794,CONIFER_HIGH_FLAMMABILITY,0.408,0.1,13.025,71.0,2.3325,190.25,0.415,2.295,0.625,10.05,29.58,0,0,1.2,11137.9,0
UTT_CELL_0096_0047,CELL_0096_0047,UTT,2022-05-08,30.42669,78.73283,1749.1,27.4,162.7,0.297,-0.955,CONIFER_HIGH_FLAMMABILITY,0.431,0.1,13.025,71.0,2.3325,190.25,0.415,2.295,0.625,10.05,29.58,0,0,6.7,6271.6,0
UTT_CELL_0067_0032,CELL_0067_0032,UTT,2022-05-08,30.29457,78.65791,1639.9,31.1,149.5,0.508,-0.862,CONIFER_HIGH_FLAMMABILITY,0.394,0.1,13.025,71.0,2.3325,190.25,0.415,2.295,0.625,10.05,29.58,3,3,6.2,2359.0,0
UTT_CELL_0073_0114,CELL_0073_0114,UTT,2022-05-08,30.32856,79.08347,1830.5,21.9,152.9,0.456,-0.89,CONIFER_HIGH_FLAMMABILITY,0.486,0.1,13.025,71.0,2.3325,190.25,0.415,2.295,0.625,10.05,29.58,2,2,6.7,4022.8,0
UTT_CELL_0086_0112,CELL_0086_0112,UTT,2022-05-08,30.38703,79.07192,1861.0,13.6,158.7,0.363,-0.932,CONIFER_HIGH_FLAMMABILITY,0.569,0.1,13.025,71.0,2.3325,190.25,0.415,2.295,0.625,10.05,29.58,0,0,6.7,10500.7,0
UTT_CELL_0038_0018,CELL_0038_0018,UTT,2022-05-08,30.16251,78.58837,1532.9,7.4,136.3,0.691,-0.723,CONIFER_HIGH_FLAMMABILITY,0.631,0.1,13.025,71.0,2.3325,190.25,0.415,2.295,0.625,10.05,29.58,0,0,1.2,10587.3,0
UTT_CELL_0018_0108,CELL_0018_0108,UTT,2022-05-08,30.08008,79.05716,1670.9,32.0,128.0,0.788,-0.616,CONIFER_HIGH_FLAMMABILITY,0.385,0.1,13.025,71.0,2.3325,190.25,0.415,2.295,0.625,10.05,29.58,0,0,6.7,6696.0,0
UTT_CELL_0031_0104,CELL_0031_0104,UTT,2022-05-08,30.13839,79.03526,1697.1,14.6,133.8,0.722,-0.692,CONIFER_HIGH_FLAMMABILITY,0.559,0.1,13.025,71.0,2.3325,190.25,0.415,2.295,0.625,10.05,29.58,1,1,6.7,4946.5,0
UTT_CELL_0021_0155,CELL_0021_0155,UTT,2022-05-08,30.09698,79.30066,1778.5,28.5,129.7,0.769,-0.639,CONIFER_HIGH_FLAMMABILITY,0.42,0.1,13.025,71.0,2.3325,190.25,0.415,2.295,0.625,10.05,29.58,0,0,5.2,7323.7,0
UTT_CELL_0067_0059,CELL_0067_0059,UTT,2022-05-08,30.29701,78.79819,1697.5,30.6,149.7,0.505,-0.863,CONIFER_HIGH_FLAMMABILITY,0.399,0.1,13.025,71.0,2.3325,190.25,0.415,2.295,0.625,10.05,29.58,2,2,2.1,3756.0,0
UTT_CELL_0034_0157,CELL_0034_0157,UTT,2022-05-08,30.15575,79.31003,1817.5,7.5,135.6,0.7,-0.714,CONIFER_HIGH_FLAMMABILITY,0.63,0.1,13.025,71.0,2.3325,190.25,0.415,2.295,0.625,10.05,29.58,4,4,6.7,2296.4,0
UTT_CELL_0096_0090,CELL_0096_0090,UTT,2022-05-08,30.43038,78.95655,1840.9,28.4,163.0,0.292,-0.956,CONIFER_HIGH_FLAMMABILITY,0.421,0.1,13.025,71.0,2.3325,190.25,0.415,2.295,0.625,10.05,29.58,0,0,4.1,19894.0,0
UTT_CELL_0096_0091,CELL_0096_0091,UTT,2022-05-08,30.43047,78.96176,1843.0,28.4,163.0,0.292,-0.956,CONIFER_HIGH_FLAMMABILITY,0.421,0.1,13.025,71.0,2.3325,190.25,0.415,2.295,0.625,10.05,29.58,0,0,4.1,20261.2,0
UTT_CELL_0103_0008,CELL_0103_0008,UTT,2022-05-08,30.45456,78.52915,1684.4,32.9,165.5,0.25,-0.968,CONIFER_HIGH_FLAMMABILITY,0.376,0.1,13.025,71.0,2.3325,190.25,0.415,2.295,0.625,10.05,29.58,4,4,5.7,2358.2,0
UTT_CELL_0073_0143,CELL_0073_0143,UTT,2022-05-08,30.33068,79.23423,1892.1,21.1,153.1,0.452,-0.892,CONIFER_HIGH_FLAMMABILITY,0.494,0.1,13.025,71.0,2.3325,190.25,0.415,2.295,0.625,10.05,29.58,0,0,2.1,6760.6,0
UTT_CELL_0099_0134,CELL_0099_0134,UTT,2022-05-08,30.4473,79.18528,1942.5,31.9,164.7,0.264,-0.965,CONIFER_HIGH_FLAMMABILITY,0.386,0.1,13.025,71.0,2.3325,190.25,0.415,2.295,0.625,10.05,29.58,0,0,0.5,17047.4,0
UTT_CELL_0096_0107,CELL_0096_0107,UTT,2022-05-08,30.43174,79.04502,1877.1,28.7,163.2,0.289,-0.957,CONIFER_HIGH_FLAMMABILITY,0.418,0.1,13.025,71.0,2.3325,190.25,0.415,2.295,0.625,10.05,29.58,0,0,6.7,16201.2,0
UTT_CELL_0012_0067,CELL_0012_0067,UTT,2022-05-08,30.04971,78.84516,1567.9,33.9,125.0,0.819,-0.574,CONIFER_HIGH_FLAMMABILITY,0.366,0.1,13.025,71.0,2.3325,190.25,0.415,2.295,0.625,10.05,29.58,3,3,3.7,4208.4,0
UTT_CELL_0122_0096,CELL_0122_0096,UTT,2022-05-08,30.54811,78.98536,1923.0,18.2,174.8,0.091,-0.996,CONIFER_HIGH_FLAMMABILITY,0.523,0.1,13.025,71.0,2.3325,190.25,0.415,2.295,0.625,10.05,29.58,0,0,6.7,30695.0,0
UTT_CELL_0083_0122,CELL_0083_0122,UTT,2022-05-08,30.37426,79.1242,1874.2,8.3,157.4,0.384,-0.923,CONIFER_HIGH_FLAMMABILITY,0.622,0.1,13.025,71.0,2.3325,190.25,0.415,2.295,0.625,10.05,29.58,0,0,6.7,8906.6,0
UTT_CELL_0087_0009,CELL_0087_0009,UTT,2022-05-08,30.38253,78.53617,1644.0,11.8,158.3,0.37,-0.929,CONIFER_HIGH_FLAMMABILITY,0.587,0.1,13.025,71.0,2.3325,190.25,0.415,2.295,0.625,10.05,29.58,3,3,5.2,3671.7,0
UTT_CELL_0061_0022,CELL_0061_0022,UTT,2022-05-08,30.26658,78.60662,1602.6,34.0,146.7,0.549,-0.836,CONIFER_HIGH_FLAMMABILITY,0.365,0.1,13.025,71.0,2.3325,190.25,0.415,2.295,0.625,10.05,29.58,2,2,2.1,1794.1,0
UTT_CELL_0054_0108,CELL_0054_0108,UTT,2022-05-08,30.24242,79.05397,1767.0,32.5,144.2,0.585,-0.811,CONIFER_HIGH_FLAMMABILITY,0.38,0.1,13.025,71.0,2.3325,190.25,0.415,2.295,0.625,10.05,29.58,0,0,6.2,5448.3,0
UTT_CELL_0057_0156,CELL_0057_0156,UTT,2022-05-08,30.25942,79.30306,1876.9,33.9,145.9,0.561,-0.828,CONIFER_HIGH_FLAMMABILITY,0.366,0.1,13.025,71.0,2.3325,190.25,0.415,2.295,0.625,10.05,29.58,1,1,1.2,1964.9,1
UTT_CELL_0116_0054,CELL_0116_0054,UTT,2022-05-08,30.51749,78.76719,1817.4,28.1,171.7,0.144,-0.99,CONIFER_HIGH_FLAMMABILITY,0.424,0.1,13.025,71.0,2.3325,190.25,0.415,2.295,0.625,10.05,29.58,0,0,6.7,16406.9,0
UTT_CELL_0132_0089,CELL_0132_0089,UTT,2022-05-08,30.59263,78.94794,1934.8,12.0,179.3,0.012,-1.0,CONIFER_HIGH_FLAMMABILITY,0.585,0.1,13.025,71.0,2.3325,190.25,0.415,2.295,0.625,10.05,29.58,0,0,6.7,33355.2,0
UTT_CELL_0009_0071,CELL_0009_0071,UTT,2022-05-08,30.03652,78.86619,1568.4,33.0,123.7,0.832,-0.555,CONIFER_HIGH_FLAMMABILITY,0.375,0.1,13.025,71.0,2.3325,190.25,0.415,2.295,0.625,10.05,29.58,2,2,2.1,2981.5,0
UTT_CELL_0096_0154,CELL_0096_0154,UTT,2022-05-08,30.43518,79.28962,1977.0,29.5,163.5,0.284,-0.959,CONIFER_HIGH_FLAMMABILITY,0.41,0.1,13.025,71.0,2.3325,190.25,0.415,2.295,0.625,10.05,29.58,0,0,0.5,9177.6,0
UTT_CELL_0048_0060,CELL_0048_0060,UTT,2022-05-08,30.21143,78.80529,1649.0,25.7,141.1,0.628,-0.778,CONIFER_HIGH_FLAMMABILITY,0.448,0.1,13.025,71.0,2.3325,190.25,0.415,2.295,0.625,10.05,29.58,0,0,1.7,5998.4,0
UTT_CELL_0113_0038,CELL_0113_0038,UTT,2022-05-08,30.50251,78.68419,1775.2,31.4,170.3,0.168,-0.986,CONIFER_HIGH_FLAMMABILITY,0.391,0.1,13.025,71.0,2.3325,190.25,0.415,2.295,0.625,10.05,29.58,0,0,6.2,14334.9,0
UTT_CELL_0061_0070,CELL_0061_0070,UTT,2022-05-08,30.2709,78.85594,1704.9,33.9,147.1,0.543,-0.84,CONIFER_HIGH_FLAMMABILITY,0.366,0.1,13.025,71.0,2.3325,190.25,0.415,2.295,0.625,10.05,29.58,6,6,2.7,1038.4,0
UTT_CELL_0045_0040,CELL_0045_0040,UTT,2022-05-08,30.19612,78.70178,1598.4,20.7,139.6,0.648,-0.762,CONIFER_HIGH_FLAMMABILITY,0.498,0.1,13.025,71.0,2.3325,190.25,0.415,2.295,0.625,10.05,29.58,5,5,6.7,2356.4,0
UTT_CELL_0106_0138,CELL_0106_0138,UTT,2022-05-08,30.47915,79.20552,1969.7,33.9,167.9,0.21,-0.978,CONIFER_HIGH_FLAMMABILITY,0.366,0.1,13.025,71.0,2.3325,190.25,0.415,2.295,0.625,10.05,29.58,0,0,0.5,17998.2,0
UTT_CELL_0048_0088,CELL_0048_0088,UTT,2022-05-08,30.21378,78.95066,1708.5,26.4,141.4,0.624,-0.782,CONIFER_HIGH_FLAMMABILITY,0.441,0.1,13.025,71.0,2.3325,190.25,0.415,2.295,0.625,10.05,29.58,0,0,2.1,6726.4,0
UTT_CELL_0006_0069,CELL_0006_0069,UTT,2022-05-08,30.02282,78.85611,1556.1,30.9,122.3,0.845,-0.534,CONIFER_HIGH_FLAMMABILITY,0.396,0.1,13.025,71.0,2.3325,190.25,0.415,2.295,0.625,10.05,29.58,2,2,2.1,4351.5,0
UTT_CELL_0012_0149,CELL_0012_0149,UTT,2022-05-08,30.05599,79.27024,1741.7,34.0,125.6,0.813,-0.582,CONIFER_HIGH_FLAMMABILITY,0.365,0.1,13.025,71.0,2.3325,190.25,0.415,2.295,0.625,10.05,29.58,0,0,5.2,12942.3,0
UTT_CELL_0025_0144,CELL_0025_0144,UTT,2022-05-08,30.11427,79.24328,1765.9,23.5,131.4,0.75,-0.661,CONIFER_HIGH_FLAMMABILITY,0.47,0.1,13.025,71.0,2.3325,190.25,0.415,2.295,0.625,10.05,29.58,0,0,6.7,10797.2,0
UTT_CELL_0034_0068,CELL_0034_0068,UTT,2022-05-09,30.14899,78.8482,1628.7,10.3,134.9,0.708,-0.706,CONIFER_HIGH_FLAMMABILITY,0.605,0.1,12.825000000000001,73.25,2.1199999999999997,289.75,1.995,-0.716,4.125,13.075,0.25,1,1,2.2,4777.5,0
UTT_CELL_0094_0065,CELL_0094_0065,UTT,2022-05-09,30.41926,78.82667,1782.2,25.2,161.9,0.311,-0.951,CONIFER_HIGH_FLAMMABILITY,0.456,0.1,12.825000000000001,73.25,2.1199999999999997,289.75,1.995,-0.716,4.125,13.075,0.25,0,0,7.7,10549.1,0
UTT_CELL_0127_0101,CELL_0127_0101,UTT,2022-05-09,30.57106,79.01095,1947.0,9.0,177.1,0.051,-0.999,CONIFER_HIGH_FLAMMABILITY,0.618,0.1,12.825000000000001,73.25,2.1199999999999997,289.75,1.995,-0.716,4.125,13.075,0.25,0,0,0.5,19741.7,0
UTT_CELL_0100_0081,CELL_0100_0081,UTT,2022-05-09,30.44768,78.90934,1832.3,31.9,164.8,0.262,-0.965,CONIFER_HIGH_FLAMMABILITY,0.389,0.1,12.825000000000001,73.25,2.1199999999999997,289.75,1.995,-0.716,4.125,13.075,0.25,0,0,5.1,18946.5,0
UTT_CELL_0052_0114,CELL_0052_0114,UTT,2022-05-09,30.23386,79.08531,1774.4,31.2,143.4,0.596,-0.803,CONIFER_HIGH_FLAMMABILITY,0.396,0.1,12.825000000000001,73.25,2.1199999999999997,289.75,1.995,-0.716,4.125,13.075,0.25,3,4,7.2,4056.6,0
UTT_CELL_0124_0074,CELL_0124_0074,UTT,2022-05-09,30.5553,78.87055,1881.4,15.4,175.5,0.078,-0.997,CONIFER_HIGH_FLAMMABILITY,0.554,0.1,12.825000000000001,73.25,2.1199999999999997,289.75,1.995,-0.716,4.125,13.075,0.25,0,0,7.7,24742.6,0
UTT_CELL_0032_0147,CELL_0032_0147,UTT,2022-05-09,30.14605,79.25829,1790.9,11.5,134.6,0.712,-0.702,CONIFER_HIGH_FLAMMABILITY,0.593,0.1,12.825000000000001,73.25,2.1199999999999997,289.75,1.995,-0.716,4.125,13.075,0.25,0,0,7.7,7534.3,0
UTT_CELL_0063_0115,CELL_0063_0115,UTT,2022-05-09,30.28354,79.08954,1805.9,32.8,148.4,0.524,-0.852,CONIFER_HIGH_FLAMMABILITY,0.38,0.1,12.825000000000001,73.25,2.1199999999999997,289.75,1.995,-0.716,4.125,13.075,0.25,9,12,0.5,1025.9,1
UTT_CELL_0127_0117,CELL_0127_0117,UTT,2022-05-09,30.5723,79.09433,1981.1,8.5,177.2,0.049,-0.999,CONIFER_HIGH_FLAMMABILITY,0.623,0.1,12.825000000000001,73.25,2.1199999999999997,289.75,1.995,-0.716,4.125,13.075,0.25,0,0,0.5,16407.8,0
UTT_CELL_0131_0125,CELL_0131_0125,UTT,2022-05-09,30.59094,79.13568,2008.8,11.3,179.1,0.016,-1.0,CONIFER_MODERATE_FLAMMABILITY,0.595,0.1,12.825000000000001,73.25,2.1199999999999997,289.75,1.995,-0.716,4.125,13.075,0.25,0,0,0.5,18503.5,0
UTT_CELL_0093_0119,CELL_0093_0119,UTT,2022-05-09,30.41913,79.10773,1894.6,25.2,161.9,0.311,-0.951,CONIFER_HIGH_FLAMMABILITY,0.456,0.1,12.825000000000001,73.25,2.1199999999999997,289.75,1.995,-0.716,4.125,13.075,0.25,2,2,0.5,770.3,0
UTT_CELL_0048_0001,CELL_0048_0001,UTT,2022-05-09,30.20594,78.49904,1523.2,24.0,140.6,0.635,-0.773,CONIFER_HIGH_FLAMMABILITY,0.468,0.1,12.825000000000001,73.25,2.1199999999999997,289.75,1.995,-0.716,4.125,13.075,0.25,0,1,7.7,2215.4,0
UTT_CELL_0078_0000,CELL_0078_0000,UTT,2022-05-09,30.34107,78.49041,1600.8,17.3,154.1,0.437,-0.9,CONIFER_HIGH_FLAMMABILITY,0.535,0.1,12.825000000000001,73.25,2.1199999999999997,289.75,1.995,-0.716,4.125,13.075,0.25,3,4,7.7,2536.2,0
UTT_CELL_0100_0113,CELL_0100_0113,UTT,2022-05-09,30.45024,79.07588,1900.5,32.3,165.0,0.259,-0.966,CONIFER_HIGH_FLAMMABILITY,0.385,0.1,12.825000000000001,73.25,2.1199999999999997,289.75,1.995,-0.716,4.125,13.075,0.25,1,1,0.5,4981.7,0
UTT_CELL_0003_0097,CELL_0003_0097,UTT,2022-05-09,30.01158,79.00148,1607.5,28.4,121.2,0.855,-0.518,CONIFER_HIGH_FLAMMABILITY,0.424,0.1,12.825000000000001,73.25,2.1199999999999997,289.75,1.995,-0.716,4.125,13.075,0.25,0,3,7.7,2371.0,0
UTT_CELL_0055_0141,CELL_0055_0141,UTT,2022-05-09,30.24937,79.2253,1839.7,33.3,144.9,0.575,-0.818,CONIFER_HIGH_FLAMMABILITY,0.375,0.1,12.825000000000001,73.25,2.1199999999999997,289.75,1.995,-0.716,4.125,13.075,0.25,1,1,0.5,2815.4,0
UTT_CELL_0059_0022,CELL_0059_0022,UTT,2022-05-10,30.25756,78.60684,1597.3,33.9,145.8,0.562,-0.827,CONIFER_HIGH_FLAMMABILITY,0.361,0.1,13.3,76.75,2.1275,205.75,0.924,1.916,2.5,15.175,0.83,2,2,3.2,2673.4,0
UTT_CELL_0088_0050,CELL_0088_0050,UTT,2022-05-10,30.39089,78.74926,1734.2,15.1,159.1,0.357,-0.934,CONIFER_HIGH_FLAMMABILITY,0.549,0.1,13.3,76.75,2.1275,205.75,0.924,1.916,2.5,15.175,0.83,0,1,8.7,2223.4,0
UTT_CELL_0047_0131,CELL_0047_0131,UTT,2022-05-10,30.21257,79.17402,1797.2,26.1,141.3,0.625,-0.78,CONIFER_HIGH_FLAMMABILITY,0.439,0.1,13.3,76.75,2.1275,205.75,0.924,1.916,2.5,15.175,0.83,1,1,1.2,4237.3,0
UTT_CELL_0045_0067,CELL_0045_0067,UTT,2022-05-10,30.1985,78.84193,1655.9,21.5,139.9,0.644,-0.765,CONIFER_HIGH_FLAMMABILITY,0.485,0.1,13.3,76.75,2.1275,205.75,0.924,1.916,2.5,15.175,0.83,0,0,3.2,8965.5,0
UTT_CELL_0059_0037,CELL_0059_0037,UTT,2022-05-10,30.25896,78.68473,1629.3,33.9,145.9,0.561,-0.828,CONIFER_HIGH_FLAMMABILITY,0.361,0.1,13.3,76.75,2.1275,205.75,0.924,1.916,2.5,15.175,0.83,0,3,8.7,2095.9,0
UTT_CELL_0110_0044,CELL_0110_0044,UTT,2022-05-10,30.48953,78.71575,1780.0,33.2,169.0,0.191,-0.982,CONIFER_HIGH_FLAMMABILITY,0.368,0.1,13.3,76.75,2.1275,205.75,0.924,1.916,2.5,15.175,0.83,0,0,8.7,13495.1,0
UTT_CELL_0094_0011,CELL_0094_0011,UTT,2022-05-10,30.41428,78.54578,1666.9,23.7,161.4,0.319,-0.948,CONIFER_HIGH_FLAMMABILITY,0.463,0.1,13.3,76.75,2.1275,205.75,0.924,1.916,2.5,15.175,0.83,1,3,7.7,3384.8,0
UTT_CELL_0034_0150,CELL_0034_0150,UTT,2022-05-10,30.15528,79.2737,1802.6,7.7,135.5,0.701,-0.713,CONIFER_HIGH_FLAMMABILITY,0.623,0.1,13.3,76.75,2.1275,205.75,0.924,1.916,2.5,15.175,0.83,0,0,8.7,5559.8,0
UTT_CELL_0065_0117,CELL_0065_0117,UTT,2022-05-10,30.29271,79.09976,1815.5,31.4,149.3,0.511,-0.86,CONIFER_HIGH_FLAMMABILITY,0.386,0.1,13.3,76.75,2.1275,205.75,0.924,1.916,2.5,15.175,0.83,4,13,8.7,339.2,1
UTT_CELL_0026_0136,CELL_0026_0136,UTT,2022-05-10,30.11822,79.2017,1751.6,22.2,131.8,0.745,-0.667,CONIFER_HIGH_FLAMMABILITY,0.478,0.1,13.3,76.75,2.1275,205.75,0.924,1.916,2.5,15.175,0.83,0,0,1.2,12621.9,0
UTT_CELL_0068_0033,CELL_0068_0033,UTT,2022-05-10,30.29917,78.663,1644.7,30.2,149.9,0.502,-0.865,CONIFER_HIGH_FLAMMABILITY,0.398,0.1,13.3,76.75,2.1275,205.75,0.924,1.916,2.5,15.175,0.83,0,5,8.2,1604.1,0
UTT_CELL_0133_0007,CELL_0133_0007,UTT,2022-05-10,30.58969,78.52052,1762.0,10.8,179.0,0.017,-1.0,CONIFER_HIGH_FLAMMABILITY,0.592,0.1,13.3,76.75,2.1275,205.75,0.924,1.916,2.5,15.175,0.83,1,1,5.1,4192.0,0
UTT_CELL_0128_0030,CELL_0128_0030,UTT,2022-05-10,30.56938,78.64091,1798.0,9.7,176.9,0.054,-0.999,CONIFER_HIGH_FLAMMABILITY,0.603,0.1,13.3,76.75,2.1275,205.75,0.924,1.916,2.5,15.175,0.83,0,0,7.7,14984.2,0
UTT_CELL_0106_0051,CELL_0106_0051,UTT,2022-05-10,30.47213,78.7526,1784.3,34.0,167.2,0.222,-0.975,CONIFER_HIGH_FLAMMABILITY,0.36,0.1,13.3,76.75,2.1275,205.75,0.924,1.916,2.5,15.175,0.83,0,0,8.7,11214.8,0
UTT_CELL_0091_0121,CELL_0091_0121,UTT,2022-05-10,30.41026,79.1183,1893.5,22.3,161.0,0.326,-0.946,CONIFER_HIGH_FLAMMABILITY,0.477,0.1,13.3,76.75,2.1275,205.75,0.924,1.916,2.5,15.175,0.83,2,2,1.1,1595.9,1
UTT_CELL_0042_0056,CELL_0042_0056,UTT,2022-05-10,30.18402,78.78513,1624.5,16.2,138.4,0.664,-0.748,CONIFER_HIGH_FLAMMABILITY,0.538,0.1,13.3,76.75,2.1275,205.75,0.924,1.916,2.5,15.175,0.83,1,2,3.7,2510.6,0
UTT_CELL_0120_0022,CELL_0120_0022,UTT,2022-05-10,30.53256,78.60012,1759.6,23.7,173.3,0.117,-0.993,CONIFER_HIGH_FLAMMABILITY,0.463,0.1,13.3,76.75,2.1275,205.75,0.924,1.916,2.5,15.175,0.83,0,0,7.7,9040.5,0
UTT_CELL_0073_0028,CELL_0073_0028,UTT,2022-05-10,30.32125,78.63648,1647.3,24.3,152.1,0.468,-0.884,CONIFER_HIGH_FLAMMABILITY,0.457,0.1,13.3,76.75,2.1275,205.75,0.924,1.916,2.5,15.175,0.83,0,1,8.2,4569.6,0
UTT_CELL_0109_0103,CELL_0109_0103,UTT,2022-05-10,30.49005,79.02302,1903.2,33.1,169.0,0.191,-0.982,CONIFER_HIGH_FLAMMABILITY,0.369,0.1,13.3,76.75,2.1275,205.75,0.924,1.916,2.5,15.175,0.83,0,0,1.1,12320.6,0
UTT_CELL_0061_0135,CELL_0061_0135,UTT,2022-05-10,30.276,79.19363,1843.1,33.5,147.6,0.536,-0.844,CONIFER_HIGH_FLAMMABILITY,0.365,0.1,13.3,76.75,2.1275,205.75,0.924,1.916,2.5,15.175,0.83,0,0,1.2,5124.0,0
UTT_CELL_0047_0047,CELL_0047_0047,UTT,2022-05-10,30.20577,78.73791,1618.6,24.0,140.6,0.635,-0.773,CONIFER_HIGH_FLAMMABILITY,0.46,0.1,13.3,76.75,2.1275,205.75,0.924,1.916,2.5,15.175,0.83,3,7,8.2,1367.8,0
UTT_CELL_0034_0053,CELL_0034_0053,UTT,2022-05-10,30.14769,78.77038,1596.8,10.8,134.8,0.71,-0.705,CONIFER_HIGH_FLAMMABILITY,0.592,0.1,13.3,76.75,2.1275,205.75,0.924,1.916,2.5,15.175,0.83,5,6,3.7,3339.6,0
UTT_CELL_0048_0019,CELL_0048_0019,UTT,2022-05-10,30.20769,78.59247,1561.6,24.6,140.8,0.632,-0.775,CONIFER_HIGH_FLAMMABILITY,0.454,0.1,13.3,76.75,2.1275,205.75,0.924,1.916,2.5,15.175,0.83,1,1,1.7,3959.7,0
UTT_CELL_0104_0135,CELL_0104_0135,UTT,2022-05-10,30.46992,79.19006,1958.0,34.0,167.0,0.225,-0.974,CONIFER_HIGH_FLAMMABILITY,0.36,0.1,13.3,76.75,2.1275,205.75,0.924,1.916,2.5,15.175,0.83,0,0,1.1,9814.4,0
UTT_CELL_0014_0020,CELL_0014_0020,UTT,2022-05-10,30.0545,78.60137,1473.2,34.0,125.5,0.814,-0.581,CONIFER_HIGH_FLAMMABILITY,0.36,0.1,13.3,76.75,2.1275,205.75,0.924,1.916,2.5,15.175,0.83,0,0,8.7,10678.7,0
UTT_CELL_0092_0122,CELL_0092_0122,UTT,2022-05-10,30.41485,79.12342,1898.3,23.9,161.5,0.317,-0.948,CONIFER_HIGH_FLAMMABILITY,0.461,0.1,13.3,76.75,2.1275,205.75,0.924,1.916,2.5,15.175,0.83,2,2,1.1,1511.9,1
UTT_CELL_0027_0028,CELL_0027_0028,UTT,2022-05-10,30.11386,78.64144,1524.9,23.6,131.4,0.75,-0.661,CONIFER_HIGH_FLAMMABILITY,0.464,0.1,13.3,76.75,2.1275,205.75,0.924,1.916,2.5,15.175,0.83,0,0,1.7,9545.2,0
UTT_CELL_0008_0086,CELL_0008_0086,UTT,2022-05-10,30.03325,78.94402,1597.6,32.6,123.3,0.836,-0.549,CONIFER_HIGH_FLAMMABILITY,0.374,0.1,13.3,76.75,2.1275,205.75,0.924,1.916,2.5,15.175,0.83,0,1,8.7,4274.5,0
UTT_CELL_0079_0006,CELL_0079_0006,UTT,2022-05-10,30.34618,78.52148,1616.3,15.3,154.6,0.429,-0.903,CONIFER_HIGH_FLAMMABILITY,0.547,0.1,13.3,76.75,2.1275,205.75,0.924,1.916,2.5,15.175,0.83,1,3,4.7,835.9,0
UTT_CELL_0065_0042,CELL_0065_0042,UTT,2022-05-10,30.28647,78.71007,1655.9,32.4,148.6,0.521,-0.854,CONIFER_HIGH_FLAMMABILITY,0.376,0.1,13.3,76.75,2.1275,205.75,0.924,1.916,2.5,15.175,0.83,0,8,7.7,3817.7,0
UTT_CELL_0070_0151,CELL_0070_0151,UTT,2022-05-10,30.31771,79.27606,1901.1,25.4,151.8,0.473,-0.881,CONIFER_HIGH_FLAMMABILITY,0.446,0.1,13.3,76.75,2.1275,205.75,0.924,1.916,2.5,15.175,0.83,11,11,4.1,2306.2,0
UTT_CELL_0120_0059,CELL_0120_0059,UTT,2022-05-10,30.53597,78.79282,1838.7,22.6,173.6,0.111,-0.994,CONIFER_HIGH_FLAMMABILITY,0.474,0.1,13.3,76.75,2.1275,205.75,0.924,1.916,2.5,15.175,0.83,0,0,8.7,19033.9,0
UTT_CELL_0050_0113,CELL_0050_0113,UTT,2022-05-10,30.22477,79.08029,1767.0,29.3,142.5,0.609,-0.793,CONIFER_HIGH_FLAMMABILITY,0.407,0.1,13.3,76.75,2.1275,205.75,0.924,1.916,2.5,15.175,0.83,0,0,8.2,5186.0,0
UTT_CELL_0071_0002,CELL_0071_0002,UTT,2022-05-10,30.30972,78.50161,1586.5,27.7,151.0,0.485,-0.875,CONIFER_HIGH_FLAMMABILITY,0.423,0.1,13.3,76.75,2.1275,205.75,0.924,1.916,2.5,15.175,0.83,1,1,4.7,4949.6,0
UTT_CELL_0071_0131,CELL_0071_0131,UTT,2022-05-10,30.32081,79.17201,1861.3,24.4,152.1,0.468,-0.884,CONIFER_HIGH_FLAMMABILITY,0.456,0.1,13.3,76.75,2.1275,205.75,0.924,1.916,2.5,15.175,0.83,0,0,7.1,8028.9,0
UTT_CELL_0131_0126,CELL_0131_0126,UTT,2022-05-10,30.59102,79.14089,2011.0,11.4,179.1,0.016,-1.0,CONIFER_MODERATE_FLAMMABILITY,0.586,0.1,13.3,76.75,2.1275,205.75,0.924,1.916,2.5,15.175,0.83,0,0,1.1,18597.6,0
UTT_CELL_0109_0149,CELL_0109_0149,UTT,2022-05-10,30.49346,79.26255,2001.1,32.7,169.3,0.186,-0.983,CONIFER_MODERATE_FLAMMABILITY,0.373,0.1,13.3,76.75,2.1275,205.75,0.924,1.916,2.5,15.175,0.83,0,0,1.7,15243.7,0
UTT_CELL_0000_0092,CELL_0000_0092,UTT,2022-05-10,29.99765,78.97585,1588.9,24.4,119.8,0.868,-0.497,CONIFER_HIGH_FLAMMABILITY,0.456,0.1,13.3,76.75,2.1275,205.75,0.924,1.916,2.5,15.175,0.83,0,1,8.7,4329.6,0
UTT_CELL_0069_0076,CELL_0069_0076,UTT,2022-05-10,30.30748,78.88633,1739.0,28.3,150.7,0.489,-0.872,CONIFER_HIGH_FLAMMABILITY,0.417,0.1,13.3,76.75,2.1275,205.75,0.924,1.916,2.5,15.175,0.83,3,3,4.7,4766.4,0
UTT_CELL_0123_0120,CELL_0123_0120,UTT,2022-05-10,30.55449,79.11031,1976.8,15.7,175.4,0.08,-0.997,CONIFER_HIGH_FLAMMABILITY,0.543,0.1,13.3,76.75,2.1275,205.75,0.924,1.916,2.5,15.175,0.83,0,0,1.1,14296.9,0
UTT_CELL_0122_0024,CELL_0122_0024,UTT,2022-05-10,30.54176,78.61031,1769.2,20.5,174.2,0.101,-0.995,CONIFER_HIGH_FLAMMABILITY,0.495,0.1,13.3,76.75,2.1275,205.75,0.924,1.916,2.5,15.175,0.83,0,0,7.7,10509.4,0
UTT_CELL_0130_0045,CELL_0130_0045,UTT,2022-05-10,30.57979,78.71885,1835.4,6.7,178.0,0.035,-0.999,CONIFER_HIGH_FLAMMABILITY,0.633,0.1,13.3,76.75,2.1275,205.75,0.924,1.916,2.5,15.175,0.83,0,0,7.7,23213.1,0
UTT_CELL_0031_0076,CELL_0031_0076,UTT,2022-05-10,30.13614,78.88999,1637.7,15.5,133.6,0.724,-0.69,CONIFER_HIGH_FLAMMABILITY,0.545,0.1,13.3,76.75,2.1275,205.75,0.924,1.916,2.5,15.175,0.83,2,2,2.7,4537.8,0
UTT_CELL_0003_0020,CELL_0003_0020,UTT,2022-05-10,30.00491,78.60256,1444.0,26.6,120.5,0.862,-0.508,CONIFER_HIGH_FLAMMABILITY,0.434,0.1,13.3,76.75,2.1275,205.75,0.924,1.916,2.5,15.175,0.83,0,0,8.7,9044.0,0
UTT_CELL_0056_0102,CELL_0056_0102,UTT,2022-05-10,30.25097,79.02263,1759.6,33.5,145.1,0.572,-0.82,CONIFER_HIGH_FLAMMABILITY,0.365,0.1,13.3,76.75,2.1275,205.75,0.924,1.916,2.5,15.175,0.83,0,0,8.2,8302.4,0
UTT_CELL_0021_0131,CELL_0021_0131,UTT,2022-05-10,30.09531,79.17618,1727.7,28.9,129.5,0.772,-0.636,CONIFER_HIGH_FLAMMABILITY,0.411,0.1,13.3,76.75,2.1275,205.75,0.924,1.916,2.5,15.175,0.83,0,0,4.1,15028.4,0
UTT_CELL_0016_0155,CELL_0016_0155,UTT,2022-05-10,30.07443,79.30104,1765.1,32.8,127.4,0.794,-0.607,CONIFER_HIGH_FLAMMABILITY,0.372,0.1,13.3,76.75,2.1275,205.75,0.924,1.916,2.5,15.175,0.83,0,0,7.2,9203.2,0
UTT_CELL_0101_0039,CELL_0101_0039,UTT,2022-05-10,30.4485,78.69068,1745.4,32.1,164.9,0.261,-0.965,CONIFER_HIGH_FLAMMABILITY,0.379,0.1,13.3,76.75,2.1275,205.75,0.924,1.916,2.5,15.175,0.83,0,0,8.2,8517.1,0
UTT_CELL_0088_0052,CELL_0088_0052,UTT,2022-05-12,30.39107,78.75966,1738.5,15.2,159.1,0.357,-0.934,CONIFER_HIGH_FLAMMABILITY,0.53,0.1,14.5,74.25,2.6450000000000005,277.25,2.624,-0.334,3.0999999999999996,17.7,0.88,0,1,10.7,2751.0,0
UTT_CELL_0077_0128,CELL_0077_0128,UTT,2022-05-12,30.34765,79.15591,1871.0,14.7,154.8,0.426,-0.905,CONIFER_HIGH_FLAMMABILITY,0.535,0.1,14.5,74.25,2.6450000000000005,277.25,2.624,-0.334,3.0999999999999996,17.7,0.88,0,0,10.7,8216.8,0
UTT_CELL_0100_0079,CELL_0100_0079,UTT,2022-05-12,30.44751,78.89893,1828.1,31.9,164.8,0.262,-0.965,CONIFER_HIGH_FLAMMABILITY,0.363,0.1,14.5,74.25,2.6450000000000005,277.25,2.624,-0.334,3.0999999999999996,17.7,0.88,0,0,8.1,18533.6,0
UTT_CELL_0115_0014,CELL_0115_0014,UTT,2022-05-12,30.50924,78.55902,1729.2,30.1,170.9,0.158,-0.987,CONIFER_HIGH_FLAMMABILITY,0.382,0.1,14.5,74.25,2.6450000000000005,277.25,2.624,-0.334,3.0999999999999996,17.7,0.88,0,1,9.7,3830.8,0
UTT_CELL_0038_0148,CELL_0038_0148,UTT,2022-05-12,30.17318,79.26301,1809.1,11.8,137.3,0.678,-0.735,CONIFER_HIGH_FLAMMABILITY,0.565,0.1,14.5,74.25,2.6450000000000005,277.25,2.624,-0.334,3.0999999999999996,17.7,0.88,0,0,10.7,6356.4,0
UTT_CELL_0098_0087,CELL_0098_0087,UTT,2022-05-12,30.43916,78.94075,1839.8,30.4,163.9,0.277,-0.961,CONIFER_HIGH_FLAMMABILITY,0.379,0.1,14.5,74.25,2.6450000000000005,277.25,2.624,-0.334,3.0999999999999996,17.7,0.88,0,0,3.1,19197.8,0
UTT_CELL_0021_0006,CELL_0021_0006,UTT,2022-05-12,30.08472,78.52803,1462.0,31.2,128.5,0.783,-0.623,CONIFER_HIGH_FLAMMABILITY,0.37,0.1,14.5,74.25,2.6450000000000005,277.25,2.624,-0.334,3.0999999999999996,17.7,0.88,0,0,10.7,9281.7,0
UTT_CELL_0099_0123,CELL_0099_0123,UTT,2022-05-12,30.44649,79.12802,1919.1,31.7,164.6,0.266,-0.964,CONIFER_HIGH_FLAMMABILITY,0.365,0.1,14.5,74.25,2.6450000000000005,277.25,2.624,-0.334,3.0999999999999996,17.7,0.88,4,4,3.1,2813.3,0
UTT_CELL_0040_0040,CELL_0040_0040,UTT,2022-05-12,30.17358,78.70231,1585.1,12.0,137.4,0.677,-0.736,CONIFER_HIGH_FLAMMABILITY,0.562,0.1,14.5,74.25,2.6450000000000005,277.25,2.624,-0.334,3.0999999999999996,17.7,0.88,2,9,9.2,1368.1,0
UTT_CELL_0083_0100,CELL_0083_0100,UTT,2022-05-12,30.37257,79.00978,1827.5,7.6,157.3,0.386,-0.923,CONIFER_HIGH_FLAMMABILITY,0.607,0.1,14.5,74.25,2.6450000000000005,277.25,2.624,-0.334,3.0999999999999996,17.7,0.88,0,0,1.1,12586.3,0
UTT_CELL_0003_0134,CELL_0003_0134,UTT,2022-05-12,30.01435,79.19321,1685.9,29.1,121.4,0.854,-0.521,CONIFER_HIGH_FLAMMABILITY,0.391,0.1,14.5,74.25,2.6450000000000005,277.25,2.624,-0.334,3.0999999999999996,17.7,0.88,0,0,6.1,6565.9,0
UTT_CELL_0039_0016,CELL_0039_0016,UTT,2022-05-12,30.16683,78.57789,1531.3,9.2,136.7,0.686,-0.728,CONIFER_HIGH_FLAMMABILITY,0.591,0.1,14.5,74.25,2.6450000000000005,277.25,2.624,-0.334,3.0999999999999996,17.7,0.88,0,0,3.7,6491.7,0
UTT_CELL_0022_0015,CELL_0022_0015,UTT,2022-05-12,30.09009,78.57457,1483.9,30.1,129.0,0.777,-0.629,CONIFER_HIGH_FLAMMABILITY,0.382,0.1,14.5,74.25,2.6450000000000005,277.25,2.624,-0.334,3.0999999999999996,17.7,0.88,0,0,10.7,11494.4,0
UTT_CELL_0116_0078,CELL_0116_0078,UTT,2022-05-12,30.51957,78.89217,1868.6,27.6,172.0,0.139,-0.99,CONIFER_HIGH_FLAMMABILITY,0.406,0.1,14.5,74.25,2.6450000000000005,277.25,2.624,-0.334,3.0999999999999996,17.7,0.88,0,0,10.7,23214.1,0
UTT_CELL_0023_0118,CELL_0023_0118,UTT,2022-05-12,30.10338,79.10858,1705.5,26.8,130.3,0.763,-0.647,CONIFER_HIGH_FLAMMABILITY,0.414,0.1,14.5,74.25,2.6450000000000005,277.25,2.624,-0.334,3.0999999999999996,17.7,0.88,0,0,10.7,11877.2,0
UTT_CELL_0028_0103,CELL_0028_0103,UTT,2022-05-12,30.12478,79.03034,1687.0,19.9,132.5,0.737,-0.676,CONIFER_HIGH_FLAMMABILITY,0.484,0.1,14.5,74.25,2.6450000000000005,277.25,2.624,-0.334,3.0999999999999996,17.7,0.88,0,1,10.7,4933.4,0
UTT_CELL_0078_0075,CELL_0078_0075,UTT,2022-05-12,30.34798,78.88026,1760.9,14.6,154.8,0.426,-0.905,CONIFER_HIGH_FLAMMABILITY,0.536,0.1,14.5,74.25,2.6450000000000005,277.25,2.624,-0.334,3.0999999999999996,17.7,0.88,0,0,8.1,7547.5,0
UTT_CELL_0101_0027,CELL_0101_0027,UTT,2022-05-12,30.44738,78.62824,1719.7,31.9,164.7,0.264,-0.965,CONIFER_HIGH_FLAMMABILITY,0.363,0.1,14.5,74.25,2.6450000000000005,277.25,2.624,-0.334,3.0999999999999996,17.7,0.88,0,0,9.7,8914.5,0
UTT_CELL_0012_0137,CELL_0012_0137,UTT,2022-05-12,30.05515,79.20803,1716.3,34.0,125.5,0.814,-0.581,CONIFER_HIGH_FLAMMABILITY,0.342,0.1,14.5,74.25,2.6450000000000005,277.25,2.624,-0.334,3.0999999999999996,17.7,0.88,0,0,6.1,11379.2,0
UTT_CELL_0080_0147,CELL_0080_0147,UTT,2022-05-12,30.36253,79.25447,1919.3,8.6,156.3,0.402,-0.916,CONIFER_HIGH_FLAMMABILITY,0.597,0.1,14.5,74.25,2.6450000000000005,277.25,2.624,-0.334,3.0999999999999996,17.7,0.88,0,0,4.2,5752.3,0
UTT_CELL_0027_0075,CELL_0027_0075,UTT,2022-05-12,30.11802,78.88519,1624.9,22.2,131.8,0.745,-0.667,CONIFER_HIGH_FLAMMABILITY,0.461,0.1,14.5,74.25,2.6450000000000005,277.25,2.624,-0.334,3.0999999999999996,17.7,0.88,0,0,4.7,5156.8,0
UTT_CELL_0043_0110,CELL_0043_0110,UTT,2022-05-12,30.19297,79.06533,1741.9,19.6,139.3,0.652,-0.758,CONIFER_HIGH_FLAMMABILITY,0.486,0.1,14.5,74.25,2.6450000000000005,277.25,2.624,-0.334,3.0999999999999996,17.7,0.88,0,0,10.2,9071.9,0
UTT_CELL_0076_0017,CELL_0076_0017,UTT,2022-05-12,30.33372,78.57899,1631.8,20.0,153.4,0.448,-0.894,CONIFER_HIGH_FLAMMABILITY,0.482,0.1,14.5,74.25,2.6450000000000005,277.25,2.624,-0.334,3.0999999999999996,17.7,0.88,0,1,9.7,3886.0,0
UTT_CELL_0070_0008,CELL_0070_0008,UTT,2022-05-12,30.3058,78.53289,1596.6,28.7,150.6,0.491,-0.871,CONIFER_HIGH_FLAMMABILITY,0.396,0.1,14.5,74.25,2.6450000000000005,277.25,2.624,-0.334,3.0999999999999996,17.7,0.88,0,1,9.7,3974.6,0
UTT_CELL_0096_0127,CELL_0096_0127,UTT,2022-05-12,30.43326,79.1491,1919.6,29.1,163.3,0.287,-0.958,CONIFER_HIGH_FLAMMABILITY,0.391,0.1,14.5,74.25,2.6450000000000005,277.25,2.624,-0.334,3.0999999999999996,17.7,0.88,4,4,1.1,3687.7,0
UTT_CELL_0083_0071,CELL_0083_0071,UTT,2022-05-13,30.37018,78.85897,1765.7,6.6,157.0,0.391,-0.921,CONIFER_HIGH_FLAMMABILITY,0.598,0.06,15.725,61.25,2.8875,195.75,0.784,2.779,0.7749999999999999,17.174999999999997,33.65,0,0,9.1,9116.1,0
UTT_CELL_0029_0092,CELL_0029_0092,UTT,2022-05-13,30.12843,78.97318,1666.3,18.5,132.8,0.734,-0.679,CONIFER_HIGH_FLAMMABILITY,0.479,0.06,15.725,61.25,2.8875,195.75,0.784,2.779,0.7749999999999999,17.174999999999997,33.65,12,20,5.7,546.1,0
UTT_CELL_0015_0068,CELL_0015_0068,UTT,2022-05-13,30.06332,78.85005,1578.0,33.8,126.3,0.806,-0.592,CONIFER_HIGH_FLAMMABILITY,0.326,0.06,15.725,61.25,2.8875,195.75,0.784,2.779,0.7749999999999999,17.174999999999997,33.65,0,0,8.7,5466.8,0
UTT_CELL_0062_0130,CELL_0062_0130,UTT,2022-05-13,30.28015,79.16757,1835.1,33.2,148.0,0.53,-0.848,CONIFER_HIGH_FLAMMABILITY,0.332,0.06,15.725,61.25,2.8875,195.75,0.784,2.779,0.7749999999999999,17.174999999999997,33.65,0,0,10.1,6399.1,0
UTT_CELL_0135_0054,CELL_0135_0054,UTT,2022-05-13,30.60315,78.76522,1868.0,16.2,180.3,-0.005,-1.0,CONIFER_HIGH_FLAMMABILITY,0.502,0.06,15.725,61.25,2.8875,195.75,0.784,2.779,0.7749999999999999,17.174999999999997,33.65,0,0,11.7,25824.0,0
UTT_CELL_0130_0077,CELL_0130_0077,UTT,2022-05-13,30.58261,78.8856,1903.8,7.9,178.3,0.03,-1.0,CONIFER_HIGH_FLAMMABILITY,0.585,0.06,15.725,61.25,2.8875,195.75,0.784,2.779,0.7749999999999999,17.174999999999997,33.65,0,0,11.7,28188.7,0
UTT_CELL_0090_0059,CELL_0090_0059,UTT,2022-05-13,30.40071,78.79587,1758.8,18.9,160.1,0.34,-0.94,CONIFER_HIGH_FLAMMABILITY,0.475,0.06,15.725,61.25,2.8875,195.75,0.784,2.779,0.7749999999999999,17.174999999999997,33.65,0,0,11.7,6557.6,0
UTT_CELL_0054_0117,CELL_0054_0117,UTT,2022-05-13,30.24311,79.10072,1786.2,32.6,144.3,0.584,-0.812,CONIFER_HIGH_FLAMMABILITY,0.338,0.06,15.725,61.25,2.8875,195.75,0.784,2.779,0.7749999999999999,17.174999999999997,33.65,2,11,8.1,2941.1,0
UTT_CELL_0093_0104,CELL_0093_0104,UTT,2022-05-13,30.41798,79.02968,1862.7,24.9,161.8,0.312,-0.95,CONIFER_HIGH_FLAMMABILITY,0.415,0.06,15.725,61.25,2.8875,195.75,0.784,2.779,0.7749999999999999,17.174999999999997,33.65,0,0,4.1,9271.2,0
UTT_CELL_0107_0138,CELL_0107_0138,UTT,2022-05-13,30.48366,79.20543,1972.4,33.7,168.4,0.201,-0.98,CONIFER_HIGH_FLAMMABILITY,0.327,0.06,15.725,61.25,2.8875,195.75,0.784,2.779,0.7749999999999999,17.174999999999997,33.65,0,0,2.1,12053.2,0
UTT_CELL_0007_0002,CELL_0007_0002,UTT,2022-05-13,30.02121,78.50888,1416.3,30.6,122.1,0.847,-0.531,CONIFER_HIGH_FLAMMABILITY,0.358,0.06,15.725,61.25,2.8875,195.75,0.784,2.779,0.7749999999999999,17.174999999999997,33.65,0,1,11.7,2589.4,0
UTT_CELL_0123_0107,CELL_0123_0107,UTT,2022-05-13,30.55349,79.04258,1949.1,16.1,175.3,0.082,-0.997,CONIFER_HIGH_FLAMMABILITY,0.503,0.06,15.725,61.25,2.8875,195.75,0.784,2.779,0.7749999999999999,17.174999999999997,33.65,0,0,4.1,16218.9,0
UTT_CELL_0084_0063,CELL_0084_0063,UTT,2022-05-13,30.374,78.81727,1751.3,8.2,157.4,0.384,-0.923,CONIFER_HIGH_FLAMMABILITY,0.582,0.06,15.725,61.25,2.8875,195.75,0.784,2.779,0.7749999999999999,17.174999999999997,33.65,0,0,11.7,8076.3,0
UTT_CELL_0087_0101,CELL_0087_0101,UTT,2022-05-13,30.39069,79.01462,1840.3,15.1,159.1,0.357,-0.934,CONIFER_HIGH_FLAMMABILITY,0.513,0.06,15.725,61.25,2.8875,195.75,0.784,2.779,0.7749999999999999,17.174999999999997,33.65,0,0,2.1,11505.4,0
UTT_CELL_0077_0026,CELL_0077_0026,UTT,2022-05-13,30.33909,78.62565,1653.7,18.0,153.9,0.44,-0.898,CONIFER_HIGH_FLAMMABILITY,0.484,0.06,15.725,61.25,2.8875,195.75,0.784,2.779,0.7749999999999999,17.174999999999997,33.65,0,0,11.2,6204.5,0
UTT_CELL_0027_0122,CELL_0027_0122,UTT,2022-05-13,30.12172,79.12899,1724.6,21.0,132.2,0.741,-0.672,CONIFER_HIGH_FLAMMABILITY,0.454,0.06,15.725,61.25,2.8875,195.75,0.784,2.779,0.7749999999999999,17.174999999999997,33.65,0,0,11.7,14904.9,0
UTT_CELL_0118_0084,CELL_0118_0084,UTT,2022-05-13,30.52909,78.92323,1886.7,24.8,172.9,0.124,-0.992,CONIFER_HIGH_FLAMMABILITY,0.416,0.06,15.725,61.25,2.8875,195.75,0.784,2.779,0.7749999999999999,17.174999999999997,33.65,0,0,4.1,24033.2,0
UTT_CELL_0023_0055,CELL_0023_0055,UTT,2022-05-13,30.09827,78.78186,1571.7,28.2,129.8,0.768,-0.64,CONIFER_HIGH_FLAMMABILITY,0.382,0.06,15.725,61.25,2.8875,195.75,0.784,2.779,0.7749999999999999,17.174999999999997,33.65,2,3,11.7,698.5,0
UTT_CELL_0112_0011,CELL_0112_0011,UTT,2022-05-13,30.49543,78.54374,1714.8,32.5,169.5,0.182,-0.983,CONIFER_HIGH_FLAMMABILITY,0.339,0.06,15.725,61.25,2.8875,195.75,0.784,2.779,0.7749999999999999,17.174999999999997,33.65,0,1,10.7,1935.0,0
UTT_CELL_0030_0103,CELL_0030_0103,UTT,2022-05-13,30.1338,79.03016,1692.3,16.4,133.4,0.727,-0.687,CONIFER_HIGH_FLAMMABILITY,0.5,0.06,15.725,61.25,2.8875,195.75,0.784,2.779,0.7749999999999999,17.174999999999997,33.65,0,1,11.7,4518.3,0
UTT_CELL_0128_0045,CELL_0128_0045,UTT,2022-05-13,30.57078,78.71906,1830.1,9.1,177.1,0.051,-0.999,CONIFER_HIGH_FLAMMABILITY,0.573,0.06,15.725,61.25,2.8875,195.75,0.784,2.779,0.7749999999999999,17.174999999999997,33.65,0,0,11.7,22308.9,0
UTT_CELL_0083_0050,CELL_0083_0050,UTT,2022-05-13,30.36835,78.74978,1720.9,6.2,156.8,0.394,-0.919,CONIFER_HIGH_FLAMMABILITY,0.602,0.06,15.725,61.25,2.8875,195.75,0.784,2.779,0.7749999999999999,17.174999999999997,33.65,0,6,11.7,672.2,0
UTT_CELL_0108_0080,CELL_0108_0080,UTT,2022-05-13,30.48367,78.90336,1851.5,33.7,168.4,0.201,-0.98,CONIFER_HIGH_FLAMMABILITY,0.327,0.06,15.725,61.25,2.8875,195.75,0.784,2.779,0.7749999999999999,17.174999999999997,33.65,0,0,11.7,21585.9,0
UTT_CELL_0117_0066,CELL_0117_0066,UTT,2022-05-13,30.52305,78.82958,1845.7,26.6,172.3,0.134,-0.991,CONIFER_HIGH_FLAMMABILITY,0.398,0.06,15.725,61.25,2.8875,195.75,0.784,2.779,0.7749999999999999,17.174999999999997,33.65,0,0,11.7,19296.2,0
UTT_CELL_0006_0069,CELL_0006_0069,UTT,2022-05-13,30.02282,78.85611,1556.1,30.9,122.3,0.845,-0.534,CONIFER_HIGH_FLAMMABILITY,0.355,0.06,15.725,61.25,2.8875,195.75,0.784,2.779,0.7749999999999999,17.174999999999997,33.65,0,2,7.1,4351.5,0
UTT_CELL_0084_0105,CELL_0084_0105,UTT,2022-05-14,30.37747,79.03569,1840.8,9.7,157.7,0.379,-0.925,CONIFER_HIGH_FLAMMABILITY,0.553,0.034,16.675,58.0,2.6475,200.25,0.916,2.484,0.375,16.625,47.26,0,0,3.1,9714.1,0
UTT_CELL_0088_0053,CELL_0088_0053,UTT,2022-05-14,30.39116,78.76486,1740.6,15.2,159.1,0.357,-0.934,CONIFER_HIGH_FLAMMABILITY,0.498,0.034,16.675,58.0,2.6475,200.25,0.916,2.484,0.375,16.625,47.26,0,1,12.7,3143.2,0
UTT_CELL_0050_0044,CELL_0050_0044,UTT,2022-05-14,30.21903,78.72203,1620.2,27.9,141.9,0.617,-0.787,CONIFER_HIGH_FLAMMABILITY,0.371,0.034,16.675,58.0,2.6475,200.25,0.916,2.484,0.375,16.625,47.26,0,7,12.7,1111.5,0
UTT_CELL_0016_0105,CELL_0016_0105,UTT,2022-05-14,30.07082,79.04178,1659.2,33.2,127.1,0.798,-0.603,CONIFER_HIGH_FLAMMABILITY,0.318,0.034,16.675,58.0,2.6475,200.25,0.916,2.484,0.375,16.625,47.26,0,0,12.7,5343.7,0
UTT_CELL_0115_0082,CELL_0115_0082,UTT,2022-05-14,30.5154,78.9131,1874.5,28.6,171.5,0.148,-0.989,CONIFER_HIGH_FLAMMABILITY,0.364,0.034,16.675,58.0,2.6475,200.25,0.916,2.484,0.375,16.625,47.26,0,0,5.1,24367.4,0
UTT_CELL_0105_0127,CELL_0105_0127,UTT,2022-05-14,30.47384,79.14833,1943.6,34.0,167.4,0.218,-0.976,CONIFER_HIGH_FLAMMABILITY,0.31,0.034,16.675,58.0,2.6475,200.25,0.916,2.484,0.375,16.625,47.26,0,0,5.1,6594.4,0
UTT_CELL_0098_0082,CELL_0098_0082,UTT,2022-05-14,30.43874,78.91474,1829.1,30.3,163.9,0.277,-0.961,CONIFER_HIGH_FLAMMABILITY,0.347,0.034,16.675,58.0,2.6475,200.25,0.916,2.484,0.375,16.625,47.26,0,0,10.1,18268.9,0
UTT_CELL_0132_0023,CELL_0132_0023,UTT,2022-05-14,30.58675,78.604,1793.6,9.6,178.7,0.023,-1.0,CONIFER_HIGH_FLAMMABILITY,0.554,0.034,16.675,58.0,2.6475,200.25,0.916,2.484,0.375,16.625,47.26,0,0,11.7,13098.7,0
UTT_CELL_0029_0103,CELL_0029_0103,UTT,2022-05-14,30.12929,79.03025,1689.7,18.2,132.9,0.733,-0.681,CONIFER_HIGH_FLAMMABILITY,0.468,0.034,16.675,58.0,2.6475,200.25,0.916,2.484,0.375,16.625,47.26,0,1,12.7,4703.8,0
UTT_CELL_0117_0155,CELL_0117_0155,UTT,2022-05-14,30.52995,79.29317,2035.2,24.5,173.0,0.122,-0.993,CONIFER_MODERATE_FLAMMABILITY,0.405,0.034,16.675,58.0,2.6475,200.25,0.916,2.484,0.375,16.625,47.26,0,0,5.7,16135.4,0
UTT_CELL_0093_0107,CELL_0093_0107,UTT,2022-05-14,30.41821,79.04529,1869.0,24.9,161.8,0.312,-0.95,CONIFER_HIGH_FLAMMABILITY,0.401,0.034,16.675,58.0,2.6475,200.25,0.916,2.484,0.375,16.625,47.26,0,0,5.1,7541.4,0
UTT_CELL_0030_0079,CELL_0030_0079,UTT,2022-05-14,30.13188,78.90565,1641.4,17.2,133.2,0.729,-0.685,CONIFER_HIGH_FLAMMABILITY,0.478,0.034,16.675,58.0,2.6475,200.25,0.916,2.484,0.375,16.625,47.26,2,9,6.7,2749.9,0
UTT_CELL_0014_0054,CELL_0014_0054,UTT,2022-05-14,30.0576,78.77758,1545.6,34.0,125.8,0.811,-0.585,CONIFER_HIGH_FLAMMABILITY,0.31,0.034,16.675,58.0,2.6475,200.25,0.916,2.484,0.375,16.625,47.26,0,3,9.7,4020.0,0
UTT_CELL_0024_0141,CELL_0024_0141,UTT,2022-05-14,30.10956,79.2278,1756.9,25.0,131.0,0.755,-0.656,CONIFER_HIGH_FLAMMABILITY,0.4,0.034,16.675,58.0,2.6475,200.25,0.916,2.484,0.375,16.625,47.26,0,0,12.7,12493.7,0
UTT_CELL_0131_0004,CELL_0131_0004,UTT,2022-05-14,30.58038,78.50512,1750.3,6.9,178.0,0.035,-0.999,CONIFER_HIGH_FLAMMABILITY,0.581,0.034,16.675,58.0,2.6475,200.25,0.916,2.484,0.375,16.625,47.26,0,1,9.1,3193.1,0
UTT_CELL_0098_0036,CELL_0098_0036,UTT,2022-05-14,30.4347,78.67539,1731.0,29.4,163.5,0.284,-0.959,CONIFER_HIGH_FLAMMABILITY,0.356,0.034,16.675,58.0,2.6475,200.25,0.916,2.484,0.375,16.625,47.26,0,0,12.2,6758.8,0
UTT_CELL_0058_0152,CELL_0058_0152,UTT,2022-05-14,30.26366,79.2822,1871.1,34.0,146.4,0.553,-0.833,CONIFER_HIGH_FLAMMABILITY,0.31,0.034,16.675,58.0,2.6475,200.25,0.916,2.484,0.375,16.625,47.26,2,3,7.2,1160.0,0
UTT_CELL_0094_0034,CELL_0094_0034,UTT,2022-05-14,30.41648,78.66541,1716.1,24.4,161.6,0.316,-0.949,CONIFER_HIGH_FLAMMABILITY,0.406,0.034,16.675,58.0,2.6475,200.25,0.916,2.484,0.375,16.625,47.26,0,1,12.2,4803.1,0
UTT_CELL_0026_0090,CELL_0026_0090,UTT,2022-05-14,30.11474,78.96309,1654.1,23.3,131.5,0.749,-0.663,CONIFER_HIGH_FLAMMABILITY,0.417,0.034,16.675,58.0,2.6475,200.25,0.916,2.484,0.375,16.625,47.26,4,20,7.7,1829.1,0
UTT_CELL_0072_0000,CELL_0072_0000,UTT,2022-05-14,30.31403,78.4911,1584.9,26.5,151.4,0.479,-0.878,CONIFER_HIGH_FLAMMABILITY,0.385,0.034,16.675,58.0,2.6475,200.25,0.916,2.484,0.375,16.625,47.26,0,1,11.2,4520.6,0
UTT_CELL_0127_0081,CELL_0127_0081,UTT,2022-05-14,30.56942,78.90673,1904.3,9.7,176.9,0.054,-0.999,CONIFER_HIGH_FLAMMABILITY,0.553,0.034,16.675,58.0,2.6475,200.25,0.916,2.484,0.375,16.625,47.26,0,0,5.1,27947.2,0
UTT_CELL_0087_0004,CELL_0087_0004,UTT,2022-05-14,30.38204,78.51017,1633.3,11.6,158.2,0.371,-0.928,CONIFER_HIGH_FLAMMABILITY,0.534,0.034,16.675,58.0,2.6475,200.25,0.916,2.484,0.375,16.625,47.26,0,6,11.2,1056.3,0
UTT_CELL_0018_0027,CELL_0018_0027,UTT,2022-05-14,30.07319,78.63722,1498.8,32.9,127.3,0.795,-0.606,CONIFER_HIGH_FLAMMABILITY,0.321,0.034,16.675,58.0,2.6475,200.25,0.916,2.484,0.375,16.625,47.26,0,0,12.2,11690.1,0
UTT_CELL_0030_0120,CELL_0030_0120,UTT,2022-05-14,30.1351,79.11836,1728.4,15.9,133.5,0.725,-0.688,CONIFER_HIGH_FLAMMABILITY,0.491,0.034,16.675,58.0,2.6475,200.25,0.916,2.484,0.375,16.625,47.26,0,0,12.7,14148.1,0
UTT_CELL_0127_0093,CELL_0127_0093,UTT,2022-05-14,30.57041,78.96926,1930.0,9.3,177.0,0.052,-0.999,CONIFER_HIGH_FLAMMABILITY,0.557,0.034,16.675,58.0,2.6475,200.25,0.916,2.484,0.375,16.625,47.26,0,0,5.1,22675.4,0
UTT_CELL_0019_0072,CELL_0019_0072,UTT,2022-05-15,30.08169,78.8704,1597.2,31.7,128.2,0.786,-0.618,CONIFER_HIGH_FLAMMABILITY,0.324,0.028,17.25,57.25,3.0175,241.75,2.658,1.428,0.75,16.075,37.17,0,0,9.1,5662.1,0
UTT_CELL_0121_0087,CELL_0121_0087,UTT,2022-05-15,30.54286,78.93857,1901.1,20.1,174.3,0.099,-0.995,CONIFER_HIGH_FLAMMABILITY,0.44,0.028,17.25,57.25,3.0175,241.75,2.658,1.428,0.75,16.075,37.17,0,0,6.1,23366.6,0
UTT_CELL_0123_0029,CELL_0123_0029,UTT,2022-05-15,30.54675,78.63625,1782.5,18.7,174.7,0.092,-0.996,CONIFER_HIGH_FLAMMABILITY,0.454,0.028,17.25,57.25,3.0175,241.75,2.658,1.428,0.75,16.075,37.17,0,0,12.7,13342.4,0
UTT_CELL_0098_0145,CELL_0098_0145,UTT,2022-05-15,30.44357,79.24261,1963.2,31.2,164.4,0.269,-0.963,CONIFER_HIGH_FLAMMABILITY,0.329,0.028,17.25,57.25,3.0175,241.75,2.658,1.428,0.75,16.075,37.17,0,0,7.2,12360.7,0
UTT_CELL_0102_0026,CELL_0102_0026,UTT,2022-05-15,30.45179,78.62292,1720.2,32.5,165.2,0.255,-0.967,CONIFER_HIGH_FLAMMABILITY,0.316,0.028,17.25,57.25,3.0175,241.75,2.658,1.428,0.75,16.075,37.17,0,0,12.7,8357.0,0
UTT_CELL_0100_0088,CELL_0100_0088,UTT,2022-05-15,30.44826,78.94577,1847.3,32.0,164.8,0.262,-0.965,CONIFER_HIGH_FLAMMABILITY,0.321,0.028,17.25,57.25,3.0175,241.75,2.658,1.428,0.75,16.075,37.17,0,0,6.1,18763.8,0
UTT_CELL_0103_0130,CELL_0103_0130,UTT,2022-05-15,30.46505,79.16412,1944.7,33.8,166.5,0.233,-0.972,CONIFER_HIGH_FLAMMABILITY,0.303,0.028,17.25,57.25,3.0175,241.75,2.658,1.428,0.75,16.075,37.17,0,0,6.1,7116.0,0
UTT_CELL_0021_0033,CELL_0021_0033,UTT,2022-05-15,30.08728,78.668,1519.6,30.7,128.7,0.78,-0.625,CONIFER_HIGH_FLAMMABILITY,0.334,0.028,17.25,57.25,3.0175,241.75,2.658,1.428,0.75,16.075,37.17,0,0,11.1,9121.5,0
UTT_CELL_0095_0132,CELL_0095_0132,UTT,2022-05-15,30.42911,79.1752,1927.5,28.0,162.9,0.294,-0.956,CONIFER_HIGH_FLAMMABILITY,0.361,0.028,17.25,57.25,3.0175,241.75,2.658,1.428,0.75,16.075,37.17,0,0,4.1,6172.8,0
UTT_CELL_0095_0135,CELL_0095_0135,UTT,2022-05-15,30.42933,79.19081,1933.9,28.1,162.9,0.294,-0.956,CONIFER_HIGH_FLAMMABILITY,0.36,0.028,17.25,57.25,3.0175,241.75,2.658,1.428,0.75,16.075,37.17,0,0,4.1,7865.0,0
UTT_CELL_0066_0111,CELL_0066_0111,UTT,2022-05-15,30.29677,79.06849,1805.5,30.7,149.7,0.505,-0.863,CONIFER_HIGH_FLAMMABILITY,0.334,0.028,17.25,57.25,3.0175,241.75,2.658,1.428,0.75,16.075,37.17,3,13,5.1,2941.2,0
UTT_CELL_0010_0002,CELL_0010_0002,UTT,2022-05-15,30.03474,78.50854,1424.3,32.8,123.5,0.834,-0.552,CONIFER_HIGH_FLAMMABILITY,0.313,0.028,17.25,57.25,3.0175,241.75,2.658,1.428,0.75,16.075,37.17,0,1,13.7,3958.7,0
UTT_CELL_0031_0019,CELL_0031_0019,UTT,2022-05-15,30.13105,78.59433,1516.4,17.5,133.1,0.73,-0.683,CONIFER_HIGH_FLAMMABILITY,0.466,0.028,17.25,57.25,3.0175,241.75,2.658,1.428,0.75,16.075,37.17,0,0,6.7,8330.5,0
UTT_CELL_0076_0080,CELL_0076_0080,UTT,2022-05-15,30.33938,78.90645,1766.2,17.9,153.9,0.44,-0.898,CONIFER_HIGH_FLAMMABILITY,0.462,0.028,17.25,57.25,3.0175,241.75,2.658,1.428,0.75,16.075,37.17,0,0,11.1,8700.6,0
UTT_CELL_0079_0124,CELL_0079_0124,UTT,2022-05-15,30.35637,79.13494,1867.8,11.2,155.6,0.413,-0.911,CONIFER_HIGH_FLAMMABILITY,0.529,0.028,17.25,57.25,3.0175,241.75,2.658,1.428,0.75,16.075,37.17,0,0,4.1,6549.1,0
UTT_CELL_0060_0062,CELL_0060_0062,UTT,2022-05-15,30.26571,78.81448,1685.2,34.0,146.6,0.55,-0.835,CONIFER_HIGH_FLAMMABILITY,0.301,0.028,17.25,57.25,3.0175,241.75,2.658,1.428,0.75,16.075,37.17,0,6,9.1,2242.9,0
UTT_CELL_0087_0151,CELL_0087_0151,UTT,2022-05-15,30.39438,79.27472,1946.5,16.5,159.4,0.352,-0.936,CONIFER_HIGH_FLAMMABILITY,0.476,0.028,17.25,57.25,3.0175,241.75,2.658,1.428,0.75,16.075,37.17,0,0,7.2,5861.8,0
UTT_CELL_0109_0007,CELL_0109_0007,UTT,2022-05-15,30.48151,78.52326,1698.2,33.8,168.2,0.204,-0.979,CONIFER_HIGH_FLAMMABILITY,0.303,0.028,17.25,57.25,3.0175,241.75,2.658,1.428,0.75,16.075,37.17,0,2,12.7,1840.8,0
UTT_CELL_0073_0066,CELL_0073_0066,UTT,2022-05-15,30.32467,78.83397,1728.4,23.2,152.5,0.462,-0.887,CONIFER_HIGH_FLAMMABILITY,0.409,0.028,17.25,57.25,3.0175,241.75,2.658,1.428,0.75,16.075,37.17,0,5,11.1,4188.4,1
UTT_CELL_0013_0074,CELL_0013_0074,UTT,2022-05-15,30.05481,78.88135,1585.4,34.0,125.5,0.814,-0.581,CONIFER_HIGH_FLAMMABILITY,0.301,0.028,17.25,57.25,3.0175,241.75,2.658,1.428,0.75,16.075,37.17,0,2,9.1,2459.7,0
UTT_CELL_0117_0031,CELL_0117_0031,UTT,2022-05-15,30.51989,78.64731,1770.9,27.5,172.0,0.139,-0.99,CONIFER_HIGH_FLAMMABILITY,0.366,0.028,17.25,57.25,3.0175,241.75,2.658,1.428,0.75,16.075,37.17,0,0,12.7,13636.3,0
UTT_CELL_0037_0129,CELL_0037_0129,UTT,2022-05-15,30.16733,79.16447,1766.2,9.4,136.7,0.686,-0.728,CONIFER_HIGH_FLAMMABILITY,0.547,0.028,17.25,57.25,3.0175,241.75,2.658,1.428,0.75,16.075,37.17,0,0,6.2,8573.5,0
UTT_CELL_0029_0113,CELL_0029_0113,UTT,2022-05-15,30.13006,79.08213,1710.9,17.9,133.0,0.731,-0.682,CONIFER_HIGH_FLAMMABILITY,0.462,0.028,17.25,57.25,3.0175,241.75,2.658,1.428,0.75,16.075,37.17,0,0,13.7,10230.5,0
UTT_CELL_0076_0114,CELL_0076_0114,UTT,2022-05-15,30.34209,79.08321,1838.5,16.9,154.2,0.435,-0.9,CONIFER_HIGH_FLAMMABILITY,0.472,0.028,17.25,57.25,3.0175,241.75,2.658,1.428,0.75,16.075,37.17,0,0,13.7,5385.0,0
UTT_CELL_0101_0006,CELL_0101_0006,UTT,2022-05-15,30.44535,78.51897,1674.8,31.5,164.5,0.267,-0.964,CONIFER_HIGH_FLAMMABILITY,0.326,0.028,17.25,57.25,3.0175,241.75,2.658,1.428,0.75,16.075,37.17,2,5,12.7,3219.2,0
UTT_CELL_0058_0147,CELL_0058_0147,UTT,2022-05-15,30.26331,79.25623,1860.5,34.0,146.3,0.555,-0.832,CONIFER_HIGH_FLAMMABILITY,0.301,0.028,17.25,57.25,3.0175,241.75,2.658,1.428,0.75,16.075,37.17,0,1,8.2,3807.5,0
UTT_CELL_0080_0004,CELL_0080_0004,UTT,2022-05-15,30.35049,78.51097,1614.7,13.6,155.0,0.423,-0.906,CONIFER_HIGH_FLAMMABILITY,0.505,0.028,17.25,57.25,3.0175,241.75,2.658,1.428,0.75,16.075,37.17,0,3,9.7,623.5,1
UTT_CELL_0097_0143,CELL_0097_0143,UTT,2022-05-15,30.43892,79.23229,1956.3,30.3,163.9,0.277,-0.961,CONIFER_HIGH_FLAMMABILITY,0.338,0.028,17.25,57.25,3.0175,241.75,2.658,1.428,0.75,16.075,37.17,0,0,4.1,12589.1,0
UTT_CELL_0005_0089,CELL_0005_0089,UTT,2022-05-15,30.01996,78.95984,1595.9,30.3,122.0,0.848,-0.53,CONIFER_HIGH_FLAMMABILITY,0.338,0.028,17.25,57.25,3.0175,241.75,2.658,1.428,0.75,16.075,37.17,0,0,13.7,6450.1,0
UTT_CELL_0002_0054,CELL_0002_0054,UTT,2022-05-15,30.0035,78.77879,1513.6,26.2,120.3,0.863,-0.505,CONIFER_HIGH_FLAMMABILITY,0.379,0.028,17.25,57.25,3.0175,241.75,2.658,1.428,0.75,16.075,37.17,0,4,10.7,4187.0,0
UTT_CELL_0020_0028,CELL_0020_0028,UTT,2022-05-15,30.08231,78.64219,1506.3,31.6,128.2,0.786,-0.618,CONIFER_HIGH_FLAMMABILITY,0.325,0.028,17.25,57.25,3.0175,241.75,2.658,1.428,0.75,16.075,37.17,0,0,11.1,11717.4,0
UTT_CELL_0080_0032,CELL_0080_0032,UTT,2022-05-15,30.35318,78.65651,1674.5,12.5,155.3,0.418,-0.909,CONIFER_HIGH_FLAMMABILITY,0.516,0.028,17.25,57.25,3.0175,241.75,2.658,1.428,0.75,16.075,37.17,0,2,13.2,2547.3,0
UTT_CELL_0076_0153,CELL_0076_0153,UTT,2022-05-15,30.34491,79.28599,1921.3,15.8,154.5,0.431,-0.903,CONIFER_HIGH_FLAMMABILITY,0.483,0.028,17.25,57.25,3.0175,241.75,2.658,1.428,0.75,16.075,37.17,3,17,9.1,1999.6,0
UTT_CELL_0117_0076,CELL_0117_0076,UTT,2022-05-15,30.52391,78.88166,1867.0,26.4,172.4,0.132,-0.991,CONIFER_HIGH_FLAMMABILITY,0.377,0.028,17.25,57.25,3.0175,241.75,2.658,1.428,0.75,16.075,37.17,0,0,13.7,22761.6,0
UTT_CELL_0091_0089,CELL_0091_0089,UTT,2022-05-15,30.40776,78.95182,1825.4,21.5,160.8,0.329,-0.944,CONIFER_HIGH_FLAMMABILITY,0.426,0.028,17.25,57.25,3.0175,241.75,2.658,1.428,0.75,16.075,37.17,0,0,11.1,17626.4,0
UTT_CELL_0052_0108,CELL_0052_0108,UTT,2022-05-15,30.2334,79.05415,1761.7,31.1,143.3,0.598,-0.802,CONIFER_HIGH_FLAMMABILITY,0.33,0.028,17.25,57.25,3.0175,241.75,2.658,1.428,0.75,16.075,37.17,0,0,13.2,6035.1,0
UTT_CELL_0017_0011,CELL_0017_0011,UTT,2022-05-15,30.06717,78.55439,1462.1,33.5,126.7,0.802,-0.598,CONIFER_HIGH_FLAMMABILITY,0.306,0.028,17.25,57.25,3.0175,241.75,2.658,1.428,0.75,16.075,37.17,0,0,13.7,8181.4,0
UTT_CELL_0064_0012,CELL_0064_0012,UTT,2022-05-15,30.27914,78.55435,1589.2,33.3,147.9,0.531,-0.847,CONIFER_HIGH_FLAMMABILITY,0.308,0.028,17.25,57.25,3.0175,241.75,2.658,1.428,0.75,16.075,37.17,0,2,12.7,2820.7,1
UTT_CELL_0132_0020,CELL_0132_0020,UTT,2022-05-15,30.58646,78.58836,1787.2,9.5,178.6,0.024,-1.0,CONIFER_HIGH_FLAMMABILITY,0.546,0.028,17.25,57.25,3.0175,241.75,2.658,1.428,0.75,16.075,37.17,0,0,10.1,11658.6,0
UTT_CELL_0013_0136,CELL_0013_0136,UTT,2022-05-15,30.05959,79.20276,1716.9,33.9,126.0,0.809,-0.588,CONIFER_HIGH_FLAMMABILITY,0.302,0.028,17.25,57.25,3.0175,241.75,2.658,1.428,0.75,16.075,37.17,0,0,9.1,11640.2,0
UTT_CELL_0072_0035,CELL_0072_0035,UTT,2022-05-15,30.31739,78.67296,1659.6,25.5,151.7,0.474,-0.88,CONIFER_HIGH_FLAMMABILITY,0.386,0.028,17.25,57.25,3.0175,241.75,2.658,1.428,0.75,16.075,37.17,0,7,13.2,1173.5,0
UTT_CELL_0096_0085,CELL_0096_0085,UTT,2022-05-15,30.42997,78.93054,1830.2,28.3,163.0,0.292,-0.956,CONIFER_HIGH_FLAMMABILITY,0.358,0.028,17.25,57.25,3.0175,241.75,2.658,1.428,0.75,16.075,37.17,0,0,11.1,18222.1,0
UTT_CELL_0013_0144,CELL_0013_0144,UTT,2022-05-15,30.06015,79.24424,1733.8,33.9,126.0,0.809,-0.588,CONIFER_HIGH_FLAMMABILITY,0.302,0.028,17.25,57.25,3.0175,241.75,2.658,1.428,0.75,16.075,37.17,0,0,9.1,13852.3,0
UTT_CELL_0057_0112,CELL_0057_0112,UTT,2022-05-15,30.25626,79.07448,1783.5,33.8,145.6,0.565,-0.825,CONIFER_HIGH_FLAMMABILITY,0.303,0.028,17.25,57.25,3.0175,241.75,2.658,1.428,0.75,16.075,37.17,3,12,13.2,2703.1,0
UTT_CELL_0009_0020,CELL_0009_0020,UTT,2022-05-15,30.03196,78.60191,1459.9,32.4,123.2,0.837,-0.548,CONIFER_HIGH_FLAMMABILITY,0.317,0.028,17.25,57.25,3.0175,241.75,2.658,1.428,0.75,16.075,37.17,0,0,13.7,9584.5,0
UTT_CELL_0135_0088,CELL_0135_0088,UTT,2022-05-15,30.60607,78.94245,1940.6,17.4,180.6,-0.01,-1.0,CONIFER_HIGH_FLAMMABILITY,0.467,0.028,17.25,57.25,3.0175,241.75,2.658,1.428,0.75,16.075,37.17,0,0,6.1,27588.9,0
UTT_CELL_0025_0060,CELL_0025_0060,UTT,2022-05-15,30.10772,78.80759,1587.7,25.6,130.8,0.757,-0.653,CONIFER_HIGH_FLAMMABILITY,0.385,0.028,17.25,57.25,3.0175,241.75,2.658,1.428,0.75,16.075,37.17,0,3,8.2,1736.0,0
UTT_CELL_0023_0122,CELL_0023_0122,UTT,2022-05-15,30.10368,79.12933,1713.9,26.7,130.4,0.762,-0.648,CONIFER_HIGH_FLAMMABILITY,0.374,0.028,17.25,57.25,3.0175,241.75,2.658,1.428,0.75,16.075,37.17,0,0,13.7,13526.5,0
UTT_CELL_0020_0086,CELL_0020_0086,UTT,2022-05-15,30.08736,78.9429,1629.6,30.7,128.7,0.78,-0.625,CONIFER_HIGH_FLAMMABILITY,0.334,0.028,17.25,57.25,3.0175,241.75,2.658,1.428,0.75,16.075,37.17,0,4,8.7,4179.9,0
UTT_CELL_0035_0038,CELL_0035_0038,UTT,2022-05-15,30.15085,78.69245,1567.5,9.5,135.1,0.706,-0.708,CONIFER_HIGH_FLAMMABILITY,0.546,0.028,17.25,57.25,3.0175,241.75,2.658,1.428,0.75,16.075,37.17,0,6,12.2,3727.5,0
UTT_CELL_0111_0064,CELL_0111_0064,UTT,2022-05-15,30.49583,78.81977,1825.4,32.4,169.6,0.181,-0.984,CONIFER_HIGH_FLAMMABILITY,0.317,0.028,17.25,57.25,3.0175,241.75,2.658,1.428,0.75,16.075,37.17,0,0,13.7,16136.2,0
UTT_CELL_0088_0120,CELL_0088_0120,UTT,2022-05-15,30.39666,79.11336,1883.3,17.4,159.7,0.347,-0.938,CONIFER_HIGH_FLAMMABILITY,0.467,0.028,17.25,57.25,3.0175,241.75,2.658,1.428,0.75,16.075,37.17,4,4,4.1,1755.2,0
UTT_CELL_0045_0013,CELL_0045_0013,UTT,2022-05-15,30.19359,78.56166,1540.8,19.8,139.4,0.651,-0.759,CONIFER_HIGH_FLAMMABILITY,0.443,0.028,17.25,57.25,3.0175,241.75,2.658,1.428,0.75,16.075,37.17,0,0,6.7,7271.3,0
UTT_CELL_0032_0020,CELL_0032_0020,UTT,2022-05-15,30.13565,78.59941,1521.2,15.7,133.6,0.724,-0.69,CONIFER_HIGH_FLAMMABILITY,0.484,0.028,17.25,57.25,3.0175,241.75,2.658,1.428,0.75,16.075,37.17,0,0,6.7,7630.7,0
UTT_CELL_0032_0022,CELL_0032_0022,UTT,2022-05-15,30.13584,78.60978,1525.4,15.6,133.6,0.724,-0.69,CONIFER_HIGH_FLAMMABILITY,0.485,0.028,17.25,57.25,3.0175,241.75,2.658,1.428,0.75,16.075,37.17,0,0,6.7,7226.0,1
UTT_CELL_0020_0126,CELL_0020_0126,UTT,2022-05-15,30.09044,79.15033,1714.4,30.0,129.0,0.777,-0.629,CONIFER_HIGH_FLAMMABILITY,0.341,0.028,17.25,57.25,3.0175,241.75,2.658,1.428,0.75,16.075,37.17,0,0,13.7,14538.3,0
UTT_CELL_0017_0090,CELL_0017_0090,UTT,2022-05-15,30.07415,78.96392,1630.1,32.8,127.4,0.794,-0.607,CONIFER_HIGH_FLAMMABILITY,0.313,0.028,17.25,57.25,3.0175,241.75,2.658,1.428,0.75,16.075,37.17,0,0,8.7,5794.4,0
UTT_CELL_0106_0115,CELL_0106_0115,UTT,2022-05-15,30.47745,79.08577,1920.8,33.9,167.7,0.213,-0.977,CONIFER_HIGH_FLAMMABILITY,0.302,0.028,17.25,57.25,3.0175,241.75,2.658,1.428,0.75,16.075,37.17,0,0,6.1,6513.4,0
UTT_CELL_0124_0095,CELL_0124_0095,UTT,2022-05-15,30.55705,78.97996,1926.2,14.7,175.7,0.075,-0.997,CONIFER_HIGH_FLAMMABILITY,0.494,0.028,17.25,57.25,3.0175,241.75,2.658,1.428,0.75,16.075,37.17,0,0,6.1,20787.1,0
UTT_CELL_0126_0037,CELL_0126_0037,UTT,2022-05-15,30.56102,78.67759,1807.6,13.1,176.1,0.068,-0.998,CONIFER_HIGH_FLAMMABILITY,0.51,0.028,17.25,57.25,3.0175,241.75,2.658,1.428,0.75,16.075,37.17,0,0,12.7,18184.1,0
UTT_CELL_0027_0070,CELL_0027_0070,UTT,2022-05-15,30.1176,78.85926,1614.3,22.4,131.8,0.745,-0.667,CONIFER_HIGH_FLAMMABILITY,0.417,0.028,17.25,57.25,3.0175,241.75,2.658,1.428,0.75,16.075,37.17,0,0,8.2,5038.1,0
UTT_CELL_0012_0146,CELL_0012_0146,UTT,2022-05-15,30.05578,79.25469,1735.3,34.0,125.6,0.813,-0.582,CONIFER_HIGH_FLAMMABILITY,0.301,0.028,17.25,57.25,3.0175,241.75,2.658,1.428,0.75,16.075,37.17,0,0,12.2,14174.5,0
UTT_CELL_0059_0145,CELL_0059_0145,UTT,2022-05-15,30.26769,79.24576,1858.9,34.0,146.8,0.548,-0.837,CONIFER_HIGH_FLAMMABILITY,0.301,0.028,17.25,57.25,3.0175,241.75,2.658,1.428,0.75,16.075,37.17,0,1,8.2,4887.2,0
UTT_CELL_0118_0042,CELL_0118_0042,UTT,2022-05-15,30.52542,78.70449,1797.0,25.9,172.5,0.131,-0.991,CONIFER_HIGH_FLAMMABILITY,0.382,0.028,17.25,57.25,3.0175,241.75,2.658,1.428,0.75,16.075,37.17,0,0,13.2,17184.7,0
UTT_CELL_0081_0003,CELL_0081_0003,UTT,2022-05-16,30.35489,78.50566,1615.2,11.8,155.5,0.415,-0.91,CONIFER_HIGH_FLAMMABILITY,0.543,0.042,15.949999999999998,59.0,3.02,205.25,1.288,2.731,3.6999999999999997,19.15,20.8,1,5,0.7,836.2,1
UTT_CELL_0042_0022,CELL_0042_0022,UTT,2022-05-16,30.18092,78.60869,1552.0,14.9,138.1,0.668,-0.744,CONIFER_HIGH_FLAMMABILITY,0.512,0.042,15.949999999999998,59.0,3.02,205.25,1.288,2.731,3.6999999999999997,19.15,20.8,0,1,7.7,2824.7,0
UTT_CELL_0064_0131,CELL_0064_0131,UTT,2022-05-16,30.28924,79.1726,1842.6,32.0,148.9,0.517,-0.856,CONIFER_HIGH_FLAMMABILITY,0.341,0.042,15.949999999999998,59.0,3.02,205.25,1.288,2.731,3.6999999999999997,19.15,20.8,0,0,13.1,6975.0,0
UTT_CELL_0124_0123,CELL_0124_0123,UTT,2022-05-16,30.55923,79.12586,1985.9,13.8,175.9,0.071,-0.997,CONIFER_HIGH_FLAMMABILITY,0.523,0.042,15.949999999999998,59.0,3.02,205.25,1.288,2.731,3.6999999999999997,19.15,20.8,0,0,7.1,14881.9,0
UTT_CELL_0119_0023,CELL_0119_0023,UTT,2022-05-16,30.52814,78.60544,1759.1,25.1,172.8,0.125,-0.992,CONIFER_HIGH_FLAMMABILITY,0.41,0.042,15.949999999999998,59.0,3.02,205.25,1.288,2.731,3.6999999999999997,19.15,20.8,0,0,13.7,9391.0,0
UTT_CELL_0107_0146,CELL_0107_0146,UTT,2022-05-16,30.48423,79.24709,1989.4,33.6,168.4,0.201,-0.98,CONIFER_HIGH_FLAMMABILITY,0.325,0.042,15.949999999999998,59.0,3.02,205.25,1.288,2.731,3.6999999999999997,19.15,20.8,0,0,5.1,15931.9,0
UTT_CELL_0082_0003,CELL_0082_0003,UTT,2022-05-16,30.3594,78.50555,1617.9,9.9,155.9,0.408,-0.913,CONIFER_HIGH_FLAMMABILITY,0.562,0.042,15.949999999999998,59.0,3.02,205.25,1.288,2.731,3.6999999999999997,19.15,20.8,1,5,0.7,1139.1,1
UTT_CELL_0035_0138,CELL_0035_0138,UTT,2022-05-16,30.15895,79.21134,1779.9,6.1,135.9,0.696,-0.718,CONIFER_HIGH_FLAMMABILITY,0.6,0.042,15.949999999999998,59.0,3.02,205.25,1.288,2.731,3.6999999999999997,19.15,20.8,0,0,7.2,8101.5,0
UTT_CELL_0035_0016,CELL_0035_0016,UTT,2022-05-16,30.1488,78.57833,1520.6,10.4,134.9,0.708,-0.706,CONIFER_HIGH_FLAMMABILITY,0.557,0.042,15.949999999999998,59.0,3.02,205.25,1.288,2.731,3.6999999999999997,19.15,20.8,1,1,0.5,3847.6,0
UTT_CELL_0035_0017,CELL_0035_0017,UTT,2022-05-16,30.14889,78.58352,1522.7,10.3,134.9,0.708,-0.706,CONIFER_HIGH_FLAMMABILITY,0.558,0.042,15.949999999999998,59.0,3.02,205.25,1.288,2.731,3.6999999999999997,19.15,20.8,1,1,0.5,3336.4,0
UTT_CELL_0017_0046,CELL_0017_0046,UTT,2022-05-16,30.07042,78.73581,1536.6,33.2,127.0,0.799,-0.602,CONIFER_HIGH_FLAMMABILITY,0.329,0.042,15.949999999999998,59.0,3.02,205.25,1.288,2.731,3.6999999999999997,19.15,20.8,0,0,14.7,6222.2,0
UTT_CELL_0135_0092,CELL_0135_0092,UTT,2022-05-16,30.6064,78.9633,1949.2,17.5,180.6,-0.01,-1.0,CONIFER_HIGH_FLAMMABILITY,0.486,0.042,15.949999999999998,59.0,3.02,205.25,1.288,2.731,3.6999999999999997,19.15,20.8,0,0,7.1,26078.5,0
UTT_CELL_0014_0143,CELL_0014_0143,UTT,2022-05-16,30.06459,79.23898,1734.3,33.7,126.5,0.804,-0.595,CONIFER_HIGH_FLAMMABILITY,0.324,0.042,15.949999999999998,59.0,3.02,205.25,1.288,2.731,3.6999999999999997,19.15,20.8,0,0,10.1,13919.3,0
UTT_CELL_0128_0051,CELL_0128_0051,UTT,2022-05-16,30.57132,78.75032,1842.9,8.9,177.1,0.051,-0.999,CONIFER_HIGH_FLAMMABILITY,0.572,0.042,15.949999999999998,59.0,3.02,205.25,1.288,2.731,3.6999999999999997,19.15,20.8,0,0,14.7,22198.1,0
UTT_CELL_0121_0135,CELL_0121_0135,UTT,2022-05-16,30.54658,79.18864,2003.4,18.8,174.7,0.092,-0.996,CONIFER_MODERATE_FLAMMABILITY,0.473,0.042,15.949999999999998,59.0,3.02,205.25,1.288,2.731,3.6999999999999997,19.15,20.8,0,0,7.1,15797.6,0
UTT_CELL_0094_0118,CELL_0094_0118,UTT,2022-05-16,30.42357,79.10243,1895.1,26.5,162.4,0.302,-0.953,CONIFER_HIGH_FLAMMABILITY,0.396,0.042,15.949999999999998,59.0,3.02,205.25,1.288,2.731,3.6999999999999997,19.15,20.8,2,4,7.1,1174.0,0
UTT_CELL_0107_0046,CELL_0107_0046,UTT,2022-05-16,30.47619,78.72647,1776.3,34.0,167.6,0.215,-0.977,CONIFER_HIGH_FLAMMABILITY,0.321,0.042,15.949999999999998,59.0,3.02,205.25,1.288,2.731,3.6999999999999997,19.15,20.8,0,0,14.7,11801.6,0
UTT_CELL_0014_0149,CELL_0014_0149,UTT,2022-05-16,30.06501,79.27009,1747.0,33.7,126.5,0.804,-0.595,CONIFER_HIGH_FLAMMABILITY,0.324,0.042,15.949999999999998,59.0,3.02,205.25,1.288,2.731,3.6999999999999997,19.15,20.8,0,0,13.2,12230.9,0
UTT_CELL_0125_0021,CELL_0125_0021,UTT,2022-05-16,30.555,78.59435,1770.7,15.5,175.5,0.078,-0.997,CONIFER_HIGH_FLAMMABILITY,0.506,0.042,15.949999999999998,59.0,3.02,205.25,1.288,2.731,3.6999999999999997,19.15,20.8,0,0,13.7,9855.0,0
UTT_CELL_0078_0153,CELL_0078_0153,UTT,2022-05-16,30.35393,79.28583,1926.7,12.2,155.4,0.416,-0.909,CONIFER_HIGH_FLAMMABILITY,0.539,0.042,15.949999999999998,59.0,3.02,205.25,1.288,2.731,3.6999999999999997,19.15,20.8,0,17,8.2,2152.6,0
UTT_CELL_0131_0100,CELL_0131_0100,UTT,2022-05-16,30.58901,79.00537,1955.6,10.5,178.9,0.019,-1.0,CONIFER_HIGH_FLAMMABILITY,0.556,0.042,15.949999999999998,59.0,3.02,205.25,1.288,2.731,3.6999999999999997,19.15,20.8,0,0,7.1,21736.9,0
UTT_CELL_0108_0150,CELL_0108_0150,UTT,2022-05-16,30.48902,79.26784,2000.5,33.2,168.9,0.193,-0.981,CONIFER_MODERATE_FLAMMABILITY,0.329,0.042,15.949999999999998,59.0,3.02,205.25,1.288,2.731,3.6999999999999997,19.15,20.8,0,0,7.7,14477.4,0
UTT_CELL_0135_0111,CELL_0135_0111,UTT,2022-05-16,30.60791,79.06234,1989.7,18.1,180.8,-0.014,-1.0,CONIFER_HIGH_FLAMMABILITY,0.48,0.042,15.949999999999998,59.0,3.02,205.25,1.288,2.731,3.6999999999999997,19.15,20.8,0,0,7.1,21004.0,0
UTT_CELL_0023_0145,CELL_0023_0145,UTT,2022-05-16,30.10532,79.24863,1762.6,26.3,130.5,0.76,-0.649,CONIFER_HIGH_FLAMMABILITY,0.398,0.042,15.949999999999998,59.0,3.02,205.25,1.288,2.731,3.6999999999999997,19.15,20.8,0,0,14.7,10995.0,0
UTT_CELL_0120_0052,CELL_0120_0052,UTT,2022-05-16,30.53534,78.75636,1823.7,22.8,173.5,0.113,-0.994,CONIFER_HIGH_FLAMMABILITY,0.433,0.042,15.949999999999998,59.0,3.02,205.25,1.288,2.731,3.6999999999999997,19.15,20.8,0,0,14.7,18242.5,0
UTT_CELL_0038_0082,CELL_0038_0082,UTT,2022-05-16,30.1682,78.92046,1669.1,9.7,136.8,0.685,-0.729,CONIFER_HIGH_FLAMMABILITY,0.564,0.042,15.949999999999998,59.0,3.02,205.25,1.288,2.731,3.6999999999999997,19.15,20.8,0,11,10.1,3004.1,0
UTT_CELL_0007_0117,CELL_0007_0117,UTT,2022-05-16,30.03115,79.10477,1660.6,32.3,123.1,0.838,-0.546,CONIFER_HIGH_FLAMMABILITY,0.338,0.042,15.949999999999998,59.0,3.02,205.25,1.288,2.731,3.6999999999999997,19.15,20.8,0,0,14.7,7036.5,0
UTT_CELL_0106_0092,CELL_0106_0092,UTT,2022-05-16,30.47564,78.96603,1871.8,34.0,167.6,0.215,-0.977,CONIFER_HIGH_FLAMMABILITY,0.321,0.042,15.949999999999998,59.0,3.02,205.25,1.288,2.731,3.6999999999999997,19.15,20.8,0,0,7.1,17279.6,0
UTT_CELL_0029_0100,CELL_0029_0100,UTT,2022-05-16,30.12906,79.01468,1683.3,18.3,132.9,0.733,-0.681,CONIFER_HIGH_FLAMMABILITY,0.478,0.042,15.949999999999998,59.0,3.02,205.25,1.288,2.731,3.6999999999999997,19.15,20.8,0,3,14.7,3209.7,0
UTT_CELL_0015_0143,CELL_0015_0143,UTT,2022-05-16,30.0691,79.2389,1737.0,33.3,126.9,0.8,-0.6,CONIFER_HIGH_FLAMMABILITY,0.328,0.042,15.949999999999998,59.0,3.02,205.25,1.288,2.731,3.6999999999999997,19.15,20.8,0,0,10.1,14334.4,0
UTT_CELL_0011_0016,CELL_0011_0016,UTT,2022-05-16,30.0406,78.58097,1456.7,33.4,124.1,0.828,-0.561,CONIFER_HIGH_FLAMMABILITY,0.327,0.042,15.949999999999998,59.0,3.02,205.25,1.288,2.731,3.6999999999999997,19.15,20.8,0,0,14.7,7938.5,0
UTT_CELL_0123_0114,CELL_0123_0114,UTT,2022-05-16,30.55403,79.07905,1964.0,15.9,175.4,0.08,-0.997,CONIFER_HIGH_FLAMMABILITY,0.502,0.042,15.949999999999998,59.0,3.02,205.25,1.288,2.731,3.6999999999999997,19.15,20.8,0,0,7.1,14745.7,0
UTT_CELL_0134_0041,CELL_0134_0041,UTT,2022-05-16,30.59746,78.69758,1837.5,14.0,179.7,0.005,-1.0,CONIFER_HIGH_FLAMMABILITY,0.521,0.042,15.949999999999998,59.0,3.02,205.25,1.288,2.731,3.6999999999999997,19.15,20.8,0,0,13.7,21980.6,0
UTT_CELL_0057_0049,CELL_0057_0049,UTT,2022-05-16,30.25104,78.74726,1649.5,33.5,145.1,0.572,-0.82,CONIFER_HIGH_FLAMMABILITY,0.326,0.042,15.949999999999998,59.0,3.02,205.25,1.288,2.731,3.6999999999999997,19.15,20.8,0,0,14.2,5600.9,0
UTT_CELL_0083_0038,CELL_0083_0038,UTT,2022-05-16,30.36726,78.68739,1695.3,6.6,156.7,0.396,-0.918,CONIFER_HIGH_FLAMMABILITY,0.595,0.042,15.949999999999998,59.0,3.02,205.25,1.288,2.731,3.6999999999999997,19.15,20.8,0,6,14.2,1687.5,0
UTT_CELL_0017_0103,CELL_0017_0103,UTT,2022-05-16,30.07518,79.03132,1657.6,32.7,127.5,0.793,-0.609,CONIFER_HIGH_FLAMMABILITY,0.334,0.042,15.949999999999998,59.0,3.02,205.25,1.288,2.731,3.6999999999999997,19.15,20.8,0,0,14.7,5861.3,0
UTT_CELL_0071_0147,CELL_0071_0147,UTT,2022-05-16,30.32194,79.25519,1895.2,24.1,152.2,0.466,-0.885,CONIFER_HIGH_FLAMMABILITY,0.42,0.042,15.949999999999998,59.0,3.02,205.25,1.288,2.731,3.6999999999999997,19.15,20.8,0,2,10.1,4443.3,0
UTT_CELL_0007_0023,CELL_0007_0023,UTT,2022-05-16,30.02323,78.61767,1461.0,31.0,122.3,0.845,-0.534,CONIFER_HIGH_FLAMMABILITY,0.351,0.042,15.949999999999998,59.0,3.02,205.25,1.288,2.731,3.6999999999999997,19.15,20.8,0,0,14.2,9131.3,0
UTT_CELL_0036_0050,CELL_0036_0050,UTT,2022-05-16,30.15644,78.75461,1595.7,7.2,135.6,0.7,-0.714,CONIFER_HIGH_FLAMMABILITY,0.589,0.042,15.949999999999998,59.0,3.02,205.25,1.288,2.731,3.6999999999999997,19.15,20.8,0,10,9.7,2493.0,0
UTT_CELL_0016_0139,CELL_0016_0139,UTT,2022-05-16,30.07333,79.21807,1731.2,32.9,127.3,0.795,-0.606,CONIFER_HIGH_FLAMMABILITY,0.332,0.042,15.949999999999998,59.0,3.02,205.25,1.288,2.731,3.6999999999999997,19.15,20.8,0,0,10.1,13670.8,0
UTT_CELL_0024_0156,CELL_0024_0156,UTT,2022-05-16,30.11058,79.30561,1788.6,24.7,131.1,0.754,-0.657,CONIFER_HIGH_FLAMMABILITY,0.414,0.042,15.949999999999998,59.0,3.02,205.25,1.288,2.731,3.6999999999999997,19.15,20.8,0,0,13.2,5928.8,0
UTT_CELL_0093_0135,CELL_0093_0135,UTT,2022-05-16,30.42031,79.19098,1928.6,25.6,162.0,0.309,-0.951,CONIFER_HIGH_FLAMMABILITY,0.405,0.042,15.949999999999998,59.0,3.02,205.25,1.288,2.731,3.6999999999999997,19.15,20.8,0,0,5.1,7740.8,0
UTT_CELL_0052_0088,CELL_0052_0088,UTT,2022-05-16,30.23182,78.95029,1719.2,30.8,143.2,0.599,-0.801,CONIFER_HIGH_FLAMMABILITY,0.353,0.042,15.949999999999998,59.0,3.02,205.25,1.288,2.731,3.6999999999999997,19.15,20.8,0,0,10.1,8721.0,1
UTT_CELL_0010_0071,CELL_0010_0071,UTT,2022-05-16,30.04103,78.86609,1571.1,33.4,124.1,0.828,-0.561,CONIFER_HIGH_FLAMMABILITY,0.327,0.042,15.949999999999998,59.0,3.02,205.25,1.288,2.731,3.6999999999999997,19.15,20.8,0,2,10.1,3043.5,0
UTT_CELL_0128_0119,CELL_0128_0119,UTT,2022-05-16,30.57696,79.10467,1988.0,6.5,177.7,0.04,-0.999,CONIFER_HIGH_FLAMMABILITY,0.596,0.042,15.949999999999998,59.0,3.02,205.25,1.288,2.731,3.6999999999999997,19.15,20.8,0,0,7.1,16815.5,0
UTT_CELL_0115_0127,CELL_0115_0127,UTT,2022-05-16,30.51894,79.14747,1970.4,27.7,171.9,0.141,-0.99,CONIFER_HIGH_FLAMMABILITY,0.384,0.042,15.949999999999998,59.0,3.02,205.25,1.288,2.731,3.6999999999999997,19.15,20.8,0,0,7.1,11012.9,0
UTT_CELL_0118_0038,CELL_0118_0038,UTT,2022-05-16,30.52505,78.68366,1788.5,26.0,172.5,0.131,-0.991,CONIFER_HIGH_FLAMMABILITY,0.401,0.042,15.949999999999998,59.0,3.02,205.25,1.288,2.731,3.6999999999999997,19.15,20.8,0,0,14.2,16824.5,0
UTT_CELL_0001_0097,CELL_0001_0097,UTT,2022-05-16,30.00256,79.00166,1602.2,25.9,120.3,0.863,-0.505,CONIFER_HIGH_FLAMMABILITY,0.402,0.042,15.949999999999998,59.0,3.02,205.25,1.288,2.731,3.6999999999999997,19.15,20.8,0,3,14.7,1686.7,0
UTT_CELL_0076_0033,CELL_0076_0033,UTT,2022-05-17,30.33524,78.66214,1666.0,19.5,153.5,0.446,-0.895,CONIFER_HIGH_FLAMMABILITY,0.509,0.1,13.075000000000001,69.5,2.7175000000000002,165.25,-0.692,2.628,2.6,17.625,18.11,0,8,15.2,3445.5,0
UTT_CELL_0107_0000,CELL_0107_0000,UTT,2022-05-17,30.4718,78.48707,1677.9,34.0,167.2,0.222,-0.975,CONIFER_HIGH_FLAMMABILITY,0.364,0.1,13.075000000000001,69.5,2.7175000000000002,165.25,-0.692,2.628,2.6,17.625,18.11,0,3,7.6,2638.5,0
UTT_CELL_0131_0114,CELL_0131_0114,UTT,2022-05-17,30.59011,79.07834,1985.4,11.0,179.0,0.017,-1.0,CONIFER_HIGH_FLAMMABILITY,0.594,0.1,13.075000000000001,69.5,2.7175000000000002,165.25,-0.692,2.628,2.6,17.625,18.11,0,0,8.1,18658.4,0
UTT_CELL_0019_0085,CELL_0019_0085,UTT,2022-05-17,30.08277,78.93781,1624.8,31.5,128.3,0.785,-0.62,CONIFER_HIGH_FLAMMABILITY,0.389,0.1,13.075000000000001,69.5,2.7175000000000002,165.25,-0.692,2.628,2.6,17.625,18.11,0,1,10.7,4806.0,0
UTT_CELL_0062_0076,CELL_0062_0076,UTT,2022-05-17,30.27592,78.88701,1720.4,33.6,147.6,0.536,-0.844,CONIFER_HIGH_FLAMMABILITY,0.368,0.1,13.075000000000001,69.5,2.7175000000000002,165.25,-0.692,2.628,2.6,17.625,18.11,0,4,11.7,3755.5,0
UTT_CELL_0120_0132,CELL_0120_0132,UTT,2022-05-17,30.54186,79.1731,1994.4,20.5,174.2,0.101,-0.995,CONIFER_HIGH_FLAMMABILITY,0.499,0.1,13.075000000000001,69.5,2.7175000000000002,165.25,-0.692,2.628,2.6,17.625,18.11,0,0,8.1,14489.4,0
UTT_CELL_0007_0066,CELL_0007_0066,UTT,2022-05-17,30.02707,78.84047,1552.4,31.7,122.7,0.842,-0.54,CONIFER_HIGH_FLAMMABILITY,0.387,0.1,13.075000000000001,69.5,2.7175000000000002,165.25,-0.692,2.628,2.6,17.625,18.11,0,4,12.7,3351.8,0
UTT_CELL_0096_0021,CELL_0096_0021,UTT,2022-05-17,30.42427,78.59757,1693.6,26.7,162.4,0.302,-0.953,CONIFER_HIGH_FLAMMABILITY,0.437,0.1,13.075000000000001,69.5,2.7175000000000002,165.25,-0.692,2.628,2.6,17.625,18.11,0,0,14.7,5954.4,0
UTT_CELL_0062_0018,CELL_0062_0018,UTT,2022-05-17,30.27071,78.58573,1596.7,33.9,147.1,0.543,-0.84,CONIFER_HIGH_FLAMMABILITY,0.365,0.1,13.075000000000001,69.5,2.7175000000000002,165.25,-0.692,2.628,2.6,17.625,18.11,1,3,11.1,1706.0,0
UTT_CELL_0114_0124,CELL_0114_0124,UTT,2022-05-17,30.51421,79.13193,1961.3,28.9,171.4,0.15,-0.989,CONIFER_HIGH_FLAMMABILITY,0.415,0.1,13.075000000000001,69.5,2.7175000000000002,165.25,-0.692,2.628,2.6,17.625,18.11,0,0,8.1,10032.4,0
UTT_CELL_0021_0103,CELL_0021_0103,UTT,2022-05-17,30.09322,79.03096,1668.3,29.4,129.3,0.774,-0.633,CONIFER_HIGH_FLAMMABILITY,0.41,0.1,13.075000000000001,69.5,2.7175000000000002,165.25,-0.692,2.628,2.6,17.625,18.11,0,0,9.7,7014.6,0
UTT_CELL_0085_0136,CELL_0085_0136,UTT,2022-05-17,30.38431,79.19685,1909.3,12.5,158.4,0.368,-0.93,CONIFER_HIGH_FLAMMABILITY,0.579,0.1,13.075000000000001,69.5,2.7175000000000002,165.25,-0.692,2.628,2.6,17.625,18.11,0,0,6.1,9027.4,0
UTT_CELL_0128_0031,CELL_0128_0031,UTT,2022-05-17,30.56948,78.64612,1800.1,9.6,176.9,0.054,-0.999,CONIFER_HIGH_FLAMMABILITY,0.608,0.1,13.075000000000001,69.5,2.7175000000000002,165.25,-0.692,2.628,2.6,17.625,18.11,0,0,14.7,15482.8,0
UTT_CELL_0098_0038,CELL_0098_0038,UTT,2022-05-17,30.43488,78.68579,1735.2,29.4,163.5,0.284,-0.959,CONIFER_HIGH_FLAMMABILITY,0.41,0.1,13.075000000000001,69.5,2.7175000000000002,165.25,-0.692,2.628,2.6,17.625,18.11,0,0,15.2,6923.4,0
UTT_CELL_0121_0117,CELL_0121_0117,UTT,2022-05-17,30.54525,79.09486,1965.1,19.3,174.5,0.096,-0.995,CONIFER_HIGH_FLAMMABILITY,0.511,0.1,13.075000000000001,69.5,2.7175000000000002,165.25,-0.692,2.628,2.6,17.625,18.11,0,0,8.1,13426.3,0
UTT_CELL_0117_0048,CELL_0117_0048,UTT,2022-05-17,30.52146,78.73584,1807.2,27.0,172.1,0.137,-0.991,CONIFER_HIGH_FLAMMABILITY,0.434,0.1,13.075000000000001,69.5,2.7175000000000002,165.25,-0.692,2.628,2.6,17.625,18.11,0,0,15.7,16682.2,0
UTT_CELL_0070_0115,CELL_0070_0115,UTT,2022-05-17,30.31511,79.08893,1824.6,26.2,151.5,0.477,-0.879,CONIFER_HIGH_FLAMMABILITY,0.442,0.1,13.075000000000001,69.5,2.7175000000000002,165.25,-0.692,2.628,2.6,17.625,18.11,1,11,15.7,2437.9,0
UTT_CELL_0056_0025,CELL_0056_0025,UTT,2022-05-17,30.24432,78.62274,1595.7,32.8,144.4,0.582,-0.813,CONIFER_HIGH_FLAMMABILITY,0.376,0.1,13.075000000000001,69.5,2.7175000000000002,165.25,-0.692,2.628,2.6,17.625,18.11,0,3,10.2,868.8,0
UTT_CELL_0086_0150,CELL_0086_0150,UTT,2022-05-17,30.3898,79.26959,1941.7,14.7,159.0,0.358,-0.934,CONIFER_HIGH_FLAMMABILITY,0.557,0.1,13.075000000000001,69.5,2.7175000000000002,165.25,-0.692,2.628,2.6,17.625,18.11,0,0,9.2,5821.4,0
UTT_CELL_0059_0001,CELL_0059_0001,UTT,2022-05-17,30.25552,78.49779,1552.4,33.8,145.6,0.565,-0.825,CONIFER_HIGH_FLAMMABILITY,0.366,0.1,13.075000000000001,69.5,2.7175000000000002,165.25,-0.692,2.628,2.6,17.625,18.11,0,1,15.7,3520.7,0
UTT_CELL_0004_0117,CELL_0004_0117,UTT,2022-05-17,30.01762,79.10503,1652.6,29.8,121.8,0.85,-0.527,CONIFER_HIGH_FLAMMABILITY,0.406,0.1,13.075000000000001,69.5,2.7175000000000002,165.25,-0.692,2.628,2.6,17.625,18.11,0,0,15.7,6718.3,0
UTT_CELL_0075_0106,CELL_0075_0106,UTT,2022-05-17,30.33696,79.0417,1818.9,18.8,153.7,0.443,-0.896,CONIFER_HIGH_FLAMMABILITY,0.516,0.1,13.075000000000001,69.5,2.7175000000000002,165.25,-0.692,2.628,2.6,17.625,18.11,0,0,15.7,7987.2,0
UTT_CELL_0125_0078,CELL_0125_0078,UTT,2022-05-17,30.56015,78.89129,1892.6,13.5,176.0,0.07,-0.998,CONIFER_HIGH_FLAMMABILITY,0.569,0.1,13.075000000000001,69.5,2.7175000000000002,165.25,-0.692,2.628,2.6,17.625,18.11,0,0,15.7,26535.8,0
UTT_CELL_0117_0004,CELL_0117_0004,UTT,2022-05-17,30.51727,78.50673,1713.1,28.2,171.7,0.144,-0.99,CONIFER_HIGH_FLAMMABILITY,0.422,0.1,13.075000000000001,69.5,2.7175000000000002,165.25,-0.692,2.628,2.6,17.625,18.11,0,1,14.7,3079.3,0
UTT_CELL_0066_0002,CELL_0066_0002,UTT,2022-05-17,30.28718,78.50218,1573.2,32.3,148.7,0.52,-0.854,CONIFER_HIGH_FLAMMABILITY,0.381,0.1,13.075000000000001,69.5,2.7175000000000002,165.25,-0.692,2.628,2.6,17.625,18.11,0,0,1.1,5768.1,0
UTT_CELL_0092_0056,CELL_0092_0056,UTT,2022-05-18,30.40946,78.78006,1757.7,22.1,160.9,0.327,-0.945,CONIFER_HIGH_FLAMMABILITY,0.475,0.082,13.575,64.0,2.445,216.75,1.463,1.959,1.7999999999999998,16.924999999999997,23.63,0,0,16.7,5775.4,0
UTT_CELL_0034_0006,CELL_0034_0006,UTT,2022-05-18,30.14332,78.52657,1496.6,12.6,134.3,0.716,-0.698,CONIFER_HIGH_FLAMMABILITY,0.57,0.082,13.575,64.0,2.445,216.75,1.463,1.959,1.7999999999999998,16.924999999999997,23.63,0,0,2.1,9303.2,0
UTT_CELL_0007_0053,CELL_0007_0053,UTT,2022-05-18,30.02595,78.77311,1524.8,31.5,122.6,0.842,-0.539,CONIFER_HIGH_FLAMMABILITY,0.381,0.082,13.575,64.0,2.445,216.75,1.463,1.959,1.7999999999999998,16.924999999999997,23.63,0,3,13.7,3499.7,0
UTT_CELL_0082_0108,CELL_0082_0108,UTT,2022-05-18,30.36869,79.05147,1841.8,6.0,156.9,0.392,-0.92,CONIFER_HIGH_FLAMMABILITY,0.636,0.082,13.575,64.0,2.445,216.75,1.463,1.959,1.7999999999999998,16.924999999999997,23.63,0,0,7.1,8641.9,0
UTT_CELL_0119_0150,CELL_0119_0150,UTT,2022-05-18,30.53863,79.26696,2030.0,21.7,173.9,0.106,-0.994,CONIFER_MODERATE_FLAMMABILITY,0.479,0.082,13.575,64.0,2.445,216.75,1.463,1.959,1.7999999999999998,16.924999999999997,23.63,0,0,9.7,18562.9,0
UTT_CELL_0015_0137,CELL_0015_0137,UTT,2022-05-18,30.06868,79.20779,1724.3,33.4,126.9,0.8,-0.6,CONIFER_HIGH_FLAMMABILITY,0.362,0.082,13.575,64.0,2.445,216.75,1.463,1.959,1.7999999999999998,16.924999999999997,23.63,0,0,12.1,12775.4,0
UTT_CELL_0023_0025,CELL_0023_0025,UTT,2022-05-18,30.09555,78.62631,1507.9,28.9,129.6,0.771,-0.637,CONIFER_HIGH_FLAMMABILITY,0.407,0.082,13.575,64.0,2.445,216.75,1.463,1.959,1.7999999999999998,16.924999999999997,23.63,1,1,2.1,4693.7,0
UTT_CELL_0017_0015,CELL_0017_0015,UTT,2022-05-18,30.06755,78.57512,1470.6,33.5,126.8,0.801,-0.599,CONIFER_HIGH_FLAMMABILITY,0.361,0.082,13.575,64.0,2.445,216.75,1.463,1.959,1.7999999999999998,16.924999999999997,23.63,0,0,2.1,8377.8,0
UTT_CELL_0094_0059,CELL_0094_0059,UTT,2022-05-18,30.41874,78.79546,1769.4,25.1,161.9,0.311,-0.951,CONIFER_HIGH_FLAMMABILITY,0.445,0.082,13.575,64.0,2.445,216.75,1.463,1.959,1.7999999999999998,16.924999999999997,23.63,0,0,16.7,7714.5,0
UTT_CELL_0104_0097,CELL_0104_0097,UTT,2022-05-18,30.46702,78.99224,1877.1,33.9,166.7,0.23,-0.973,CONIFER_HIGH_FLAMMABILITY,0.357,0.082,13.575,64.0,2.445,216.75,1.463,1.959,1.7999999999999998,16.924999999999997,23.63,0,0,9.1,14216.8,0
UTT_CELL_0002_0026,CELL_0002_0026,UTT,2022-05-18,30.00097,78.63375,1454.1,25.4,120.1,0.865,-0.502,CONIFER_HIGH_FLAMMABILITY,0.442,0.082,13.575,64.0,2.445,216.75,1.463,1.959,1.7999999999999998,16.924999999999997,23.63,0,0,16.2,6447.7,0
UTT_CELL_0080_0055,CELL_0080_0055,UTT,2022-05-18,30.35527,78.77608,1723.6,11.6,155.5,0.415,-0.91,CONIFER_HIGH_FLAMMABILITY,0.58,0.082,13.575,64.0,2.445,216.75,1.463,1.959,1.7999999999999998,16.924999999999997,23.63,0,1,16.7,3931.6,0
UTT_CELL_0080_0057,CELL_0080_0057,UTT,2022-05-18,30.35544,78.78648,1727.9,11.5,155.5,0.415,-0.91,CONIFER_HIGH_FLAMMABILITY,0.581,0.082,13.575,64.0,2.445,216.75,1.463,1.959,1.7999999999999998,16.924999999999997,23.63,0,1,16.7,4979.7,0
UTT_CELL_0084_0129,CELL_0084_0129,UTT,2022-05-18,30.37929,79.16052,1891.8,10.4,157.9,0.376,-0.927,CONIFER_HIGH_FLAMMABILITY,0.592,0.082,13.575,64.0,2.445,216.75,1.463,1.959,1.7999999999999998,16.924999999999997,23.63,0,0,7.1,5861.1,0
UTT_CELL_0047_0098,CELL_0047_0098,UTT,2022-05-18,30.21007,79.00267,1727.1,25.3,141.0,0.629,-0.777,CONIFER_HIGH_FLAMMABILITY,0.443,0.082,13.575,64.0,2.445,216.75,1.463,1.959,1.7999999999999998,16.924999999999997,23.63,0,0,1.7,6254.3,0
UTT_CELL_0069_0143,CELL_0069_0143,UTT,2022-05-18,30.31264,79.23456,1881.4,26.9,151.3,0.48,-0.877,CONIFER_HIGH_FLAMMABILITY,0.427,0.082,13.575,64.0,2.445,216.75,1.463,1.959,1.7999999999999998,16.924999999999997,23.63,0,0,12.1,6876.2,0
UTT_CELL_0088_0156,CELL_0088_0156,UTT,2022-05-18,30.39923,79.30065,1959.8,18.4,159.9,0.344,-0.939,CONIFER_HIGH_FLAMMABILITY,0.512,0.082,13.575,64.0,2.445,216.75,1.463,1.959,1.7999999999999998,16.924999999999997,23.63,0,0,10.2,5012.0,0
UTT_CELL_0008_0129,CELL_0008_0129,UTT,2022-05-18,30.03654,79.16688,1688.7,33.0,123.7,0.832,-0.555,CONIFER_HIGH_FLAMMABILITY,0.366,0.082,13.575,64.0,2.445,216.75,1.463,1.959,1.7999999999999998,16.924999999999997,23.63,0,0,12.1,8492.8,0
UTT_CELL_0052_0154,CELL_0052_0154,UTT,2022-05-18,30.23673,79.29306,1859.3,31.7,143.7,0.592,-0.806,CONIFER_HIGH_FLAMMABILITY,0.379,0.082,13.575,64.0,2.445,216.75,1.463,1.959,1.7999999999999998,16.924999999999997,23.63,0,3,9.1,2733.6,0
UTT_CELL_0027_0072,CELL_0027_0072,UTT,2022-05-18,30.11776,78.86963,1618.5,22.3,131.8,0.745,-0.667,CONIFER_HIGH_FLAMMABILITY,0.473,0.082,13.575,64.0,2.445,216.75,1.463,1.959,1.7999999999999998,16.924999999999997,23.63,0,0,11.2,6182.1,0
UTT_CELL_0111_0052,CELL_0111_0052,UTT,2022-05-18,30.49477,78.75729,1799.8,32.6,169.5,0.182,-0.983,CONIFER_HIGH_FLAMMABILITY,0.37,0.082,13.575,64.0,2.445,216.75,1.463,1.959,1.7999999999999998,16.924999999999997,23.63,0,0,16.7,13764.1,0
UTT_CELL_0009_0041,CELL_0009_0041,UTT,2022-05-18,30.0339,78.71072,1504.6,32.7,123.4,0.835,-0.55,CONIFER_HIGH_FLAMMABILITY,0.369,0.082,13.575,64.0,2.445,216.75,1.463,1.959,1.7999999999999998,16.924999999999997,23.63,0,0,16.2,6363.8,0
UTT_CELL_0006_0006,CELL_0006_0006,UTT,2022-05-18,30.0171,78.52971,1422.1,29.7,121.7,0.851,-0.525,CONIFER_HIGH_FLAMMABILITY,0.399,0.082,13.575,64.0,2.445,216.75,1.463,1.959,1.7999999999999998,16.924999999999997,23.63,0,1,16.7,1985.8,0
UTT_CELL_0034_0063,CELL_0034_0063,UTT,2022-05-18,30.14856,78.82226,1618.0,10.5,134.9,0.708,-0.706,CONIFER_HIGH_FLAMMABILITY,0.591,0.082,13.575,64.0,2.445,216.75,1.463,1.959,1.7999999999999998,16.924999999999997,23.63,0,2,11.2,3012.6,0
UTT_CELL_0005_0041,CELL_0005_0041,UTT,2022-05-18,30.01587,78.71114,1494.0,29.4,121.6,0.852,-0.524,CONIFER_HIGH_FLAMMABILITY,0.402,0.082,13.575,64.0,2.445,216.75,1.463,1.959,1.7999999999999998,16.924999999999997,23.63,0,1,16.2,4612.9,0
UTT_CELL_0005_0044,CELL_0005_0044,UTT,2022-05-19,30.01614,78.72668,1500.4,29.5,121.6,0.852,-0.524,CONIFER_HIGH_FLAMMABILITY,0.384,0.034,14.725,58.0,2.4575,251.5,2.331,0.78,0.6000000000000001,13.7,37.52,0,0,17.2,5763.5,0
UTT_CELL_0023_0084,CELL_0023_0084,UTT,2022-05-19,30.10072,78.93225,1633.3,27.6,130.1,0.765,-0.644,CONIFER_HIGH_FLAMMABILITY,0.403,0.034,14.725,58.0,2.4575,251.5,2.331,0.78,0.6000000000000001,13.7,37.52,0,8,11.7,3168.5,0
UTT_CELL_0030_0066,CELL_0030_0066,UTT,2022-05-19,30.13078,78.83821,1613.8,17.6,133.1,0.73,-0.683,CONIFER_HIGH_FLAMMABILITY,0.503,0.034,14.725,58.0,2.4575,251.5,2.331,0.78,0.6000000000000001,13.7,37.52,0,2,12.2,2819.2,0
UTT_CELL_0060_0129,CELL_0060_0129,UTT,2022-05-19,30.27106,79.16254,1827.6,33.8,147.1,0.543,-0.84,CONIFER_HIGH_FLAMMABILITY,0.341,0.034,14.725,58.0,2.4575,251.5,2.331,0.78,0.6000000000000001,13.7,37.52,0,0,16.1,5992.4,0
UTT_CELL_0060_0004,CELL_0060_0004,UTT,2022-05-19,30.26033,78.51325,1561.5,34.0,146.0,0.559,-0.829,CONIFER_HIGH_FLAMMABILITY,0.339,0.034,14.725,58.0,2.4575,251.5,2.331,0.78,0.6000000000000001,13.7,37.52,0,1,17.7,4657.5,0
UTT_CELL_0020_0055,CELL_0020_0055,UTT,2022-05-19,30.08474,78.78216,1563.7,31.2,128.5,0.783,-0.623,CONIFER_HIGH_FLAMMABILITY,0.367,0.034,14.725,58.0,2.4575,251.5,2.331,0.78,0.6000000000000001,13.7,37.52,0,1,17.7,2189.7,0
UTT_CELL_0106_0040,CELL_0106_0040,UTT,2022-05-19,30.47113,78.69535,1760.8,34.0,167.1,0.223,-0.975,CONIFER_HIGH_FLAMMABILITY,0.339,0.034,14.725,58.0,2.4575,251.5,2.331,0.78,0.6000000000000001,13.7,37.52,0,0,17.2,11081.5,0
UTT_CELL_0005_0064,CELL_0005_0064,UTT,2022-05-19,30.01789,78.8303,1542.9,29.9,121.8,0.85,-0.527,CONIFER_HIGH_FLAMMABILITY,0.38,0.034,14.725,58.0,2.4575,251.5,2.331,0.78,0.6000000000000001,13.7,37.52,0,4,17.7,1967.5,0
UTT_CELL_0075_0078,CELL_0075_0078,UTT,2022-05-19,30.3347,78.89615,1759.3,19.7,153.5,0.446,-0.895,CONIFER_HIGH_FLAMMABILITY,0.482,0.034,14.725,58.0,2.4575,251.5,2.331,0.78,0.6000000000000001,13.7,37.52,0,0,3.1,6905.0,0
UTT_CELL_0090_0015,CELL_0090_0015,UTT,2022-05-19,30.39664,78.56703,1664.8,17.4,159.7,0.347,-0.938,CONIFER_HIGH_FLAMMABILITY,0.505,0.034,14.725,58.0,2.4575,251.5,2.331,0.78,0.6000000000000001,13.7,37.52,0,0,16.7,5738.6,0
UTT_CELL_0056_0012,CELL_0056_0012,UTT,2022-05-19,30.24308,78.55524,1567.9,32.6,144.3,0.584,-0.812,CONIFER_HIGH_FLAMMABILITY,0.353,0.034,14.725,58.0,2.4575,251.5,2.331,0.78,0.6000000000000001,13.7,37.52,1,1,3.1,4120.7,0
UTT_CELL_0075_0083,CELL_0075_0083,UTT,2022-05-19,30.33512,78.92214,1769.9,19.5,153.5,0.446,-0.895,CONIFER_HIGH_FLAMMABILITY,0.484,0.034,14.725,58.0,2.4575,251.5,2.331,0.78,0.6000000000000001,13.7,37.52,0,0,3.1,9776.1,0
UTT_CELL_0059_0052,CELL_0059_0052,UTT,2022-05-19,30.26032,78.76264,1661.2,34.0,146.0,0.559,-0.829,CONIFER_HIGH_FLAMMABILITY,0.339,0.034,14.725,58.0,2.4575,251.5,2.331,0.78,0.6000000000000001,13.7,37.52,0,0,17.2,6796.1,0
UTT_CELL_0011_0151,CELL_0011_0151,UTT,2022-05-19,30.05161,79.28069,1743.2,34.0,125.2,0.817,-0.576,CONIFER_HIGH_FLAMMABILITY,0.339,0.034,14.725,58.0,2.4575,251.5,2.331,0.78,0.6000000000000001,13.7,37.52,0,0,16.2,12579.9,0
UTT_CELL_0043_0025,CELL_0043_0025,UTT,2022-05-19,30.18572,78.62415,1561.1,16.8,138.6,0.661,-0.75,CONIFER_HIGH_FLAMMABILITY,0.511,0.034,14.725,58.0,2.4575,251.5,2.331,0.78,0.6000000000000001,13.7,37.52,0,1,10.7,1467.2,0
UTT_CELL_0119_0116,CELL_0119_0116,UTT,2022-05-19,30.53615,79.08983,1957.6,22.5,173.6,0.111,-0.994,CONIFER_HIGH_FLAMMABILITY,0.454,0.034,14.725,58.0,2.4575,251.5,2.331,0.78,0.6000000000000001,13.7,37.52,0,0,10.1,12534.8,0
UTT_CELL_0002_0043,CELL_0002_0043,UTT,2022-05-19,30.00252,78.72181,1490.2,25.9,120.3,0.863,-0.505,CONIFER_HIGH_FLAMMABILITY,0.42,0.034,14.725,58.0,2.4575,251.5,2.331,0.78,0.6000000000000001,13.7,37.52,0,1,17.2,4409.5,0
UTT_CELL_0018_0140,CELL_0018_0140,UTT,2022-05-19,30.08242,79.2231,1738.7,31.6,128.2,0.786,-0.618,CONIFER_HIGH_FLAMMABILITY,0.363,0.034,14.725,58.0,2.4575,251.5,2.331,0.78,0.6000000000000001,13.7,37.52,0,0,17.7,14800.6,0
UTT_CELL_0017_0109,CELL_0017_0109,UTT,2022-05-19,30.07564,79.06243,1670.4,32.6,127.6,0.792,-0.61,CONIFER_HIGH_FLAMMABILITY,0.353,0.034,14.725,58.0,2.4575,251.5,2.331,0.78,0.6000000000000001,13.7,37.52,0,0,17.7,6452.6,0
UTT_CELL_0118_0026,CELL_0118_0026,UTT,2022-05-19,30.52392,78.62117,1762.8,26.4,172.4,0.132,-0.991,CONIFER_HIGH_FLAMMABILITY,0.415,0.034,14.725,58.0,2.4575,251.5,2.331,0.78,0.6000000000000001,13.7,37.52,0,0,16.7,10904.8,0
UTT_CELL_0083_0117,CELL_0083_0117,UTT,2022-05-19,30.37389,79.09819,1863.6,8.2,157.4,0.384,-0.923,CONIFER_HIGH_FLAMMABILITY,0.597,0.034,14.725,58.0,2.4575,251.5,2.331,0.78,0.6000000000000001,13.7,37.52,0,1,8.1,4694.9,0
UTT_CELL_0064_0048,CELL_0064_0048,UTT,2022-05-19,30.28251,78.74135,1666.0,32.9,148.3,0.525,-0.851,CONIFER_HIGH_FLAMMABILITY,0.35,0.034,14.725,58.0,2.4575,251.5,2.331,0.78,0.6000000000000001,13.7,37.52,0,0,17.2,6087.8,0
UTT_CELL_0102_0130,CELL_0102_0130,UTT,2022-05-19,30.46054,79.1642,1942.0,33.5,166.1,0.24,-0.971,CONIFER_HIGH_FLAMMABILITY,0.344,0.034,14.725,58.0,2.4575,251.5,2.331,0.78,0.6000000000000001,13.7,37.52,0,0,10.1,6828.2,0
UTT_CELL_0076_0143,CELL_0076_0143,UTT,2022-05-19,30.34421,79.23399,1900.1,16.1,154.4,0.432,-0.902,CONIFER_HIGH_FLAMMABILITY,0.518,0.034,14.725,58.0,2.4575,251.5,2.331,0.78,0.6000000000000001,13.7,37.52,0,0,13.1,7022.2,0
UTT_CELL_0131_0099,CELL_0131_0099,UTT,2022-05-19,30.58893,79.00016,1953.4,10.5,178.9,0.019,-1.0,CONIFER_HIGH_FLAMMABILITY,0.574,0.034,14.725,58.0,2.4575,251.5,2.331,0.78,0.6000000000000001,13.7,37.52,0,0,10.1,22054.2,0
UTT_CELL_0066_0069,CELL_0066_0069,UTT,2022-05-20,30.29336,78.85025,1716.1,31.3,149.3,0.511,-0.86,CONIFER_HIGH_FLAMMABILITY,0.354,-0.028,15.499999999999996,50.25,3.16,320.0,2.031,-2.421,0.275,10.875,52.0,1,7,16.1,645.5,0
UTT_CELL_0053_0076,CELL_0053_0076,UTT,2022-05-20,30.23534,78.88788,1696.4,31.5,143.5,0.595,-0.804,CONIFER_HIGH_FLAMMABILITY,0.352,-0.028,15.499999999999996,50.25,3.16,320.0,2.031,-2.421,0.275,10.875,52.0,0,0,14.7,6254.2,0
UTT_CELL_0121_0083,CELL_0121_0083,UTT,2022-05-20,30.54253,78.91773,1892.6,20.3,174.3,0.099,-0.995,CONIFER_HIGH_FLAMMABILITY,0.464,-0.028,15.499999999999996,50.25,3.16,320.0,2.031,-2.421,0.275,10.875,52.0,0,0,11.1,25302.3,0
UTT_CELL_0017_0135,CELL_0017_0135,UTT,2022-05-20,30.07756,79.19725,1725.4,32.4,127.8,0.79,-0.613,CONIFER_HIGH_FLAMMABILITY,0.343,-0.028,15.499999999999996,50.25,3.16,320.0,2.031,-2.421,0.275,10.875,52.0,0,0,14.1,13394.7,0
UTT_CELL_0119_0149,CELL_0119_0149,UTT,2022-05-20,30.53856,79.26175,2027.8,21.7,173.9,0.106,-0.994,CONIFER_MODERATE_FLAMMABILITY,0.451,-0.028,15.499999999999996,50.25,3.16,320.0,2.031,-2.421,0.275,10.875,52.0,0,0,11.7,18911.1,0
UTT_CELL_0119_0155,CELL_0119_0155,UTT,2022-05-20,30.53897,79.29301,2040.6,21.5,173.9,0.106,-0.994,CONIFER_MODERATE_FLAMMABILITY,0.453,-0.028,15.499999999999996,50.25,3.16,320.0,2.031,-2.421,0.275,10.875,52.0,0,0,11.7,17011.0,0
UTT_CELL_0034_0019,CELL_0034_0019,UTT,2022-05-20,30.14457,78.594,1524.3,12.1,134.5,0.713,-0.701,CONIFER_HIGH_FLAMMABILITY,0.546,-0.028,15.499999999999996,50.25,3.16,320.0,2.031,-2.421,0.275,10.875,52.0,1,1,4.1,2089.4,0
UTT_CELL_0017_0145,CELL_0017_0145,UTT,2022-05-20,30.07826,79.24911,1746.6,32.3,127.8,0.79,-0.613,CONIFER_HIGH_FLAMMABILITY,0.345,-0.028,15.499999999999996,50.25,3.16,320.0,2.031,-2.421,0.275,10.875,52.0,0,0,17.2,13131.4,0
UTT_CELL_0051_0151,CELL_0051_0151,UTT,2022-05-20,30.23202,79.27756,1850.2,30.8,143.2,0.599,-0.801,CONIFER_HIGH_FLAMMABILITY,0.359,-0.028,15.499999999999996,50.25,3.16,320.0,2.031,-2.421,0.275,10.875,52.0,0,3,11.1,4193.2,1
UTT_CELL_0074_0103,CELL_0074_0103,UTT,2022-05-20,30.33222,79.0262,1809.8,20.6,153.2,0.451,-0.893,CONIFER_HIGH_FLAMMABILITY,0.461,-0.028,15.499999999999996,50.25,3.16,320.0,2.031,-2.421,0.275,10.875,52.0,0,0,10.1,9027.0,0
UTT_CELL_0116_0125,CELL_0116_0125,UTT,2022-05-20,30.5233,79.13697,1968.8,26.5,172.3,0.134,-0.991,CONIFER_HIGH_FLAMMABILITY,0.402,-0.028,15.499999999999996,50.25,3.16,320.0,2.031,-2.421,0.275,10.875,52.0,0,0,11.1,11139.8,0
UTT_CELL_0089_0039,CELL_0089_0039,UTT,2022-05-20,30.3944,78.69195,1713.4,16.5,159.4,0.352,-0.936,CONIFER_HIGH_FLAMMABILITY,0.502,-0.028,15.499999999999996,50.25,3.16,320.0,2.031,-2.421,0.275,10.875,52.0,0,2,18.2,3110.5,0
UTT_CELL_0037_0065,CELL_0037_0065,UTT,2022-05-20,30.16226,78.83234,1630.3,7.2,136.2,0.692,-0.722,CONIFER_HIGH_FLAMMABILITY,0.595,-0.028,15.499999999999996,50.25,3.16,320.0,2.031,-2.421,0.275,10.875,52.0,0,1,13.2,4837.0,0
UTT_CELL_0097_0060,CELL_0097_0060,UTT,2022-05-20,30.43236,78.80036,1779.6,28.8,163.2,0.289,-0.957,CONIFER_HIGH_FLAMMABILITY,0.379,-0.028,15.499999999999996,50.25,3.16,320.0,2.031,-2.421,0.275,10.875,52.0,0,0,18.7,9171.3,0
UTT_CELL_0099_0003,CELL_0099_0003,UTT,2022-05-20,30.43603,78.5036,1663.1,29.7,163.6,0.282,-0.959,CONIFER_HIGH_FLAMMABILITY,0.37,-0.028,15.499999999999996,50.25,3.16,320.0,2.031,-2.421,0.275,10.875,52.0,0,5,18.7,1868.8,0
UTT_CELL_0092_0091,CELL_0092_0091,UTT,2022-05-20,30.41243,78.96213,1832.3,23.1,161.2,0.322,-0.947,CONIFER_HIGH_FLAMMABILITY,0.436,-0.028,15.499999999999996,50.25,3.16,320.0,2.031,-2.421,0.275,10.875,52.0,0,0,11.1,16793.4,0
UTT_CELL_0005_0013,CELL_0005_0013,UTT,2022-05-20,30.01326,78.56608,1434.4,28.8,121.3,0.854,-0.52,CONIFER_HIGH_FLAMMABILITY,0.379,-0.028,15.499999999999996,50.25,3.16,320.0,2.031,-2.421,0.275,10.875,52.0,0,0,18.7,5158.0,0
UTT_CELL_0086_0017,CELL_0086_0017,UTT,2022-05-20,30.3788,78.57788,1658.4,10.2,157.9,0.376,-0.927,CONIFER_HIGH_FLAMMABILITY,0.566,-0.028,15.499999999999996,50.25,3.16,320.0,2.031,-2.421,0.275,10.875,52.0,0,0,14.7,7450.5,0
UTT_CELL_0090_0154,CELL_0090_0154,UTT,2022-05-20,30.40811,79.29009,1960.9,21.6,160.8,0.329,-0.944,CONIFER_HIGH_FLAMMABILITY,0.451,-0.028,15.499999999999996,50.25,3.16,320.0,2.031,-2.421,0.275,10.875,52.0,0,0,12.2,6294.8,0
UTT_CELL_0042_0060,CELL_0042_0060,UTT,2022-05-20,30.18437,78.80589,1633.0,16.3,138.4,0.664,-0.748,CONIFER_HIGH_FLAMMABILITY,0.504,-0.028,15.499999999999996,50.25,3.16,320.0,2.031,-2.421,0.275,10.875,52.0,0,1,13.7,4761.9,0
UTT_CELL_0110_0071,CELL_0110_0071,UTT,2022-05-20,30.49192,78.85631,1837.7,32.9,169.2,0.187,-0.982,CONIFER_HIGH_FLAMMABILITY,0.339,-0.028,15.499999999999996,50.25,3.16,320.0,2.031,-2.421,0.275,10.875,52.0,0,0,18.7,18242.2,0
UTT_CELL_0123_0067,CELL_0123_0067,UTT,2022-05-20,30.55019,78.83419,1863.8,17.4,175.0,0.087,-0.996,CONIFER_HIGH_FLAMMABILITY,0.493,-0.028,15.499999999999996,50.25,3.16,320.0,2.031,-2.421,0.275,10.875,52.0,0,0,18.7,22197.7,0
UTT_CELL_0055_0061,CELL_0055_0061,UTT,2022-05-20,30.24308,78.80978,1669.8,32.6,144.3,0.584,-0.812,CONIFER_HIGH_FLAMMABILITY,0.341,-0.028,15.499999999999996,50.25,3.16,320.0,2.031,-2.421,0.275,10.875,52.0,0,1,14.1,4646.3,0
UTT_CELL_0112_0016,CELL_0112_0016,UTT,2022-05-20,30.49591,78.56977,1725.5,32.4,169.6,0.181,-0.984,CONIFER_HIGH_FLAMMABILITY,0.343,-0.028,15.499999999999996,50.25,3.16,320.0,2.031,-2.421,0.275,10.875,52.0,0,1,17.7,4810.9,0
UTT_CELL_0113_0120,CELL_0113_0120,UTT,2022-05-20,30.5094,79.11119,1950.1,30.0,170.9,0.158,-0.987,CONIFER_HIGH_FLAMMABILITY,0.367,-0.028,15.499999999999996,50.25,3.16,320.0,2.031,-2.421,0.275,10.875,52.0,0,0,11.1,9290.6,0
UTT_CELL_0070_0002,CELL_0070_0002,UTT,2022-05-20,30.30521,78.50172,1583.8,28.8,150.5,0.492,-0.87,CONIFER_HIGH_FLAMMABILITY,0.379,-0.028,15.499999999999996,50.25,3.16,320.0,2.031,-2.421,0.275,10.875,52.0,0,0,4.7,5325.5,0
UTT_CELL_0129_0156,CELL_0129_0156,UTT,2022-05-20,30.58414,79.29743,2069.5,8.5,178.4,0.028,-1.0,CONIFER_MODERATE_FLAMMABILITY,0.583,-0.028,15.499999999999996,50.25,3.16,320.0,2.031,-2.421,0.275,10.875,52.0,0,0,0.5,20656.1,0
UTT_CELL_0011_0116,CELL_0011_0116,UTT,2022-05-20,30.04911,79.09924,1669.2,33.9,124.9,0.82,-0.572,CONIFER_HIGH_FLAMMABILITY,0.329,-0.028,15.499999999999996,50.25,3.16,320.0,2.031,-2.421,0.275,10.875,52.0,0,0,18.7,7381.9,0
UTT_CELL_0055_0077,CELL_0055_0077,UTT,2022-05-20,30.24444,78.89288,1703.8,32.8,144.4,0.582,-0.813,CONIFER_HIGH_FLAMMABILITY,0.34,-0.028,15.499999999999996,50.25,3.16,320.0,2.031,-2.421,0.275,10.875,52.0,0,0,14.7,5890.1,1
UTT_CELL_0029_0098,CELL_0029_0098,UTT,2022-05-20,30.1289,79.00431,1679.1,18.3,132.9,0.733,-0.681,CONIFER_HIGH_FLAMMABILITY,0.484,-0.028,15.499999999999996,50.25,3.16,320.0,2.031,-2.421,0.275,10.875,52.0,0,5,18.7,2395.3,0
UTT_CELL_0078_0039,CELL_0078_0039,UTT,2022-05-20,30.34481,78.69312,1684.1,15.8,154.5,0.431,-0.903,CONIFER_HIGH_FLAMMABILITY,0.509,-0.028,15.499999999999996,50.25,3.16,320.0,2.031,-2.421,0.275,10.875,52.0,0,13,17.2,2024.2,0
UTT_CELL_0083_0019,CELL_0083_0019,UTT,2022-05-20,30.36547,78.58861,1654.7,7.4,156.5,0.399,-0.917,CONIFER_HIGH_FLAMMABILITY,0.593,-0.028,15.499999999999996,50.25,3.16,320.0,2.031,-2.421,0.275,10.875,52.0,0,0,17.7,7567.9,0
UTT_CELL_0058_0130,CELL_0058_0130,UTT,2022-05-20,30.26211,79.16791,1824.4,34.0,146.2,0.556,-0.831,CONIFER_HIGH_FLAMMABILITY,0.327,-0.028,15.499999999999996,50.25,3.16,320.0,2.031,-2.421,0.275,10.875,52.0,0,0,11.2,5489.3,0
UTT_CELL_0134_0154,CELL_0134_0154,UTT,2022-05-20,30.60655,79.28661,2078.6,17.6,180.7,-0.012,-1.0,CONIFER_MODERATE_FLAMMABILITY,0.491,-0.028,15.499999999999996,50.25,3.16,320.0,2.031,-2.421,0.275,10.875,52.0,0,0,0.5,23010.9,0
UTT_CELL_0068_0089,CELL_0068_0089,UTT,2022-05-20,30.30405,78.95398,1764.0,29.1,150.4,0.494,-0.869,CONIFER_HIGH_FLAMMABILITY,0.376,-0.028,15.499999999999996,50.25,3.16,320.0,2.031,-2.421,0.275,10.875,52.0,0,0,3.7,8218.7,0
UTT_CELL_0052_0060,CELL_0052_0060,UTT,2022-05-20,30.22946,78.80489,1659.6,30.3,142.9,0.603,-0.798,CONIFER_HIGH_FLAMMABILITY,0.364,-0.028,15.499999999999996,50.25,3.16,320.0,2.031,-2.421,0.275,10.875,52.0,0,0,14.1,6245.6,0
UTT_CELL_0031_0052,CELL_0031_0052,UTT,2022-05-20,30.13408,78.76549,1586.6,16.3,133.4,0.727,-0.687,CONIFER_HIGH_FLAMMABILITY,0.504,-0.028,15.499999999999996,50.25,3.16,320.0,2.031,-2.421,0.275,10.875,52.0,0,7,18.7,3687.3,0
UTT_CELL_0000_0087,CELL_0000_0087,UTT,2022-05-20,29.99725,78.94994,1578.3,24.3,119.7,0.869,-0.495,CONIFER_HIGH_FLAMMABILITY,0.424,-0.028,15.499999999999996,50.25,3.16,320.0,2.031,-2.421,0.275,10.875,52.0,0,0,14.1,6942.6,0
UTT_CELL_0120_0071,CELL_0120_0071,UTT,2022-05-20,30.53701,78.85532,1864.3,22.2,173.7,0.11,-0.994,CONIFER_HIGH_FLAMMABILITY,0.446,-0.028,15.499999999999996,50.25,3.16,320.0,2.031,-2.421,0.275,10.875,52.0,0,0,18.7,22113.3,0
UTT_CELL_0067_0002,CELL_0067_0002,UTT,2022-05-20,30.29169,78.50207,1575.8,31.6,149.2,0.512,-0.859,CONIFER_HIGH_FLAMMABILITY,0.351,-0.028,15.499999999999996,50.25,3.16,320.0,2.031,-2.421,0.275,10.875,52.0,0,0,4.1,5869.1,1
UTT_CELL_0028_0024,CELL_0028_0024,UTT,2022-05-20,30.118,78.62059,1519.0,22.3,131.8,0.745,-0.667,CONIFER_HIGH_FLAMMABILITY,0.445,-0.028,15.499999999999996,50.25,3.16,320.0,2.031,-2.421,0.275,10.875,52.0,1,1,4.1,2183.9,0
UTT_CELL_0039_0080,CELL_0039_0080,UTT,2022-05-20,30.17254,78.90998,1667.5,11.5,137.3,0.678,-0.735,CONIFER_HIGH_FLAMMABILITY,0.552,-0.028,15.499999999999996,50.25,3.16,320.0,2.031,-2.421,0.275,10.875,52.0,0,2,14.1,4220.6,0
UTT_CELL_0128_0106,CELL_0128_0106,UTT,2022-05-20,30.57596,79.03691,1960.3,6.9,177.6,0.042,-0.999,CONIFER_HIGH_FLAMMABILITY,0.599,-0.028,15.499999999999996,50.25,3.16,320.0,2.031,-2.421,0.275,10.875,52.0,0,0,11.1,18716.2,0
UTT_CELL_0067_0018,CELL_0067_0018,UTT,2022-05-20,30.29325,78.58518,1610.0,31.3,149.3,0.511,-0.86,CONIFER_HIGH_FLAMMABILITY,0.354,-0.028,15.499999999999996,50.25,3.16,320.0,2.031,-2.421,0.275,10.875,52.0,1,3,14.1,2022.0,0
UTT_CELL_0024_0156,CELL_0024_0156,UTT,2022-05-20,30.11058,79.30561,1788.6,24.7,131.1,0.754,-0.657,CONIFER_HIGH_FLAMMABILITY,0.42,-0.028,15.499999999999996,50.25,3.16,320.0,2.031,-2.421,0.275,10.875,52.0,0,0,17.2,5928.8,0
UTT_CELL_0106_0003,CELL_0106_0003,UTT,2022-05-20,30.46759,78.50279,1681.7,33.9,166.8,0.228,-0.974,CONIFER_HIGH_FLAMMABILITY,0.329,-0.028,15.499999999999996,50.25,3.16,320.0,2.031,-2.421,0.275,10.875,52.0,0,3,10.6,3092.1,0
UTT_CELL_0115_0124,CELL_0115_0124,UTT,2022-05-20,30.51872,79.13185,1964.0,27.8,171.9,0.141,-0.99,CONIFER_HIGH_FLAMMABILITY,0.389,-0.028,15.499999999999996,50.25,3.16,320.0,2.031,-2.421,0.275,10.875,52.0,0,0,11.1,10521.0,0
UTT_CELL_0110_0147,CELL_0110_0147,UTT,2022-05-20,30.49783,79.25206,1999.5,32.1,169.8,0.177,-0.984,CONIFER_HIGH_FLAMMABILITY,0.346,-0.028,15.499999999999996,50.25,3.16,320.0,2.031,-2.421,0.275,10.875,52.0,0,0,11.7,16452.4,0
UTT_CELL_0059_0014,CELL_0059_0014,UTT,2022-05-20,30.2568,78.56529,1580.2,33.8,145.7,0.564,-0.826,CONIFER_HIGH_FLAMMABILITY,0.33,-0.028,15.499999999999996,50.25,3.16,320.0,2.031,-2.421,0.275,10.875,52.0,1,3,4.1,2897.3,1
UTT_CELL_0070_0067,CELL_0070_0067,UTT,2022-05-20,30.31123,78.83946,1722.5,27.3,151.1,0.483,-0.875,CONIFER_HIGH_FLAMMABILITY,0.394,-0.028,15.499999999999996,50.25,3.16,320.0,2.031,-2.421,0.275,10.875,52.0,1,7,4.1,1767.8,0
UTT_CELL_0021_0134,CELL_0021_0134,UTT,2022-05-20,30.09553,79.19174,1734.0,28.9,129.6,0.771,-0.637,CONIFER_HIGH_FLAMMABILITY,0.379,-0.028,15.499999999999996,50.25,3.16,320.0,2.031,-2.421,0.275,10.875,52.0,0,0,11.2,15221.5,0
UTT_CELL_0109_0054,CELL_0109_0054,UTT,2022-05-20,30.48593,78.76791,1798.7,33.5,168.6,0.198,-0.98,CONIFER_HIGH_FLAMMABILITY,0.332,-0.028,15.499999999999996,50.25,3.16,320.0,2.031,-2.421,0.275,10.875,52.0,0,0,18.7,12971.9,0
UTT_CELL_0042_0148,CELL_0042_0148,UTT,2022-05-20,30.19122,79.26269,1819.8,18.9,139.1,0.655,-0.756,CONIFER_HIGH_FLAMMABILITY,0.479,-0.028,15.499999999999996,50.25,3.16,320.0,2.031,-2.421,0.275,10.875,52.0,0,0,18.7,6679.7,0
UTT_CELL_0029_0156,CELL_0029_0156,UTT,2022-05-20,30.13313,79.30523,1802.0,16.7,133.3,0.728,-0.686,CONIFER_HIGH_FLAMMABILITY,0.5,-0.028,15.499999999999996,50.25,3.16,320.0,2.031,-2.421,0.275,10.875,52.0,4,6,1.2,4688.0,0
UTT_CELL_0122_0068,CELL_0122_0068,UTT,2022-05-20,30.54577,78.83949,1863.3,19.1,174.6,0.094,-0.996,CONIFER_HIGH_FLAMMABILITY,0.476,-0.028,15.499999999999996,50.25,3.16,320.0,2.031,-2.421,0.275,10.875,52.0,0,0,18.7,22035.7,0
UTT_CELL_0043_0007,CELL_0043_0007,UTT,2022-05-20,30.18399,78.53074,1522.7,16.1,138.4,0.664,-0.748,CONIFER_HIGH_FLAMMABILITY,0.506,-0.028,15.499999999999996,50.25,3.16,320.0,2.031,-2.421,0.275,10.875,52.0,0,0,18.7,6252.8,0
UTT_CELL_0052_0122,CELL_0052_0122,UTT,2022-05-20,30.23446,79.12686,1791.4,31.3,143.4,0.596,-0.803,CONIFER_HIGH_FLAMMABILITY,0.354,-0.028,15.499999999999996,50.25,3.16,320.0,2.031,-2.421,0.275,10.875,52.0,0,2,16.7,4608.6,0
UTT_CELL_0056_0004,CELL_0056_0004,UTT,2022-05-20,30.2423,78.51371,1550.9,32.5,144.2,0.585,-0.811,CONIFER_HIGH_FLAMMABILITY,0.342,-0.028,15.499999999999996,50.25,3.16,320.0,2.031,-2.421,0.275,10.875,52.0,0,1,18.7,3161.1,0
UTT_CELL_0106_0040,CELL_0106_0040,UTT,2022-05-20,30.47113,78.69535,1760.8,34.0,167.1,0.223,-0.975,CONIFER_HIGH_FLAMMABILITY,0.327,-0.028,15.499999999999996,50.25,3.16,320.0,2.031,-2.421,0.275,10.875,52.0,0,0,18.2,11081.5,0
UTT_CELL_0038_0032,CELL_0038_0032,UTT,2022-05-20,30.16383,78.66101,1562.7,7.9,136.4,0.69,-0.724,CONIFER_HIGH_FLAMMABILITY,0.589,-0.028,15.499999999999996,50.25,3.16,320.0,2.031,-2.421,0.275,10.875,52.0,0,0,11.7,5403.7,0
UTT_CELL_0080_0056,CELL_0080_0056,UTT,2022-05-20,30.35536,78.78128,1725.7,11.6,155.5,0.415,-0.91,CONIFER_HIGH_FLAMMABILITY,0.551,-0.028,15.499999999999996,50.25,3.16,320.0,2.031,-2.421,0.275,10.875,52.0,0,1,18.7,4449.1,0
UTT_CELL_0010_0110,CELL_0010_0110,UTT,2022-05-20,30.04415,79.06823,1653.8,33.7,124.4,0.825,-0.565,CONIFER_HIGH_FLAMMABILITY,0.33,-0.028,15.499999999999996,50.25,3.16,320.0,2.031,-2.421,0.275,10.875,52.0,0,2,18.7,4092.2,0
UTT_CELL_0020_0072,CELL_0020_0072,UTT,2022-05-20,30.0862,78.87031,1599.8,30.9,128.6,0.782,-0.624,CONIFER_HIGH_FLAMMABILITY,0.358,-0.028,15.499999999999996,50.25,3.16,320.0,2.031,-2.421,0.275,10.875,52.0,0,0,14.1,6119.1,0
UTT_CELL_0028_0088,CELL_0028_0088,UTT,2022-05-20,30.1236,78.95253,1655.2,20.3,132.4,0.738,-0.674,CONIFER_HIGH_FLAMMABILITY,0.464,-0.028,15.499999999999996,50.25,3.16,320.0,2.031,-2.421,0.275,10.875,52.0,0,20,13.7,322.7,0
UTT_CELL_0127_0064,CELL_0127_0064,UTT,2022-05-20,30.56797,78.81815,1868.0,10.3,176.8,0.056,-0.998,CONIFER_HIGH_FLAMMABILITY,0.565,-0.028,15.499999999999996,50.25,3.16,320.0,2.031,-2.421,0.275,10.875,52.0,0,0,18.7,23295.7,0
UTT_CELL_0135_0080,CELL_0135_0080,UTT,2022-05-20,30.60541,78.90074,1923.5,17.1,180.5,-0.009,-1.0,CONIFER_HIGH_FLAMMABILITY,0.496,-0.028,15.499999999999996,50.25,3.16,320.0,2.031,-2.421,0.275,10.875,52.0,0,0,11.1,30909.2,0
UTT_CELL_0030_0032,CELL_0030_0032,UTT,2022-05-20,30.12776,78.66186,1541.4,18.8,132.8,0.734,-0.679,CONIFER_HIGH_FLAMMABILITY,0.479,-0.028,15.499999999999996,50.25,3.16,320.0,2.031,-2.421,0.275,10.875,52.0,0,0,4.1,5814.1,0
UTT_CELL_0012_0059,CELL_0012_0059,UTT,2022-05-20,30.04902,78.8037,1550.9,33.9,124.9,0.82,-0.572,CONIFER_HIGH_FLAMMABILITY,0.329,-0.028,15.499999999999996,50.25,3.16,320.0,2.031,-2.421,0.275,10.875,52.0,0,3,15.7,1695.4,0
UTT_CELL_0119_0053,CELL_0119_0053,UTT,2022-05-20,30.53092,78.76167,1823.2,24.2,173.1,0.12,-0.993,CONIFER_HIGH_FLAMMABILITY,0.425,-0.028,15.499999999999996,50.25,3.16,320.0,2.031,-2.421,0.275,10.875,52.0,0,0,18.7,17806.5,0
UTT_CELL_0132_0050,CELL_0132_0050,UTT,2022-05-20,30.58926,78.74469,1851.4,10.6,178.9,0.019,-1.0,CONIFER_HIGH_FLAMMABILITY,0.561,-0.028,15.499999999999996,50.25,3.16,320.0,2.031,-2.421,0.275,10.875,52.0,0,0,18.7,24180.7,0
UTT_CELL_0085_0053,CELL_0085_0053,UTT,2022-05-20,30.37763,78.76517,1732.6,9.7,157.8,0.378,-0.926,CONIFER_HIGH_FLAMMABILITY,0.571,-0.028,15.499999999999996,50.25,3.16,320.0,2.031,-2.421,0.275,10.875,52.0,0,1,18.7,2389.6,0
UTT_CELL_0002_0111,CELL_0002_0111,UTT,2022-05-20,30.00815,79.07411,1634.5,27.5,120.8,0.859,-0.512,CONIFER_HIGH_FLAMMABILITY,0.392,-0.028,15.499999999999996,50.25,3.16,320.0,2.031,-2.421,0.275,10.875,52.0,0,2,18.7,3242.0,0
UTT_CELL_0135_0088,CELL_0135_0088,UTT,2022-05-20,30.60607,78.94245,1940.6,17.4,180.6,-0.01,-1.0,CONIFER_HIGH_FLAMMABILITY,0.493,-0.028,15.499999999999996,50.25,3.16,320.0,2.031,-2.421,0.275,10.875,52.0,0,0,11.1,27588.9,0
UTT_CELL_0086_0151,CELL_0086_0151,UTT,2022-05-20,30.38987,79.2748,1943.8,14.7,159.0,0.358,-0.934,CONIFER_HIGH_FLAMMABILITY,0.52,-0.028,15.499999999999996,50.25,3.16,320.0,2.031,-2.421,0.275,10.875,52.0,0,0,12.2,5454.0,0
UTT_CELL_0077_0052,CELL_0077_0052,UTT,2022-05-20,30.34147,78.76079,1709.2,17.1,154.1,0.437,-0.9,CONIFER_HIGH_FLAMMABILITY,0.496,-0.028,15.499999999999996,50.25,3.16,320.0,2.031,-2.421,0.275,10.875,52.0,0,6,18.7,3780.9,0
UTT_CELL_0091_0146,CELL_0091_0146,UTT,2022-05-20,30.41207,79.24838,1946.6,22.9,161.2,0.322,-0.947,CONIFER_HIGH_FLAMMABILITY,0.439,-0.028,15.499999999999996,50.25,3.16,320.0,2.031,-2.421,0.275,10.875,52.0,0,0,12.2,9235.0,0
UTT_CELL_0054_0106,CELL_0054_0106,UTT,2022-05-20,30.24227,79.04358,1762.8,32.5,144.2,0.585,-0.811,CONIFER_HIGH_FLAMMABILITY,0.342,-0.028,15.499999999999996,50.25,3.16,320.0,2.031,-2.421,0.275,10.875,52.0,0,0,18.2,6455.4,0
UTT_CELL_0103_0045,CELL_0103_0045,UTT,2022-05-20,30.45807,78.72169,1763.5,33.3,165.8,0.245,-0.969,CONIFER_HIGH_FLAMMABILITY,0.335,-0.028,15.499999999999996,50.25,3.16,320.0,2.031,-2.421,0.275,10.875,52.0,0,0,18.7,9947.3,0
UTT_CELL_0122_0117,CELL_0122_0117,UTT,2022-05-20,30.54976,79.09477,1967.8,17.6,175.0,0.087,-0.996,CONIFER_HIGH_FLAMMABILITY,0.491,-0.028,15.499999999999996,50.25,3.16,320.0,2.031,-2.421,0.275,10.875,52.0,0,0,11.1,13922.5,0
UTT_CELL_0036_0139,CELL_0036_0139,UTT,2022-05-20,30.16353,79.21645,1784.7,7.8,136.4,0.69,-0.724,CONIFER_HIGH_FLAMMABILITY,0.59,-0.028,15.499999999999996,50.25,3.16,320.0,2.031,-2.421,0.275,10.875,52.0,0,0,11.2,7651.0,0
UTT_CELL_0049_0134,CELL_0049_0134,UTT,2022-05-20,30.22181,79.18943,1808.9,28.6,142.2,0.613,-0.79,CONIFER_HIGH_FLAMMABILITY,0.381,-0.028,15.499999999999996,50.25,3.16,320.0,2.031,-2.421,0.275,10.875,52.0,0,1,11.2,2243.1,0
UTT_CELL_0054_0115,CELL_0054_0115,UTT,2022-05-20,30.24296,79.09033,1781.9,32.6,144.3,0.584,-0.812,CONIFER_HIGH_FLAMMABILITY,0.341,-0.028,15.499999999999996,50.25,3.16,320.0,2.031,-2.421,0.275,10.875,52.0,0,9,18.2,2945.6,0
UTT_CELL_0124_0064,CELL_0124_0064,UTT,2022-05-20,30.55444,78.81846,1860.0,15.8,175.4,0.08,-0.997,CONIFER_HIGH_FLAMMABILITY,0.509,-0.028,15.499999999999996,50.25,3.16,320.0,2.031,-2.421,0.275,10.875,52.0,0,0,18.7,21908.6,0
UTT_CELL_0130_0147,CELL_0130_0147,UTT,2022-05-20,30.58803,79.25044,2053.0,10.1,178.8,0.021,-1.0,CONIFER_MODERATE_FLAMMABILITY,0.567,-0.028,15.499999999999996,50.25,3.16,320.0,2.031,-2.421,0.275,10.875,52.0,0,0,11.1,23572.4,0
UTT_CELL_0116_0057,CELL_0116_0057,UTT,2022-05-20,30.51775,78.78281,1823.8,28.0,171.8,0.143,-0.99,CONIFER_HIGH_FLAMMABILITY,0.387,-0.028,15.499999999999996,50.25,3.16,320.0,2.031,-2.421,0.275,10.875,52.0,0,0,18.7,16788.8,0
UTT_CELL_0083_0154,CELL_0083_0154,UTT,2022-05-20,30.37655,79.29064,1942.2,9.3,157.7,0.379,-0.925,CONIFER_HIGH_FLAMMABILITY,0.575,-0.028,15.499999999999996,50.25,3.16,320.0,2.031,-2.421,0.275,10.875,52.0,0,14,12.2,3224.9,0
UTT_CELL_0082_0058,CELL_0082_0058,UTT,2022-05-20,30.36455,78.79148,1735.3,7.8,156.5,0.399,-0.917,CONIFER_HIGH_FLAMMABILITY,0.59,-0.028,15.499999999999996,50.25,3.16,320.0,2.031,-2.421,0.275,10.875,52.0,0,0,18.7,5263.3,0
UTT_CELL_0058_0014,CELL_0058_0014,UTT,2022-05-20,30.25229,78.5654,1577.5,33.6,145.2,0.571,-0.821,CONIFER_HIGH_FLAMMABILITY,0.331,-0.028,15.499999999999996,50.25,3.16,320.0,2.031,-2.421,0.275,10.875,52.0,1,2,4.1,3357.6,1
UTT_CELL_0092_0018,CELL_0092_0018,UTT,2022-05-20,30.40595,78.58241,1676.5,20.8,160.6,0.332,-0.943,CONIFER_HIGH_FLAMMABILITY,0.459,-0.028,15.499999999999996,50.25,3.16,320.0,2.031,-2.421,0.275,10.875,52.0,0,0,17.7,5754.6,0
UTT_CELL_0098_0100,CELL_0098_0100,UTT,2022-05-20,30.44021,79.00841,1867.5,30.6,164.0,0.276,-0.961,CONIFER_HIGH_FLAMMABILITY,0.361,-0.028,15.499999999999996,50.25,3.16,320.0,2.031,-2.421,0.275,10.875,52.0,0,0,11.1,11755.8,0
UTT_CELL_0108_0057,CELL_0108_0057,UTT,2022-05-20,30.48169,78.78363,1802.5,33.8,168.2,0.204,-0.979,CONIFER_HIGH_FLAMMABILITY,0.33,-0.028,15.499999999999996,50.25,3.16,320.0,2.031,-2.421,0.275,10.875,52.0,0,0,18.7,12985.1,0
UTT_CELL_0054_0146,CELL_0054_0146,UTT,2022-05-20,30.2452,79.25135,1847.7,32.9,144.5,0.581,-0.814,CONIFER_HIGH_FLAMMABILITY,0.339,-0.028,15.499999999999996,50.25,3.16,320.0,2.031,-2.421,0.275,10.875,52.0,0,0,13.2,5125.3,0
UTT_CELL_0050_0011,CELL_0050_0011,UTT,2022-05-20,30.21594,78.55072,1549.8,27.0,141.6,0.621,-0.784,CONIFER_HIGH_FLAMMABILITY,0.397,-0.028,15.499999999999996,50.25,3.16,320.0,2.031,-2.421,0.275,10.875,52.0,0,0,18.7,6637.4,1
UTT_CELL_0134_0053,CELL_0134_0053,UTT,2022-05-20,30.59855,78.76012,1863.2,14.4,179.9,0.002,-1.0,CONIFER_HIGH_FLAMMABILITY,0.523,-0.028,15.499999999999996,50.25,3.16,320.0,2.031,-2.421,0.275,10.875,52.0,0,0,18.7,25270.6,0
UTT_CELL_0093_0134,CELL_0093_0134,UTT,2022-05-20,30.42024,79.18578,1926.5,25.5,162.0,0.309,-0.951,CONIFER_HIGH_FLAMMABILITY,0.412,-0.028,15.499999999999996,50.25,3.16,320.0,2.031,-2.421,0.275,10.875,52.0,0,0,9.1,7164.5,0
UTT_CELL_0032_0057,CELL_0032_0057,UTT,2022-05-20,30.13902,78.79133,1599.9,14.4,133.9,0.721,-0.693,CONIFER_HIGH_FLAMMABILITY,0.523,-0.028,15.499999999999996,50.25,3.16,320.0,2.031,-2.421,0.275,10.875,52.0,0,3,13.2,2589.4,0
UTT_CELL_0064_0131,CELL_0064_0131,UTT,2022-05-21,30.28924,79.1726,1842.6,32.0,148.9,0.517,-0.856,CONIFER_HIGH_FLAMMABILITY,0.362,-0.054,14.55,47.0,3.285,287.75,3.129,-1.001,0.22499999999999998,10.325,53.48,0,0,18.1,6975.0,0
UTT_CELL_0008_0020,CELL_0008_0020,UTT,2022-05-21,30.02745,78.60202,1457.3,31.7,122.7,0.842,-0.54,CONIFER_HIGH_FLAMMABILITY,0.365,-0.054,14.55,47.0,3.285,287.75,3.129,-1.001,0.22499999999999998,10.325,53.48,0,0,19.7,9430.4,0
UTT_CELL_0085_0148,CELL_0085_0148,UTT,2022-05-21,30.38515,79.25927,1934.8,12.8,158.5,0.367,-0.93,CONIFER_HIGH_FLAMMABILITY,0.554,-0.054,14.55,47.0,3.285,287.75,3.129,-1.001,0.22499999999999998,10.325,53.48,0,0,13.2,6328.7,0
UTT_CELL_0108_0099,CELL_0108_0099,UTT,2022-05-21,30.48522,79.00228,1892.0,33.6,168.5,0.199,-0.98,CONIFER_HIGH_FLAMMABILITY,0.346,-0.054,14.55,47.0,3.285,287.75,3.129,-1.001,0.22499999999999998,10.325,53.48,0,0,12.1,13998.4,0
UTT_CELL_0047_0008,CELL_0047_0008,UTT,2022-05-21,30.20212,78.53548,1535.5,22.8,140.2,0.64,-0.768,CONIFER_HIGH_FLAMMABILITY,0.454,-0.054,14.55,47.0,3.285,287.75,3.129,-1.001,0.22499999999999998,10.325,53.48,1,1,0.6,2111.0,0
UTT_CELL_0068_0022,CELL_0068_0022,UTT,2022-05-21,30.29814,78.60585,1621.2,30.4,149.8,0.503,-0.864,CONIFER_HIGH_FLAMMABILITY,0.378,-0.054,14.55,47.0,3.285,287.75,3.129,-1.001,0.22499999999999998,10.325,53.48,0,2,15.1,2184.2,0
UTT_CELL_0084_0055,CELL_0084_0055,UTT,2022-05-21,30.3733,78.77568,1734.3,7.9,157.3,0.386,-0.923,CONIFER_HIGH_FLAMMABILITY,0.603,-0.054,14.55,47.0,3.285,287.75,3.129,-1.001,0.22499999999999998,10.325,53.48,0,1,19.7,3460.1,0
UTT_CELL_0132_0153,CELL_0132_0153,UTT,2022-05-21,30.59746,79.28156,2071.1,14.0,179.7,0.005,-1.0,CONIFER_MODERATE_FLAMMABILITY,0.542,-0.054,14.55,47.0,3.285,287.75,3.129,-1.001,0.22499999999999998,10.325,53.48,0,0,1.2,22929.8,0
UTT_CELL_0085_0155,CELL_0085_0155,UTT,2022-05-21,30.38563,79.29568,1949.7,13.0,158.6,0.365,-0.931,CONIFER_HIGH_FLAMMABILITY,0.552,-0.054,14.55,47.0,3.285,287.75,3.129,-1.001,0.22499999999999998,10.325,53.48,0,12,13.2,3754.1,0
UTT_CELL_0124_0137,CELL_0124_0137,UTT,2022-05-21,30.56026,79.19881,2015.7,13.4,176.0,0.07,-0.998,CONIFER_MODERATE_FLAMMABILITY,0.548,-0.054,14.55,47.0,3.285,287.75,3.129,-1.001,0.22499999999999998,10.325,53.48,0,0,12.1,17683.4,0
UTT_CELL_0111_0145,CELL_0111_0145,UTT,2022-05-21,30.5022,79.24156,1997.9,31.4,170.2,0.17,-0.985,CONIFER_HIGH_FLAMMABILITY,0.368,-0.054,14.55,47.0,3.285,287.75,3.129,-1.001,0.22499999999999998,10.325,53.48,0,0,10.1,16486.2,0
UTT_CELL_0035_0123,CELL_0035_0123,UTT,2022-05-21,30.15787,79.1335,1748.1,6.6,135.8,0.697,-0.717,CONIFER_HIGH_FLAMMABILITY,0.616,-0.054,14.55,47.0,3.285,287.75,3.129,-1.001,0.22499999999999998,10.325,53.48,0,0,12.2,11571.9,0
UTT_CELL_0061_0087,CELL_0061_0087,UTT,2022-05-21,30.27232,78.94425,1741.1,33.8,147.2,0.542,-0.841,CONIFER_HIGH_FLAMMABILITY,0.344,-0.054,14.55,47.0,3.285,287.75,3.129,-1.001,0.22499999999999998,10.325,53.48,1,1,4.7,4728.7,0
UTT_CELL_0094_0033,CELL_0094_0033,UTT,2022-05-21,30.41639,78.66021,1713.9,24.4,161.6,0.316,-0.949,CONIFER_HIGH_FLAMMABILITY,0.438,-0.054,14.55,47.0,3.285,287.75,3.129,-1.001,0.22499999999999998,10.325,53.48,0,1,19.2,4925.9,0
UTT_CELL_0052_0016,CELL_0052_0016,UTT,2022-05-21,30.22543,78.57645,1565.8,29.4,142.5,0.609,-0.793,CONIFER_HIGH_FLAMMABILITY,0.388,-0.054,14.55,47.0,3.285,287.75,3.129,-1.001,0.22499999999999998,10.325,53.48,3,3,0.6,3124.4,1
UTT_CELL_0019_0125,CELL_0019_0125,UTT,2022-05-21,30.08586,79.14523,1709.6,31.0,128.6,0.782,-0.624,CONIFER_HIGH_FLAMMABILITY,0.372,-0.054,14.55,47.0,3.285,287.75,3.129,-1.001,0.22499999999999998,10.325,53.48,0,0,19.7,13791.4,0
UTT_CELL_0125_0017,CELL_0125_0017,UTT,2022-05-21,30.55461,78.57352,1762.2,15.7,175.5,0.078,-0.997,CONIFER_HIGH_FLAMMABILITY,0.525,-0.054,14.55,47.0,3.285,287.75,3.129,-1.001,0.22499999999999998,10.325,53.48,0,0,18.7,8189.7,0
UTT_CELL_0071_0103,CELL_0071_0103,UTT,2022-05-21,30.31869,79.02647,1801.8,25.1,151.9,0.471,-0.882,CONIFER_HIGH_FLAMMABILITY,0.431,-0.054,14.55,47.0,3.285,287.75,3.129,-1.001,0.22499999999999998,10.325,53.48,0,0,11.1,8202.5,0
UTT_CELL_0047_0057,CELL_0047_0057,UTT,2022-05-21,30.20666,78.78982,1639.9,24.3,140.7,0.633,-0.774,CONIFER_HIGH_FLAMMABILITY,0.439,-0.054,14.55,47.0,3.285,287.75,3.129,-1.001,0.22499999999999998,10.325,53.48,0,2,14.7,4390.8,0
UTT_CELL_0032_0124,CELL_0032_0124,UTT,2022-05-21,30.14441,79.13894,1742.2,12.2,134.4,0.714,-0.7,CONIFER_HIGH_FLAMMABILITY,0.56,-0.054,14.55,47.0,3.285,287.75,3.129,-1.001,0.22499999999999998,10.325,53.48,0,0,12.2,12294.8,0
UTT_CELL_0055_0077,CELL_0055_0077,UTT,2022-05-21,30.24444,78.89288,1703.8,32.8,144.4,0.582,-0.813,CONIFER_HIGH_FLAMMABILITY,0.354,-0.054,14.55,47.0,3.285,287.75,3.129,-1.001,0.22499999999999998,10.325,53.48,1,1,0.6,374.0,0
UTT_CELL_0006_0140,CELL_0006_0140,UTT,2022-05-21,30.0283,79.22406,1706.6,31.9,122.8,0.841,-0.542,CONIFER_HIGH_FLAMMABILITY,0.363,-0.054,14.55,47.0,3.285,287.75,3.129,-1.001,0.22499999999999998,10.325,53.48,0,0,15.1,9684.5,0
UTT_CELL_0023_0015,CELL_0023_0015,UTT,2022-05-21,30.0946,78.57447,1486.5,29.1,129.5,0.772,-0.636,CONIFER_HIGH_FLAMMABILITY,0.391,-0.054,14.55,47.0,3.285,287.75,3.129,-1.001,0.22499999999999998,10.325,53.48,0,0,5.1,5927.1,0
UTT_CELL_0029_0098,CELL_0029_0098,UTT,2022-05-21,30.1289,79.00431,1679.1,18.3,132.9,0.733,-0.681,CONIFER_HIGH_FLAMMABILITY,0.499,-0.054,14.55,47.0,3.285,287.75,3.129,-1.001,0.22499999999999998,10.325,53.48,0,5,19.7,2395.3,0
UTT_CELL_0019_0145,CELL_0019_0145,UTT,2022-05-21,30.08728,79.24895,1751.9,30.7,128.7,0.78,-0.625,CONIFER_HIGH_FLAMMABILITY,0.375,-0.054,14.55,47.0,3.285,287.75,3.129,-1.001,0.22499999999999998,10.325,53.48,0,0,19.7,12439.8,0
UTT_CELL_0031_0043,CELL_0031_0043,UTT,2022-05-21,30.13327,78.71881,1567.5,16.7,133.3,0.728,-0.686,CONIFER_HIGH_FLAMMABILITY,0.515,-0.054,14.55,47.0,3.285,287.75,3.129,-1.001,0.22499999999999998,10.325,53.48,0,6,17.1,1514.1,1
UTT_CELL_0031_0044,CELL_0031_0044,UTT,2022-05-21,30.13336,78.724,1569.6,16.6,133.3,0.728,-0.686,CONIFER_HIGH_FLAMMABILITY,0.516,-0.054,14.55,47.0,3.285,287.75,3.129,-1.001,0.22499999999999998,10.325,53.48,0,6,17.1,1137.0,1
UTT_CELL_0058_0130,CELL_0058_0130,UTT,2022-05-21,30.26211,79.16791,1824.4,34.0,146.2,0.556,-0.831,CONIFER_HIGH_FLAMMABILITY,0.342,-0.054,14.55,47.0,3.285,287.75,3.129,-1.001,0.22499999999999998,10.325,53.48,0,0,12.2,5489.3,0
UTT_CELL_0023_0030,CELL_0023_0030,UTT,2022-05-21,30.09602,78.65223,1518.5,28.8,129.6,0.771,-0.637,CONIFER_HIGH_FLAMMABILITY,0.394,-0.054,14.55,47.0,3.285,287.75,3.129,-1.001,0.22499999999999998,10.325,53.48,0,0,5.1,6351.1,0
UTT_CELL_0047_0078,CELL_0047_0078,UTT,2022-05-21,30.20845,78.89884,1684.6,24.8,140.8,0.632,-0.775,CONIFER_HIGH_FLAMMABILITY,0.434,-0.054,14.55,47.0,3.285,287.75,3.129,-1.001,0.22499999999999998,10.325,53.48,1,1,0.6,3769.8,0
UTT_CELL_0008_0096,CELL_0008_0096,UTT,2022-05-21,30.03405,78.99584,1618.8,32.7,123.4,0.835,-0.55,CONIFER_HIGH_FLAMMABILITY,0.355,-0.054,14.55,47.0,3.285,287.75,3.129,-1.001,0.22499999999999998,10.325,53.48,0,2,19.7,4831.4,0
UTT_CELL_0112_0051,CELL_0112_0051,UTT,2022-05-21,30.49919,78.75198,1800.3,31.9,169.9,0.175,-0.985,CONIFER_HIGH_FLAMMABILITY,0.363,-0.054,14.55,47.0,3.285,287.75,3.129,-1.001,0.22499999999999998,10.325,53.48,0,0,19.7,14205.8,0
UTT_CELL_0073_0071,CELL_0073_0071,UTT,2022-05-21,30.32509,78.85995,1739.0,23.0,152.5,0.462,-0.887,CONIFER_HIGH_FLAMMABILITY,0.452,-0.054,14.55,47.0,3.285,287.75,3.129,-1.001,0.22499999999999998,10.325,53.48,1,5,5.1,2828.9,0
UTT_CELL_0088_0006,CELL_0088_0006,UTT,2022-05-21,30.38675,78.52046,1640.2,13.5,158.7,0.363,-0.932,CONIFER_HIGH_FLAMMABILITY,0.547,-0.054,14.55,47.0,3.285,287.75,3.129,-1.001,0.22499999999999998,10.325,53.48,3,8,18.2,2257.1,0
UTT_CELL_0060_0079,CELL_0060_0079,UTT,2022-05-21,30.26715,78.90278,1721.4,34.0,146.7,0.549,-0.836,CONIFER_HIGH_FLAMMABILITY,0.342,-0.054,14.55,47.0,3.285,287.75,3.129,-1.001,0.22499999999999998,10.325,53.48,1,1,0.6,2883.1,0
UTT_CELL_0047_0095,CELL_0047_0095,UTT,2022-05-21,30.20983,78.9871,1720.7,25.3,141.0,0.629,-0.777,CONIFER_HIGH_FLAMMABILITY,0.429,-0.054,14.55,47.0,3.285,287.75,3.129,-1.001,0.22499999999999998,10.325,53.48,1,1,4.7,4691.6,0
UTT_CELL_0033_0005,CELL_0033_0005,UTT,2022-05-21,30.13871,78.5215,1491.8,14.5,133.9,0.721,-0.693,CONIFER_HIGH_FLAMMABILITY,0.537,-0.054,14.55,47.0,3.285,287.75,3.129,-1.001,0.22499999999999998,10.325,53.48,0,0,1.1,7138.8,1
UTT_CELL_0101_0021,CELL_0101_0021,UTT,2022-05-21,30.44681,78.59702,1706.9,31.8,164.7,0.264,-0.965,CONIFER_HIGH_FLAMMABILITY,0.364,-0.054,14.55,47.0,3.285,287.75,3.129,-1.001,0.22499999999999998,10.325,53.48,0,0,18.7,5449.2,0
UTT_CELL_0044_0077,CELL_0044_0077,UTT,2022-05-21,30.19484,78.89393,1674.5,20.2,139.5,0.649,-0.76,CONIFER_HIGH_FLAMMABILITY,0.48,-0.054,14.55,47.0,3.285,287.75,3.129,-1.001,0.22499999999999998,10.325,53.48,0,0,0.6,5264.2,0
UTT_CELL_0015_0055,CELL_0015_0055,UTT,2022-05-21,30.0622,78.78267,1550.4,33.8,126.2,0.807,-0.591,CONIFER_HIGH_FLAMMABILITY,0.344,-0.054,14.55,47.0,3.285,287.75,3.129,-1.001,0.22499999999999998,10.325,53.48,0,4,16.7,4002.2,0
UTT_CELL_0073_0118,CELL_0073_0118,UTT,2022-05-21,30.32887,79.10426,1839.0,21.8,152.9,0.456,-0.89,CONIFER_HIGH_FLAMMABILITY,0.464,-0.054,14.55,47.0,3.285,287.75,3.129,-1.001,0.22499999999999998,10.325,53.48,0,4,19.7,3521.9,0
UTT_CELL_0106_0028,CELL_0106_0028,UTT,2022-05-21,30.47002,78.63289,1735.2,34.0,167.0,0.225,-0.974,CONIFER_HIGH_FLAMMABILITY,0.342,-0.054,14.55,47.0,3.285,287.75,3.129,-1.001,0.22499999999999998,10.325,53.48,0,0,18.7,9836.5,0
UTT_CELL_0051_0016,CELL_0051_0016,UTT,2022-05-21,30.22093,78.57656,1563.2,28.4,142.1,0.614,-0.789,CONIFER_HIGH_FLAMMABILITY,0.398,-0.054,14.55,47.0,3.285,287.75,3.129,-1.001,0.22499999999999998,10.325,53.48,3,3,0.6,3051.5,1
UTT_CELL_0072_0029,CELL_0072_0029,UTT,2022-05-21,30.31683,78.64178,1646.8,25.7,151.7,0.474,-0.88,CONIFER_HIGH_FLAMMABILITY,0.425,-0.054,14.55,47.0,3.285,287.75,3.129,-1.001,0.22499999999999998,10.325,53.48,0,1,19.2,3856.5,0
UTT_CELL_0085_0025,CELL_0085_0025,UTT,2022-05-21,30.37506,78.61958,1672.9,8.7,157.5,0.383,-0.924,CONIFER_HIGH_FLAMMABILITY,0.595,-0.054,14.55,47.0,3.285,287.75,3.129,-1.001,0.22499999999999998,10.325,53.48,0,0,19.2,5891.3,0
UTT_CELL_0068_0154,CELL_0068_0154,UTT,2022-05-21,30.30889,79.29181,1902.1,27.9,150.9,0.486,-0.874,CONIFER_HIGH_FLAMMABILITY,0.403,-0.054,14.55,47.0,3.285,287.75,3.129,-1.001,0.22499999999999998,10.325,53.48,0,13,15.1,1963.8,0
UTT_CELL_0111_0017,CELL_0111_0017,UTT,2022-05-21,30.4915,78.57509,1724.9,33.0,169.2,0.187,-0.982,CONIFER_HIGH_FLAMMABILITY,0.352,-0.054,14.55,47.0,3.285,287.75,3.129,-1.001,0.22499999999999998,10.325,53.48,0,0,18.7,5441.4,0
UTT_CELL_0128_0148,CELL_0128_0148,UTT,2022-05-21,30.57908,79.25581,2049.8,6.4,177.9,0.037,-0.999,CONIFER_MODERATE_FLAMMABILITY,0.618,-0.054,14.55,47.0,3.285,287.75,3.129,-1.001,0.22499999999999998,10.325,53.48,0,0,12.7,22955.9,0
UTT_CELL_0128_0150,CELL_0128_0150,UTT,2022-05-21,30.57922,79.26624,2054.0,6.4,177.9,0.037,-0.999,CONIFER_MODERATE_FLAMMABILITY,0.618,-0.054,14.55,47.0,3.285,287.75,3.129,-1.001,0.22499999999999998,10.325,53.48,0,0,12.7,22364.1,0
UTT_CELL_0028_0079,CELL_0028_0079,UTT,2022-05-21,30.12286,78.90584,1636.1,20.6,132.3,0.74,-0.673,CONIFER_HIGH_FLAMMABILITY,0.476,-0.054,14.55,47.0,3.285,287.75,3.129,-1.001,0.22499999999999998,10.325,53.48,0,9,13.7,2802.6,0
UTT_CELL_0025_0043,CELL_0025_0043,UTT,2022-05-21,30.10622,78.71943,1551.5,26.0,130.6,0.759,-0.651,CONIFER_HIGH_FLAMMABILITY,0.422,-0.054,14.55,47.0,3.285,287.75,3.129,-1.001,0.22499999999999998,10.325,53.48,0,4,17.1,4140.9,0
UTT_CELL_0104_0106,CELL_0104_0106,UTT,2022-05-21,30.46774,79.03909,1896.3,33.9,166.8,0.228,-0.974,CONIFER_HIGH_FLAMMABILITY,0.343,-0.054,14.55,47.0,3.285,287.75,3.129,-1.001,0.22499999999999998,10.325,53.48,0,0,12.1,9482.8,0
UTT_CELL_0128_0155,CELL_0128_0155,UTT,2022-05-21,30.57956,79.2923,2064.7,6.6,178.0,0.035,-0.999,CONIFER_MODERATE_FLAMMABILITY,0.616,-0.054,14.55,47.0,3.285,287.75,3.129,-1.001,0.22499999999999998,10.325,53.48,0,0,1.2,20898.7,0
UTT_CELL_0007_0074,CELL_0007_0074,UTT,2022-05-21,30.02775,78.88192,1569.4,31.8,122.8,0.841,-0.542,CONIFER_HIGH_FLAMMABILITY,0.364,-0.054,14.55,47.0,3.285,287.75,3.129,-1.001,0.22499999999999998,10.325,53.48,0,2,15.1,1535.2,0
UTT_CELL_0072_0046,CELL_0072_0046,UTT,2022-05-21,30.31839,78.73013,1683.1,25.2,151.8,0.473,-0.881,CONIFER_HIGH_FLAMMABILITY,0.43,-0.054,14.55,47.0,3.285,287.75,3.129,-1.001,0.22499999999999998,10.325,53.48,0,10,19.2,1914.0,0
UTT_CELL_0002_0098,CELL_0002_0098,UTT,2022-05-21,30.00715,79.00675,1607.0,27.2,120.7,0.86,-0.511,CONIFER_HIGH_FLAMMABILITY,0.41,-0.054,14.55,47.0,3.285,287.75,3.129,-1.001,0.22499999999999998,10.325,53.48,0,3,19.7,1629.2,0
UTT_CELL_0111_0032,CELL_0111_0032,UTT,2022-05-21,30.49293,78.65317,1757.0,32.8,169.3,0.186,-0.983,CONIFER_HIGH_FLAMMABILITY,0.354,-0.054,14.55,47.0,3.285,287.75,3.129,-1.001,0.22499999999999998,10.325,53.48,0,0,18.7,12846.1,0
UTT_CELL_0059_0058,CELL_0059_0058,UTT,2022-05-21,30.26085,78.7938,1674.0,34.0,146.1,0.558,-0.83,CONIFER_HIGH_FLAMMABILITY,0.342,-0.054,14.55,47.0,3.285,287.75,3.129,-1.001,0.22499999999999998,10.325,53.48,0,1,15.1,4385.7,0
UTT_CELL_0014_0001,CELL_0014_0001,UTT,2022-05-21,30.05267,78.5029,1432.8,34.0,125.3,0.816,-0.578,CONIFER_HIGH_FLAMMABILITY,0.342,-0.054,14.55,47.0,3.285,287.75,3.129,-1.001,0.22499999999999998,10.325,53.48,0,0,19.7,6043.0,0
UTT_CELL_0039_0147,CELL_0039_0147,UTT,2022-05-21,30.17762,79.25774,1809.7,13.6,137.8,0.672,-0.741,CONIFER_HIGH_FLAMMABILITY,0.546,-0.054,14.55,47.0,3.285,287.75,3.129,-1.001,0.22499999999999998,10.325,53.48,0,0,0.6,6570.4,0
UTT_CELL_0122_0088,CELL_0122_0088,UTT,2022-05-21,30.54746,78.94368,1905.9,18.4,174.7,0.092,-0.996,CONIFER_HIGH_FLAMMABILITY,0.498,-0.054,14.55,47.0,3.285,287.75,3.129,-1.001,0.22499999999999998,10.325,53.48,0,0,12.1,23190.4,0
UTT_CELL_0048_0009,CELL_0048_0009,UTT,2022-05-21,30.20672,78.54056,1540.3,24.3,140.7,0.633,-0.774,CONIFER_HIGH_FLAMMABILITY,0.439,-0.054,14.55,47.0,3.285,287.75,3.129,-1.001,0.22499999999999998,10.325,53.48,1,1,0.6,1350.2,0
UTT_CELL_0090_0030,CELL_0090_0030,UTT,2022-05-21,30.39807,78.64504,1696.9,17.9,159.8,0.345,-0.938,CONIFER_HIGH_FLAMMABILITY,0.503,-0.054,14.55,47.0,3.285,287.75,3.129,-1.001,0.22499999999999998,10.325,53.48,0,2,19.2,4096.5,0
UTT_CELL_0125_0133,CELL_0125_0133,UTT,2022-05-21,30.56448,79.17789,2009.8,11.7,176.4,0.063,-0.998,CONIFER_MODERATE_FLAMMABILITY,0.565,-0.054,14.55,47.0,3.285,287.75,3.129,-1.001,0.22499999999999998,10.325,53.48,0,0,12.1,16979.3,0
UTT_CELL_0014_0008,CELL_0014_0008,UTT,2022-05-21,30.05335,78.53918,1447.7,34.0,125.3,0.816,-0.578,CONIFER_HIGH_FLAMMABILITY,0.342,-0.054,14.55,47.0,3.285,287.75,3.129,-1.001,0.22499999999999998,10.325,53.48,0,0,19.7,6106.0,0
UTT_CELL_0025_0066,CELL_0025_0066,UTT,2022-05-21,30.10824,78.83871,1600.4,25.4,130.8,0.757,-0.653,CONIFER_HIGH_FLAMMABILITY,0.428,-0.054,14.55,47.0,3.285,287.75,3.129,-1.001,0.22499999999999998,10.325,53.48,0,2,14.2,3161.0,0
UTT_CELL_0036_0123,CELL_0036_0123,UTT,2022-05-21,30.16238,79.13341,1750.8,7.3,136.2,0.692,-0.722,CONIFER_HIGH_FLAMMABILITY,0.609,-0.054,14.55,47.0,3.285,287.75,3.129,-1.001,0.22499999999999998,10.325,53.48,0,0,12.2,11229.2,0
UTT_CELL_0020_0093,CELL_0020_0093,UTT,2022-05-21,30.08792,78.9792,1644.4,30.6,128.8,0.779,-0.627,CONIFER_HIGH_FLAMMABILITY,0.376,-0.054,14.55,47.0,3.285,287.75,3.129,-1.001,0.22499999999999998,10.325,53.48,0,1,13.7,4764.1,0
UTT_CELL_0111_0052,CELL_0111_0052,UTT,2022-05-21,30.49477,78.75729,1799.8,32.6,169.5,0.182,-0.983,CONIFER_HIGH_FLAMMABILITY,0.356,-0.054,14.55,47.0,3.285,287.75,3.129,-1.001,0.22499999999999998,10.325,53.48,0,0,19.7,13764.1,0
UTT_CELL_0014_0019,CELL_0014_0019,UTT,2022-05-21,30.05441,78.59618,1471.1,34.0,125.4,0.815,-0.579,CONIFER_HIGH_FLAMMABILITY,0.342,-0.054,14.55,47.0,3.285,287.75,3.129,-1.001,0.22499999999999998,10.325,53.48,0,0,5.1,9023.2,0
UTT_CELL_0121_0008,CELL_0121_0008,UTT,2022-05-21,30.5357,78.5271,1732.3,22.7,173.6,0.111,-0.994,CONIFER_HIGH_FLAMMABILITY,0.455,-0.054,14.55,47.0,3.285,287.75,3.129,-1.001,0.22499999999999998,10.325,53.48,0,1,18.7,4209.7,0
UTT_CELL_0018_0155,CELL_0018_0155,UTT,2022-05-21,30.08345,79.30089,1770.4,31.4,128.3,0.785,-0.62,CONIFER_HIGH_FLAMMABILITY,0.368,-0.054,14.55,47.0,3.285,287.75,3.129,-1.001,0.22499999999999998,10.325,53.48,0,0,18.2,8412.5,0
UTT_CELL_0091_0145,CELL_0091_0145,UTT,2022-05-21,30.412,79.24318,1944.5,22.9,161.2,0.322,-0.947,CONIFER_HIGH_FLAMMABILITY,0.453,-0.054,14.55,47.0,3.285,287.75,3.129,-1.001,0.22499999999999998,10.325,53.48,0,0,13.2,9632.0,0
UTT_CELL_0028_0117,CELL_0028_0117,UTT,2022-05-21,30.12586,79.10296,1716.7,19.5,132.6,0.736,-0.677,CONIFER_HIGH_FLAMMABILITY,0.487,-0.054,14.55,47.0,3.285,287.75,3.129,-1.001,0.22499999999999998,10.325,53.48,0,0,19.7,12589.7,0
UTT_CELL_0113_0003,CELL_0113_0003,UTT,2022-05-21,30.49914,78.50199,1700.3,31.9,169.9,0.175,-0.985,CONIFER_HIGH_FLAMMABILITY,0.363,-0.054,14.55,47.0,3.285,287.75,3.129,-1.001,0.22499999999999998,10.325,53.48,0,1,18.7,2722.0,0
UTT_CELL_0129_0038,CELL_0129_0038,UTT,2022-05-21,30.57464,78.68248,1817.8,7.5,177.5,0.044,-0.999,CONIFER_HIGH_FLAMMABILITY,0.607,-0.054,14.55,47.0,3.285,287.75,3.129,-1.001,0.22499999999999998,10.325,53.48,0,0,18.7,19304.5,0
UTT_CELL_0087_0022,CELL_0087_0022,UTT,2022-05-21,30.38379,78.60376,1671.8,12.3,158.4,0.368,-0.93,CONIFER_HIGH_FLAMMABILITY,0.559,-0.054,14.55,47.0,3.285,287.75,3.129,-1.001,0.22499999999999998,10.325,53.48,0,0,19.2,7751.8,0
UTT_CELL_0043_0115,CELL_0043_0115,UTT,2022-05-21,30.19335,79.09129,1752.5,19.7,139.3,0.652,-0.758,CONIFER_HIGH_FLAMMABILITY,0.485,-0.054,14.55,47.0,3.285,287.75,3.129,-1.001,0.22499999999999998,10.325,53.48,0,0,19.2,8412.9,0
UTT_CELL_0041_0122,CELL_0041_0122,UTT,2022-05-21,30.18485,79.1278,1762.0,16.5,138.5,0.663,-0.749,CONIFER_HIGH_FLAMMABILITY,0.517,-0.054,14.55,47.0,3.285,287.75,3.129,-1.001,0.22499999999999998,10.325,53.48,0,0,16.1,9828.5,0
UTT_CELL_0022_0056,CELL_0022_0056,UTT,2022-05-21,30.09385,78.78715,1571.2,29.3,129.4,0.773,-0.635,CONIFER_HIGH_FLAMMABILITY,0.389,-0.054,14.55,47.0,3.285,287.75,3.129,-1.001,0.22499999999999998,10.325,53.48,0,3,19.7,1389.3,0
UTT_CELL_0116_0069,CELL_0116_0069,UTT,2022-05-21,30.5188,78.8453,1849.4,27.8,171.9,0.141,-0.99,CONIFER_HIGH_FLAMMABILITY,0.404,-0.054,14.55,47.0,3.285,287.75,3.129,-1.001,0.22499999999999998,10.325,53.48,0,0,19.7,19816.1,0
UTT_CELL_0014_0058,CELL_0014_0058,UTT,2022-05-21,30.05795,78.79832,1554.1,34.0,125.8,0.811,-0.585,CONIFER_HIGH_FLAMMABILITY,0.342,-0.054,14.55,47.0,3.285,287.75,3.129,-1.001,0.22499999999999998,10.325,53.48,0,3,16.7,2778.8,0
UTT_CELL_0019_0038,CELL_0019_0038,UTT,2022-05-21,30.07872,78.69413,1524.9,32.2,127.9,0.789,-0.614,CONIFER_HIGH_FLAMMABILITY,0.36,-0.054,14.55,47.0,3.285,287.75,3.129,-1.001,0.22499999999999998,10.325,53.48,0,0,17.1,8049.2,0
UTT_CELL_0098_0101,CELL_0098_0101,UTT,2022-05-21,30.44029,79.01361,1869.6,30.6,164.0,0.276,-0.961,CONIFER_HIGH_FLAMMABILITY,0.376,-0.054,14.55,47.0,3.285,287.75,3.129,-1.001,0.22499999999999998,10.325,53.48,0,0,12.1,11187.1,0
UTT_CELL_0041_0150,CELL_0041_0150,UTT,2022-05-21,30.18685,79.27315,1821.4,17.2,138.7,0.66,-0.751,CONIFER_HIGH_FLAMMABILITY,0.51,-0.054,14.55,47.0,3.285,287.75,3.129,-1.001,0.22499999999999998,10.325,53.48,0,0,0.6,5240.0,0
UTT_CELL_0098_0108,CELL_0098_0108,UTT,2022-05-21,30.44084,79.05004,1884.5,30.7,164.1,0.274,-0.962,CONIFER_HIGH_FLAMMABILITY,0.375,-0.054,14.55,47.0,3.285,287.75,3.129,-1.001,0.22499999999999998,10.325,53.48,0,0,12.1,7238.6,0
UTT_CELL_0022_0086,CELL_0022_0086,UTT,2022-05-21,30.09638,78.94271,1634.9,28.7,129.6,0.771,-0.637,CONIFER_HIGH_FLAMMABILITY,0.395,-0.054,14.55,47.0,3.285,287.75,3.129,-1.001,0.22499999999999998,10.325,53.48,0,8,14.7,3205.6,0
UTT_CELL_0090_0094,CELL_0090_0094,UTT,2022-05-21,30.40365,78.97793,1833.4,20.0,160.4,0.335,-0.942,CONIFER_HIGH_FLAMMABILITY,0.482,-0.054,14.55,47.0,3.285,287.75,3.129,-1.001,0.22499999999999998,10.325,53.48,0,0,12.1,15157.3,0
UTT_CELL_0032_0044,CELL_0032_0044,UTT,2022-05-21,30.13787,78.72389,1572.3,14.8,133.8,0.722,-0.692,CONIFER_HIGH_FLAMMABILITY,0.534,-0.054,14.55,47.0,3.285,287.75,3.129,-1.001,0.22499999999999998,10.325,53.48,0,6,17.1,753.4,1
UTT_CELL_0067_0153,CELL_0067_0153,UTT,2022-05-21,30.30432,79.28669,1897.3,29.0,150.4,0.494,-0.869,CONIFER_HIGH_FLAMMABILITY,0.392,-0.054,14.55,47.0,3.285,287.75,3.129,-1.001,0.22499999999999998,10.325,53.48,0,6,15.1,2607.8,0
UTT_CELL_0127_0146,CELL_0127_0146,UTT,2022-05-21,30.57443,79.24547,2042.8,7.6,177.4,0.045,-0.999,CONIFER_MODERATE_FLAMMABILITY,0.606,-0.054,14.55,47.0,3.285,287.75,3.129,-1.001,0.22499999999999998,10.325,53.48,0,0,12.1,22069.9,0
UTT_CELL_0014_0082,CELL_0014_0082,UTT,2022-05-21,30.05998,78.92272,1605.1,33.9,126.0,0.809,-0.588,CONIFER_HIGH_FLAMMABILITY,0.343,-0.054,14.55,47.0,3.285,287.75,3.129,-1.001,0.22499999999999998,10.325,53.48,0,2,19.7,2420.5,0
UTT_CELL_0055_0006,CELL_0055_0006,UTT,2022-05-21,30.23799,78.5242,1552.5,31.9,143.8,0.591,-0.807,CONIFER_HIGH_FLAMMABILITY,0.363,-0.054,14.55,47.0,3.285,287.75,3.129,-1.001,0.22499999999999998,10.325,53.48,3,4,0.6,3845.7,0
UTT_CELL_0082_0093,CELL_0082_0093,UTT,2022-05-21,30.3675,78.97347,1809.9,6.5,156.7,0.396,-0.918,CONIFER_HIGH_FLAMMABILITY,0.617,-0.054,14.55,47.0,3.285,287.75,3.129,-1.001,0.22499999999999998,10.325,53.48,0,0,4.7,15470.9,0
UTT_CELL_0111_0121,CELL_0111_0121,UTT,2022-05-21,30.50045,79.11657,1946.9,31.7,170.0,0.174,-0.985,CONIFER_HIGH_FLAMMABILITY,0.365,-0.054,14.55,47.0,3.285,287.75,3.129,-1.001,0.22499999999999998,10.325,53.48,0,0,12.1,8301.5,0
UTT_CELL_0095_0091,CELL_0095_0091,UTT,2022-05-21,30.42596,78.96185,1840.3,27.2,162.6,0.299,-0.954,CONIFER_HIGH_FLAMMABILITY,0.41,-0.054,14.55,47.0,3.285,287.75,3.129,-1.001,0.22499999999999998,10.325,53.48,0,0,12.1,16780.5,0
UTT_CELL_0116_0105,CELL_0116_0105,UTT,2022-05-22,30.52177,79.0328,1926.2,27.0,172.2,0.136,-0.991,CONIFER_HIGH_FLAMMABILITY,0.455,0.1,11.675,70.0,2.725,233.25,2.183,1.63,2.8,12.75,15.69,0,0,13.1,13923.1,0
UTT_CELL_0129_0100,CELL_0129_0100,UTT,2022-05-22,30.57999,79.00556,1950.2,6.8,178.0,0.035,-0.999,CONIFER_HIGH_FLAMMABILITY,0.657,0.1,11.675,70.0,2.725,233.25,2.183,1.63,2.8,12.75,15.69,0,0,13.1,20897.8,0
UTT_CELL_0012_0157,CELL_0012_0157,UTT,2022-05-22,30.05653,79.31172,1758.6,34.0,125.7,0.812,-0.584,CONIFER_HIGH_FLAMMABILITY,0.385,0.1,11.675,70.0,2.725,233.25,2.183,1.63,2.8,12.75,15.69,0,0,19.2,10371.6,0
UTT_CELL_0100_0081,CELL_0100_0081,UTT,2022-05-22,30.44768,78.90934,1832.3,31.9,164.8,0.262,-0.965,CONIFER_HIGH_FLAMMABILITY,0.406,0.1,11.675,70.0,2.725,233.25,2.183,1.63,2.8,12.75,15.69,0,0,6.1,15822.6,0
UTT_CELL_0071_0056,CELL_0071_0056,UTT,2022-05-22,30.31478,78.7822,1701.7,26.3,151.5,0.477,-0.879,CONIFER_HIGH_FLAMMABILITY,0.462,0.1,11.675,70.0,2.725,233.25,2.183,1.63,2.8,12.75,15.69,0,0,6.1,5946.3,0
UTT_CELL_0029_0040,CELL_0029_0040,UTT,2022-05-22,30.12398,78.70346,1555.8,20.1,132.4,0.738,-0.674,CONIFER_HIGH_FLAMMABILITY,0.524,0.1,11.675,70.0,2.725,233.25,2.183,1.63,2.8,12.75,15.69,3,7,0.5,2118.3,1
UTT_CELL_0009_0132,CELL_0009_0132,UTT,2022-05-22,30.04127,79.18235,1697.7,33.4,124.1,0.828,-0.561,CONIFER_HIGH_FLAMMABILITY,0.391,0.1,11.675,70.0,2.725,233.25,2.183,1.63,2.8,12.75,15.69,0,0,16.1,9120.9,0
UTT_CELL_0132_0155,CELL_0132_0155,UTT,2022-05-22,30.5976,79.29198,2075.4,14.0,179.8,0.003,-1.0,CONIFER_MODERATE_FLAMMABILITY,0.585,0.1,11.675,70.0,2.725,233.25,2.183,1.63,2.8,12.75,15.69,0,0,2.2,21961.6,0
UTT_CELL_0009_0142,CELL_0009_0142,UTT,2022-05-22,30.04197,79.23419,1718.9,33.5,124.2,0.827,-0.562,CONIFER_HIGH_FLAMMABILITY,0.39,0.1,11.675,70.0,2.725,233.25,2.183,1.63,2.8,12.75,15.69,0,0,16.1,11571.8,0
UTT_CELL_0035_0132,CELL_0035_0132,UTT,2022-05-22,30.15853,79.18021,1767.2,6.3,135.9,0.696,-0.718,CONIFER_HIGH_FLAMMABILITY,0.662,0.1,11.675,70.0,2.725,233.25,2.183,1.63,2.8,12.75,15.69,0,0,13.2,8660.8,0
UTT_CELL_0120_0015,CELL_0120_0015,UTT,2022-05-22,30.53188,78.56367,1744.6,23.9,173.2,0.118,-0.993,CONIFER_HIGH_FLAMMABILITY,0.486,0.1,11.675,70.0,2.725,233.25,2.183,1.63,2.8,12.75,15.69,0,0,19.7,5601.1,0
UTT_CELL_0081_0034,CELL_0081_0034,UTT,2022-05-22,30.35787,78.6668,1681.4,10.5,155.8,0.41,-0.912,CONIFER_HIGH_FLAMMABILITY,0.62,0.1,11.675,70.0,2.725,233.25,2.183,1.63,2.8,12.75,15.69,0,4,20.2,1456.9,0
UTT_CELL_0126_0095,CELL_0126_0095,UTT,2022-05-22,30.56606,78.97978,1931.5,11.1,176.6,0.059,-0.998,CONIFER_HIGH_FLAMMABILITY,0.614,0.1,11.675,70.0,2.725,233.25,2.183,1.63,2.8,12.75,15.69,0,0,13.1,21515.1,0
UTT_CELL_0013_0030,CELL_0013_0030,UTT,2022-05-22,30.05093,78.6533,1491.9,34.0,125.1,0.818,-0.575,CONIFER_HIGH_FLAMMABILITY,0.385,0.1,11.675,70.0,2.725,233.25,2.183,1.63,2.8,12.75,15.69,0,0,20.2,8670.4,0
UTT_CELL_0116_0141,CELL_0116_0141,UTT,2022-05-22,30.52447,79.22032,2002.8,26.2,172.4,0.132,-0.991,CONIFER_MODERATE_FLAMMABILITY,0.463,0.1,11.675,70.0,2.725,233.25,2.183,1.63,2.8,12.75,15.69,0,0,13.1,16147.7,0
UTT_CELL_0019_0112,CELL_0019_0112,UTT,2022-05-22,30.08489,79.07781,1682.1,31.2,128.5,0.783,-0.623,CONIFER_HIGH_FLAMMABILITY,0.413,0.1,11.675,70.0,2.725,233.25,2.183,1.63,2.8,12.75,15.69,0,0,20.7,8175.6,0
UTT_CELL_0048_0138,CELL_0048_0138,UTT,2022-05-22,30.21758,79.21028,1814.7,27.5,141.8,0.618,-0.786,CONIFER_HIGH_FLAMMABILITY,0.45,0.1,11.675,70.0,2.725,233.25,2.183,1.63,2.8,12.75,15.69,0,1,13.2,1621.0,0
UTT_CELL_0100_0118,CELL_0100_0118,UTT,2022-05-22,30.45062,79.10191,1911.1,32.4,165.1,0.257,-0.966,CONIFER_HIGH_FLAMMABILITY,0.401,0.1,11.675,70.0,2.725,233.25,2.183,1.63,2.8,12.75,15.69,0,4,13.1,3047.0,0
UTT_CELL_0061_0139,CELL_0061_0139,UTT,2022-05-22,30.27628,79.21442,1851.5,33.5,147.6,0.536,-0.844,CONIFER_HIGH_FLAMMABILITY,0.39,0.1,11.675,70.0,2.725,233.25,2.183,1.63,2.8,12.75,15.69,0,0,13.2,5005.0,0
UTT_CELL_0129_0155,CELL_0129_0155,UTT,2022-05-22,30.58407,79.29222,2067.3,8.5,178.4,0.028,-1.0,CONIFER_MODERATE_FLAMMABILITY,0.64,0.1,11.675,70.0,2.725,233.25,2.183,1.63,2.8,12.75,15.69,0,0,2.2,21151.6,0
UTT_CELL_0006_0138,CELL_0006_0138,UTT,2022-05-22,30.02816,79.2137,1702.4,31.8,122.8,0.841,-0.542,CONIFER_HIGH_FLAMMABILITY,0.407,0.1,11.675,70.0,2.725,233.25,2.183,1.63,2.8,12.75,15.69,0,0,16.1,8999.2,0
UTT_CELL_0117_0014,CELL_0117_0014,UTT,2022-05-22,30.51826,78.5588,1734.5,27.9,171.8,0.143,-0.99,CONIFER_HIGH_FLAMMABILITY,0.446,0.1,11.675,70.0,2.725,233.25,2.183,1.63,2.8,12.75,15.69,0,1,19.7,4247.6,0
UTT_CELL_0113_0136,CELL_0113_0136,UTT,2022-05-22,30.51058,79.19452,1984.2,29.8,171.1,0.155,-0.988,CONIFER_HIGH_FLAMMABILITY,0.427,0.1,11.675,70.0,2.725,233.25,2.183,1.63,2.8,12.75,15.69,0,0,13.1,13023.9,0
UTT_CELL_0019_0140,CELL_0019_0140,UTT,2022-05-22,30.08693,79.22302,1741.4,30.8,128.7,0.78,-0.625,CONIFER_HIGH_FLAMMABILITY,0.417,0.1,11.675,70.0,2.725,233.25,2.183,1.63,2.8,12.75,15.69,0,0,20.7,14469.0,0
UTT_CELL_0029_0096,CELL_0029_0096,UTT,2022-05-22,30.12874,78.99393,1674.8,18.4,132.9,0.733,-0.681,CONIFER_HIGH_FLAMMABILITY,0.541,0.1,11.675,70.0,2.725,233.25,2.183,1.63,2.8,12.75,15.69,0,11,14.7,1544.0,0
UTT_CELL_0087_0155,CELL_0087_0155,UTT,2022-05-22,30.39465,79.29553,1955.0,16.6,159.5,0.35,-0.937,CONIFER_HIGH_FLAMMABILITY,0.559,0.1,11.675,70.0,2.725,233.25,2.183,1.63,2.8,12.75,15.69,0,2,14.2,4683.6,0
UTT_CELL_0100_0150,CELL_0100_0150,UTT,2022-05-22,30.45294,79.26848,1979.2,32.7,165.3,0.254,-0.967,CONIFER_HIGH_FLAMMABILITY,0.398,0.1,11.675,70.0,2.725,233.25,2.183,1.63,2.8,12.75,15.69,0,0,14.2,11807.6,0
UTT_CELL_0113_0148,CELL_0113_0148,UTT,2022-05-22,30.51143,79.25702,2009.7,29.6,171.1,0.155,-0.988,CONIFER_MODERATE_FLAMMABILITY,0.429,0.1,11.675,70.0,2.725,233.25,2.183,1.63,2.8,12.75,15.69,0,0,13.7,17033.9,0
UTT_CELL_0097_0123,CELL_0097_0123,UTT,2022-05-22,30.43747,79.12819,1913.8,30.0,163.7,0.281,-0.96,CONIFER_HIGH_FLAMMABILITY,0.425,0.1,11.675,70.0,2.725,233.25,2.183,1.63,2.8,12.75,15.69,0,4,13.1,2089.4,0
UTT_CELL_0068_0101,CELL_0068_0101,UTT,2022-05-22,30.30501,79.01635,1789.5,28.9,150.5,0.492,-0.87,CONIFER_HIGH_FLAMMABILITY,0.436,0.1,11.675,70.0,2.725,233.25,2.183,1.63,2.8,12.75,15.69,0,0,12.1,8689.3,0
UTT_CELL_0081_0096,CELL_0081_0096,UTT,2022-05-22,30.36323,78.98916,1813.6,8.3,156.3,0.402,-0.916,CONIFER_HIGH_FLAMMABILITY,0.642,0.1,11.675,70.0,2.725,233.25,2.183,1.63,2.8,12.75,15.69,0,0,12.1,14381.6,0
UTT_CELL_0107_0084,CELL_0107_0084,UTT,2022-05-22,30.47949,78.92428,1857.4,33.9,167.9,0.21,-0.978,CONIFER_HIGH_FLAMMABILITY,0.386,0.1,11.675,70.0,2.725,233.25,2.183,1.63,2.8,12.75,15.69,0,0,6.1,19703.7,0
UTT_CELL_0068_0106,CELL_0068_0106,UTT,2022-05-22,30.3054,79.04233,1800.2,28.8,150.5,0.492,-0.87,CONIFER_HIGH_FLAMMABILITY,0.437,0.1,11.675,70.0,2.725,233.25,2.183,1.63,2.8,12.75,15.69,0,0,12.1,5975.8,0
UTT_CELL_0000_0099,CELL_0000_0099,UTT,2022-05-22,29.9982,79.01211,1603.8,24.6,119.8,0.868,-0.497,CONIFER_HIGH_FLAMMABILITY,0.479,0.1,11.675,70.0,2.725,233.25,2.183,1.63,2.8,12.75,15.69,0,3,20.7,474.6,0
UTT_CELL_0020_0013,CELL_0020_0013,UTT,2022-05-22,30.08089,78.56443,1474.3,31.8,128.1,0.787,-0.617,CONIFER_HIGH_FLAMMABILITY,0.407,0.1,11.675,70.0,2.725,233.25,2.183,1.63,2.8,12.75,15.69,0,0,6.1,7807.3,0
UTT_CELL_0000_0103,CELL_0000_0103,UTT,2022-05-22,29.99852,79.03284,1612.2,24.7,119.9,0.867,-0.498,CONIFER_HIGH_FLAMMABILITY,0.478,0.1,11.675,70.0,2.725,233.25,2.183,1.63,2.8,12.75,15.69,0,3,20.7,1863.6,0
UTT_CELL_0084_0150,CELL_0084_0150,UTT,2022-05-22,30.38078,79.26975,1936.4,11.0,158.1,0.373,-0.928,CONIFER_HIGH_FLAMMABILITY,0.615,0.1,11.675,70.0,2.725,233.25,2.183,1.63,2.8,12.75,15.69,0,0,14.2,5114.4,0
UTT_CELL_0029_0144,CELL_0029_0144,UTT,2022-05-22,30.13231,79.24296,1776.6,17.0,133.2,0.729,-0.685,CONIFER_HIGH_FLAMMABILITY,0.555,0.1,11.675,70.0,2.725,233.25,2.183,1.63,2.8,12.75,15.69,0,0,20.7,9734.7,0
UTT_CELL_0059_0013,CELL_0059_0013,UTT,2022-05-22,30.2567,78.5601,1578.1,33.8,145.7,0.564,-0.826,CONIFER_HIGH_FLAMMABILITY,0.387,0.1,11.675,70.0,2.725,233.25,2.183,1.63,2.8,12.75,15.69,6,8,1.6,400.7,0
UTT_CELL_0107_0111,CELL_0107_0111,UTT,2022-05-22,30.48165,79.06485,1914.9,33.8,168.2,0.204,-0.979,CONIFER_HIGH_FLAMMABILITY,0.387,0.1,11.675,70.0,2.725,233.25,2.183,1.63,2.8,12.75,15.69,0,0,13.1,8226.2,0
UTT_CELL_0046_0022,CELL_0046_0022,UTT,2022-05-22,30.19896,78.60825,1562.7,21.7,139.9,0.644,-0.765,CONIFER_HIGH_FLAMMABILITY,0.508,0.1,11.675,70.0,2.725,233.25,2.183,1.63,2.8,12.75,15.69,2,3,13.7,2077.7,0
UTT_CELL_0085_0004,CELL_0085_0004,UTT,2022-05-22,30.37302,78.5104,1628.0,7.8,157.3,0.386,-0.923,CONIFER_HIGH_FLAMMABILITY,0.647,0.1,11.675,70.0,2.725,233.25,2.183,1.63,2.8,12.75,15.69,3,7,19.2,736.0,0
UTT_CELL_0075_0048,CELL_0075_0048,UTT,2022-05-22,30.3321,78.74021,1695.3,20.6,153.2,0.451,-0.893,CONIFER_HIGH_FLAMMABILITY,0.519,0.1,11.675,70.0,2.725,233.25,2.183,1.63,2.8,12.75,15.69,0,9,19.7,1649.7,0
UTT_CELL_0133_0106,CELL_0133_0106,UTT,2022-05-22,30.59851,79.03646,1973.7,14.4,179.9,0.002,-1.0,CONIFER_HIGH_FLAMMABILITY,0.581,0.1,11.675,70.0,2.725,233.25,2.183,1.63,2.8,12.75,15.69,0,0,13.1,20997.3,0
UTT_CELL_0020_0043,CELL_0020_0043,UTT,2022-05-22,30.08368,78.71995,1538.2,31.4,128.4,0.784,-0.621,CONIFER_HIGH_FLAMMABILITY,0.411,0.1,11.675,70.0,2.725,233.25,2.183,1.63,2.8,12.75,15.69,0,0,0.5,5543.9,0
UTT_CELL_0004_0011,CELL_0004_0011,UTT,2022-05-22,30.00856,78.55583,1427.5,27.6,120.9,0.858,-0.514,CONIFER_HIGH_FLAMMABILITY,0.449,0.1,11.675,70.0,2.725,233.25,2.183,1.63,2.8,12.75,15.69,0,1,20.7,3930.4,0
UTT_CELL_0075_0064,CELL_0075_0064,UTT,2022-05-22,30.33351,78.82337,1729.5,20.1,153.4,0.448,-0.894,CONIFER_HIGH_FLAMMABILITY,0.524,0.1,11.675,70.0,2.725,233.25,2.183,1.63,2.8,12.75,15.69,1,1,6.1,1468.2,0
UTT_CELL_0052_0115,CELL_0052_0115,UTT,2022-05-22,30.23394,79.0905,1776.6,31.2,143.4,0.596,-0.803,CONIFER_HIGH_FLAMMABILITY,0.413,0.1,11.675,70.0,2.725,233.25,2.183,1.63,2.8,12.75,15.69,0,4,20.2,3931.4,0
UTT_CELL_0052_0123,CELL_0052_0123,UTT,2022-05-22,30.23454,79.13205,1793.5,31.3,143.5,0.595,-0.804,CONIFER_HIGH_FLAMMABILITY,0.412,0.1,11.675,70.0,2.725,233.25,2.183,1.63,2.8,12.75,15.69,0,1,18.7,4891.1,0
UTT_CELL_0036_0092,CELL_0036_0092,UTT,2022-05-22,30.15999,78.97254,1685.0,6.3,136.0,0.695,-0.719,CONIFER_HIGH_FLAMMABILITY,0.662,0.1,11.675,70.0,2.725,233.25,2.183,1.63,2.8,12.75,15.69,0,18,15.7,2155.4,0
UTT_CELL_0020_0060,CELL_0020_0060,UTT,2022-05-22,30.08518,78.80809,1574.3,31.1,128.5,0.783,-0.623,CONIFER_HIGH_FLAMMABILITY,0.414,0.1,11.675,70.0,2.725,233.25,2.183,1.63,2.8,12.75,15.69,0,3,20.7,3740.7,0
UTT_CELL_0059_0043,CELL_0059_0043,UTT,2022-05-22,30.25951,78.7159,1642.1,33.9,146.0,0.559,-0.829,CONIFER_HIGH_FLAMMABILITY,0.386,0.1,11.675,70.0,2.725,233.25,2.183,1.63,2.8,12.75,15.69,0,2,20.7,2661.1,0
UTT_CELL_0056_0010,CELL_0056_0010,UTT,2022-05-22,30.24289,78.54486,1563.7,32.6,144.3,0.584,-0.812,CONIFER_HIGH_FLAMMABILITY,0.399,0.1,11.675,70.0,2.725,233.25,2.183,1.63,2.8,12.75,15.69,6,6,1.6,2395.9,1
UTT_CELL_0072_0043,CELL_0072_0043,UTT,2022-05-22,30.31812,78.71454,1676.7,25.3,151.8,0.473,-0.881,CONIFER_HIGH_FLAMMABILITY,0.472,0.1,11.675,70.0,2.725,233.25,2.183,1.63,2.8,12.75,15.69,0,11,19.2,1840.7,0
UTT_CELL_0056_0012,CELL_0056_0012,UTT,2022-05-22,30.24308,78.55524,1567.9,32.6,144.3,0.584,-0.812,CONIFER_HIGH_FLAMMABILITY,0.399,0.1,11.675,70.0,2.725,233.25,2.183,1.63,2.8,12.75,15.69,6,6,1.6,1385.5,1
UTT_CELL_0095_0001,CELL_0095_0001,UTT,2022-05-22,30.4178,78.49365,1648.1,24.8,161.8,0.312,-0.95,CONIFER_HIGH_FLAMMABILITY,0.477,0.1,11.675,70.0,2.725,233.25,2.183,1.63,2.8,12.75,15.69,0,9,20.7,945.0,0
UTT_CELL_0114_0071,CELL_0114_0071,UTT,2022-05-22,30.50996,78.85591,1848.3,29.9,171.0,0.156,-0.988,CONIFER_HIGH_FLAMMABILITY,0.426,0.1,11.675,70.0,2.725,233.25,2.183,1.63,2.8,12.75,15.69,0,0,20.7,19729.4,0
UTT_CELL_0056_0024,CELL_0056_0024,UTT,2022-05-22,30.24423,78.61755,1593.6,32.8,144.4,0.582,-0.813,CONIFER_HIGH_FLAMMABILITY,0.397,0.1,11.675,70.0,2.725,233.25,2.183,1.63,2.8,12.75,15.69,0,2,15.2,1388.4,0
UTT_CELL_0098_0046,CELL_0098_0046,UTT,2022-05-22,30.43561,78.72741,1752.3,29.6,163.6,0.282,-0.959,CONIFER_HIGH_FLAMMABILITY,0.429,0.1,11.675,70.0,2.725,233.25,2.183,1.63,2.8,12.75,15.69,0,0,20.7,7375.4,0
UTT_CELL_0049_0112,CELL_0049_0112,UTT,2022-05-22,30.22018,79.07519,1762.2,28.2,142.0,0.616,-0.788,CONIFER_HIGH_FLAMMABILITY,0.443,0.1,11.675,70.0,2.725,233.25,2.183,1.63,2.8,12.75,15.69,0,0,20.2,5861.2,0
UTT_CELL_0117_0123,CELL_0117_0123,UTT,2022-05-22,30.52766,79.12647,1967.2,25.2,172.8,0.125,-0.992,CONIFER_HIGH_FLAMMABILITY,0.473,0.1,11.675,70.0,2.725,233.25,2.183,1.63,2.8,12.75,15.69,0,0,13.1,11405.8,0
UTT_CELL_0052_0156,CELL_0052_0156,UTT,2022-05-22,30.23687,79.30345,1863.5,31.7,143.7,0.592,-0.806,CONIFER_HIGH_FLAMMABILITY,0.408,0.1,11.675,70.0,2.725,233.25,2.183,1.63,2.8,12.75,15.69,1,4,13.1,2413.6,0
UTT_CELL_0095_0020,CELL_0095_0020,UTT,2022-05-22,30.41966,78.59248,1688.8,25.4,162.0,0.309,-0.951,CONIFER_HIGH_FLAMMABILITY,0.471,0.1,11.675,70.0,2.725,233.25,2.183,1.63,2.8,12.75,15.69,0,0,19.7,5668.4,0
UTT_CELL_0053_0002,CELL_0053_0002,UTT,2022-05-22,30.22858,78.50366,1538.6,30.1,142.9,0.603,-0.798,CONIFER_HIGH_FLAMMABILITY,0.424,0.1,11.675,70.0,2.725,233.25,2.183,1.63,2.8,12.75,15.69,0,1,20.7,1423.3,1
UTT_CELL_0053_0003,CELL_0053_0003,UTT,2022-05-22,30.22868,78.50885,1540.7,30.2,142.9,0.603,-0.798,CONIFER_HIGH_FLAMMABILITY,0.423,0.1,11.675,70.0,2.725,233.25,2.183,1.63,2.8,12.75,15.69,1,2,20.7,1979.9,1
UTT_CELL_0027_0014,CELL_0027_0014,UTT,2022-05-22,30.11254,78.56884,1495.1,24.1,131.3,0.751,-0.66,CONIFER_HIGH_FLAMMABILITY,0.484,0.1,11.675,70.0,2.725,233.25,2.183,1.63,2.8,12.75,15.69,0,0,6.1,5172.2,0
UTT_CELL_0088_0108,CELL_0088_0108,UTT,2022-05-22,30.39574,79.05094,1857.8,17.0,159.6,0.349,-0.937,CONIFER_HIGH_FLAMMABILITY,0.555,0.1,11.675,70.0,2.725,233.25,2.183,1.63,2.8,12.75,15.69,0,0,11.1,7450.8,0
UTT_CELL_0023_0139,CELL_0023_0139,UTT,2022-05-22,30.1049,79.21751,1749.9,26.4,130.5,0.76,-0.649,CONIFER_HIGH_FLAMMABILITY,0.461,0.1,11.675,70.0,2.725,233.25,2.183,1.63,2.8,12.75,15.69,0,0,20.7,13728.6,0
UTT_CELL_0033_0096,CELL_0033_0096,UTT,2022-05-22,30.14678,78.99357,1685.5,11.2,134.7,0.711,-0.703,CONIFER_HIGH_FLAMMABILITY,0.613,0.1,11.675,70.0,2.725,233.25,2.183,1.63,2.8,12.75,15.69,0,10,20.7,251.9,0
UTT_CELL_0010_0147,CELL_0010_0147,UTT,2022-05-22,30.04683,79.26003,1732.1,33.8,124.7,0.822,-0.569,CONIFER_HIGH_FLAMMABILITY,0.387,0.1,11.675,70.0,2.725,233.25,2.183,1.63,2.8,12.75,15.69,0,0,16.1,13903.3,0
UTT_CELL_0007_0115,CELL_0007_0115,UTT,2022-05-22,30.031,79.09441,1656.4,32.3,123.1,0.838,-0.546,CONIFER_HIGH_FLAMMABILITY,0.402,0.1,11.675,70.0,2.725,233.25,2.183,1.63,2.8,12.75,15.69,0,0,20.7,5956.8,0
UTT_CELL_0079_0004,CELL_0079_0004,UTT,2022-05-22,30.34598,78.51109,1612.0,15.4,154.6,0.429,-0.903,CONIFER_HIGH_FLAMMABILITY,0.571,0.1,11.675,70.0,2.725,233.25,2.183,1.63,2.8,12.75,15.69,3,6,6.7,682.4,1
UTT_CELL_0085_0086,CELL_0085_0086,UTT,2022-05-22,30.38046,78.93679,1803.0,10.9,158.0,0.375,-0.927,CONIFER_HIGH_FLAMMABILITY,0.616,0.1,11.675,70.0,2.725,233.25,2.183,1.63,2.8,12.75,15.69,0,0,6.1,12843.8,0
UTT_CELL_0017_0080,CELL_0017_0080,UTT,2022-05-22,30.07334,78.91207,1608.8,32.9,127.3,0.795,-0.606,CONIFER_HIGH_FLAMMABILITY,0.396,0.1,11.675,70.0,2.725,233.25,2.183,1.63,2.8,12.75,15.69,0,2,20.7,3231.7,0
UTT_CELL_0101_0123,CELL_0101_0123,UTT,2022-05-22,30.45551,79.12785,1924.4,33.0,165.6,0.249,-0.969,CONIFER_HIGH_FLAMMABILITY,0.395,0.1,11.675,70.0,2.725,233.25,2.183,1.63,2.8,12.75,15.69,0,4,13.1,3670.2,0
UTT_CELL_0030_0081,CELL_0030_0081,UTT,2022-05-22,30.13204,78.91603,1645.6,17.1,133.2,0.729,-0.685,CONIFER_HIGH_FLAMMABILITY,0.554,0.1,11.675,70.0,2.725,233.25,2.183,1.63,2.8,12.75,15.69,0,14,14.7,1613.3,0
UTT_CELL_0053_0032,CELL_0053_0032,UTT,2022-05-22,30.23145,78.65941,1602.6,30.7,143.1,0.6,-0.8,CONIFER_HIGH_FLAMMABILITY,0.418,0.1,11.675,70.0,2.725,233.25,2.183,1.63,2.8,12.75,15.69,0,3,20.7,2531.3,0
UTT_CELL_0127_0118,CELL_0127_0118,UTT,2022-05-22,30.57238,79.09954,1983.2,8.4,177.2,0.049,-0.999,CONIFER_HIGH_FLAMMABILITY,0.641,0.1,11.675,70.0,2.725,233.25,2.183,1.63,2.8,12.75,15.69,0,0,13.1,16351.4,0
UTT_CELL_0046_0120,CELL_0046_0120,UTT,2022-05-22,30.20725,79.11699,1771.1,24.5,140.7,0.633,-0.774,CONIFER_HIGH_FLAMMABILITY,0.48,0.1,11.675,70.0,2.725,233.25,2.183,1.63,2.8,12.75,15.69,0,0,17.1,7113.2,0
UTT_CELL_0121_0048,CELL_0121_0048,UTT,2022-05-22,30.53949,78.73542,1817.9,21.3,173.9,0.106,-0.994,CONIFER_HIGH_FLAMMABILITY,0.512,0.1,11.675,70.0,2.725,233.25,2.183,1.63,2.8,12.75,15.69,0,0,20.7,18683.3,0
UTT_CELL_0085_0117,CELL_0085_0117,UTT,2022-05-22,30.3829,79.09802,1868.9,11.9,158.3,0.37,-0.929,CONIFER_HIGH_FLAMMABILITY,0.606,0.1,11.675,70.0,2.725,233.25,2.183,1.63,2.8,12.75,15.69,0,3,11.1,3820.3,0
UTT_CELL_0069_0087,CELL_0069_0087,UTT,2022-05-22,30.30839,78.94349,1762.4,28.0,150.8,0.488,-0.873,CONIFER_HIGH_FLAMMABILITY,0.445,0.1,11.675,70.0,2.725,233.25,2.183,1.63,2.8,12.75,15.69,0,0,5.7,8719.5,0
UTT_CELL_0105_0031,CELL_0105_0031,UTT,2022-05-22,30.46579,78.64862,1738.9,33.8,166.6,0.232,-0.973,CONIFER_HIGH_FLAMMABILITY,0.387,0.1,11.675,70.0,2.725,233.25,2.183,1.63,2.8,12.75,15.69,0,0,20.2,10554.0,0
UTT_CELL_0121_0068,CELL_0121_0068,UTT,2022-05-22,30.54126,78.8396,1860.6,20.7,174.1,0.103,-0.995,CONIFER_HIGH_FLAMMABILITY,0.518,0.1,11.675,70.0,2.725,233.25,2.183,1.63,2.8,12.75,15.69,0,0,20.7,21603.0,0
UTT_CELL_0040_0071,CELL_0040_0071,UTT,2022-05-22,30.1763,78.86318,1651.1,13.1,137.6,0.674,-0.738,CONIFER_HIGH_FLAMMABILITY,0.594,0.1,11.675,70.0,2.725,233.25,2.183,1.63,2.8,12.75,15.69,0,0,15.2,8066.3,0
UTT_CELL_0105_0044,CELL_0105_0044,UTT,2022-05-22,30.46699,78.71627,1766.7,33.9,166.7,0.23,-0.973,CONIFER_HIGH_FLAMMABILITY,0.386,0.1,11.675,70.0,2.725,233.25,2.183,1.63,2.8,12.75,15.69,0,0,20.7,11063.4,0
UTT_CELL_0082_0096,CELL_0082_0096,UTT,2022-05-22,30.36774,78.98907,1816.3,6.4,156.8,0.394,-0.919,CONIFER_HIGH_FLAMMABILITY,0.661,0.1,11.675,70.0,2.725,233.25,2.183,1.63,2.8,12.75,15.69,0,0,12.1,14700.3,0
UTT_CELL_0105_0049,CELL_0105_0049,UTT,2022-05-22,30.46745,78.7423,1777.4,33.9,166.7,0.23,-0.973,CONIFER_HIGH_FLAMMABILITY,0.386,0.1,11.675,70.0,2.725,233.25,2.183,1.63,2.8,12.75,15.69,0,0,20.7,10661.8,0
UTT_CELL_0040_0080,CELL_0040_0080,UTT,2022-05-22,30.17705,78.90989,1670.2,13.4,137.7,0.673,-0.74,CONIFER_HIGH_FLAMMABILITY,0.591,0.1,11.675,70.0,2.725,233.25,2.183,1.63,2.8,12.75,15.69,0,2,16.1,4534.5,0
UTT_CELL_0124_0123,CELL_0124_0123,UTT,2022-05-22,30.55923,79.12586,1985.9,13.8,175.9,0.071,-0.997,CONIFER_HIGH_FLAMMABILITY,0.587,0.1,11.675,70.0,2.725,233.25,2.183,1.63,2.8,12.75,15.69,0,0,13.1,14881.9,0
UTT_CELL_0024_0053,CELL_0024_0053,UTT,2022-05-22,30.1026,78.77139,1570.1,27.0,130.3,0.763,-0.647,CONIFER_HIGH_FLAMMABILITY,0.455,0.1,11.675,70.0,2.725,233.25,2.183,1.63,2.8,12.75,15.69,0,2,20.7,1019.7,0
UTT_CELL_0001_0103,CELL_0001_0103,UTT,2022-05-22,30.00303,79.03275,1614.9,26.0,120.3,0.863,-0.505,CONIFER_HIGH_FLAMMABILITY,0.465,0.1,11.675,70.0,2.725,233.25,2.183,1.63,2.8,12.75,15.69,0,3,20.7,1568.7,0
UTT_CELL_0027_0108,CELL_0027_0108,UTT,2022-05-22,30.12066,79.05636,1694.9,21.3,132.1,0.742,-0.67,CONIFER_HIGH_FLAMMABILITY,0.512,0.1,11.675,70.0,2.725,233.25,2.183,1.63,2.8,12.75,15.69,0,0,20.7,7749.4,0
UTT_CELL_0105_0072,CELL_0105_0072,UTT,2022-05-22,30.46946,78.86201,1826.5,33.9,166.9,0.227,-0.974,CONIFER_HIGH_FLAMMABILITY,0.386,0.1,11.675,70.0,2.725,233.25,2.183,1.63,2.8,12.75,15.69,0,0,6.1,16175.4,0
UTT_CELL_0027_0116,CELL_0027_0116,UTT,2022-05-22,30.12127,79.09786,1711.9,21.1,132.1,0.742,-0.67,CONIFER_HIGH_FLAMMABILITY,0.514,0.1,11.675,70.0,2.725,233.25,2.183,1.63,2.8,12.75,15.69,0,0,20.7,12138.8,0
UTT_CELL_0050_0067,CELL_0050_0067,UTT,2022-05-22,30.22105,78.84144,1669.2,28.4,142.1,0.614,-0.789,CONIFER_HIGH_FLAMMABILITY,0.441,0.1,11.675,70.0,2.725,233.25,2.183,1.63,2.8,12.75,15.69,0,0,1.6,6438.4,0
UTT_CELL_0056_0146,CELL_0056_0146,UTT,2022-05-22,30.25423,79.25119,1853.0,33.7,145.4,0.568,-0.823,CONIFER_HIGH_FLAMMABILITY,0.388,0.1,11.675,70.0,2.725,233.25,2.183,1.63,2.8,12.75,15.69,1,2,1.6,3540.6,0
UTT_CELL_0118_0079,CELL_0118_0079,UTT,2022-05-22,30.52867,78.89719,1876.1,24.9,172.9,0.124,-0.992,CONIFER_HIGH_FLAMMABILITY,0.476,0.1,11.675,70.0,2.725,233.25,2.183,1.63,2.8,12.75,15.69,0,0,6.1,23509.9,0
UTT_CELL_0069_0141,CELL_0069_0141,UTT,2022-05-22,30.3125,79.22416,1877.2,26.9,151.3,0.48,-0.877,CONIFER_HIGH_FLAMMABILITY,0.456,0.1,11.675,70.0,2.725,233.25,2.183,1.63,2.8,12.75,15.69,0,0,16.1,8008.8,0
UTT_CELL_0112_0010,CELL_0112_0010,UTT,2022-05-22,30.49533,78.53854,1712.6,32.5,169.5,0.182,-0.983,CONIFER_HIGH_FLAMMABILITY,0.4,0.1,11.675,70.0,2.725,233.25,2.183,1.63,2.8,12.75,15.69,0,1,19.7,1366.9,0
UTT_CELL_0014_0137,CELL_0014_0137,UTT,2022-05-22,30.06417,79.20787,1721.7,33.7,126.4,0.805,-0.593,CONIFER_HIGH_FLAMMABILITY,0.388,0.1,11.675,70.0,2.725,233.25,2.183,1.63,2.8,12.75,15.69,0,0,16.1,12307.3,0
UTT_CELL_0118_0089,CELL_0118_0089,UTT,2022-05-22,30.5295,78.94927,1897.4,24.7,173.0,0.122,-0.993,CONIFER_HIGH_FLAMMABILITY,0.478,0.1,11.675,70.0,2.725,233.25,2.183,1.63,2.8,12.75,15.69,0,0,13.1,21561.8,0
UTT_CELL_0086_0027,CELL_0086_0027,UTT,2022-05-22,30.37976,78.62987,1679.8,10.6,158.0,0.375,-0.927,CONIFER_HIGH_FLAMMABILITY,0.619,0.1,11.675,70.0,2.725,233.25,2.183,1.63,2.8,12.75,15.69,0,2,20.2,4819.8,0
UTT_CELL_0005_0027,CELL_0005_0027,UTT,2022-05-22,30.01459,78.63861,1464.2,29.1,121.5,0.853,-0.522,CONIFER_HIGH_FLAMMABILITY,0.434,0.1,11.675,70.0,2.725,233.25,2.183,1.63,2.8,12.75,15.69,0,0,20.2,6653.8,0
UTT_CELL_0044_0022,CELL_0044_0022,UTT,2022-05-22,30.18994,78.60847,1557.4,18.4,139.0,0.656,-0.755,CONIFER_HIGH_FLAMMABILITY,0.541,0.1,11.675,70.0,2.725,233.25,2.183,1.63,2.8,12.75,15.69,0,1,13.7,2268.4,0
UTT_CELL_0073_0049,CELL_0073_0049,UTT,2022-05-22,30.32317,78.74561,1692.1,23.7,152.3,0.465,-0.885,CONIFER_HIGH_FLAMMABILITY,0.488,0.1,11.675,70.0,2.725,233.25,2.183,1.63,2.8,12.75,15.69,0,5,20.2,2637.4,0
UTT_CELL_0121_0148,CELL_0121_0148,UTT,2022-05-22,30.54751,79.25638,2031.1,18.4,174.8,0.091,-0.996,CONIFER_MODERATE_FLAMMABILITY,0.541,0.1,11.675,70.0,2.725,233.25,2.183,1.63,2.8,12.75,15.69,0,0,13.7,20060.3,0
UTT_CELL_0099_0042,CELL_0099_0042,UTT,2022-05-22,30.43976,78.7065,1746.5,30.5,164.0,0.276,-0.961,CONIFER_HIGH_FLAMMABILITY,0.42,0.1,11.675,70.0,2.725,233.25,2.183,1.63,2.8,12.75,15.69,0,0,20.2,8211.2,0
UTT_CELL_0076_0104,CELL_0076_0104,UTT,2022-05-22,30.34132,79.03122,1817.3,17.2,154.1,0.437,-0.9,CONIFER_HIGH_FLAMMABILITY,0.553,0.1,11.675,70.0,2.725,233.25,2.183,1.63,2.8,12.75,15.69,0,0,20.7,9227.7,0
UTT_CELL_0047_0079,CELL_0047_0079,UTT,2022-05-22,30.20853,78.90403,1686.7,24.9,140.9,0.631,-0.776,CONIFER_HIGH_FLAMMABILITY,0.476,0.1,11.675,70.0,2.725,233.25,2.183,1.63,2.8,12.75,15.69,1,1,1.6,3861.4,0
UTT_CELL_0125_0043,CELL_0125_0043,UTT,2022-05-22,30.55707,78.70895,1817.8,14.7,175.7,0.075,-0.997,CONIFER_HIGH_FLAMMABILITY,0.578,0.1,11.675,70.0,2.725,233.25,2.183,1.63,2.8,12.75,15.69,0,0,20.2,20726.3,0
UTT_CELL_0044_0043,CELL_0044_0043,UTT,2022-05-22,30.19188,78.71746,1602.1,19.2,139.2,0.653,-0.757,CONIFER_HIGH_FLAMMABILITY,0.533,0.1,11.675,70.0,2.725,233.25,2.183,1.63,2.8,12.75,15.69,0,7,16.1,903.9,1
UTT_CELL_0083_0028,CELL_0083_0028,UTT,2022-05-22,30.36633,78.6354,1674.0,7.0,156.6,0.397,-0.918,CONIFER_HIGH_FLAMMABILITY,0.655,0.1,11.675,70.0,2.725,233.25,2.183,1.63,2.8,12.75,15.69,0,2,20.2,4123.8,0
UTT_CELL_0112_0056,CELL_0112_0056,UTT,2022-05-22,30.49963,78.77801,1811.0,31.9,170.0,0.174,-0.985,CONIFER_HIGH_FLAMMABILITY,0.406,0.1,11.675,70.0,2.725,233.25,2.183,1.63,2.8,12.75,15.69,0,0,20.7,14707.9,0
UTT_CELL_0083_0033,CELL_0083_0033,UTT,2022-05-22,30.3668,78.66139,1684.6,6.8,156.7,0.396,-0.918,CONIFER_HIGH_FLAMMABILITY,0.657,0.1,11.675,70.0,2.725,233.25,2.183,1.63,2.8,12.75,15.69,0,2,20.2,1264.0,0
UTT_CELL_0011_0147,CELL_0011_0147,UTT,2022-05-22,30.05134,79.25995,1734.8,34.0,125.1,0.818,-0.575,CONIFER_HIGH_FLAMMABILITY,0.385,0.1,11.675,70.0,2.725,233.25,2.183,1.63,2.8,12.75,15.69,0,0,19.2,14100.2,0
UTT_CELL_0037_0136,CELL_0037_0136,UTT,2022-05-22,30.16783,79.2008,1781.0,9.6,136.8,0.685,-0.729,CONIFER_HIGH_FLAMMABILITY,0.629,0.1,11.675,70.0,2.725,233.25,2.183,1.63,2.8,12.75,15.69,0,0,13.2,7134.7,0
UTT_CELL_0112_0068,CELL_0112_0068,UTT,2022-05-22,30.50068,78.84049,1836.6,31.7,170.1,0.172,-0.985,CONIFER_HIGH_FLAMMABILITY,0.408,0.1,11.675,70.0,2.725,233.25,2.183,1.63,2.8,12.75,15.69,0,0,20.7,17867.8,0
UTT_CELL_0005_0079,CELL_0005_0079,UTT,2022-05-22,30.01915,78.90802,1574.7,30.1,121.9,0.849,-0.528,CONIFER_HIGH_FLAMMABILITY,0.424,0.1,11.675,70.0,2.725,233.25,2.183,1.63,2.8,12.75,15.69,0,2,16.1,2501.6,0
UTT_CELL_0057_0054,CELL_0057_0054,UTT,2022-05-22,30.25148,78.77323,1660.2,33.5,145.1,0.572,-0.82,CONIFER_HIGH_FLAMMABILITY,0.39,0.1,11.675,70.0,2.725,233.25,2.183,1.63,2.8,12.75,15.69,0,0,20.2,6249.5,0
UTT_CELL_0076_0130,CELL_0076_0130,UTT,2022-05-22,30.34328,79.16639,1872.5,16.4,154.3,0.434,-0.901,CONIFER_HIGH_FLAMMABILITY,0.561,0.1,11.675,70.0,2.725,233.25,2.183,1.63,2.8,12.75,15.69,0,0,20.7,8814.2,0
UTT_CELL_0034_0113,CELL_0034_0113,UTT,2022-05-22,30.15261,79.08169,1724.2,8.8,135.3,0.703,-0.711,CONIFER_HIGH_FLAMMABILITY,0.637,0.1,11.675,70.0,2.725,233.25,2.183,1.63,2.8,12.75,15.69,0,0,20.7,10049.8,0
UTT_CELL_0008_0129,CELL_0008_0129,UTT,2022-05-22,30.03654,79.16688,1688.7,33.0,123.7,0.832,-0.555,CONIFER_HIGH_FLAMMABILITY,0.395,0.1,11.675,70.0,2.725,233.25,2.183,1.63,2.8,12.75,15.69,0,0,16.1,8492.8,0
UTT_CELL_0015_0049,CELL_0015_0049,UTT,2022-05-22,30.06167,78.75157,1537.6,33.8,126.2,0.807,-0.591,CONIFER_HIGH_FLAMMABILITY,0.387,0.1,11.675,70.0,2.725,233.25,2.183,1.63,2.8,12.75,15.69,0,0,20.7,5721.0,0
UTT_CELL_0102_0132,CELL_0102_0132,UTT,2022-05-22,30.46068,79.17461,1946.3,33.5,166.1,0.24,-0.971,CONIFER_HIGH_FLAMMABILITY,0.39,0.1,11.675,70.0,2.725,233.25,2.183,1.63,2.8,12.75,15.69,0,0,11.1,7792.6,0
UTT_CELL_0028_0051,CELL_0028_0051,UTT,2022-05-22,30.12046,78.76061,1576.5,21.4,132.0,0.743,-0.669,CONIFER_HIGH_FLAMMABILITY,0.511,0.1,11.675,70.0,2.725,233.25,2.183,1.63,2.8,12.75,15.69,3,8,20.7,2829.7,0
UTT_CELL_0044_0087,CELL_0044_0087,UTT,2022-05-22,30.19566,78.94584,1695.7,20.5,139.6,0.648,-0.762,CONIFER_HIGH_FLAMMABILITY,0.52,0.1,11.675,70.0,2.725,233.25,2.183,1.63,2.8,12.75,15.69,1,2,5.7,3851.6,0
UTT_CELL_0089_0148,CELL_0089_0148,UTT,2022-05-22,30.40319,79.25895,1945.5,19.8,160.3,0.337,-0.941,CONIFER_HIGH_FLAMMABILITY,0.527,0.1,11.675,70.0,2.725,233.25,2.183,1.63,2.8,12.75,15.69,0,0,14.2,7716.8,0
UTT_CELL_0051_0010,CELL_0051_0010,UTT,2022-05-22,30.22035,78.54542,1550.4,28.2,142.0,0.616,-0.788,CONIFER_HIGH_FLAMMABILITY,0.443,0.1,11.675,70.0,2.725,233.25,2.183,1.63,2.8,12.75,15.69,5,5,1.6,798.7,0
UTT_CELL_0031_0099,CELL_0031_0099,UTT,2022-05-22,30.138,79.00932,1686.5,14.8,133.8,0.722,-0.692,CONIFER_HIGH_FLAMMABILITY,0.577,0.1,11.675,70.0,2.725,233.25,2.183,1.63,2.8,12.75,15.69,0,5,20.7,2188.0,0
UTT_CELL_0021_0143,CELL_0021_0143,UTT,2022-05-22,30.09616,79.23842,1753.1,28.7,129.6,0.771,-0.637,CONIFER_HIGH_FLAMMABILITY,0.438,0.1,11.675,70.0,2.725,233.25,2.183,1.63,2.8,12.75,15.69,0,0,20.7,12517.2,0
UTT_CELL_0064_0008,CELL_0064_0008,UTT,2022-05-22,30.27876,78.53357,1580.7,33.3,147.9,0.531,-0.847,CONIFER_HIGH_FLAMMABILITY,0.392,0.1,11.675,70.0,2.725,233.25,2.183,1.63,2.8,12.75,15.69,5,6,6.1,2236.5,1
UTT_CELL_0038_0032,CELL_0038_0032,UTT,2022-05-22,30.16383,78.66101,1562.7,7.9,136.4,0.69,-0.724,CONIFER_HIGH_FLAMMABILITY,0.646,0.1,11.675,70.0,2.725,233.25,2.183,1.63,2.8,12.75,15.69,0,0,13.7,5403.7,0
UTT_CELL_0083_0091,CELL_0083_0091,UTT,2022-05-22,30.37185,78.96298,1808.3,7.3,157.2,0.388,-0.922,CONIFER_HIGH_FLAMMABILITY,0.652,0.1,11.675,70.0,2.725,233.25,2.183,1.63,2.8,12.75,15.69,0,0,6.1,15128.3,0
UTT_CELL_0051_0028,CELL_0051_0028,UTT,2022-05-22,30.22206,78.63886,1588.8,28.6,142.2,0.613,-0.79,CONIFER_HIGH_FLAMMABILITY,0.439,0.1,11.675,70.0,2.725,233.25,2.183,1.63,2.8,12.75,15.69,0,3,13.7,2916.7,0
UTT_CELL_0041_0073,CELL_0041_0073,UTT,2022-05-22,30.18098,78.87346,1658.0,14.9,138.1,0.668,-0.744,CONIFER_HIGH_FLAMMABILITY,0.576,0.1,11.675,70.0,2.725,233.25,2.183,1.63,2.8,12.75,15.69,0,0,1.6,7224.3,0
UTT_CELL_0057_0102,CELL_0057_0102,UTT,2022-05-22,30.25548,79.02254,1762.3,33.8,145.5,0.566,-0.824,CONIFER_HIGH_FLAMMABILITY,0.387,0.1,11.675,70.0,2.725,233.25,2.183,1.63,2.8,12.75,15.69,0,0,20.2,8205.9,0
UTT_CELL_0015_0087,CELL_0015_0087,UTT,2022-05-22,30.06489,78.94855,1618.4,33.7,126.5,0.804,-0.595,CONIFER_HIGH_FLAMMABILITY,0.388,0.1,11.675,70.0,2.725,233.25,2.183,1.63,2.8,12.75,15.69,0,0,20.7,5108.2,0
UTT_CELL_0057_0111,CELL_0057_0111,UTT,2022-05-22,30.25618,79.06929,1781.4,33.8,145.6,0.565,-0.825,CONIFER_HIGH_FLAMMABILITY,0.387,0.1,11.675,70.0,2.725,233.25,2.183,1.63,2.8,12.75,15.69,0,9,20.2,3212.0,1
UTT_CELL_0054_0076,CELL_0054_0076,UTT,2022-05-22,30.23985,78.88778,1699.0,32.2,144.0,0.588,-0.809,CONIFER_HIGH_FLAMMABILITY,0.403,0.1,11.675,70.0,2.725,233.25,2.183,1.63,2.8,12.75,15.69,1,1,1.6,889.9,0
UTT_CELL_0057_0118,CELL_0057_0118,UTT,2022-05-22,30.25671,79.10565,1796.3,33.8,145.7,0.564,-0.826,CONIFER_HIGH_FLAMMABILITY,0.387,0.1,11.675,70.0,2.725,233.25,2.183,1.63,2.8,12.75,15.69,0,14,17.1,1482.6,0
UTT_CELL_0122_0089,CELL_0122_0089,UTT,2022-05-22,30.54754,78.94889,1908.1,18.4,174.8,0.091,-0.996,CONIFER_HIGH_FLAMMABILITY,0.541,0.1,11.675,70.0,2.725,233.25,2.183,1.63,2.8,12.75,15.69,0,0,13.1,22728.3,0
UTT_CELL_0099_0140,CELL_0099_0140,UTT,2022-05-22,30.44773,79.21651,1955.2,31.9,164.8,0.262,-0.965,CONIFER_HIGH_FLAMMABILITY,0.406,0.1,11.675,70.0,2.725,233.25,2.183,1.63,2.8,12.75,15.69,0,0,11.1,11164.6,0
UTT_CELL_0073_0151,CELL_0073_0151,UTT,2022-05-22,30.33124,79.27582,1909.1,20.9,153.1,0.452,-0.892,CONIFER_HIGH_FLAMMABILITY,0.516,0.1,11.675,70.0,2.725,233.25,2.183,1.63,2.8,12.75,15.69,0,17,16.1,2195.8,0
UTT_CELL_0109_0100,CELL_0109_0100,UTT,2022-05-22,30.48981,79.0074,1896.8,33.2,169.0,0.191,-0.982,CONIFER_HIGH_FLAMMABILITY,0.393,0.1,11.675,70.0,2.725,233.25,2.183,1.63,2.8,12.75,15.69,0,0,13.1,13756.7,0
UTT_CELL_0048_0016,CELL_0048_0016,UTT,2022-05-22,30.2074,78.57689,1555.2,24.5,140.7,0.633,-0.774,CONIFER_HIGH_FLAMMABILITY,0.48,0.1,11.675,70.0,2.725,233.25,2.183,1.63,2.8,12.75,15.69,3,3,0.5,1636.2,0
UTT_CELL_0109_0108,CELL_0109_0108,UTT,2022-05-22,30.49044,79.04905,1913.9,33.1,169.0,0.191,-0.982,CONIFER_HIGH_FLAMMABILITY,0.394,0.1,11.675,70.0,2.725,233.25,2.183,1.63,2.8,12.75,15.69,0,0,13.1,10135.8,0
UTT_CELL_0028_0108,CELL_0028_0108,UTT,2022-05-22,30.12517,79.05627,1697.6,19.7,132.5,0.737,-0.676,CONIFER_HIGH_FLAMMABILITY,0.528,0.1,11.675,70.0,2.725,233.25,2.183,1.63,2.8,12.75,15.69,0,0,20.7,7571.4,0
UTT_CELL_0057_0138,CELL_0057_0138,UTT,2022-05-22,30.25817,79.20955,1838.7,33.9,145.8,0.562,-0.827,CONIFER_HIGH_FLAMMABILITY,0.386,0.1,11.675,70.0,2.725,233.25,2.183,1.63,2.8,12.75,15.69,0,1,13.2,2940.0,0
UTT_CELL_0018_0156,CELL_0018_0156,UTT,2022-05-22,30.08352,79.30608,1772.5,31.4,128.4,0.784,-0.621,CONIFER_HIGH_FLAMMABILITY,0.411,0.1,11.675,70.0,2.725,233.25,2.183,1.63,2.8,12.75,15.69,0,0,19.2,8057.3,0
UTT_CELL_0100_0001,CELL_0100_0001,UTT,2022-05-22,30.44034,78.49308,1661.4,30.6,164.0,0.276,-0.961,CONIFER_HIGH_FLAMMABILITY,0.419,0.1,11.675,70.0,2.725,233.25,2.183,1.63,2.8,12.75,15.69,0,5,12.6,1476.5,0
UTT_CELL_0125_0146,CELL_0125_0146,UTT,2022-05-22,30.56541,79.24563,2037.5,11.3,176.5,0.061,-0.998,CONIFER_MODERATE_FLAMMABILITY,0.612,0.1,11.675,70.0,2.725,233.25,2.183,1.63,2.8,12.75,15.69,0,0,13.1,21343.9,0
UTT_CELL_0054_0102,CELL_0054_0102,UTT,2022-05-22,30.24195,79.02281,1754.3,32.5,144.2,0.585,-0.811,CONIFER_HIGH_FLAMMABILITY,0.4,0.1,11.675,70.0,2.725,233.25,2.183,1.63,2.8,12.75,15.69,0,0,5.7,8186.8,0
UTT_CELL_0002_0133,CELL_0002_0133,UTT,2022-05-22,30.00977,79.18811,1681.1,27.9,121.0,0.857,-0.515,CONIFER_HIGH_FLAMMABILITY,0.446,0.1,11.675,70.0,2.725,233.25,2.183,1.63,2.8,12.75,15.69,0,0,16.1,5882.6,0
UTT_CELL_0025_0084,CELL_0025_0084,UTT,2022-05-22,30.10974,78.93206,1638.7,24.9,131.0,0.755,-0.656,CONIFER_HIGH_FLAMMABILITY,0.476,0.1,11.675,70.0,2.725,233.25,2.183,1.63,2.8,12.75,15.69,0,14,14.7,2169.0,0
UTT_CELL_0122_0124,CELL_0122_0124,UTT,2022-05-22,30.55028,79.13124,1982.7,17.4,175.0,0.087,-0.996,CONIFER_HIGH_FLAMMABILITY,0.551,0.1,11.675,70.0,2.725,233.25,2.183,1.63,2.8,12.75,15.69,0,0,13.1,13965.4,0
UTT_CELL_0070_0151,CELL_0070_0151,UTT,2022-05-22,30.31771,79.27606,1901.1,25.4,151.8,0.473,-0.881,CONIFER_HIGH_FLAMMABILITY,0.471,0.1,11.675,70.0,2.725,233.25,2.183,1.63,2.8,12.75,15.69,0,11,16.1,2306.2,0
UTT_CELL_0022_0056,CELL_0022_0056,UTT,2022-05-22,30.09385,78.78715,1571.2,29.3,129.4,0.773,-0.635,CONIFER_HIGH_FLAMMABILITY,0.432,0.1,11.675,70.0,2.725,233.25,2.183,1.63,2.8,12.75,15.69,0,3,20.7,1389.3,0
UTT_CELL_0090_0072,CELL_0090_0072,UTT,2022-05-22,30.40183,78.86349,1786.5,19.3,160.2,0.339,-0.941,CONIFER_HIGH_FLAMMABILITY,0.532,0.1,11.675,70.0,2.725,233.25,2.183,1.63,2.8,12.75,15.69,0,0,6.1,8973.9,0
UTT_CELL_0122_0138,CELL_0122_0138,UTT,2022-05-22,30.55131,79.20419,2012.5,17.0,175.1,0.085,-0.996,CONIFER_MODERATE_FLAMMABILITY,0.555,0.1,11.675,70.0,2.725,233.25,2.183,1.63,2.8,12.75,15.69,0,0,13.1,17195.6,0
UTT_CELL_0002_0156,CELL_0002_0156,UTT,2022-05-22,30.01136,79.3073,1729.7,28.3,121.1,0.856,-0.517,CONIFER_HIGH_FLAMMABILITY,0.442,0.1,11.675,70.0,2.725,233.25,2.183,1.63,2.8,12.75,15.69,0,0,19.2,15083.7,0
UTT_CELL_0119_0104,CELL_0119_0104,UTT,2022-05-22,30.53522,79.02731,1932.1,22.8,173.5,0.113,-0.994,CONIFER_HIGH_FLAMMABILITY,0.497,0.1,11.675,70.0,2.725,233.25,2.183,1.63,2.8,12.75,15.69,0,0,13.1,15465.5,0
UTT_CELL_0041_0144,CELL_0041_0144,UTT,2022-05-22,30.18643,79.242,1808.7,17.1,138.6,0.661,-0.75,CONIFER_HIGH_FLAMMABILITY,0.554,0.1,11.675,70.0,2.725,233.25,2.183,1.63,2.8,12.75,15.69,0,0,13.2,6361.8,0
UTT_CELL_0087_0050,CELL_0087_0050,UTT,2022-05-22,30.38638,78.74937,1731.6,13.3,158.6,0.365,-0.931,CONIFER_HIGH_FLAMMABILITY,0.592,0.1,11.675,70.0,2.725,233.25,2.183,1.63,2.8,12.75,15.69,0,1,20.7,1744.4,0
UTT_CELL_0084_0013,CELL_0084_0013,UTT,2022-05-22,30.3694,78.5573,1644.6,6.3,156.9,0.392,-0.92,CONIFER_HIGH_FLAMMABILITY,0.662,0.1,11.675,70.0,2.725,233.25,2.183,1.63,2.8,12.75,15.69,0,1,16.7,4940.1,0
UTT_CELL_0110_0002,CELL_0110_0002,UTT,2022-05-22,30.48552,78.49713,1690.2,33.5,168.6,0.198,-0.98,CONIFER_HIGH_FLAMMABILITY,0.39,0.1,11.675,70.0,2.725,233.25,2.183,1.63,2.8,12.75,15.69,0,3,19.7,3530.1,0
UTT_CELL_0045_0036,CELL_0045_0036,UTT,2022-05-22,30.19575,78.68102,1589.9,20.6,139.6,0.648,-0.762,CONIFER_HIGH_FLAMMABILITY,0.519,0.1,11.675,70.0,2.725,233.25,2.183,1.63,2.8,12.75,15.69,0,4,19.2,4278.4,0
UTT_CELL_0032_0043,CELL_0032_0043,UTT,2022-05-22,30.13778,78.7187,1570.2,14.9,133.8,0.722,-0.692,CONIFER_HIGH_FLAMMABILITY,0.576,0.1,11.675,70.0,2.725,233.25,2.183,1.63,2.8,12.75,15.69,3,9,0.5,417.8,0
UTT_CELL_0061_0069,CELL_0061_0069,UTT,2022-05-22,30.27082,78.85074,1702.8,33.9,147.1,0.543,-0.84,CONIFER_HIGH_FLAMMABILITY,0.386,0.1,11.675,70.0,2.725,233.25,2.183,1.63,2.8,12.75,15.69,0,6,16.7,1051.9,0
UTT_CELL_0045_0042,CELL_0045_0042,UTT,2022-05-22,30.1963,78.71216,1602.6,20.8,139.6,0.648,-0.762,CONIFER_HIGH_FLAMMABILITY,0.517,0.1,11.675,70.0,2.725,233.25,2.183,1.63,2.8,12.75,15.69,0,6,20.7,1638.3,1
UTT_CELL_0045_0043,CELL_0045_0043,UTT,2022-05-22,30.19639,78.71735,1604.8,20.8,139.6,0.648,-0.762,CONIFER_HIGH_FLAMMABILITY,0.517,0.1,11.675,70.0,2.725,233.25,2.183,1.63,2.8,12.75,15.69,0,6,16.1,1322.4,1
UTT_CELL_0029_0011,CELL_0029_0011,UTT,2022-05-22,30.12127,78.55306,1494.0,21.1,132.1,0.742,-0.67,CONIFER_HIGH_FLAMMABILITY,0.514,0.1,11.675,70.0,2.725,233.25,2.183,1.63,2.8,12.75,15.69,1,1,0.5,4033.2,0
UTT_CELL_0019_0057,CELL_0019_0057,UTT,2022-05-22,30.08041,78.79263,1565.3,31.9,128.0,0.788,-0.616,CONIFER_HIGH_FLAMMABILITY,0.406,0.1,11.675,70.0,2.725,233.25,2.183,1.63,2.8,12.75,15.69,0,1,20.7,2988.3,0
UTT_CELL_0022_0096,CELL_0022_0096,UTT,2022-05-22,30.09718,78.99457,1656.1,28.5,129.7,0.769,-0.639,CONIFER_HIGH_FLAMMABILITY,0.44,0.1,11.675,70.0,2.725,233.25,2.183,1.63,2.8,12.75,15.69,0,2,14.7,4062.6,0
UTT_CELL_0019_0067,CELL_0019_0067,UTT,2022-05-22,30.08127,78.84448,1586.6,31.8,128.1,0.787,-0.617,CONIFER_HIGH_FLAMMABILITY,0.407,0.1,11.675,70.0,2.725,233.25,2.183,1.63,2.8,12.75,15.69,0,0,15.2,5695.8,0
UTT_CELL_0132_0134,CELL_0132_0134,UTT,2022-05-22,30.59612,79.18251,2030.7,13.4,179.6,0.007,-1.0,CONIFER_MODERATE_FLAMMABILITY,0.591,0.1,11.675,70.0,2.725,233.25,2.183,1.63,2.8,12.75,15.69,0,0,13.1,20406.1,0
UTT_CELL_0060_0120,CELL_0060_0120,UTT,2022-05-25,30.27039,79.11578,1808.5,33.9,147.0,0.545,-0.839,CONIFER_HIGH_FLAMMABILITY,0.382,0.088,11.924999999999999,64.75,2.2075,149.0,-1.137,1.892,2.125,21.200000000000003,20.1,0,14,21.7,875.9,1
UTT_CELL_0091_0092,CELL_0091_0092,UTT,2022-05-25,30.408,78.96743,1831.8,21.6,160.8,0.329,-0.944,CONIFER_HIGH_FLAMMABILITY,0.505,0.088,11.924999999999999,64.75,2.2075,149.0,-1.137,1.892,2.125,21.200000000000003,20.1,0,0,16.1,16252.3,0
UTT_CELL_0053_0149,CELL_0053_0149,UTT,2022-05-25,30.2409,79.26701,1851.3,32.3,144.1,0.586,-0.81,CONIFER_HIGH_FLAMMABILITY,0.398,0.088,11.924999999999999,64.75,2.2075,149.0,-1.137,1.892,2.125,21.200000000000003,20.1,1,3,4.6,1245.1,0
UTT_CELL_0098_0149,CELL_0098_0149,UTT,2022-05-25,30.44385,79.26343,1971.7,31.3,164.4,0.269,-0.963,CONIFER_HIGH_FLAMMABILITY,0.408,0.088,11.924999999999999,64.75,2.2075,149.0,-1.137,1.892,2.125,21.200000000000003,20.1,0,0,17.2,11137.0,0
UTT_CELL_0012_0048,CELL_0012_0048,UTT,2022-05-25,30.04806,78.74669,1527.5,33.9,124.8,0.821,-0.571,CONIFER_HIGH_FLAMMABILITY,0.382,0.088,11.924999999999999,64.75,2.2075,149.0,-1.137,1.892,2.125,21.200000000000003,20.1,0,0,20.7,6641.4,0
UTT_CELL_0027_0111,CELL_0027_0111,UTT,2022-05-25,30.12089,79.07193,1701.3,21.2,132.1,0.742,-0.67,CONIFER_HIGH_FLAMMABILITY,0.509,0.088,11.924999999999999,64.75,2.2075,149.0,-1.137,1.892,2.125,21.200000000000003,20.1,0,0,23.7,9370.9,0
UTT_CELL_0096_0026,CELL_0096_0026,UTT,2022-05-25,30.42475,78.62358,1704.3,26.9,162.5,0.301,-0.954,CONIFER_HIGH_FLAMMABILITY,0.452,0.088,11.924999999999999,64.75,2.2075,149.0,-1.137,1.892,2.125,21.200000000000003,20.1,0,0,23.2,7865.2,0
UTT_CELL_0126_0033,CELL_0126_0033,UTT,2022-05-25,30.56065,78.65675,1799.1,13.3,176.1,0.068,-0.998,CONIFER_HIGH_FLAMMABILITY,0.588,0.088,11.924999999999999,64.75,2.2075,149.0,-1.137,1.892,2.125,21.200000000000003,20.1,0,0,22.7,16057.2,0
UTT_CELL_0033_0013,CELL_0033_0013,UTT,2022-05-25,30.13949,78.56299,1508.9,14.2,133.9,0.721,-0.693,CONIFER_HIGH_FLAMMABILITY,0.579,0.088,11.924999999999999,64.75,2.2075,149.0,-1.137,1.892,2.125,21.200000000000003,20.1,1,1,3.1,4643.9,0
UTT_CELL_0053_0124,CELL_0053_0124,UTT,2022-05-25,30.23912,79.13716,1798.3,32.1,143.9,0.589,-0.808,CONIFER_HIGH_FLAMMABILITY,0.4,0.088,11.924999999999999,64.75,2.2075,149.0,-1.137,1.892,2.125,21.200000000000003,20.1,0,1,21.7,4834.1,0
UTT_CELL_0100_0123,CELL_0100_0123,UTT,2022-05-25,30.451,79.12793,1921.8,32.4,165.1,0.257,-0.966,CONIFER_HIGH_FLAMMABILITY,0.397,0.088,11.924999999999999,64.75,2.2075,149.0,-1.137,1.892,2.125,21.200000000000003,20.1,0,4,16.1,3231.4,0
UTT_CELL_0007_0036,CELL_0007_0036,UTT,2022-05-25,30.02443,78.68502,1488.7,31.2,122.4,0.844,-0.536,CONIFER_HIGH_FLAMMABILITY,0.409,0.088,11.924999999999999,64.75,2.2075,149.0,-1.137,1.892,2.125,21.200000000000003,20.1,0,1,23.2,4821.6,0
UTT_CELL_0097_0027,CELL_0097_0027,UTT,2022-05-25,30.42935,78.62867,1709.1,28.1,162.9,0.294,-0.956,CONIFER_HIGH_FLAMMABILITY,0.44,0.088,11.924999999999999,64.75,2.2075,149.0,-1.137,1.892,2.125,21.200000000000003,20.1,0,0,23.2,7875.6,0
UTT_CELL_0132_0068,CELL_0132_0068,UTT,2022-05-25,30.59086,78.83849,1889.9,11.3,179.1,0.016,-1.0,CONIFER_HIGH_FLAMMABILITY,0.608,0.088,11.924999999999999,64.75,2.2075,149.0,-1.137,1.892,2.125,21.200000000000003,20.1,0,0,23.7,26495.3,0
UTT_CELL_0072_0140,CELL_0072_0140,UTT,2022-05-25,30.32596,79.21872,1883.1,22.8,152.6,0.46,-0.888,CONIFER_HIGH_FLAMMABILITY,0.493,0.088,11.924999999999999,64.75,2.2075,149.0,-1.137,1.892,2.125,21.200000000000003,20.1,0,0,19.1,8465.3,0
UTT_CELL_0099_0036,CELL_0099_0036,UTT,2022-05-25,30.43921,78.67528,1733.6,30.4,163.9,0.277,-0.961,CONIFER_HIGH_FLAMMABILITY,0.417,0.088,11.924999999999999,64.75,2.2075,149.0,-1.137,1.892,2.125,21.200000000000003,20.1,0,0,23.2,7258.4,0
UTT_CELL_0110_0034,CELL_0110_0034,UTT,2023-05-07,30.48861,78.66369,1758.6,33.3,168.9,0.193,-0.981,CONIFER_HIGH_FLAMMABILITY,0.436,0.04,8.7,58.75,2.8625000000000003,327.0,1.559,-2.401,1.925,43.324999999999996,21.81,0,0,370.2,12778.3,0
UTT_CELL_0048_0040,CELL_0048_0040,UTT,2023-05-07,30.20965,78.70147,1606.4,25.2,141.0,0.629,-0.777,CONIFER_HIGH_FLAMMABILITY,0.517,0.04,8.7,58.75,2.8625000000000003,327.0,1.559,-2.401,1.925,43.324999999999996,21.81,0,0,370.7,1829.5,0
UTT_CELL_0105_0061,CELL_0105_0061,UTT,2023-05-07,30.46851,78.80475,1803.0,33.9,166.9,0.227,-0.974,CONIFER_HIGH_FLAMMABILITY,0.43,0.04,8.7,58.75,2.8625000000000003,327.0,1.559,-2.401,1.925,43.324999999999996,21.81,0,0,370.7,12680.3,0
UTT_CELL_0062_0009,CELL_0062_0009,UTT,2023-05-07,30.26984,78.53899,1577.5,33.9,147.0,0.545,-0.839,CONIFER_HIGH_FLAMMABILITY,0.43,0.04,8.7,58.75,2.8625000000000003,327.0,1.559,-2.401,1.925,43.324999999999996,21.81,0,0,349.7,1213.3,0
UTT_CELL_0038_0154,CELL_0038_0154,UTT,2023-05-07,30.17359,79.29415,1821.8,12.0,137.4,0.677,-0.736,CONIFER_HIGH_FLAMMABILITY,0.649,0.04,8.7,58.75,2.8625000000000003,327.0,1.559,-2.401,1.925,43.324999999999996,21.81,0,0,370.7,2899.0,0
UTT_CELL_0070_0027,CELL_0070_0027,UTT,2023-05-07,30.30763,78.63161,1637.2,28.2,150.8,0.488,-0.873,CONIFER_HIGH_FLAMMABILITY,0.487,0.04,8.7,58.75,2.8625000000000003,327.0,1.559,-2.401,1.925,43.324999999999996,21.81,0,0,370.2,4830.0,0
UTT_CELL_0126_0077,CELL_0126_0077,UTT,2023-05-07,30.56457,78.88599,1893.1,11.7,176.5,0.061,-0.998,CONIFER_HIGH_FLAMMABILITY,0.652,0.04,8.7,58.75,2.8625000000000003,327.0,1.559,-2.401,1.925,43.324999999999996,21.81,0,0,370.7,26572.9,0
UTT_CELL_0068_0155,CELL_0068_0155,UTT,2023-05-07,30.30896,79.29701,1904.2,27.9,150.9,0.486,-0.874,CONIFER_HIGH_FLAMMABILITY,0.49,0.04,8.7,58.75,2.8625000000000003,327.0,1.559,-2.401,1.925,43.324999999999996,21.81,0,0,366.1,1937.7,0
UTT_CELL_0085_0032,CELL_0085_0032,UTT,2023-05-07,30.37572,78.65598,1687.8,8.9,157.6,0.381,-0.925,CONIFER_HIGH_FLAMMABILITY,0.68,0.04,8.7,58.75,2.8625000000000003,327.0,1.559,-2.401,1.925,43.324999999999996,21.81,0,0,370.2,1888.5,0
UTT_CELL_0070_0075,CELL_0070_0075,UTT,2023-05-07,30.31191,78.88104,1739.6,27.1,151.2,0.482,-0.876,CONIFER_HIGH_FLAMMABILITY,0.498,0.04,8.7,58.75,2.8625000000000003,327.0,1.559,-2.401,1.925,43.324999999999996,21.81,0,0,368.1,4610.2,0
UTT_CELL_0050_0060,CELL_0050_0060,UTT,2023-05-07,30.22044,78.80509,1654.3,28.2,142.0,0.616,-0.788,CONIFER_HIGH_FLAMMABILITY,0.487,0.04,8.7,58.75,2.8625000000000003,327.0,1.559,-2.401,1.925,43.324999999999996,21.81,0,0,370.2,6593.5,0
UTT_CELL_0020_0066,CELL_0020_0066,UTT,2023-05-07,30.08569,78.8392,1587.1,31.0,128.6,0.782,-0.624,CONIFER_HIGH_FLAMMABILITY,0.459,0.04,8.7,58.75,2.8625000000000003,327.0,1.559,-2.401,1.925,43.324999999999996,21.81,0,0,365.2,4956.4,0
UTT_CELL_0066_0095,CELL_0066_0095,UTT,2023-05-07,30.29551,78.98535,1771.4,30.9,149.6,0.506,-0.863,CONIFER_HIGH_FLAMMABILITY,0.46,0.04,8.7,58.75,2.8625000000000003,327.0,1.559,-2.401,1.925,43.324999999999996,21.81,0,0,355.7,8251.6,0
UTT_CELL_0032_0026,CELL_0032_0026,UTT,2023-05-07,30.13622,78.63053,1533.9,15.5,133.6,0.724,-0.69,CONIFER_HIGH_FLAMMABILITY,0.614,0.04,8.7,58.75,2.8625000000000003,327.0,1.559,-2.401,1.925,43.324999999999996,21.81,0,0,356.1,2294.9,0
UTT_CELL_0055_0114,CELL_0055_0114,UTT,2023-05-07,30.24739,79.08505,1782.5,33.1,144.7,0.578,-0.816,CONIFER_HIGH_FLAMMABILITY,0.438,0.04,8.7,58.75,2.8625000000000003,327.0,1.559,-2.401,1.925,43.324999999999996,21.81,0,0,349.7,1989.4,0
UTT_CELL_0088_0024,CELL_0088_0024,UTT,2023-05-07,30.38849,78.61405,1678.7,14.2,158.8,0.362,-0.932,CONIFER_HIGH_FLAMMABILITY,0.627,0.04,8.7,58.75,2.8625000000000003,327.0,1.559,-2.401,1.925,43.324999999999996,21.81,0,0,370.2,6729.7,0
UTT_CELL_0063_0135,CELL_0063_0135,UTT,2023-05-07,30.28502,79.19347,1848.4,32.6,148.5,0.522,-0.853,CONIFER_HIGH_FLAMMABILITY,0.443,0.04,8.7,58.75,2.8625000000000003,327.0,1.559,-2.401,1.925,43.324999999999996,21.81,0,0,363.2,6093.8,0
UTT_CELL_0036_0050,CELL_0036_0050,UTT,2023-05-07,30.15644,78.75461,1595.7,7.2,135.6,0.7,-0.714,CONIFER_HIGH_FLAMMABILITY,0.698,0.04,8.7,58.75,2.8625000000000003,327.0,1.559,-2.401,1.925,43.324999999999996,21.81,0,0,365.7,2493.0,0
UTT_CELL_0079_0120,CELL_0079_0120,UTT,2023-05-07,30.35607,79.11414,1859.3,11.3,155.6,0.413,-0.911,CONIFER_HIGH_FLAMMABILITY,0.656,0.04,8.7,58.75,2.8625000000000003,327.0,1.559,-2.401,1.925,43.324999999999996,21.81,0,0,361.1,6239.1,0
UTT_CELL_0024_0103,CELL_0024_0103,UTT,2023-05-07,30.10675,79.03069,1676.3,25.9,130.7,0.758,-0.652,CONIFER_HIGH_FLAMMABILITY,0.51,0.04,8.7,58.75,2.8625000000000003,327.0,1.559,-2.401,1.925,43.324999999999996,21.81,0,0,370.7,6180.8,0
UTT_CELL_0037_0099,CELL_0037_0099,UTT,2023-05-07,30.16506,79.00877,1702.5,8.4,136.5,0.688,-0.725,CONIFER_HIGH_FLAMMABILITY,0.685,0.04,8.7,58.75,2.8625000000000003,327.0,1.559,-2.401,1.925,43.324999999999996,21.81,0,0,370.7,2849.1,0
UTT_CELL_0007_0104,CELL_0007_0104,UTT,2023-05-07,30.03016,79.0374,1633.1,32.1,123.0,0.839,-0.545,CONIFER_HIGH_FLAMMABILITY,0.448,0.04,8.7,58.75,2.8625000000000003,327.0,1.559,-2.401,1.925,43.324999999999996,21.81,0,0,370.7,819.3,0
UTT_CELL_0112_0156,CELL_0112_0156,UTT,2023-05-07,30.50747,79.29877,2024.0,30.4,170.7,0.162,-0.987,CONIFER_MODERATE_FLAMMABILITY,0.465,0.04,8.7,58.75,2.8625000000000003,327.0,1.559,-2.401,1.925,43.324999999999996,21.81,0,0,363.7,13694.6,0
UTT_CELL_0070_0009,CELL_0070_0009,UTT,2023-05-07,30.3059,78.53809,1598.8,28.7,150.6,0.491,-0.871,CONIFER_HIGH_FLAMMABILITY,0.482,0.04,8.7,58.75,2.8625000000000003,327.0,1.559,-2.401,1.925,43.324999999999996,21.81,0,0,349.7,2928.7,0
UTT_CELL_0008_0135,CELL_0008_0135,UTT,2023-05-07,30.03697,79.19799,1701.4,33.0,123.7,0.832,-0.555,CONIFER_HIGH_FLAMMABILITY,0.439,0.04,8.7,58.75,2.8625000000000003,327.0,1.559,-2.401,1.925,43.324999999999996,21.81,0,0,366.1,9094.9,0
UTT_CELL_0129_0099,CELL_0129_0099,UTT,2023-05-08,30.57991,79.00034,1948.1,6.7,178.0,0.035,-0.999,CONIFER_HIGH_FLAMMABILITY,0.711,0.048,8.15,59.75,2.6174999999999997,252.75,2.5,0.776,6.225,49.550000000000004,0.11,0,0,364.1,21227.5,0
UTT_CELL_0004_0014,CELL_0004_0014,UTT,2023-05-08,30.00885,78.57137,1433.9,27.7,120.9,0.858,-0.514,CONIFER_HIGH_FLAMMABILITY,0.501,0.048,8.15,59.75,2.6174999999999997,252.75,2.5,0.776,6.225,49.550000000000004,0.11,0,0,371.7,5635.0,0
UTT_CELL_0069_0115,CELL_0069_0115,UTT,2023-05-08,30.3106,79.08902,1822.0,27.4,151.1,0.483,-0.875,CONIFER_HIGH_FLAMMABILITY,0.504,0.048,8.15,59.75,2.6174999999999997,252.75,2.5,0.776,6.225,49.550000000000004,0.11,0,0,371.7,2044.7,1
UTT_CELL_0079_0073,CELL_0079_0073,UTT,2023-05-08,30.35232,78.86976,1759.3,12.8,155.2,0.419,-0.908,CONIFER_HIGH_FLAMMABILITY,0.65,0.048,8.15,59.75,2.6174999999999997,252.75,2.5,0.776,6.225,49.550000000000004,0.11,0,0,357.1,4860.4,0
UTT_CELL_0013_0139,CELL_0013_0139,UTT,2023-05-08,30.0598,79.21832,1723.2,33.9,126.0,0.809,-0.588,CONIFER_HIGH_FLAMMABILITY,0.439,0.048,8.15,59.75,2.6174999999999997,252.75,2.5,0.776,6.225,49.550000000000004,0.11,0,0,367.1,12315.7,0
UTT_CELL_0080_0050,CELL_0080_0050,UTT,2023-05-08,30.35482,78.75009,1712.9,11.8,155.5,0.415,-0.91,CONIFER_HIGH_FLAMMABILITY,0.66,0.048,8.15,59.75,2.6174999999999997,252.75,2.5,0.776,6.225,49.550000000000004,0.11,0,0,371.7,1941.8,0
UTT_CELL_0113_0086,CELL_0113_0086,UTT,2023-05-08,30.50671,78.93412,1877.7,30.6,170.7,0.162,-0.987,CONIFER_HIGH_FLAMMABILITY,0.472,0.048,8.15,59.75,2.6174999999999997,252.75,2.5,0.776,6.225,49.550000000000004,0.11,0,0,364.1,21843.8,0
UTT_CELL_0059_0053,CELL_0059_0053,UTT,2023-05-08,30.26041,78.76783,1663.4,34.0,146.0,0.559,-0.829,CONIFER_HIGH_FLAMMABILITY,0.438,0.048,8.15,59.75,2.6174999999999997,252.75,2.5,0.776,6.225,49.550000000000004,0.11,0,0,371.2,6955.7,0
UTT_CELL_0104_0116,CELL_0104_0116,UTT,2023-05-08,30.46851,79.09115,1917.6,33.9,166.9,0.227,-0.974,CONIFER_HIGH_FLAMMABILITY,0.439,0.048,8.15,59.75,2.6174999999999997,252.75,2.5,0.776,6.225,49.550000000000004,0.11,0,0,364.1,5356.6,0
UTT_CELL_0105_0088,CELL_0105_0088,UTT,2023-05-08,30.4708,78.9453,1860.6,34.0,167.1,0.223,-0.975,CONIFER_HIGH_FLAMMABILITY,0.438,0.048,8.15,59.75,2.6174999999999997,252.75,2.5,0.776,6.225,49.550000000000004,0.11,0,0,364.1,19327.2,0
UTT_CELL_0007_0086,CELL_0007_0086,UTT,2023-05-08,30.02874,78.94411,1594.9,31.9,122.9,0.84,-0.543,CONIFER_HIGH_FLAMMABILITY,0.459,0.048,8.15,59.75,2.6174999999999997,252.75,2.5,0.776,6.225,49.550000000000004,0.11,0,0,371.7,4457.8,0
UTT_CELL_0063_0071,CELL_0063_0071,UTT,2023-05-08,30.28,78.86093,1712.4,33.2,148.0,0.53,-0.848,CONIFER_HIGH_FLAMMABILITY,0.446,0.048,8.15,59.75,2.6174999999999997,252.75,2.5,0.776,6.225,49.550000000000004,0.11,0,0,367.7,835.2,0
UTT_CELL_0052_0018,CELL_0052_0018,UTT,2023-05-08,30.22563,78.58683,1570.1,29.5,142.6,0.607,-0.794,CONIFER_HIGH_FLAMMABILITY,0.483,0.048,8.15,59.75,2.6174999999999997,252.75,2.5,0.776,6.225,49.550000000000004,0.11,0,0,351.1,1288.9,0
UTT_CELL_0132_0049,CELL_0132_0049,UTT,2023-05-08,30.58917,78.73948,1849.3,10.6,178.9,0.019,-1.0,CONIFER_HIGH_FLAMMABILITY,0.672,0.048,8.15,59.75,2.6174999999999997,252.75,2.5,0.776,6.225,49.550000000000004,0.11,0,0,371.7,24177.2,0
UTT_CELL_0132_0053,CELL_0132_0053,UTT,2023-05-08,30.58953,78.76032,1857.8,10.8,179.0,0.017,-1.0,CONIFER_HIGH_FLAMMABILITY,0.67,0.048,8.15,59.75,2.6174999999999997,252.75,2.5,0.776,6.225,49.550000000000004,0.11,0,0,371.7,24273.8,0
UTT_CELL_0074_0004,CELL_0074_0004,UTT,2023-05-08,30.32344,78.51166,1598.7,23.6,152.3,0.465,-0.885,CONIFER_HIGH_FLAMMABILITY,0.542,0.048,8.15,59.75,2.6174999999999997,252.75,2.5,0.776,6.225,49.550000000000004,0.11,0,0,350.7,2285.9,0
UTT_CELL_0057_0002,CELL_0057_0002,UTT,2023-05-08,30.24661,78.50321,1549.2,33.1,144.7,0.578,-0.816,CONIFER_HIGH_FLAMMABILITY,0.447,0.048,8.15,59.75,2.6174999999999997,252.75,2.5,0.776,6.225,49.550000000000004,0.11,0,0,350.7,2048.7,0
UTT_CELL_0129_0148,CELL_0129_0148,UTT,2023-05-08,30.58359,79.25573,2052.4,8.3,178.4,0.028,-1.0,CONIFER_MODERATE_FLAMMABILITY,0.695,0.048,8.15,59.75,2.6174999999999997,252.75,2.5,0.776,6.225,49.550000000000004,0.11,0,0,364.7,23383.1,0
UTT_CELL_0123_0015,CELL_0123_0015,UTT,2023-05-08,30.5454,78.56333,1752.6,19.2,174.5,0.096,-0.995,CONIFER_HIGH_FLAMMABILITY,0.586,0.048,8.15,59.75,2.6174999999999997,252.75,2.5,0.776,6.225,49.550000000000004,0.11,0,0,370.7,6684.4,0
UTT_CELL_0122_0114,CELL_0122_0114,UTT,2023-05-08,30.54953,79.07914,1961.4,17.7,175.0,0.087,-0.996,CONIFER_HIGH_FLAMMABILITY,0.601,0.048,8.15,59.75,2.6174999999999997,252.75,2.5,0.776,6.225,49.550000000000004,0.11,0,0,364.1,14260.2,0
UTT_CELL_0081_0066,CELL_0081_0066,UTT,2023-05-08,30.36074,78.83317,1749.7,9.3,156.1,0.405,-0.914,CONIFER_HIGH_FLAMMABILITY,0.685,0.048,8.15,59.75,2.6174999999999997,252.75,2.5,0.776,6.225,49.550000000000004,0.11,0,0,357.1,3818.7,0
UTT_CELL_0030_0062,CELL_0030_0062,UTT,2023-05-08,30.13044,78.81746,1605.2,17.7,133.0,0.731,-0.682,CONIFER_HIGH_FLAMMABILITY,0.601,0.048,8.15,59.75,2.6174999999999997,252.75,2.5,0.776,6.225,49.550000000000004,0.11,0,0,366.2,938.7,0
UTT_CELL_0113_0006,CELL_0113_0006,UTT,2023-05-08,30.49944,78.5176,1706.7,31.9,169.9,0.175,-0.985,CONIFER_HIGH_FLAMMABILITY,0.459,0.048,8.15,59.75,2.6174999999999997,252.75,2.5,0.776,6.225,49.550000000000004,0.11,0,0,370.7,1001.4,0
UTT_CELL_0055_0082,CELL_0055_0082,UTT,2023-05-08,30.24485,78.91884,1714.4,32.9,144.5,0.581,-0.814,CONIFER_HIGH_FLAMMABILITY,0.449,0.048,8.15,59.75,2.6174999999999997,252.75,2.5,0.776,6.225,49.550000000000004,0.11,0,0,352.6,2615.0,0
UTT_CELL_0066_0009,CELL_0066_0009,UTT,2023-05-08,30.28787,78.53854,1588.1,32.2,148.8,0.518,-0.855,CONIFER_HIGH_FLAMMABILITY,0.456,0.048,8.15,59.75,2.6174999999999997,252.75,2.5,0.776,6.225,49.550000000000004,0.11,0,0,350.7,1008.0,0
UTT_CELL_0009_0059,CELL_0009_0059,UTT,2023-05-08,30.03549,78.804,1542.9,32.9,123.5,0.834,-0.552,CONIFER_HIGH_FLAMMABILITY,0.449,0.048,8.15,59.75,2.6174999999999997,252.75,2.5,0.776,6.225,49.550000000000004,0.11,0,0,368.7,212.4,0
UTT_CELL_0037_0116,CELL_0037_0116,UTT,2023-05-08,30.16637,79.097,1738.6,9.0,136.6,0.687,-0.727,CONIFER_HIGH_FLAMMABILITY,0.688,0.048,8.15,59.75,2.6174999999999997,252.75,2.5,0.776,6.225,49.550000000000004,0.11,0,0,350.7,10490.2,0
UTT_CELL_0134_0155,CELL_0134_0155,UTT,2023-05-08,30.60662,79.29183,2080.7,17.6,180.7,-0.012,-1.0,CONIFER_MODERATE_FLAMMABILITY,0.602,0.048,8.15,59.75,2.6174999999999997,252.75,2.5,0.776,6.225,49.550000000000004,0.11,0,0,353.2,22541.1,0
UTT_CELL_0061_0044,CELL_0061_0044,UTT,2023-05-08,30.26862,78.72088,1649.5,33.9,146.9,0.546,-0.838,CONIFER_HIGH_FLAMMABILITY,0.439,0.048,8.15,59.75,2.6174999999999997,252.75,2.5,0.776,6.225,49.550000000000004,0.11,0,0,371.7,3748.7,1
UTT_CELL_0031_0050,CELL_0031_0050,UTT,2023-05-08,30.1339,78.75512,1582.4,16.4,133.4,0.727,-0.687,CONIFER_HIGH_FLAMMABILITY,0.614,0.048,8.15,59.75,2.6174999999999997,252.75,2.5,0.776,6.225,49.550000000000004,0.11,0,0,369.1,3005.7,0
UTT_CELL_0039_0066,CELL_0039_0066,UTT,2023-05-08,30.17136,78.83733,1637.7,11.0,137.1,0.681,-0.733,CONIFER_HIGH_FLAMMABILITY,0.668,0.048,8.15,59.75,2.6174999999999997,252.75,2.5,0.776,6.225,49.550000000000004,0.11,0,0,366.2,5987.2,0
UTT_CELL_0016_0116,CELL_0016_0116,UTT,2023-05-08,30.07166,79.09881,1682.5,33.1,127.2,0.797,-0.605,CONIFER_HIGH_FLAMMABILITY,0.447,0.048,8.15,59.75,2.6174999999999997,252.75,2.5,0.776,6.225,49.550000000000004,0.11,0,0,371.7,8644.1,0
UTT_CELL_0024_0010,CELL_0024_0010,UTT,2023-05-08,30.09863,78.54843,1478.6,28.1,129.9,0.767,-0.641,CONIFER_HIGH_FLAMMABILITY,0.497,0.048,8.15,59.75,2.6174999999999997,252.75,2.5,0.776,6.225,49.550000000000004,0.11,0,0,351.1,5376.6,0
UTT_CELL_0105_0141,CELL_0105_0141,UTT,2023-05-08,30.47486,79.22122,1973.4,34.0,167.5,0.216,-0.976,CONIFER_HIGH_FLAMMABILITY,0.438,0.048,8.15,59.75,2.6174999999999997,252.75,2.5,0.776,6.225,49.550000000000004,0.11,0,0,362.1,12924.1,0
UTT_CELL_0135_0140,CELL_0135_0140,UTT,2023-05-08,30.61008,79.21354,2051.5,18.9,181.0,-0.017,-1.0,CONIFER_MODERATE_FLAMMABILITY,0.589,0.048,8.15,59.75,2.6174999999999997,252.75,2.5,0.776,6.225,49.550000000000004,0.11,0,0,364.1,23282.6,0
UTT_CELL_0065_0065,CELL_0065_0065,UTT,2023-05-08,30.28851,78.82957,1704.9,32.1,148.9,0.517,-0.856,CONIFER_HIGH_FLAMMABILITY,0.457,0.048,8.15,59.75,2.6174999999999997,252.75,2.5,0.776,6.225,49.550000000000004,0.11,0,0,367.1,874.5,0
UTT_CELL_0024_0143,CELL_0024_0143,UTT,2023-05-08,30.10969,79.23818,1761.1,25.0,131.0,0.755,-0.656,CONIFER_HIGH_FLAMMABILITY,0.528,0.048,8.15,59.75,2.6174999999999997,252.75,2.5,0.776,6.225,49.550000000000004,0.11,0,0,371.7,11556.8,0
UTT_CELL_0074_0054,CELL_0074_0054,UTT,2023-05-08,30.32813,78.7715,1705.5,22.0,152.8,0.457,-0.889,CONIFER_HIGH_FLAMMABILITY,0.558,0.048,8.15,59.75,2.6174999999999997,252.75,2.5,0.776,6.225,49.550000000000004,0.11,0,0,370.7,5122.4,0
UTT_CELL_0106_0123,CELL_0106_0123,UTT,2023-05-08,30.47806,79.12742,1937.8,33.9,167.8,0.211,-0.977,CONIFER_HIGH_FLAMMABILITY,0.439,0.048,8.15,59.75,2.6174999999999997,252.75,2.5,0.776,6.225,49.550000000000004,0.11,0,0,364.1,6010.7,0
UTT_CELL_0109_0034,CELL_0109_0034,UTT,2023-05-08,30.4841,78.6638,1756.0,33.6,168.4,0.201,-0.98,CONIFER_HIGH_FLAMMABILITY,0.442,0.048,8.15,59.75,2.6174999999999997,252.75,2.5,0.776,6.225,49.550000000000004,0.11,0,0,371.2,12278.5,0
UTT_CELL_0020_0018,CELL_0020_0018,UTT,2023-05-08,30.08136,78.59035,1485.0,31.8,128.1,0.787,-0.617,CONIFER_HIGH_FLAMMABILITY,0.46,0.048,8.15,59.75,2.6174999999999997,252.75,2.5,0.776,6.225,49.550000000000004,0.11,0,0,357.1,6288.7,0
UTT_CELL_0062_0044,CELL_0062_0044,UTT,2023-05-08,30.27313,78.72078,1652.2,33.7,147.3,0.54,-0.842,CONIFER_HIGH_FLAMMABILITY,0.441,0.048,8.15,59.75,2.6174999999999997,252.75,2.5,0.776,6.225,49.550000000000004,0.11,0,0,371.7,4111.4,1
UTT_CELL_0056_0100,CELL_0056_0100,UTT,2023-05-08,30.25081,79.01224,1755.4,33.5,145.1,0.572,-0.82,CONIFER_HIGH_FLAMMABILITY,0.443,0.048,8.15,59.75,2.6174999999999997,252.75,2.5,0.776,6.225,49.550000000000004,0.11,0,0,350.7,6430.3,0
UTT_CELL_0082_0089,CELL_0082_0089,UTT,2023-05-08,30.36717,78.95267,1801.4,6.7,156.7,0.396,-0.918,CONIFER_HIGH_FLAMMABILITY,0.711,0.048,8.15,59.75,2.6174999999999997,252.75,2.5,0.776,6.225,49.550000000000004,0.11,0,0,357.1,13877.1,0
UTT_CELL_0011_0044,CELL_0011_0044,UTT,2023-05-08,30.04319,78.72606,1516.3,33.6,124.3,0.826,-0.564,CONIFER_HIGH_FLAMMABILITY,0.442,0.048,8.15,59.75,2.6174999999999997,252.75,2.5,0.776,6.225,49.550000000000004,0.11,0,0,371.2,8062.2,0
UTT_CELL_0065_0090,CELL_0065_0090,UTT,2023-05-08,30.2906,78.95946,1758.1,31.8,149.1,0.514,-0.858,CONIFER_HIGH_FLAMMABILITY,0.46,0.048,8.15,59.75,2.6174999999999997,252.75,2.5,0.776,6.225,49.550000000000004,0.11,0,0,356.7,6795.8,0
UTT_CELL_0106_0141,CELL_0106_0141,UTT,2023-05-08,30.47937,79.22114,1976.1,33.9,167.9,0.21,-0.978,CONIFER_HIGH_FLAMMABILITY,0.439,0.048,8.15,59.75,2.6174999999999997,252.75,2.5,0.776,6.225,49.550000000000004,0.11,0,0,362.1,13181.6,0
UTT_CELL_0102_0138,CELL_0102_0138,UTT,2023-05-08,30.46112,79.20585,1959.0,33.5,166.1,0.24,-0.971,CONIFER_HIGH_FLAMMABILITY,0.443,0.048,8.15,59.75,2.6174999999999997,252.75,2.5,0.776,6.225,49.550000000000004,0.11,0,0,362.1,10684.1,0
UTT_CELL_0022_0110,CELL_0022_0110,UTT,2023-05-09,30.09827,79.06718,1685.8,28.2,129.8,0.768,-0.64,CONIFER_HIGH_FLAMMABILITY,0.499,0.038,7.95,58.5,2.8874999999999997,232.75,2.298,1.748,3.375,39.900000000000006,0.84,0,0,372.7,8972.7,0
UTT_CELL_0102_0142,CELL_0102_0142,UTT,2023-05-09,30.4614,79.22667,1967.5,33.5,166.1,0.24,-0.971,CONIFER_HIGH_FLAMMABILITY,0.446,0.038,7.95,58.5,2.8874999999999997,232.75,2.298,1.748,3.375,39.900000000000006,0.84,0,0,363.1,12771.9,0
UTT_CELL_0118_0112,CELL_0118_0112,UTT,2023-05-09,30.53133,79.06908,1946.4,24.1,173.1,0.12,-0.993,CONIFER_HIGH_FLAMMABILITY,0.54,0.038,7.95,58.5,2.8874999999999997,232.75,2.298,1.748,3.375,39.900000000000006,0.84,0,0,365.1,12716.0,0
UTT_CELL_0030_0120,CELL_0030_0120,UTT,2023-05-09,30.1351,79.11836,1728.4,15.9,133.5,0.725,-0.688,CONIFER_HIGH_FLAMMABILITY,0.622,0.038,7.95,58.5,2.8874999999999997,232.75,2.298,1.748,3.375,39.900000000000006,0.84,0,0,372.7,14148.1,0
UTT_CELL_0017_0072,CELL_0017_0072,UTT,2023-05-09,30.07267,78.8706,1591.8,33.0,127.3,0.795,-0.606,CONIFER_HIGH_FLAMMABILITY,0.451,0.038,7.95,58.5,2.8874999999999997,232.75,2.298,1.748,3.375,39.900000000000006,0.84,0,0,368.1,4774.5,0
UTT_CELL_0038_0024,CELL_0038_0024,UTT,2023-05-09,30.16308,78.6195,1545.6,7.6,136.3,0.691,-0.723,CONIFER_HIGH_FLAMMABILITY,0.705,0.038,7.95,58.5,2.8874999999999997,232.75,2.298,1.748,3.375,39.900000000000006,0.84,0,0,358.1,3342.8,0
UTT_CELL_0004_0084,CELL_0004_0084,UTT,2023-05-09,30.01505,78.93403,1582.6,29.2,121.5,0.853,-0.522,CONIFER_HIGH_FLAMMABILITY,0.489,0.038,7.95,58.5,2.8874999999999997,232.75,2.298,1.748,3.375,39.900000000000006,0.84,0,0,372.7,4430.7,0
UTT_CELL_0043_0004,CELL_0043_0004,UTT,2023-05-09,30.1837,78.51518,1516.3,16.0,138.4,0.664,-0.748,CONIFER_HIGH_FLAMMABILITY,0.621,0.038,7.95,58.5,2.8874999999999997,232.75,2.298,1.748,3.375,39.900000000000006,0.84,0,0,354.1,4644.4,0
UTT_CELL_0108_0041,CELL_0108_0041,UTT,2023-05-09,30.48024,78.70034,1768.3,33.9,168.0,0.208,-0.978,CONIFER_HIGH_FLAMMABILITY,0.442,0.038,7.95,58.5,2.8874999999999997,232.75,2.298,1.748,3.375,39.900000000000006,0.84,0,0,372.2,12195.3,0
UTT_CELL_0120_0131,CELL_0120_0131,UTT,2023-05-09,30.54178,79.16789,1992.2,20.5,174.2,0.101,-0.995,CONIFER_HIGH_FLAMMABILITY,0.576,0.038,7.95,58.5,2.8874999999999997,232.75,2.298,1.748,3.375,39.900000000000006,0.84,0,0,365.1,14227.2,0
UTT_CELL_0135_0001,CELL_0135_0001,UTT,2023-05-09,30.59811,78.48902,1754.5,14.3,179.8,0.003,-1.0,CONIFER_HIGH_FLAMMABILITY,0.638,0.038,7.95,58.5,2.8874999999999997,232.75,2.298,1.748,3.375,39.900000000000006,0.84,0,0,369.1,578.6,0
UTT_CELL_0078_0050,CELL_0078_0050,UTT,2023-05-09,30.3458,78.75029,1707.6,15.4,154.6,0.429,-0.903,CONIFER_HIGH_FLAMMABILITY,0.627,0.038,7.95,58.5,2.8874999999999997,232.75,2.298,1.748,3.375,39.900000000000006,0.84,0,0,371.7,2834.8,0
UTT_CELL_0120_0007,CELL_0120_0007,UTT,2023-05-09,30.53109,78.52201,1727.5,24.2,173.1,0.12,-0.993,CONIFER_HIGH_FLAMMABILITY,0.539,0.038,7.95,58.5,2.8874999999999997,232.75,2.298,1.748,3.375,39.900000000000006,0.84,0,0,371.7,3730.8,0
UTT_CELL_0127_0117,CELL_0127_0117,UTT,2023-05-09,30.5723,79.09433,1981.1,8.5,177.2,0.049,-0.999,CONIFER_HIGH_FLAMMABILITY,0.696,0.038,7.95,58.5,2.8874999999999997,232.75,2.298,1.748,3.375,39.900000000000006,0.84,0,0,365.1,16407.8,0
UTT_CELL_0025_0111,CELL_0025_0111,UTT,2023-05-09,30.11187,79.0721,1696.0,24.3,131.2,0.752,-0.659,CONIFER_HIGH_FLAMMABILITY,0.538,0.038,7.95,58.5,2.8874999999999997,232.75,2.298,1.748,3.375,39.900000000000006,0.84,0,0,372.7,9735.7,0
UTT_CELL_0045_0151,CELL_0045_0151,UTT,2023-05-09,30.20496,79.27803,1834.2,23.7,140.5,0.636,-0.772,CONIFER_HIGH_FLAMMABILITY,0.544,0.038,7.95,58.5,2.8874999999999997,232.75,2.298,1.748,3.375,39.900000000000006,0.84,0,0,353.6,3230.6,0
UTT_CELL_0034_0002,CELL_0034_0002,UTT,2023-05-09,30.14293,78.50582,1488.1,12.8,134.3,0.716,-0.698,CONIFER_HIGH_FLAMMABILITY,0.653,0.038,7.95,58.5,2.8874999999999997,232.75,2.298,1.748,3.375,39.900000000000006,0.84,0,0,352.1,1767.1,0
UTT_CELL_0023_0112,CELL_0023_0112,UTT,2023-05-09,30.10293,79.07746,1692.7,27.0,130.3,0.763,-0.647,CONIFER_HIGH_FLAMMABILITY,0.511,0.038,7.95,58.5,2.8874999999999997,232.75,2.298,1.748,3.375,39.900000000000006,0.84,0,0,372.7,9904.6,0
UTT_CELL_0009_0095,CELL_0009_0095,UTT,2023-05-09,30.03848,78.99057,1619.3,33.2,123.8,0.831,-0.556,CONIFER_HIGH_FLAMMABILITY,0.449,0.038,7.95,58.5,2.8874999999999997,232.75,2.298,1.748,3.375,39.900000000000006,0.84,0,0,372.7,5537.5,0
UTT_CELL_0048_0014,CELL_0048_0014,UTT,2023-05-09,30.20721,78.56651,1550.9,24.4,140.7,0.633,-0.774,CONIFER_HIGH_FLAMMABILITY,0.537,0.038,7.95,58.5,2.8874999999999997,232.75,2.298,1.748,3.375,39.900000000000006,0.84,0,0,352.1,1862.0,0
UTT_CELL_0121_0065,CELL_0121_0065,UTT,2023-05-09,30.541,78.82397,1854.2,20.8,174.1,0.103,-0.995,CONIFER_HIGH_FLAMMABILITY,0.573,0.038,7.95,58.5,2.8874999999999997,232.75,2.298,1.748,3.375,39.900000000000006,0.84,0,0,372.7,20784.9,0
UTT_CELL_0103_0096,CELL_0103_0096,UTT,2023-05-09,30.46243,78.98713,1872.3,33.6,166.2,0.239,-0.971,CONIFER_HIGH_FLAMMABILITY,0.445,0.038,7.95,58.5,2.8874999999999997,232.75,2.298,1.748,3.375,39.900000000000006,0.84,0,0,365.1,14604.9,0
UTT_CELL_0048_0083,CELL_0048_0083,UTT,2023-05-09,30.21337,78.9247,1697.9,26.3,141.3,0.625,-0.78,CONIFER_HIGH_FLAMMABILITY,0.518,0.038,7.95,58.5,2.8874999999999997,232.75,2.298,1.748,3.375,39.900000000000006,0.84,0,0,357.7,3368.2,0
UTT_CELL_0056_0044,CELL_0056_0044,UTT,2023-05-09,30.24608,78.7214,1636.2,33.0,144.6,0.579,-0.815,CONIFER_HIGH_FLAMMABILITY,0.451,0.038,7.95,58.5,2.8874999999999997,232.75,2.298,1.748,3.375,39.900000000000006,0.84,2,2,0.7,2611.1,0
UTT_CELL_0034_0066,CELL_0034_0066,UTT,2023-05-09,30.14882,78.83782,1624.4,10.4,134.9,0.708,-0.706,CONIFER_HIGH_FLAMMABILITY,0.677,0.038,7.95,58.5,2.8874999999999997,232.75,2.298,1.748,3.375,39.900000000000006,0.84,0,0,367.2,3916.0,0
UTT_CELL_0125_0092,CELL_0125_0092,UTT,2023-05-10,30.56131,78.96424,1922.5,13.0,176.1,0.068,-0.998,CONIFER_HIGH_FLAMMABILITY,0.641,-0.038,8.625,49.0,2.0949999999999998,225.5,1.494,1.468,0.65,31.225,32.39,0,0,366.1,22381.0,0
UTT_CELL_0049_0070,CELL_0049_0070,UTT,2023-05-10,30.2168,78.85711,1672.9,27.3,141.7,0.62,-0.785,CONIFER_HIGH_FLAMMABILITY,0.498,-0.038,8.625,49.0,2.0949999999999998,225.5,1.494,1.468,0.65,31.225,32.39,0,0,354.6,5105.8,0
UTT_CELL_0022_0114,CELL_0022_0114,UTT,2023-05-10,30.09857,79.08792,1694.3,28.1,129.9,0.767,-0.641,CONIFER_HIGH_FLAMMABILITY,0.49,-0.038,8.625,49.0,2.0949999999999998,225.5,1.494,1.468,0.65,31.225,32.39,0,0,373.7,10060.4,0
UTT_CELL_0045_0066,CELL_0045_0066,UTT,2023-05-10,30.19842,78.83674,1653.7,21.5,139.8,0.645,-0.764,CONIFER_HIGH_FLAMMABILITY,0.556,-0.038,8.625,49.0,2.0949999999999998,225.5,1.494,1.468,0.65,31.225,32.39,0,0,354.6,8130.5,1
UTT_CELL_0030_0133,CELL_0030_0133,UTT,2023-05-10,30.13605,79.18581,1756.0,15.6,133.6,0.724,-0.69,CONIFER_HIGH_FLAMMABILITY,0.615,-0.038,8.625,49.0,2.0949999999999998,225.5,1.494,1.468,0.65,31.225,32.39,0,0,366.2,10886.5,0
UTT_CELL_0055_0034,CELL_0055_0034,UTT,2023-05-10,30.24066,78.66958,1612.2,32.3,144.1,0.586,-0.81,CONIFER_HIGH_FLAMMABILITY,0.448,-0.038,8.625,49.0,2.0949999999999998,225.5,1.494,1.468,0.65,31.225,32.39,0,0,373.7,1479.7,1
UTT_CELL_0107_0013,CELL_0107_0013,UTT,2023-05-10,30.47308,78.55472,1705.7,34.0,167.3,0.22,-0.976,CONIFER_HIGH_FLAMMABILITY,0.431,-0.038,8.625,49.0,2.0949999999999998,225.5,1.494,1.468,0.65,31.225,32.39,0,0,372.7,3238.3,0
UTT_CELL_0016_0060,CELL_0016_0060,UTT,2023-05-10,30.06714,78.80849,1563.7,33.5,126.7,0.802,-0.598,CONIFER_HIGH_FLAMMABILITY,0.436,-0.038,8.625,49.0,2.0949999999999998,225.5,1.494,1.468,0.65,31.225,32.39,0,0,370.7,3723.8,0
UTT_CELL_0003_0067,CELL_0003_0067,UTT,2023-05-10,30.00912,78.84604,1543.9,27.7,120.9,0.858,-0.514,CONIFER_HIGH_FLAMMABILITY,0.494,-0.038,8.625,49.0,2.0949999999999998,225.5,1.494,1.468,0.65,31.225,32.39,0,0,373.7,2841.4,0
UTT_CELL_0041_0080,CELL_0041_0080,UTT,2023-05-10,30.18156,78.90979,1672.9,15.2,138.2,0.667,-0.745,CONIFER_HIGH_FLAMMABILITY,0.619,-0.038,8.625,49.0,2.0949999999999998,225.5,1.494,1.468,0.65,31.225,32.39,0,0,369.1,4879.6,0
UTT_CELL_0129_0000,CELL_0129_0000,UTT,2023-05-10,30.57096,78.48451,1736.4,9.0,177.1,0.051,-0.999,CONIFER_HIGH_FLAMMABILITY,0.681,-0.038,8.625,49.0,2.0949999999999998,225.5,1.494,1.468,0.65,31.225,32.39,0,0,370.1,3241.0,0
UTT_CELL_0103_0022,CELL_0103_0022,UTT,2023-05-10,30.45592,78.602,1714.4,33.0,165.6,0.249,-0.969,CONIFER_HIGH_FLAMMABILITY,0.441,-0.038,8.625,49.0,2.0949999999999998,225.5,1.494,1.468,0.65,31.225,32.39,0,0,372.7,6125.3,0
UTT_CELL_0073_0028,CELL_0073_0028,UTT,2023-05-10,30.32125,78.63648,1647.3,24.3,152.1,0.468,-0.884,CONIFER_HIGH_FLAMMABILITY,0.528,-0.038,8.625,49.0,2.0949999999999998,225.5,1.494,1.468,0.65,31.225,32.39,0,0,373.2,4569.6,0
UTT_CELL_0081_0045,CELL_0081_0045,UTT,2023-05-10,30.35888,78.72399,1704.9,10.1,155.9,0.408,-0.913,CONIFER_HIGH_FLAMMABILITY,0.67,-0.038,8.625,49.0,2.0949999999999998,225.5,1.494,1.468,0.65,31.225,32.39,0,0,372.7,2032.9,0
UTT_CELL_0064_0053,CELL_0064_0053,UTT,2023-05-10,30.28295,78.76732,1676.7,32.9,148.3,0.525,-0.851,CONIFER_HIGH_FLAMMABILITY,0.442,-0.038,8.625,49.0,2.0949999999999998,225.5,1.494,1.468,0.65,31.225,32.39,0,0,1.7,5257.5,0
UTT_CELL_0120_0043,CELL_0120_0043,UTT,2023-05-10,30.53453,78.70948,1804.5,23.0,173.5,0.113,-0.994,CONIFER_HIGH_FLAMMABILITY,0.541,-0.038,8.625,49.0,2.0949999999999998,225.5,1.494,1.468,0.65,31.225,32.39,0,0,373.2,18290.7,0
UTT_CELL_0027_0025,CELL_0027_0025,UTT,2023-05-10,30.11358,78.62588,1518.5,23.7,131.4,0.75,-0.661,CONIFER_HIGH_FLAMMABILITY,0.534,-0.038,8.625,49.0,2.0949999999999998,225.5,1.494,1.468,0.65,31.225,32.39,0,0,359.1,2923.0,0
UTT_CELL_0062_0002,CELL_0062_0002,UTT,2023-05-10,30.26915,78.50264,1562.5,33.9,146.9,0.546,-0.838,CONIFER_HIGH_FLAMMABILITY,0.432,-0.038,8.625,49.0,2.0949999999999998,225.5,1.494,1.468,0.65,31.225,32.39,0,0,354.6,2428.4,0
UTT_CELL_0130_0011,CELL_0130_0011,UTT,2023-05-10,30.57657,78.5417,1762.6,6.7,177.7,0.04,-0.999,CONIFER_HIGH_FLAMMABILITY,0.704,-0.038,8.625,49.0,2.0949999999999998,225.5,1.494,1.468,0.65,31.225,32.39,0,0,370.1,6895.7,0
UTT_CELL_0006_0146,CELL_0006_0146,UTT,2023-05-10,30.02872,79.25516,1719.3,31.9,122.9,0.84,-0.543,CONIFER_HIGH_FLAMMABILITY,0.452,-0.038,8.625,49.0,2.0949999999999998,225.5,1.494,1.468,0.65,31.225,32.39,0,0,369.1,12169.0,0
UTT_CELL_0049_0140,CELL_0049_0140,UTT,2023-05-10,30.22224,79.22059,1821.6,28.7,142.2,0.613,-0.79,CONIFER_HIGH_FLAMMABILITY,0.484,-0.038,8.625,49.0,2.0949999999999998,225.5,1.494,1.468,0.65,31.225,32.39,0,0,366.2,1846.2,0
UTT_CELL_0094_0075,CELL_0094_0075,UTT,2023-05-10,30.42012,78.8787,1803.6,25.5,162.0,0.309,-0.951,CONIFER_HIGH_FLAMMABILITY,0.516,-0.038,8.625,49.0,2.0949999999999998,225.5,1.494,1.468,0.65,31.225,32.39,0,0,359.1,11506.0,0
UTT_CELL_0065_0054,CELL_0065_0054,UTT,2023-05-10,30.28755,78.77241,1681.5,32.3,148.8,0.518,-0.855,CONIFER_HIGH_FLAMMABILITY,0.448,-0.038,8.625,49.0,2.0949999999999998,225.5,1.494,1.468,0.65,31.225,32.39,0,0,1.7,5934.9,0
UTT_CELL_0010_0048,CELL_0010_0048,UTT,2023-05-10,30.03904,78.74689,1522.2,33.2,123.9,0.83,-0.558,CONIFER_HIGH_FLAMMABILITY,0.439,-0.038,8.625,49.0,2.0949999999999998,225.5,1.494,1.468,0.65,31.225,32.39,0,0,370.7,6412.8,0
UTT_CELL_0039_0076,CELL_0039_0076,UTT,2023-05-10,30.17221,78.88922,1659.0,11.4,137.2,0.679,-0.734,CONIFER_HIGH_FLAMMABILITY,0.657,-0.038,8.625,49.0,2.0949999999999998,225.5,1.494,1.468,0.65,31.225,32.39,0,0,369.1,6234.8,0
UTT_CELL_0005_0075,CELL_0005_0075,UTT,2023-05-10,30.01881,78.8873,1566.2,30.1,121.9,0.849,-0.528,CONIFER_HIGH_FLAMMABILITY,0.47,-0.038,8.625,49.0,2.0949999999999998,225.5,1.494,1.468,0.65,31.225,32.39,0,0,369.1,2009.2,0
UTT_CELL_0085_0109,CELL_0085_0109,UTT,2023-05-10,30.38229,79.05641,1851.9,11.7,158.2,0.371,-0.928,CONIFER_HIGH_FLAMMABILITY,0.654,-0.038,8.625,49.0,2.0949999999999998,225.5,1.494,1.468,0.65,31.225,32.39,0,0,364.1,7403.6,0
UTT_CELL_0016_0131,CELL_0016_0131,UTT,2023-05-10,30.07277,79.17659,1714.3,33.0,127.3,0.795,-0.606,CONIFER_HIGH_FLAMMABILITY,0.441,-0.038,8.625,49.0,2.0949999999999998,225.5,1.494,1.468,0.65,31.225,32.39,0,0,369.1,12531.5,0
UTT_CELL_0084_0139,CELL_0084_0139,UTT,2023-05-10,30.38001,79.21254,1913.0,10.7,158.0,0.375,-0.927,CONIFER_HIGH_FLAMMABILITY,0.664,-0.038,8.625,49.0,2.0949999999999998,225.5,1.494,1.468,0.65,31.225,32.39,0,0,367.2,10754.7,0
UTT_CELL_0089_0009,CELL_0089_0009,UTT,2023-05-10,30.39155,78.53594,1649.3,15.4,159.2,0.355,-0.935,CONIFER_HIGH_FLAMMABILITY,0.617,-0.038,8.625,49.0,2.0949999999999998,225.5,1.494,1.468,0.65,31.225,32.39,0,0,368.2,3650.1,0
UTT_CELL_0089_0138,CELL_0089_0138,UTT,2023-05-10,30.40249,79.20692,1924.3,19.6,160.2,0.339,-0.941,CONIFER_HIGH_FLAMMABILITY,0.575,-0.038,8.625,49.0,2.0949999999999998,225.5,1.494,1.468,0.65,31.225,32.39,0,0,364.1,9584.4,0
UTT_CELL_0042_0141,CELL_0042_0141,UTT,2023-05-10,30.19074,79.22635,1805.0,18.7,139.1,0.655,-0.756,CONIFER_HIGH_FLAMMABILITY,0.584,-0.038,8.625,49.0,2.0949999999999998,225.5,1.494,1.468,0.65,31.225,32.39,0,0,366.2,5040.3,0
UTT_CELL_0009_0050,CELL_0009_0050,UTT,2023-05-11,30.0347,78.75736,1523.8,32.8,123.5,0.834,-0.552,CONIFER_HIGH_FLAMMABILITY,0.413,-0.062,10.575,46.0,2.3749999999999996,179.0,-0.041,2.375,0.2,20.025,47.24,0,0,371.7,5207.8,0
UTT_CELL_0086_0045,CELL_0086_0045,UTT,2023-05-11,30.38142,78.72347,1718.2,11.3,158.1,0.373,-0.928,CONIFER_HIGH_FLAMMABILITY,0.628,-0.062,10.575,46.0,2.3749999999999996,179.0,-0.041,2.375,0.2,20.025,47.24,0,0,374.7,2591.1,0
UTT_CELL_0051_0008,CELL_0051_0008,UTT,2023-05-11,30.22015,78.53503,1546.1,28.2,142.0,0.616,-0.788,CONIFER_HIGH_FLAMMABILITY,0.459,-0.062,10.575,46.0,2.3749999999999996,179.0,-0.041,2.375,0.2,20.025,47.24,0,0,355.6,1749.4,0
UTT_CELL_0036_0016,CELL_0036_0016,UTT,2023-05-11,30.1533,78.57822,1523.3,8.5,135.3,0.703,-0.711,CONIFER_HIGH_FLAMMABILITY,0.656,-0.062,10.575,46.0,2.3749999999999996,179.0,-0.041,2.375,0.2,20.025,47.24,0,0,360.1,4089.6,0
UTT_CELL_0064_0075,CELL_0064_0075,UTT,2023-05-11,30.28485,78.88162,1723.6,32.6,148.5,0.522,-0.853,CONIFER_HIGH_FLAMMABILITY,0.415,-0.062,10.575,46.0,2.3749999999999996,179.0,-0.041,2.375,0.2,20.025,47.24,0,0,370.7,3178.8,0
UTT_CELL_0064_0016,CELL_0064_0016,UTT,2023-05-11,30.27953,78.57512,1597.8,33.2,148.0,0.53,-0.848,CONIFER_HIGH_FLAMMABILITY,0.409,-0.062,10.575,46.0,2.3749999999999996,179.0,-0.041,2.375,0.2,20.025,47.24,0,0,360.1,2382.3,0
UTT_CELL_0054_0003,CELL_0054_0003,UTT,2023-05-11,30.23318,78.50874,1543.4,31.1,143.3,0.598,-0.802,CONIFER_HIGH_FLAMMABILITY,0.43,-0.062,10.575,46.0,2.3749999999999996,179.0,-0.041,2.375,0.2,20.025,47.24,0,0,353.7,548.7,0
UTT_CELL_0126_0024,CELL_0126_0024,UTT,2023-05-11,30.5598,78.60987,1779.8,13.6,176.0,0.07,-0.998,CONIFER_HIGH_FLAMMABILITY,0.605,-0.062,10.575,46.0,2.3749999999999996,179.0,-0.041,2.375,0.2,20.025,47.24,0,0,373.7,11536.4,0
UTT_CELL_0088_0076,CELL_0088_0076,UTT,2023-05-11,30.39315,78.88449,1789.7,16.0,159.3,0.353,-0.935,CONIFER_HIGH_FLAMMABILITY,0.581,-0.062,10.575,46.0,2.3749999999999996,179.0,-0.041,2.375,0.2,20.025,47.24,0,0,360.1,9260.3,0
UTT_CELL_0054_0012,CELL_0054_0012,UTT,2023-05-11,30.23406,78.55546,1562.6,31.2,143.4,0.596,-0.803,CONIFER_HIGH_FLAMMABILITY,0.429,-0.062,10.575,46.0,2.3749999999999996,179.0,-0.041,2.375,0.2,20.025,47.24,0,0,353.7,1028.9,0
UTT_CELL_0106_0052,CELL_0106_0052,UTT,2023-05-11,30.47222,78.75781,1786.5,34.0,167.2,0.222,-0.975,CONIFER_HIGH_FLAMMABILITY,0.401,-0.062,10.575,46.0,2.3749999999999996,179.0,-0.041,2.375,0.2,20.025,47.24,0,0,374.7,11285.4,0
UTT_CELL_0037_0145,CELL_0037_0145,UTT,2023-05-11,30.16846,79.24752,1800.1,9.8,136.8,0.685,-0.729,CONIFER_HIGH_FLAMMABILITY,0.643,-0.062,10.575,46.0,2.3749999999999996,179.0,-0.041,2.375,0.2,20.025,47.24,0,0,355.6,7922.8,0
UTT_CELL_0044_0065,CELL_0044_0065,UTT,2023-05-11,30.19382,78.83164,1649.0,19.9,139.4,0.651,-0.759,CONIFER_HIGH_FLAMMABILITY,0.542,-0.062,10.575,46.0,2.3749999999999996,179.0,-0.041,2.375,0.2,20.025,47.24,1,1,0.5,1066.1,1
UTT_CELL_0003_0146,CELL_0003_0146,UTT,2023-05-11,30.01519,79.2554,1711.3,29.3,121.5,0.853,-0.522,CONIFER_HIGH_FLAMMABILITY,0.448,-0.062,10.575,46.0,2.3749999999999996,179.0,-0.041,2.375,0.2,20.025,47.24,0,0,370.1,11311.7,0
UTT_CELL_0124_0104,CELL_0124_0104,UTT,2023-05-11,30.55776,79.02686,1945.4,14.4,175.8,0.073,-0.997,CONIFER_HIGH_FLAMMABILITY,0.597,-0.062,10.575,46.0,2.3749999999999996,179.0,-0.041,2.375,0.2,20.025,47.24,0,0,367.1,17528.4,0
UTT_CELL_0047_0123,CELL_0047_0123,UTT,2023-05-11,30.21199,79.13248,1780.2,25.9,141.2,0.627,-0.779,CONIFER_HIGH_FLAMMABILITY,0.482,-0.062,10.575,46.0,2.3749999999999996,179.0,-0.041,2.375,0.2,20.025,47.24,0,0,350.6,6896.1,0
UTT_CELL_0124_0121,CELL_0124_0121,UTT,2023-05-12,30.55908,79.11544,1981.6,13.9,175.9,0.071,-0.997,CONIFER_HIGH_FLAMMABILITY,0.556,-0.166,13.649999999999999,33.0,3.015,221.5,1.998,2.258,0.0,17.825000000000003,58.91,0,0,368.1,14803.1,0
UTT_CELL_0040_0082,CELL_0040_0082,UTT,2023-05-12,30.17722,78.92027,1674.4,13.4,137.7,0.673,-0.74,CONIFER_HIGH_FLAMMABILITY,0.561,-0.166,13.649999999999999,33.0,3.015,221.5,1.998,2.258,0.0,17.825000000000003,58.91,0,0,371.1,3742.7,0
UTT_CELL_0118_0048,CELL_0118_0048,UTT,2023-05-12,30.52596,78.73573,1809.9,25.8,172.6,0.129,-0.992,CONIFER_HIGH_FLAMMABILITY,0.437,-0.166,13.649999999999999,33.0,3.015,221.5,1.998,2.258,0.0,17.825000000000003,58.91,0,0,375.7,17182.4,0
UTT_CELL_0019_0081,CELL_0019_0081,UTT,2023-05-12,30.08244,78.91707,1616.3,31.6,128.2,0.786,-0.618,CONIFER_HIGH_FLAMMABILITY,0.379,-0.166,13.649999999999999,33.0,3.015,221.5,1.998,2.258,0.0,17.825000000000003,58.91,0,0,375.7,4336.6,0
UTT_CELL_0048_0111,CELL_0048_0111,UTT,2023-05-12,30.21559,79.07008,1757.4,26.9,141.6,0.621,-0.784,CONIFER_HIGH_FLAMMABILITY,0.426,-0.166,13.649999999999999,33.0,3.015,221.5,1.998,2.258,0.0,17.825000000000003,58.91,0,0,354.7,4583.9,0
UTT_CELL_0126_0086,CELL_0126_0086,UTT,2023-05-12,30.56533,78.93288,1912.3,11.4,176.5,0.061,-0.998,CONIFER_HIGH_FLAMMABILITY,0.581,-0.166,13.649999999999999,33.0,3.015,221.5,1.998,2.258,0.0,17.825000000000003,58.91,0,0,368.1,25336.9,0
UTT_CELL_0052_0006,CELL_0052_0006,UTT,2023-05-12,30.22446,78.52454,1544.5,29.2,142.4,0.61,-0.792,CONIFER_HIGH_FLAMMABILITY,0.403,-0.166,13.649999999999999,33.0,3.015,221.5,1.998,2.258,0.0,17.825000000000003,58.91,0,0,354.7,1997.0,0
UTT_CELL_0013_0034,CELL_0013_0034,UTT,2023-05-12,30.0513,78.67403,1500.4,34.0,125.1,0.818,-0.575,CONIFER_HIGH_FLAMMABILITY,0.355,-0.166,13.649999999999999,33.0,3.015,221.5,1.998,2.258,0.0,17.825000000000003,58.91,0,0,375.2,7950.3,0
UTT_CELL_0129_0140,CELL_0129_0140,UTT,2023-05-12,30.58302,79.21403,2035.4,8.0,178.3,0.03,-1.0,CONIFER_MODERATE_FLAMMABILITY,0.615,-0.166,13.649999999999999,33.0,3.015,221.5,1.998,2.258,0.0,17.825000000000003,58.91,0,0,368.1,20722.2,0
UTT_CELL_0079_0104,CELL_0079_0104,UTT,2023-05-12,30.35485,79.03094,1825.3,11.8,155.5,0.415,-0.91,CONIFER_HIGH_FLAMMABILITY,0.577,-0.166,13.649999999999999,33.0,3.015,221.5,1.998,2.258,0.0,17.825000000000003,58.91,0,0,3.7,8209.2,0
UTT_CELL_0031_0011,CELL_0031_0011,UTT,2023-05-12,30.13028,78.55284,1499.3,17.8,133.0,0.731,-0.682,CONIFER_HIGH_FLAMMABILITY,0.517,-0.166,13.649999999999999,33.0,3.015,221.5,1.998,2.258,0.0,17.825000000000003,58.91,0,0,355.1,3637.2,0
UTT_CELL_0001_0149,CELL_0001_0149,UTT,2023-05-12,30.00637,79.27111,1712.3,27.0,120.6,0.861,-0.509,CONIFER_HIGH_FLAMMABILITY,0.425,-0.166,13.649999999999999,33.0,3.015,221.5,1.998,2.258,0.0,17.825000000000003,58.91,0,0,371.1,12375.5,0
UTT_CELL_0045_0110,CELL_0045_0110,UTT,2023-05-12,30.20199,79.06515,1747.3,22.7,140.2,0.64,-0.768,CONIFER_HIGH_FLAMMABILITY,0.468,-0.166,13.649999999999999,33.0,3.015,221.5,1.998,2.258,0.0,17.825000000000003,58.91,0,0,354.7,6116.4,0
UTT_CELL_0097_0088,CELL_0097_0088,UTT,2023-05-12,30.43473,78.94605,1839.3,29.4,163.5,0.284,-0.959,CONIFER_HIGH_FLAMMABILITY,0.401,-0.166,13.649999999999999,33.0,3.015,221.5,1.998,2.258,0.0,17.825000000000003,58.91,0,0,361.1,17263.3,0
UTT_CELL_0023_0010,CELL_0023_0010,UTT,2023-05-12,30.09412,78.54854,1475.9,29.2,129.4,0.773,-0.635,CONIFER_HIGH_FLAMMABILITY,0.403,-0.166,13.649999999999999,33.0,3.015,221.5,1.998,2.258,0.0,17.825000000000003,58.91,0,0,355.1,5803.5,0
UTT_CELL_0014_0154,CELL_0014_0154,UTT,2023-05-12,30.06535,79.29601,1757.6,33.6,126.5,0.804,-0.595,CONIFER_HIGH_FLAMMABILITY,0.359,-0.166,13.649999999999999,33.0,3.015,221.5,1.998,2.258,0.0,17.825000000000003,58.91,0,0,374.2,10350.7,0
UTT_CELL_0086_0046,CELL_0086_0046,UTT,2023-05-12,30.38151,78.72867,1720.4,11.3,158.2,0.371,-0.928,CONIFER_HIGH_FLAMMABILITY,0.582,-0.166,13.649999999999999,33.0,3.015,221.5,1.998,2.258,0.0,17.825000000000003,58.91,0,0,375.7,2089.7,0
UTT_CELL_0055_0085,CELL_0055_0085,UTT,2023-05-12,30.2451,78.93442,1720.8,32.9,144.5,0.581,-0.814,CONIFER_HIGH_FLAMMABILITY,0.366,-0.166,13.649999999999999,33.0,3.015,221.5,1.998,2.258,0.0,17.825000000000003,58.91,0,0,360.7,2400.3,0
UTT_CELL_0086_0051,CELL_0086_0051,UTT,2023-05-12,30.38196,78.75467,1731.0,11.5,158.2,0.371,-0.928,CONIFER_HIGH_FLAMMABILITY,0.58,-0.166,13.649999999999999,33.0,3.015,221.5,1.998,2.258,0.0,17.825000000000003,58.91,0,0,375.7,1621.3,0
UTT_CELL_0089_0092,CELL_0089_0092,UTT,2023-05-12,30.39898,78.96762,1826.4,18.3,159.9,0.344,-0.939,CONIFER_HIGH_FLAMMABILITY,0.512,-0.166,13.649999999999999,33.0,3.015,221.5,1.998,2.258,0.0,17.825000000000003,58.91,0,0,368.1,16369.0,0
UTT_CELL_0100_0147,CELL_0100_0147,UTT,2023-05-12,30.45273,79.25286,1972.8,32.7,165.3,0.254,-0.967,CONIFER_HIGH_FLAMMABILITY,0.368,-0.166,13.649999999999999,33.0,3.015,221.5,1.998,2.258,0.0,17.825000000000003,58.91,0,0,369.2,12569.7,0
UTT_CELL_0091_0035,CELL_0091_0035,UTT,2023-05-12,30.40305,78.67093,1710.2,19.8,160.3,0.337,-0.941,CONIFER_HIGH_FLAMMABILITY,0.497,-0.166,13.649999999999999,33.0,3.015,221.5,1.998,2.258,0.0,17.825000000000003,58.91,0,0,375.2,3247.1,0
UTT_CELL_0068_0093,CELL_0068_0093,UTT,2023-05-12,30.30437,78.97477,1772.5,29.0,150.4,0.494,-0.869,CONIFER_HIGH_FLAMMABILITY,0.405,-0.166,13.649999999999999,33.0,3.015,221.5,1.998,2.258,0.0,17.825000000000003,58.91,0,0,360.7,8689.0,0
UTT_CELL_0013_0079,CELL_0013_0079,UTT,2023-05-12,30.05522,78.90727,1596.0,34.0,125.5,0.814,-0.581,CONIFER_HIGH_FLAMMABILITY,0.355,-0.166,13.649999999999999,33.0,3.015,221.5,1.998,2.258,0.0,17.825000000000003,58.91,0,0,375.7,1175.5,0
UTT_CELL_0047_0084,CELL_0047_0084,UTT,2023-05-12,30.20894,78.92999,1697.4,25.0,140.9,0.631,-0.776,CONIFER_HIGH_FLAMMABILITY,0.445,-0.166,13.649999999999999,33.0,3.015,221.5,1.998,2.258,0.0,17.825000000000003,58.91,0,0,360.7,3234.0,0
UTT_CELL_0000_0092,CELL_0000_0092,UTT,2023-05-12,29.99765,78.97585,1588.9,24.4,119.8,0.868,-0.497,CONIFER_HIGH_FLAMMABILITY,0.451,-0.166,13.649999999999999,33.0,3.015,221.5,1.998,2.258,0.0,17.825000000000003,58.91,0,0,375.7,4329.6,0
UTT_CELL_0016_0130,CELL_0016_0130,UTT,2023-05-12,30.07269,79.17141,1712.2,33.0,127.3,0.795,-0.606,CONIFER_HIGH_FLAMMABILITY,0.365,-0.166,13.649999999999999,33.0,3.015,221.5,1.998,2.258,0.0,17.825000000000003,58.91,0,0,371.1,12501.5,0
UTT_CELL_0026_0088,CELL_0026_0088,UTT,2023-05-12,30.11458,78.95271,1649.8,23.4,131.5,0.749,-0.663,CONIFER_HIGH_FLAMMABILITY,0.461,-0.166,13.649999999999999,33.0,3.015,221.5,1.998,2.258,0.0,17.825000000000003,58.91,0,0,370.7,1138.5,0
UTT_CELL_0015_0035,CELL_0015_0035,UTT,2023-05-12,30.06041,78.679,1507.8,33.9,126.0,0.809,-0.588,CONIFER_HIGH_FLAMMABILITY,0.356,-0.166,13.649999999999999,33.0,3.015,221.5,1.998,2.258,0.0,17.825000000000003,58.91,0,0,354.2,7374.2,0
UTT_CELL_0080_0008,CELL_0080_0008,UTT,2023-05-12,30.35088,78.53176,1623.2,13.4,155.1,0.421,-0.907,CONIFER_HIGH_FLAMMABILITY,0.561,-0.166,13.649999999999999,33.0,3.015,221.5,1.998,2.258,0.0,17.825000000000003,58.91,0,0,371.7,1703.7,0
UTT_CELL_0096_0050,CELL_0096_0050,UTT,2023-05-12,30.42696,78.74843,1755.5,27.5,162.7,0.297,-0.955,CONIFER_HIGH_FLAMMABILITY,0.42,-0.166,13.649999999999999,33.0,3.015,221.5,1.998,2.258,0.0,17.825000000000003,58.91,0,0,375.7,6179.8,0
UTT_CELL_0033_0021,CELL_0033_0021,UTT,2023-05-12,30.14026,78.60448,1525.9,13.9,134.0,0.719,-0.695,CONIFER_HIGH_FLAMMABILITY,0.556,-0.166,13.649999999999999,33.0,3.015,221.5,1.998,2.258,0.0,17.825000000000003,58.91,0,0,361.1,876.4,1
UTT_CELL_0018_0091,CELL_0018_0091,UTT,2023-05-12,30.07874,78.96901,1634.8,32.2,127.9,0.789,-0.614,CONIFER_HIGH_FLAMMABILITY,0.373,-0.166,13.649999999999999,33.0,3.015,221.5,1.998,2.258,0.0,17.825000000000003,58.91,0,0,370.7,5500.3,0
UTT_CELL_0073_0106,CELL_0073_0106,UTT,2023-05-12,30.32795,79.04188,1813.5,22.1,152.8,0.457,-0.889,CONIFER_HIGH_FLAMMABILITY,0.474,-0.166,13.649999999999999,33.0,3.015,221.5,1.998,2.258,0.0,17.825000000000003,58.91,0,0,3.7,5654.2,1
UTT_CELL_0073_0105,CELL_0073_0105,UTT,2023-05-12,30.32787,79.03668,1811.4,22.1,152.8,0.457,-0.889,CONIFER_HIGH_FLAMMABILITY,0.474,-0.166,13.649999999999999,33.0,3.015,221.5,1.998,2.258,0.0,17.825000000000003,58.91,0,0,3.7,6192.7,0
UTT_CELL_0130_0061,CELL_0130_0061,UTT,2023-05-12,30.58123,78.80222,1869.6,7.3,178.1,0.033,-0.999,CONIFER_HIGH_FLAMMABILITY,0.622,-0.166,13.649999999999999,33.0,3.015,221.5,1.998,2.258,0.0,17.825000000000003,58.91,0,0,375.7,24152.1,0
UTT_CELL_0114_0035,CELL_0114_0035,UTT,2023-05-12,30.50674,78.66847,1771.4,30.6,170.7,0.162,-0.987,CONIFER_HIGH_FLAMMABILITY,0.389,-0.166,13.649999999999999,33.0,3.015,221.5,1.998,2.258,0.0,17.825000000000003,58.91,0,0,375.2,14757.6,0
UTT_CELL_0008_0148,CELL_0008_0148,UTT,2023-05-12,30.03788,79.26537,1728.9,33.1,123.8,0.831,-0.556,CONIFER_HIGH_FLAMMABILITY,0.364,-0.166,13.649999999999999,33.0,3.015,221.5,1.998,2.258,0.0,17.825000000000003,58.91,0,0,371.1,13689.3,0
UTT_CELL_0054_0052,CELL_0054_0052,UTT,2023-05-12,30.23778,78.76315,1647.9,31.9,143.8,0.591,-0.807,CONIFER_HIGH_FLAMMABILITY,0.376,-0.166,13.649999999999999,33.0,3.015,221.5,1.998,2.258,0.0,17.825000000000003,58.91,0,0,375.2,4410.4,0
UTT_CELL_0080_0040,CELL_0080_0040,UTT,2023-05-12,30.35392,78.6981,1691.6,12.2,155.4,0.416,-0.909,CONIFER_HIGH_FLAMMABILITY,0.573,-0.166,13.649999999999999,33.0,3.015,221.5,1.998,2.258,0.0,17.825000000000003,58.91,0,0,374.2,2923.5,0
UTT_CELL_0091_0105,CELL_0091_0105,UTT,2023-05-12,30.40904,79.03506,1859.4,21.9,160.9,0.327,-0.945,CONIFER_HIGH_FLAMMABILITY,0.476,-0.166,13.649999999999999,33.0,3.015,221.5,1.998,2.258,0.0,17.825000000000003,58.91,0,0,368.1,8802.7,0
UTT_CELL_0059_0048,CELL_0059_0048,UTT,2023-05-12,30.25996,78.74186,1652.7,33.9,146.0,0.559,-0.829,CONIFER_HIGH_FLAMMABILITY,0.356,-0.166,13.649999999999999,33.0,3.015,221.5,1.998,2.258,0.0,17.825000000000003,58.91,2,2,3.7,2671.0,0
UTT_CELL_0074_0004,CELL_0074_0004,UTT,2023-05-12,30.32344,78.51166,1598.7,23.6,152.3,0.465,-0.885,CONIFER_HIGH_FLAMMABILITY,0.459,-0.166,13.649999999999999,33.0,3.015,221.5,1.998,2.258,0.0,17.825000000000003,58.91,0,0,354.7,2285.9,0
UTT_CELL_0020_0095,CELL_0020_0095,UTT,2023-05-12,30.08808,78.98957,1648.7,30.5,128.8,0.779,-0.627,CONIFER_HIGH_FLAMMABILITY,0.39,-0.166,13.649999999999999,33.0,3.015,221.5,1.998,2.258,0.0,17.825000000000003,58.91,0,0,369.7,4858.3,0
UTT_CELL_0108_0016,CELL_0108_0016,UTT,2023-05-12,30.47788,78.57022,1714.8,33.9,167.8,0.211,-0.977,CONIFER_HIGH_FLAMMABILITY,0.356,-0.166,13.649999999999999,33.0,3.015,221.5,1.998,2.258,0.0,17.825000000000003,58.91,0,0,374.7,4434.5,0
UTT_CELL_0134_0004,CELL_0134_0004,UTT,2023-05-12,30.5939,78.50477,1758.2,12.5,179.4,0.01,-1.0,CONIFER_HIGH_FLAMMABILITY,0.57,-0.166,13.649999999999999,33.0,3.015,221.5,1.998,2.258,0.0,17.825000000000003,58.91,0,0,372.1,2383.4,0
UTT_CELL_0007_0103,CELL_0007_0103,UTT,2023-05-12,30.03008,79.03221,1630.9,32.1,123.0,0.839,-0.545,CONIFER_HIGH_FLAMMABILITY,0.374,-0.166,13.649999999999999,33.0,3.015,221.5,1.998,2.258,0.0,17.825000000000003,58.91,0,0,375.7,1042.1,0
UTT_CELL_0028_0111,CELL_0028_0111,UTT,2023-05-12,30.1254,79.07184,1704.0,19.6,132.5,0.737,-0.676,CONIFER_HIGH_FLAMMABILITY,0.499,-0.166,13.649999999999999,33.0,3.015,221.5,1.998,2.258,0.0,17.825000000000003,58.91,0,0,375.7,9223.9,0
UTT_CELL_0015_0124,CELL_0015_0124,UTT,2023-05-12,30.06775,79.14038,1696.8,33.5,126.8,0.801,-0.599,CONIFER_HIGH_FLAMMABILITY,0.36,-0.166,13.649999999999999,33.0,3.015,221.5,1.998,2.258,0.0,17.825000000000003,58.91,0,0,375.7,12372.2,0
UTT_CELL_0067_0103,CELL_0067_0103,UTT,2023-05-12,30.30065,79.02683,1791.1,29.9,150.1,0.498,-0.867,CONIFER_HIGH_FLAMMABILITY,0.396,-0.166,13.649999999999999,33.0,3.015,221.5,1.998,2.258,0.0,17.825000000000003,58.91,0,0,354.7,6811.9,0
UTT_CELL_0033_0106,CELL_0033_0106,UTT,2023-05-12,30.14757,79.04546,1706.7,10.9,134.8,0.71,-0.705,CONIFER_HIGH_FLAMMABILITY,0.586,-0.166,13.649999999999999,33.0,3.015,221.5,1.998,2.258,0.0,17.825000000000003,58.91,0,0,375.7,6004.3,0
UTT_CELL_0111_0071,CELL_0111_0071,UTT,2023-05-12,30.49643,78.85621,1840.3,32.4,169.6,0.181,-0.984,CONIFER_HIGH_FLAMMABILITY,0.371,-0.166,13.649999999999999,33.0,3.015,221.5,1.998,2.258,0.0,17.825000000000003,58.91,0,0,375.7,18605.0,0
UTT_CELL_0027_0032,CELL_0027_0032,UTT,2023-05-12,30.11423,78.66218,1533.4,23.5,131.4,0.75,-0.661,CONIFER_HIGH_FLAMMABILITY,0.46,-0.166,13.649999999999999,33.0,3.015,221.5,1.998,2.258,0.0,17.825000000000003,58.91,0,0,354.2,4584.8,0
UTT_CELL_0083_0146,CELL_0083_0146,UTT,2023-05-12,30.37599,79.24903,1925.2,9.0,157.6,0.381,-0.925,CONIFER_HIGH_FLAMMABILITY,0.605,-0.166,13.649999999999999,33.0,3.015,221.5,1.998,2.258,0.0,17.825000000000003,58.91,0,0,369.2,6800.5,0
UTT_CELL_0041_0130,CELL_0041_0130,UTT,2023-05-12,30.18544,79.16933,1779.0,16.7,138.5,0.663,-0.749,CONIFER_HIGH_FLAMMABILITY,0.528,-0.166,13.649999999999999,33.0,3.015,221.5,1.998,2.258,0.0,17.825000000000003,58.91,0,0,368.2,6630.9,0
UTT_CELL_0113_0032,CELL_0113_0032,UTT,2023-05-12,30.50195,78.65295,1762.4,31.5,170.2,0.17,-0.985,CONIFER_HIGH_FLAMMABILITY,0.38,-0.166,13.649999999999999,33.0,3.015,221.5,1.998,2.258,0.0,17.825000000000003,58.91,0,0,374.7,13273.2,0
UTT_CELL_0061_0056,CELL_0061_0056,UTT,2023-05-12,30.26969,78.78321,1675.1,33.9,147.0,0.545,-0.839,CONIFER_HIGH_FLAMMABILITY,0.356,-0.166,13.649999999999999,33.0,3.015,221.5,1.998,2.258,0.0,17.825000000000003,58.91,0,0,371.1,5111.6,0
UTT_CELL_0001_0066,CELL_0001_0066,UTT,2023-05-12,30.00002,78.84105,1536.4,25.1,120.0,0.866,-0.5,CONIFER_HIGH_FLAMMABILITY,0.444,-0.166,13.649999999999999,33.0,3.015,221.5,1.998,2.258,0.0,17.825000000000003,58.91,0,0,375.7,2214.0,1
UTT_CELL_0037_0018,CELL_0037_0018,UTT,2023-05-12,30.158,78.58848,1530.2,6.5,135.8,0.697,-0.717,CONIFER_HIGH_FLAMMABILITY,0.63,-0.166,13.649999999999999,33.0,3.015,221.5,1.998,2.258,0.0,17.825000000000003,58.91,0,0,361.1,3528.6,0
UTT_CELL_0051_0116,CELL_0051_0116,UTT,2023-05-12,30.2295,79.09578,1776.0,30.3,143.0,0.602,-0.799,CONIFER_HIGH_FLAMMABILITY,0.392,-0.166,13.649999999999999,33.0,3.015,221.5,1.998,2.258,0.0,17.825000000000003,58.91,0,0,354.7,4186.7,0
UTT_CELL_0126_0049,CELL_0126_0049,UTT,2023-05-12,30.56212,78.74011,1833.3,12.7,176.2,0.066,-0.998,CONIFER_HIGH_FLAMMABILITY,0.568,-0.166,13.649999999999999,33.0,3.015,221.5,1.998,2.258,0.0,17.825000000000003,58.91,0,0,375.7,21173.8,0
UTT_CELL_0008_0009,CELL_0008_0009,UTT,2023-05-12,30.0264,78.54503,1433.9,31.5,122.6,0.842,-0.539,CONIFER_HIGH_FLAMMABILITY,0.38,-0.166,13.649999999999999,33.0,3.015,221.5,1.998,2.258,0.0,17.825000000000003,58.91,0,0,375.7,3838.5,1
UTT_CELL_0071_0041,CELL_0071_0041,UTT,2023-05-12,30.31343,78.70425,1669.8,26.7,151.3,0.48,-0.877,CONIFER_HIGH_FLAMMABILITY,0.428,-0.166,13.649999999999999,33.0,3.015,221.5,1.998,2.258,0.0,17.825000000000003,58.91,1,1,374.2,1166.2,0
UTT_CELL_0025_0145,CELL_0025_0145,UTT,2023-05-12,30.11434,79.24847,1768.0,23.5,131.4,0.75,-0.661,CONIFER_HIGH_FLAMMABILITY,0.46,-0.166,13.649999999999999,33.0,3.015,221.5,1.998,2.258,0.0,17.825000000000003,58.91,0,0,375.7,10342.5,0
UTT_CELL_0112_0096,CELL_0112_0096,UTT,2023-05-13,30.50302,78.98629,1896.3,31.3,170.3,0.168,-0.986,CONIFER_HIGH_FLAMMABILITY,0.389,-0.082,13.175,43.5,2.63,230.0,2.015,1.691,0.05,14.35,51.36,0,0,369.1,16520.1,0
UTT_CELL_0115_0006,CELL_0115_0006,UTT,2023-05-13,30.50846,78.51737,1712.0,30.2,170.8,0.16,-0.987,CONIFER_HIGH_FLAMMABILITY,0.4,-0.082,13.175,43.5,2.63,230.0,2.015,1.691,0.05,14.35,51.36,0,0,375.7,1556.9,0
UTT_CELL_0044_0090,CELL_0044_0090,UTT,2023-05-13,30.1959,78.96142,1702.1,20.6,139.6,0.648,-0.762,CONIFER_HIGH_FLAMMABILITY,0.496,-0.082,13.175,43.5,2.63,230.0,2.015,1.691,0.05,14.35,51.36,0,0,361.7,4002.3,0
UTT_CELL_0053_0081,CELL_0053_0081,UTT,2023-05-13,30.23575,78.91384,1707.0,31.5,143.6,0.593,-0.805,CONIFER_HIGH_FLAMMABILITY,0.387,-0.082,13.175,43.5,2.63,230.0,2.015,1.691,0.05,14.35,51.36,0,0,357.6,2166.7,1
UTT_CELL_0045_0066,CELL_0045_0066,UTT,2023-05-13,30.19842,78.83674,1653.7,21.5,139.8,0.645,-0.764,CONIFER_HIGH_FLAMMABILITY,0.487,-0.082,13.175,43.5,2.63,230.0,2.015,1.691,0.05,14.35,51.36,3,3,2.2,310.2,0
UTT_CELL_0120_0121,CELL_0120_0121,UTT,2023-05-13,30.54104,79.11579,1970.9,20.8,174.1,0.103,-0.995,CONIFER_HIGH_FLAMMABILITY,0.494,-0.082,13.175,43.5,2.63,230.0,2.015,1.691,0.05,14.35,51.36,0,0,369.1,12802.0,0
UTT_CELL_0098_0015,CELL_0098_0015,UTT,2023-05-13,30.43271,78.56614,1686.1,28.9,163.3,0.287,-0.958,CONIFER_HIGH_FLAMMABILITY,0.413,-0.082,13.175,43.5,2.63,230.0,2.015,1.691,0.05,14.35,51.36,0,0,375.7,2416.3,0
UTT_CELL_0128_0139,CELL_0128_0139,UTT,2023-05-13,30.57844,79.2089,2030.6,6.1,177.8,0.038,-0.999,CONIFER_MODERATE_FLAMMABILITY,0.641,-0.082,13.175,43.5,2.63,230.0,2.015,1.691,0.05,14.35,51.36,0,0,369.1,19988.0,0
UTT_CELL_0070_0090,CELL_0070_0090,UTT,2023-05-13,30.31315,78.95899,1771.5,26.7,151.3,0.48,-0.877,CONIFER_HIGH_FLAMMABILITY,0.435,-0.082,13.175,43.5,2.63,230.0,2.015,1.691,0.05,14.35,51.36,0,0,361.7,9270.8,0
UTT_CELL_0068_0023,CELL_0068_0023,UTT,2023-05-13,30.29823,78.61105,1623.4,30.4,149.8,0.503,-0.864,CONIFER_HIGH_FLAMMABILITY,0.398,-0.082,13.175,43.5,2.63,230.0,2.015,1.691,0.05,14.35,51.36,0,0,372.1,2483.9,0
UTT_CELL_0078_0113,CELL_0078_0113,UTT,2023-05-13,30.35103,79.07783,1841.8,13.3,155.1,0.421,-0.907,CONIFER_HIGH_FLAMMABILITY,0.569,-0.082,13.175,43.5,2.63,230.0,2.015,1.691,0.05,14.35,51.36,2,2,0.5,4737.5,0
UTT_CELL_0004_0029,CELL_0004_0029,UTT,2023-05-13,30.01026,78.64907,1465.8,28.0,121.0,0.857,-0.515,CONIFER_HIGH_FLAMMABILITY,0.422,-0.082,13.175,43.5,2.63,230.0,2.015,1.691,0.05,14.35,51.36,0,0,376.2,5427.7,0
UTT_CELL_0030_0150,CELL_0030_0150,UTT,2023-05-13,30.13724,79.27402,1791.9,15.1,133.7,0.723,-0.691,CONIFER_HIGH_FLAMMABILITY,0.551,-0.082,13.175,43.5,2.63,230.0,2.015,1.691,0.05,14.35,51.36,0,0,376.7,6539.6,0
UTT_CELL_0095_0122,CELL_0095_0122,UTT,2023-05-13,30.42838,79.12316,1906.3,27.8,162.8,0.296,-0.955,CONIFER_HIGH_FLAMMABILITY,0.424,-0.082,13.175,43.5,2.63,230.0,2.015,1.691,0.05,14.35,51.36,0,0,369.1,1114.1,0
UTT_CELL_0077_0152,CELL_0077_0152,UTT,2023-05-13,30.34935,79.28071,1921.9,14.0,154.9,0.424,-0.906,CONIFER_HIGH_FLAMMABILITY,0.562,-0.082,13.175,43.5,2.63,230.0,2.015,1.691,0.05,14.35,51.36,0,0,370.2,2705.2,0
UTT_CELL_0098_0036,CELL_0098_0036,UTT,2023-05-13,30.4347,78.67539,1731.0,29.4,163.5,0.284,-0.959,CONIFER_HIGH_FLAMMABILITY,0.408,-0.082,13.175,43.5,2.63,230.0,2.015,1.691,0.05,14.35,51.36,0,0,376.2,6758.8,0
UTT_CELL_0127_0063,CELL_0127_0063,UTT,2023-05-13,30.56788,78.81294,1865.9,10.3,176.8,0.056,-0.998,CONIFER_HIGH_FLAMMABILITY,0.599,-0.082,13.175,43.5,2.63,230.0,2.015,1.691,0.05,14.35,51.36,0,0,376.7,23090.1,0
UTT_CELL_0004_0041,CELL_0004_0041,UTT,2023-05-13,30.01136,78.71124,1491.3,28.3,121.1,0.856,-0.517,CONIFER_HIGH_FLAMMABILITY,0.419,-0.082,13.175,43.5,2.63,230.0,2.015,1.691,0.05,14.35,51.36,0,0,376.2,4210.3,0
UTT_CELL_0032_0099,CELL_0032_0099,UTT,2023-05-13,30.14251,79.00923,1689.2,13.0,134.3,0.716,-0.698,CONIFER_HIGH_FLAMMABILITY,0.572,-0.082,13.175,43.5,2.63,230.0,2.015,1.691,0.05,14.35,51.36,0,0,376.7,2022.3,0
UTT_CELL_0008_0057,CELL_0008_0057,UTT,2023-05-13,30.03081,78.79373,1536.0,32.2,123.1,0.838,-0.546,CONIFER_HIGH_FLAMMABILITY,0.38,-0.082,13.175,43.5,2.63,230.0,2.015,1.691,0.05,14.35,51.36,0,0,373.7,1159.3,0
UTT_CELL_0099_0146,CELL_0099_0146,UTT,2023-05-13,30.44815,79.24774,1968.0,32.0,164.8,0.262,-0.965,CONIFER_HIGH_FLAMMABILITY,0.382,-0.082,13.175,43.5,2.63,230.0,2.015,1.691,0.05,14.35,51.36,0,0,370.2,12442.2,0
UTT_CELL_0104_0126,CELL_0104_0126,UTT,2023-05-13,30.46926,79.14321,1938.8,33.9,166.9,0.227,-0.974,CONIFER_HIGH_FLAMMABILITY,0.363,-0.082,13.175,43.5,2.63,230.0,2.015,1.691,0.05,14.35,51.36,0,0,369.1,5851.2,0
UTT_CELL_0027_0134,CELL_0027_0134,UTT,2023-05-13,30.12259,79.19124,1750.1,20.6,132.3,0.74,-0.673,CONIFER_HIGH_FLAMMABILITY,0.496,-0.082,13.175,43.5,2.63,230.0,2.015,1.691,0.05,14.35,51.36,0,0,369.2,12248.8,0
UTT_CELL_0035_0023,CELL_0035_0023,UTT,2023-05-13,30.14946,78.61464,1535.5,10.1,134.9,0.708,-0.706,CONIFER_HIGH_FLAMMABILITY,0.601,-0.082,13.175,43.5,2.63,230.0,2.015,1.691,0.05,14.35,51.36,1,1,0.5,1659.4,0
UTT_CELL_0005_0031,CELL_0005_0031,UTT,2023-05-13,30.01496,78.65933,1472.7,29.2,121.5,0.853,-0.522,CONIFER_HIGH_FLAMMABILITY,0.41,-0.082,13.175,43.5,2.63,230.0,2.015,1.691,0.05,14.35,51.36,0,0,376.2,4947.2,0
UTT_CELL_0032_0118,CELL_0032_0118,UTT,2023-05-13,30.14397,79.10781,1729.5,12.4,134.4,0.714,-0.7,CONIFER_HIGH_FLAMMABILITY,0.578,-0.082,13.175,43.5,2.63,230.0,2.015,1.691,0.05,14.35,51.36,0,0,376.7,12925.9,0
UTT_CELL_0100_0000,CELL_0100_0000,UTT,2023-05-13,30.44024,78.48788,1659.3,30.6,164.0,0.276,-0.961,CONIFER_HIGH_FLAMMABILITY,0.396,-0.082,13.175,43.5,2.63,230.0,2.015,1.691,0.05,14.35,51.36,0,0,368.6,1087.6,0
UTT_CELL_0014_0022,CELL_0014_0022,UTT,2023-05-13,30.05469,78.61173,1477.5,34.0,125.5,0.814,-0.581,CONIFER_HIGH_FLAMMABILITY,0.362,-0.082,13.175,43.5,2.63,230.0,2.015,1.691,0.05,14.35,51.36,0,0,0.5,7887.1,0
UTT_CELL_0108_0019,CELL_0108_0019,UTT,2023-05-13,30.47817,78.58583,1721.2,33.9,167.8,0.211,-0.977,CONIFER_HIGH_FLAMMABILITY,0.363,-0.082,13.175,43.5,2.63,230.0,2.015,1.691,0.05,14.35,51.36,0,0,375.7,5609.6,0
UTT_CELL_0001_0030,CELL_0001_0030,UTT,2023-05-13,29.99683,78.65457,1459.9,24.1,119.7,0.869,-0.495,CONIFER_HIGH_FLAMMABILITY,0.461,-0.082,13.175,43.5,2.63,230.0,2.015,1.691,0.05,14.35,51.36,0,0,376.2,4133.9,0
UTT_CELL_0110_0089,CELL_0110_0089,UTT,2023-05-13,30.49343,78.95003,1876.1,32.8,169.3,0.186,-0.983,CONIFER_HIGH_FLAMMABILITY,0.374,-0.082,13.175,43.5,2.63,230.0,2.015,1.691,0.05,14.35,51.36,0,0,369.1,19637.8,0
UTT_CELL_0086_0045,CELL_0086_0045,UTT,2023-05-13,30.38142,78.72347,1718.2,11.3,158.1,0.373,-0.928,CONIFER_HIGH_FLAMMABILITY,0.589,-0.082,13.175,43.5,2.63,230.0,2.015,1.691,0.05,14.35,51.36,0,0,376.7,2591.1,0
UTT_CELL_0073_0053,CELL_0073_0053,UTT,2023-05-13,30.32353,78.7664,1700.7,23.6,152.4,0.463,-0.886,CONIFER_HIGH_FLAMMABILITY,0.466,-0.082,13.175,43.5,2.63,230.0,2.015,1.691,0.05,14.35,51.36,0,0,375.7,4708.1,0
UTT_CELL_0128_0068,CELL_0128_0068,UTT,2023-05-13,30.57282,78.83889,1879.3,8.2,177.3,0.047,-0.999,CONIFER_HIGH_FLAMMABILITY,0.62,-0.082,13.175,43.5,2.63,230.0,2.015,1.691,0.05,14.35,51.36,0,0,376.7,24686.3,0
UTT_CELL_0049_0137,CELL_0049_0137,UTT,2023-05-13,30.22202,79.20501,1815.2,28.6,142.2,0.613,-0.79,CONIFER_HIGH_FLAMMABILITY,0.416,-0.082,13.175,43.5,2.63,230.0,2.015,1.691,0.05,14.35,51.36,0,0,369.2,1108.5,0
UTT_CELL_0031_0040,CELL_0031_0040,UTT,2023-05-13,30.133,78.70325,1561.1,16.8,133.3,0.728,-0.686,CONIFER_HIGH_FLAMMABILITY,0.534,-0.082,13.175,43.5,2.63,230.0,2.015,1.691,0.05,14.35,51.36,0,0,355.2,1168.6,0
UTT_CELL_0057_0030,CELL_0057_0030,UTT,2023-05-13,30.2493,78.6486,1609.0,33.3,144.9,0.575,-0.818,CONIFER_HIGH_FLAMMABILITY,0.369,-0.082,13.175,43.5,2.63,230.0,2.015,1.691,0.05,14.35,51.36,1,1,376.7,1945.6,1
UTT_CELL_0022_0066,CELL_0022_0066,UTT,2023-05-13,30.09471,78.839,1592.4,29.1,129.5,0.772,-0.636,CONIFER_HIGH_FLAMMABILITY,0.411,-0.082,13.175,43.5,2.63,230.0,2.015,1.691,0.05,14.35,51.36,0,0,371.2,4151.3,0
UTT_CELL_0072_0106,CELL_0072_0106,UTT,2023-05-13,30.32344,79.04197,1810.9,23.6,152.3,0.465,-0.885,CONIFER_HIGH_FLAMMABILITY,0.466,-0.082,13.175,43.5,2.63,230.0,2.015,1.691,0.05,14.35,51.36,1,1,0.5,444.6,1
UTT_CELL_0113_0156,CELL_0113_0156,UTT,2023-05-13,30.51198,79.29869,2026.7,29.5,171.2,0.153,-0.988,CONIFER_MODERATE_FLAMMABILITY,0.407,-0.082,13.175,43.5,2.63,230.0,2.015,1.691,0.05,14.35,51.36,0,0,369.7,14117.2,0
UTT_CELL_0080_0123,CELL_0080_0123,UTT,2023-05-13,30.36081,79.12966,1868.3,9.3,156.1,0.405,-0.914,CONIFER_HIGH_FLAMMABILITY,0.609,-0.082,13.175,43.5,2.63,230.0,2.015,1.691,0.05,14.35,51.36,0,0,367.1,5907.9,0
UTT_CELL_0124_0088,CELL_0124_0088,UTT,2023-05-13,30.55647,78.94349,1911.3,15.0,175.6,0.077,-0.997,CONIFER_HIGH_FLAMMABILITY,0.552,-0.082,13.175,43.5,2.63,230.0,2.015,1.691,0.05,14.35,51.36,0,0,369.1,23804.2,0
UTT_CELL_0113_0034,CELL_0113_0034,UTT,2023-05-13,30.50214,78.66337,1766.6,31.4,170.2,0.17,-0.985,CONIFER_HIGH_FLAMMABILITY,0.388,-0.082,13.175,43.5,2.63,230.0,2.015,1.691,0.05,14.35,51.36,0,0,376.2,14277.8,0
UTT_CELL_0110_0135,CELL_0110_0135,UTT,2023-05-13,30.49698,79.18956,1974.0,32.3,169.7,0.179,-0.984,CONIFER_HIGH_FLAMMABILITY,0.379,-0.082,13.175,43.5,2.63,230.0,2.015,1.691,0.05,14.35,51.36,0,0,369.1,11570.1,0
UTT_CELL_0101_0027,CELL_0101_0027,UTT,2023-05-13,30.44738,78.62824,1719.7,31.9,164.7,0.264,-0.965,CONIFER_HIGH_FLAMMABILITY,0.383,-0.082,13.175,43.5,2.63,230.0,2.015,1.691,0.05,14.35,51.36,0,0,375.7,8914.5,0
UTT_CELL_0055_0003,CELL_0055_0003,UTT,2023-05-13,30.23769,78.50863,1546.1,31.8,143.8,0.591,-0.807,CONIFER_HIGH_FLAMMABILITY,0.384,-0.082,13.175,43.5,2.63,230.0,2.015,1.691,0.05,14.35,51.36,0,0,355.7,1030.3,0
UTT_CELL_0081_0122,CELL_0081_0122,UTT,2023-05-13,30.36524,79.12437,1868.9,7.5,156.5,0.399,-0.917,CONIFER_HIGH_FLAMMABILITY,0.627,-0.082,13.175,43.5,2.63,230.0,2.015,1.691,0.05,14.35,51.36,0,0,367.1,5299.9,0
UTT_CELL_0089_0144,CELL_0089_0144,UTT,2023-05-13,30.40291,79.23814,1937.0,19.7,160.3,0.337,-0.941,CONIFER_HIGH_FLAMMABILITY,0.505,-0.082,13.175,43.5,2.63,230.0,2.015,1.691,0.05,14.35,51.36,0,0,370.2,9389.0,0
UTT_CELL_0053_0085,CELL_0053_0085,UTT,2023-05-14,30.23608,78.93461,1715.5,31.6,143.6,0.593,-0.805,CONIFER_HIGH_FLAMMABILITY,0.4,-0.054,12.249999999999998,47.0,2.715,247.5,2.508,1.039,0.6499999999999999,13.075000000000001,38.81,1,1,362.7,1833.1,0
UTT_CELL_0018_0122,CELL_0018_0122,UTT,2023-05-14,30.08113,79.12975,1700.6,31.8,128.1,0.787,-0.617,CONIFER_HIGH_FLAMMABILITY,0.398,-0.054,12.249999999999998,47.0,2.715,247.5,2.508,1.039,0.6499999999999999,13.075000000000001,38.81,0,0,377.7,12052.3,0
UTT_CELL_0055_0037,CELL_0055_0037,UTT,2023-05-14,30.24093,78.68516,1618.6,32.3,144.1,0.586,-0.81,CONIFER_HIGH_FLAMMABILITY,0.393,-0.054,12.249999999999998,47.0,2.715,247.5,2.508,1.039,0.6499999999999999,13.075000000000001,38.81,3,3,377.7,1385.8,0
UTT_CELL_0017_0154,CELL_0017_0154,UTT,2023-05-14,30.07888,79.29578,1765.6,32.2,127.9,0.789,-0.614,CONIFER_HIGH_FLAMMABILITY,0.394,-0.054,12.249999999999998,47.0,2.715,247.5,2.508,1.039,0.6499999999999999,13.075000000000001,38.81,0,0,0.5,8391.7,0
UTT_CELL_0035_0127,CELL_0035_0127,UTT,2023-05-14,30.15816,79.15426,1756.6,6.5,135.8,0.697,-0.717,CONIFER_HIGH_FLAMMABILITY,0.651,-0.054,12.249999999999998,47.0,2.715,247.5,2.508,1.039,0.6499999999999999,13.075000000000001,38.81,0,0,370.2,10054.3,0
UTT_CELL_0079_0089,CELL_0079_0089,UTT,2023-05-14,30.35365,78.95295,1793.4,12.3,155.4,0.416,-0.909,CONIFER_HIGH_FLAMMABILITY,0.593,-0.054,12.249999999999998,47.0,2.715,247.5,2.508,1.039,0.6499999999999999,13.075000000000001,38.81,0,0,0.7,10224.5,0
UTT_CELL_0049_0104,CELL_0049_0104,UTT,2023-05-14,30.21956,79.03365,1745.2,28.0,142.0,0.616,-0.788,CONIFER_HIGH_FLAMMABILITY,0.436,-0.054,12.249999999999998,47.0,2.715,247.5,2.508,1.039,0.6499999999999999,13.075000000000001,38.81,0,0,356.7,5772.1,0
UTT_CELL_0012_0063,CELL_0012_0063,UTT,2023-05-14,30.04936,78.82443,1559.4,33.9,124.9,0.82,-0.572,CONIFER_HIGH_FLAMMABILITY,0.377,-0.054,12.249999999999998,47.0,2.715,247.5,2.508,1.039,0.6499999999999999,13.075000000000001,38.81,0,0,374.7,2320.9,0
UTT_CELL_0111_0039,CELL_0111_0039,UTT,2023-05-14,30.49358,78.68961,1772.0,32.7,169.4,0.184,-0.983,CONIFER_HIGH_FLAMMABILITY,0.389,-0.054,12.249999999999998,47.0,2.715,247.5,2.508,1.039,0.6499999999999999,13.075000000000001,38.81,0,0,377.2,13418.4,0
UTT_CELL_0008_0058,CELL_0008_0058,UTT,2023-05-14,30.0309,78.79891,1538.1,32.3,123.1,0.838,-0.546,CONIFER_HIGH_FLAMMABILITY,0.393,-0.054,12.249999999999998,47.0,2.715,247.5,2.508,1.039,0.6499999999999999,13.075000000000001,38.81,0,0,374.7,585.0,0
UTT_CELL_0101_0087,CELL_0101_0087,UTT,2023-05-14,30.45268,78.94047,1847.8,32.7,165.3,0.254,-0.967,CONIFER_HIGH_FLAMMABILITY,0.389,-0.054,12.249999999999998,47.0,2.715,247.5,2.508,1.039,0.6499999999999999,13.075000000000001,38.81,0,0,1.1,17916.0,0
UTT_CELL_0062_0109,CELL_0062_0109,UTT,2023-05-14,30.27857,79.05845,1790.5,33.3,147.9,0.531,-0.847,CONIFER_HIGH_FLAMMABILITY,0.383,-0.054,12.249999999999998,47.0,2.715,247.5,2.508,1.039,0.6499999999999999,13.075000000000001,38.81,1,1,356.7,2719.0,0
UTT_CELL_0010_0135,CELL_0010_0135,UTT,2023-05-14,30.04599,79.19782,1706.7,33.8,124.6,0.823,-0.568,CONIFER_HIGH_FLAMMABILITY,0.378,-0.054,12.249999999999998,47.0,2.715,247.5,2.508,1.039,0.6499999999999999,13.075000000000001,38.81,0,0,373.1,10034.7,0
UTT_CELL_0008_0068,CELL_0008_0068,UTT,2023-05-14,30.03175,78.85074,1559.3,32.4,123.2,0.837,-0.548,CONIFER_HIGH_FLAMMABILITY,0.392,-0.054,12.249999999999998,47.0,2.715,247.5,2.508,1.039,0.6499999999999999,13.075000000000001,38.81,1,1,1.1,3625.6,0
UTT_CELL_0048_0023,CELL_0048_0023,UTT,2023-05-14,30.20807,78.61323,1570.1,24.7,140.8,0.632,-0.775,CONIFER_HIGH_FLAMMABILITY,0.469,-0.054,12.249999999999998,47.0,2.715,247.5,2.508,1.039,0.6499999999999999,13.075000000000001,38.81,0,0,370.7,1850.6,0
UTT_CELL_0117_0142,CELL_0117_0142,UTT,2023-05-14,30.52905,79.22544,2007.6,24.8,172.9,0.124,-0.992,CONIFER_MODERATE_FLAMMABILITY,0.468,-0.054,12.249999999999998,47.0,2.715,247.5,2.508,1.039,0.6499999999999999,13.075000000000001,38.81,0,0,370.1,16910.8,0
UTT_CELL_0027_0027,CELL_0027_0027,UTT,2023-05-14,30.11377,78.63625,1522.8,23.7,131.4,0.75,-0.661,CONIFER_HIGH_FLAMMABILITY,0.479,-0.054,12.249999999999998,47.0,2.715,247.5,2.508,1.039,0.6499999999999999,13.075000000000001,38.81,1,1,363.1,3721.8,0
UTT_CELL_0010_0032,CELL_0010_0032,UTT,2023-05-14,30.03759,78.66398,1488.1,33.1,123.8,0.831,-0.556,CONIFER_HIGH_FLAMMABILITY,0.385,-0.054,12.249999999999998,47.0,2.715,247.5,2.508,1.039,0.6499999999999999,13.075000000000001,38.81,0,0,377.2,6826.5,0
UTT_CELL_0085_0087,CELL_0085_0087,UTT,2023-05-14,30.38054,78.94199,1805.1,10.9,158.1,0.373,-0.928,CONIFER_HIGH_FLAMMABILITY,0.607,-0.054,12.249999999999998,47.0,2.715,247.5,2.508,1.039,0.6499999999999999,13.075000000000001,38.81,0,0,0.7,12558.7,0
UTT_CELL_0053_0153,CELL_0053_0153,UTT,2023-05-14,30.24117,79.28779,1859.8,32.4,144.1,0.586,-0.81,CONIFER_HIGH_FLAMMABILITY,0.392,-0.054,12.249999999999998,47.0,2.715,247.5,2.508,1.039,0.6499999999999999,13.075000000000001,38.81,0,0,358.6,1548.4,0
UTT_CELL_0040_0043,CELL_0040_0043,UTT,2023-05-14,30.17385,78.71788,1591.5,12.1,137.4,0.677,-0.736,CONIFER_HIGH_FLAMMABILITY,0.595,-0.054,12.249999999999998,47.0,2.715,247.5,2.508,1.039,0.6499999999999999,13.075000000000001,38.81,0,0,376.2,256.8,0
UTT_CELL_0015_0028,CELL_0015_0028,UTT,2023-05-14,30.05976,78.64272,1492.9,33.9,126.0,0.809,-0.588,CONIFER_HIGH_FLAMMABILITY,0.377,-0.054,12.249999999999998,47.0,2.715,247.5,2.508,1.039,0.6499999999999999,13.075000000000001,38.81,0,0,363.1,9062.7,0
UTT_CELL_0113_0035,CELL_0113_0035,UTT,2023-05-14,30.50223,78.66857,1768.8,31.4,170.2,0.17,-0.985,CONIFER_HIGH_FLAMMABILITY,0.402,-0.054,12.249999999999998,47.0,2.715,247.5,2.508,1.039,0.6499999999999999,13.075000000000001,38.81,0,0,377.2,14257.0,0
UTT_CELL_0093_0125,CELL_0093_0125,UTT,2023-05-14,30.41958,79.13895,1907.3,25.3,162.0,0.309,-0.951,CONIFER_HIGH_FLAMMABILITY,0.463,-0.054,12.249999999999998,47.0,2.715,247.5,2.508,1.039,0.6499999999999999,13.075000000000001,38.81,0,0,368.1,2011.5,0
UTT_CELL_0000_0103,CELL_0000_0103,UTT,2023-05-14,29.99852,79.03284,1612.2,24.7,119.9,0.867,-0.498,CONIFER_HIGH_FLAMMABILITY,0.469,-0.054,12.249999999999998,47.0,2.715,247.5,2.508,1.039,0.6499999999999999,13.075000000000001,38.81,0,0,377.7,1863.6,0
UTT_CELL_0125_0071,CELL_0125_0071,UTT,2023-05-14,30.55955,78.85483,1877.7,13.7,176.0,0.07,-0.998,CONIFER_HIGH_FLAMMABILITY,0.579,-0.054,12.249999999999998,47.0,2.715,247.5,2.508,1.039,0.6499999999999999,13.075000000000001,38.81,0,0,377.7,24205.3,0
UTT_CELL_0025_0000,CELL_0025_0000,UTT,2023-05-14,30.10216,78.49647,1459.9,27.2,130.2,0.764,-0.645,CONIFER_HIGH_FLAMMABILITY,0.444,-0.054,12.249999999999998,47.0,2.715,247.5,2.508,1.039,0.6499999999999999,13.075000000000001,38.81,0,0,357.1,4891.2,1
UTT_CELL_0025_0001,CELL_0025_0001,UTT,2023-05-14,30.10226,78.50166,1462.0,27.1,130.2,0.764,-0.645,CONIFER_HIGH_FLAMMABILITY,0.445,-0.054,12.249999999999998,47.0,2.715,247.5,2.508,1.039,0.6499999999999999,13.075000000000001,38.81,0,0,357.1,4583.9,1
UTT_CELL_0111_0109,CELL_0111_0109,UTT,2023-05-14,30.49954,79.05408,1921.4,31.9,170.0,0.174,-0.985,CONIFER_HIGH_FLAMMABILITY,0.397,-0.054,12.249999999999998,47.0,2.715,247.5,2.508,1.039,0.6499999999999999,13.075000000000001,38.81,0,0,370.1,10516.2,0
UTT_CELL_0050_0150,CELL_0050_0150,UTT,2023-05-14,30.22744,79.27244,1845.4,29.9,142.7,0.606,-0.795,CONIFER_HIGH_FLAMMABILITY,0.417,-0.054,12.249999999999998,47.0,2.715,247.5,2.508,1.039,0.6499999999999999,13.075000000000001,38.81,0,0,358.6,818.0,0
UTT_CELL_0020_0035,CELL_0020_0035,UTT,2023-05-14,30.08295,78.67847,1521.2,31.5,128.3,0.785,-0.62,CONIFER_HIGH_FLAMMABILITY,0.401,-0.054,12.249999999999998,47.0,2.715,247.5,2.508,1.039,0.6499999999999999,13.075000000000001,38.81,0,0,356.2,5144.2,0
UTT_CELL_0093_0150,CELL_0093_0150,UTT,2023-05-14,30.42137,79.26904,1960.4,25.9,162.1,0.307,-0.952,CONIFER_HIGH_FLAMMABILITY,0.457,-0.054,12.249999999999998,47.0,2.715,247.5,2.508,1.039,0.6499999999999999,13.075000000000001,38.81,0,0,371.2,8661.6,0
UTT_CELL_0107_0120,CELL_0107_0120,UTT,2023-05-15,30.48234,79.11171,1934.1,33.8,168.2,0.204,-0.979,CONIFER_HIGH_FLAMMABILITY,0.38,-0.06,12.149999999999999,46.25,2.675,251.0,2.529,0.871,0.325,11.475,49.6,0,0,371.1,6286.9,0
UTT_CELL_0087_0081,CELL_0087_0081,UTT,2023-05-15,30.38906,78.91059,1797.7,14.4,158.9,0.36,-0.933,CONIFER_HIGH_FLAMMABILITY,0.574,-0.06,12.149999999999999,46.25,2.675,251.0,2.529,0.871,0.325,11.475,49.6,0,0,364.1,10944.1,0
UTT_CELL_0055_0086,CELL_0055_0086,UTT,2023-05-15,30.24518,78.93962,1723.0,32.9,144.5,0.581,-0.814,CONIFER_HIGH_FLAMMABILITY,0.389,-0.06,12.149999999999999,46.25,2.675,251.0,2.529,0.871,0.325,11.475,49.6,1,1,363.7,2032.1,0
UTT_CELL_0062_0132,CELL_0062_0132,UTT,2023-05-15,30.28029,79.17796,1839.4,33.2,148.0,0.53,-0.848,CONIFER_HIGH_FLAMMABILITY,0.386,-0.06,12.149999999999999,46.25,2.675,251.0,2.529,0.871,0.325,11.475,49.6,0,0,371.2,6272.4,0
UTT_CELL_0117_0019,CELL_0117_0019,UTT,2023-05-15,30.51874,78.58483,1745.2,27.8,171.9,0.141,-0.99,CONIFER_HIGH_FLAMMABILITY,0.44,-0.06,12.149999999999999,46.25,2.675,251.0,2.529,0.871,0.325,11.475,49.6,0,0,377.7,6883.2,0
UTT_CELL_0008_0099,CELL_0008_0099,UTT,2023-05-15,30.03428,79.01139,1625.1,32.7,123.4,0.835,-0.55,CONIFER_HIGH_FLAMMABILITY,0.391,-0.06,12.149999999999999,46.25,2.675,251.0,2.529,0.871,0.325,11.475,49.6,0,0,378.7,3232.2,0
UTT_CELL_0060_0025,CELL_0060_0025,UTT,2023-05-15,30.26236,78.62231,1606.3,34.0,146.2,0.556,-0.831,CONIFER_HIGH_FLAMMABILITY,0.378,-0.06,12.149999999999999,46.25,2.675,251.0,2.529,0.871,0.325,11.475,49.6,1,1,373.2,1699.5,0
UTT_CELL_0027_0121,CELL_0027_0121,UTT,2023-05-15,30.12164,79.1238,1722.5,21.0,132.2,0.741,-0.672,CONIFER_HIGH_FLAMMABILITY,0.508,-0.06,12.149999999999999,46.25,2.675,251.0,2.529,0.871,0.325,11.475,49.6,0,0,378.7,14515.4,0
UTT_CELL_0021_0110,CELL_0021_0110,UTT,2023-05-15,30.09376,79.06727,1683.2,29.3,129.4,0.773,-0.635,CONIFER_HIGH_FLAMMABILITY,0.425,-0.06,12.149999999999999,46.25,2.675,251.0,2.529,0.871,0.325,11.475,49.6,0,0,378.7,8511.0,0
UTT_CELL_0052_0143,CELL_0052_0143,UTT,2023-05-15,30.23598,79.23593,1836.0,31.6,143.6,0.593,-0.805,CONIFER_HIGH_FLAMMABILITY,0.402,-0.06,12.149999999999999,46.25,2.675,251.0,2.529,0.871,0.325,11.475,49.6,0,0,371.2,3245.2,0
UTT_CELL_0078_0132,CELL_0078_0132,UTT,2023-05-15,30.35245,79.17663,1882.1,12.8,155.2,0.419,-0.908,CONIFER_HIGH_FLAMMABILITY,0.59,-0.06,12.149999999999999,46.25,2.675,251.0,2.529,0.871,0.325,11.475,49.6,0,0,369.1,9242.7,0
UTT_CELL_0117_0049,CELL_0117_0049,UTT,2023-05-15,30.52155,78.74105,1809.3,27.0,172.2,0.136,-0.991,CONIFER_HIGH_FLAMMABILITY,0.448,-0.06,12.149999999999999,46.25,2.675,251.0,2.529,0.871,0.325,11.475,49.6,0,0,378.7,16668.7,0
UTT_CELL_0037_0091,CELL_0037_0091,UTT,2023-05-15,30.16442,78.96725,1685.6,8.2,136.4,0.69,-0.724,CONIFER_HIGH_FLAMMABILITY,0.636,-0.06,12.149999999999999,46.25,2.675,251.0,2.529,0.871,0.325,11.475,49.6,0,0,374.1,2372.1,0
UTT_CELL_0031_0016,CELL_0031_0016,UTT,2023-05-15,30.13076,78.57877,1510.0,17.6,133.1,0.73,-0.683,CONIFER_HIGH_FLAMMABILITY,0.542,-0.06,12.149999999999999,46.25,2.675,251.0,2.529,0.871,0.325,11.475,49.6,1,1,2.1,2911.6,1
UTT_CELL_0110_0148,CELL_0110_0148,UTT,2023-05-15,30.4979,79.25727,2001.6,32.1,169.8,0.177,-0.984,CONIFER_MODERATE_FLAMMABILITY,0.397,-0.06,12.149999999999999,46.25,2.675,251.0,2.529,0.871,0.325,11.475,49.6,0,0,371.7,16010.2,0
UTT_CELL_0112_0031,CELL_0112_0031,UTT,2023-05-15,30.49735,78.64786,1757.6,32.2,169.7,0.179,-0.984,CONIFER_HIGH_FLAMMABILITY,0.396,-0.06,12.149999999999999,46.25,2.675,251.0,2.529,0.871,0.325,11.475,49.6,0,0,377.7,12533.2,0
UTT_CELL_0042_0022,CELL_0042_0022,UTT,2023-05-16,30.18092,78.60869,1552.0,14.9,138.1,0.668,-0.744,CONIFER_HIGH_FLAMMABILITY,0.545,-0.078,13.725000000000001,44.0,2.5775,246.25,2.359,1.038,0.275,5.525,51.29,1,1,372.7,2824.7,0
UTT_CELL_0113_0069,CELL_0113_0069,UTT,2023-05-16,30.50528,78.8456,1841.4,30.9,170.5,0.165,-0.986,CONIFER_HIGH_FLAMMABILITY,0.385,-0.078,13.725000000000001,44.0,2.5775,246.25,2.359,1.038,0.275,5.525,51.29,0,0,379.7,18615.9,0
UTT_CELL_0074_0088,CELL_0074_0088,UTT,2023-05-16,30.33102,78.94822,1777.9,21.0,153.1,0.452,-0.892,CONIFER_HIGH_FLAMMABILITY,0.484,-0.078,13.725000000000001,44.0,2.5775,246.25,2.359,1.038,0.275,5.525,51.29,0,0,2.7,10256.6,1
UTT_CELL_0081_0009,CELL_0081_0009,UTT,2023-05-16,30.35549,78.53685,1628.0,11.5,155.5,0.415,-0.91,CONIFER_HIGH_FLAMMABILITY,0.579,-0.078,13.725000000000001,44.0,2.5775,246.25,2.359,1.038,0.275,5.525,51.29,0,0,375.7,2302.6,0
UTT_CELL_0068_0016,CELL_0068_0016,UTT,2023-05-16,30.29756,78.57468,1608.4,30.5,149.8,0.503,-0.864,CONIFER_HIGH_FLAMMABILITY,0.389,-0.078,13.725000000000001,44.0,2.5775,246.25,2.359,1.038,0.275,5.525,51.29,0,0,378.7,775.5,0
UTT_CELL_0037_0051,CELL_0037_0051,UTT,2023-05-16,30.16104,78.75969,1600.5,6.7,136.1,0.693,-0.721,CONIFER_HIGH_FLAMMABILITY,0.627,-0.078,13.725000000000001,44.0,2.5775,246.25,2.359,1.038,0.275,5.525,51.29,0,0,374.7,1825.7,0
UTT_CELL_0113_0076,CELL_0113_0076,UTT,2023-05-16,30.50587,78.88205,1856.3,30.8,170.6,0.163,-0.987,CONIFER_HIGH_FLAMMABILITY,0.386,-0.078,13.725000000000001,44.0,2.5775,246.25,2.359,1.038,0.275,5.525,51.29,0,0,365.1,20613.3,0
UTT_CELL_0017_0143,CELL_0017_0143,UTT,2023-05-16,30.07812,79.23874,1742.4,32.3,127.8,0.79,-0.613,CONIFER_HIGH_FLAMMABILITY,0.371,-0.078,13.725000000000001,44.0,2.5775,246.25,2.359,1.038,0.275,5.525,51.29,0,0,2.1,12343.2,0
UTT_CELL_0134_0090,CELL_0134_0090,UTT,2023-05-16,30.60173,78.95297,1942.2,15.7,180.2,-0.003,-1.0,CONIFER_HIGH_FLAMMABILITY,0.537,-0.078,13.725000000000001,44.0,2.5775,246.25,2.359,1.038,0.275,5.525,51.29,0,0,372.1,26440.5,0
UTT_CELL_0077_0136,CELL_0077_0136,UTT,2023-05-16,30.34823,79.19751,1887.9,14.5,154.8,0.426,-0.905,CONIFER_HIGH_FLAMMABILITY,0.549,-0.078,13.725000000000001,44.0,2.5775,246.25,2.359,1.038,0.275,5.525,51.29,0,0,375.1,11076.4,0
UTT_CELL_0050_0051,CELL_0050_0051,UTT,2023-05-16,30.21965,78.75837,1635.1,28.0,142.0,0.616,-0.788,CONIFER_HIGH_FLAMMABILITY,0.414,-0.078,13.725000000000001,44.0,2.5775,246.25,2.359,1.038,0.275,5.525,51.29,0,0,379.2,2350.8,0
UTT_CELL_0064_0153,CELL_0064_0153,UTT,2023-05-16,30.29079,79.28693,1889.2,31.8,149.1,0.514,-0.858,CONIFER_HIGH_FLAMMABILITY,0.376,-0.078,13.725000000000001,44.0,2.5775,246.25,2.359,1.038,0.275,5.525,51.29,0,0,374.2,2219.3,0
UTT_CELL_0016_0078,CELL_0016_0078,UTT,2023-05-16,30.06866,78.9018,1601.9,33.4,126.9,0.8,-0.6,CONIFER_HIGH_FLAMMABILITY,0.36,-0.078,13.725000000000001,44.0,2.5775,246.25,2.359,1.038,0.275,5.525,51.29,0,0,379.7,2735.2,0
UTT_CELL_0057_0011,CELL_0057_0011,UTT,2023-05-16,30.24749,78.54994,1568.5,33.1,144.7,0.578,-0.816,CONIFER_HIGH_FLAMMABILITY,0.363,-0.078,13.725000000000001,44.0,2.5775,246.25,2.359,1.038,0.275,5.525,51.29,0,0,358.7,665.0,0
UTT_CELL_0005_0035,CELL_0005_0035,UTT,2023-05-16,30.01532,78.68005,1481.2,29.3,121.5,0.853,-0.522,CONIFER_HIGH_FLAMMABILITY,0.401,-0.078,13.725000000000001,44.0,2.5775,246.25,2.359,1.038,0.275,5.525,51.29,0,0,379.2,3906.4,0
UTT_CELL_0113_0125,CELL_0113_0125,UTT,2023-05-16,30.50977,79.13723,1960.8,29.9,171.0,0.156,-0.988,CONIFER_HIGH_FLAMMABILITY,0.395,-0.078,13.725000000000001,44.0,2.5775,246.25,2.359,1.038,0.275,5.525,51.29,0,0,372.1,9694.1,0
UTT_CELL_0089_0082,CELL_0089_0082,UTT,2023-05-16,30.39816,78.9156,1805.1,18.0,159.8,0.345,-0.938,CONIFER_HIGH_FLAMMABILITY,0.514,-0.078,13.725000000000001,44.0,2.5775,246.25,2.359,1.038,0.275,5.525,51.29,0,0,365.1,12023.3,0
UTT_CELL_0079_0133,CELL_0079_0133,UTT,2023-05-16,30.35703,79.18174,1886.9,10.9,155.7,0.412,-0.911,CONIFER_HIGH_FLAMMABILITY,0.585,-0.078,13.725000000000001,44.0,2.5775,246.25,2.359,1.038,0.275,5.525,51.29,0,0,370.1,9269.4,0
UTT_CELL_0018_0058,CELL_0018_0058,UTT,2023-05-16,30.07599,78.79792,1564.8,32.6,127.6,0.792,-0.61,CONIFER_HIGH_FLAMMABILITY,0.368,-0.078,13.725000000000001,44.0,2.5775,246.25,2.359,1.038,0.275,5.525,51.29,0,0,379.7,3704.2,0
UTT_CELL_0133_0068,CELL_0133_0068,UTT,2023-05-16,30.59537,78.8384,1892.6,13.1,179.5,0.009,-1.0,CONIFER_HIGH_FLAMMABILITY,0.563,-0.078,13.725000000000001,44.0,2.5775,246.25,2.359,1.038,0.275,5.525,51.29,0,0,379.7,26951.8,0
UTT_CELL_0081_0097,CELL_0081_0097,UTT,2023-05-16,30.36331,78.99436,1815.7,8.3,156.3,0.402,-0.916,CONIFER_HIGH_FLAMMABILITY,0.611,-0.078,13.725000000000001,44.0,2.5775,246.25,2.359,1.038,0.275,5.525,51.29,0,0,3.1,6643.9,0
UTT_CELL_0021_0108,CELL_0021_0108,UTT,2023-05-16,30.0936,79.05689,1678.9,29.3,129.4,0.773,-0.635,CONIFER_HIGH_FLAMMABILITY,0.401,-0.078,13.725000000000001,44.0,2.5775,246.25,2.359,1.038,0.275,5.525,51.29,0,0,379.7,8127.5,0
UTT_CELL_0123_0125,CELL_0123_0125,UTT,2023-05-16,30.55487,79.13637,1987.5,15.6,175.5,0.078,-0.997,CONIFER_HIGH_FLAMMABILITY,0.538,-0.078,13.725000000000001,44.0,2.5775,246.25,2.359,1.038,0.275,5.525,51.29,0,0,372.1,14557.7,0
UTT_CELL_0107_0095,CELL_0107_0095,UTT,2023-05-16,30.48039,78.98155,1880.9,33.8,168.0,0.208,-0.978,CONIFER_HIGH_FLAMMABILITY,0.356,-0.078,13.725000000000001,44.0,2.5775,246.25,2.359,1.038,0.275,5.525,51.29,0,0,372.1,15851.3,0
UTT_CELL_0135_0023,CELL_0135_0023,UTT,2023-05-16,30.60027,78.60366,1801.6,15.1,180.0,0.0,-1.0,CONIFER_HIGH_FLAMMABILITY,0.543,-0.078,13.725000000000001,44.0,2.5775,246.25,2.359,1.038,0.275,5.525,51.29,0,0,376.1,13257.1,0
UTT_CELL_0080_0014,CELL_0080_0014,UTT,2023-05-16,30.35147,78.56295,1636.1,13.2,155.1,0.421,-0.907,CONIFER_HIGH_FLAMMABILITY,0.562,-0.078,13.725000000000001,44.0,2.5775,246.25,2.359,1.038,0.275,5.525,51.29,0,0,375.7,5162.7,0
UTT_CELL_0003_0153,CELL_0003_0153,UTT,2023-05-16,30.01566,79.29168,1726.1,29.4,121.6,0.852,-0.524,CONIFER_HIGH_FLAMMABILITY,0.4,-0.078,13.725000000000001,44.0,2.5775,246.25,2.359,1.038,0.275,5.525,51.29,0,0,1.2,9671.2,0
UTT_CELL_0135_0036,CELL_0135_0036,UTT,2023-05-16,30.6015,78.67141,1829.5,15.6,180.2,-0.003,-1.0,CONIFER_HIGH_FLAMMABILITY,0.538,-0.078,13.725000000000001,44.0,2.5775,246.25,2.359,1.038,0.275,5.525,51.29,0,0,378.7,19783.8,0
UTT_CELL_0102_0133,CELL_0102_0133,UTT,2023-05-16,30.46075,79.17982,1948.4,33.5,166.1,0.24,-0.971,CONIFER_HIGH_FLAMMABILITY,0.359,-0.078,13.725000000000001,44.0,2.5775,246.25,2.359,1.038,0.275,5.525,51.29,0,0,370.1,8243.8,0
UTT_CELL_0050_0157,CELL_0050_0157,UTT,2023-05-16,30.22791,79.3088,1860.3,30.0,142.8,0.605,-0.797,CONIFER_HIGH_FLAMMABILITY,0.394,-0.078,13.725000000000001,44.0,2.5775,246.25,2.359,1.038,0.275,5.525,51.29,0,0,372.1,3439.7,0
UTT_CELL_0038_0007,CELL_0038_0007,UTT,2023-05-16,30.16145,78.53131,1509.4,6.9,136.1,0.693,-0.721,CONIFER_HIGH_FLAMMABILITY,0.625,-0.078,13.725000000000001,44.0,2.5775,246.25,2.359,1.038,0.275,5.525,51.29,0,0,359.1,2769.1,0
UTT_CELL_0110_0154,CELL_0110_0154,UTT,2023-05-16,30.49832,79.28851,2014.4,32.1,169.8,0.177,-0.984,CONIFER_MODERATE_FLAMMABILITY,0.373,-0.078,13.725000000000001,44.0,2.5775,246.25,2.359,1.038,0.275,5.525,51.29,0,0,372.7,13573.2,0
UTT_CELL_0091_0094,CELL_0091_0094,UTT,2023-05-16,30.40816,78.97783,1836.0,21.6,160.8,0.329,-0.944,CONIFER_HIGH_FLAMMABILITY,0.478,-0.078,13.725000000000001,44.0,2.5775,246.25,2.359,1.038,0.275,5.525,51.29,0,0,3.1,11465.7,0
UTT_CELL_0094_0133,CELL_0094_0133,UTT,2023-05-16,30.42468,79.18049,1927.0,26.8,162.5,0.301,-0.954,CONIFER_HIGH_FLAMMABILITY,0.426,-0.078,13.725000000000001,44.0,2.5775,246.25,2.359,1.038,0.275,5.525,51.29,0,0,370.1,6642.9,0
UTT_CELL_0034_0143,CELL_0034_0143,UTT,2023-05-16,30.1548,79.23738,1787.8,7.9,135.5,0.701,-0.713,CONIFER_HIGH_FLAMMABILITY,0.615,-0.078,13.725000000000001,44.0,2.5775,246.25,2.359,1.038,0.275,5.525,51.29,0,0,372.2,9189.9,0
UTT_CELL_0125_0102,CELL_0125_0102,UTT,2023-05-16,30.56212,79.01635,1943.8,12.7,176.2,0.066,-0.998,CONIFER_HIGH_FLAMMABILITY,0.567,-0.078,13.725000000000001,44.0,2.5775,246.25,2.359,1.038,0.275,5.525,51.29,0,0,372.1,18585.9,0
UTT_CELL_0026_0137,CELL_0026_0137,UTT,2023-05-16,30.11829,79.20689,1753.7,22.2,131.8,0.745,-0.667,CONIFER_HIGH_FLAMMABILITY,0.472,-0.078,13.725000000000001,44.0,2.5775,246.25,2.359,1.038,0.275,5.525,51.29,0,0,372.2,12600.4,0
UTT_CELL_0104_0104,CELL_0104_0104,UTT,2023-05-16,30.46758,79.02868,1892.0,33.9,166.8,0.228,-0.974,CONIFER_HIGH_FLAMMABILITY,0.355,-0.078,13.725000000000001,44.0,2.5775,246.25,2.359,1.038,0.275,5.525,51.29,0,0,372.1,10496.8,0
UTT_CELL_0120_0137,CELL_0120_0137,UTT,2023-05-16,30.54222,79.19915,2005.0,20.4,174.2,0.101,-0.995,CONIFER_MODERATE_FLAMMABILITY,0.49,-0.078,13.725000000000001,44.0,2.5775,246.25,2.359,1.038,0.275,5.525,51.29,0,0,372.1,16050.4,0
UTT_CELL_0054_0070,CELL_0054_0070,UTT,2023-05-16,30.23934,78.85662,1686.3,32.1,143.9,0.589,-0.808,CONIFER_HIGH_FLAMMABILITY,0.373,-0.078,13.725000000000001,44.0,2.5775,246.25,2.359,1.038,0.275,5.525,51.29,1,1,360.6,4319.8,1
UTT_CELL_0035_0004,CELL_0035_0004,UTT,2023-05-16,30.14763,78.51608,1495.0,10.9,134.8,0.71,-0.705,CONIFER_HIGH_FLAMMABILITY,0.585,-0.078,13.725000000000001,44.0,2.5775,246.25,2.359,1.038,0.275,5.525,51.29,0,0,359.1,1144.2,0
UTT_CELL_0135_0085,CELL_0135_0085,UTT,2023-05-16,30.60582,78.92681,1934.2,17.3,180.6,-0.01,-1.0,CONIFER_HIGH_FLAMMABILITY,0.521,-0.078,13.725000000000001,44.0,2.5775,246.25,2.359,1.038,0.275,5.525,51.29,0,0,372.1,28791.8,0
UTT_CELL_0020_0082,CELL_0020_0082,UTT,2023-05-16,30.08703,78.92216,1621.1,30.7,128.7,0.78,-0.625,CONIFER_HIGH_FLAMMABILITY,0.387,-0.078,13.725000000000001,44.0,2.5775,246.25,2.359,1.038,0.275,5.525,51.29,0,0,373.7,4766.8,0
UTT_CELL_0062_0104,CELL_0062_0104,UTT,2023-05-16,30.27819,79.03248,1779.9,33.4,147.8,0.533,-0.846,CONIFER_HIGH_FLAMMABILITY,0.36,-0.078,13.725000000000001,44.0,2.5775,246.25,2.359,1.038,0.275,5.525,51.29,0,0,358.7,4774.6,0
UTT_CELL_0014_0018,CELL_0014_0018,UTT,2023-05-16,30.05431,78.591,1469.0,34.0,125.4,0.815,-0.579,CONIFER_HIGH_FLAMMABILITY,0.354,-0.078,13.725000000000001,44.0,2.5775,246.25,2.359,1.038,0.275,5.525,51.29,0,0,3.1,5862.8,0
UTT_CELL_0038_0072,CELL_0038_0072,UTT,2023-05-16,30.16737,78.86856,1647.8,9.4,136.7,0.686,-0.728,CONIFER_HIGH_FLAMMABILITY,0.6,-0.078,13.725000000000001,44.0,2.5775,246.25,2.359,1.038,0.275,5.525,51.29,1,1,5.2,4993.8,0
UTT_CELL_0103_0042,CELL_0103_0042,UTT,2023-05-16,30.45779,78.70608,1757.1,33.2,165.8,0.245,-0.969,CONIFER_HIGH_FLAMMABILITY,0.362,-0.078,13.725000000000001,44.0,2.5775,246.25,2.359,1.038,0.275,5.525,51.29,0,0,379.2,10018.4,0
UTT_CELL_0114_0100,CELL_0114_0100,UTT,2023-05-16,30.51235,79.00694,1910.2,29.4,171.2,0.153,-0.988,CONIFER_HIGH_FLAMMABILITY,0.4,-0.078,13.725000000000001,44.0,2.5775,246.25,2.359,1.038,0.275,5.525,51.29,0,0,372.1,15241.9,0
UTT_CELL_0053_0018,CELL_0053_0018,UTT,2023-05-16,30.23013,78.58673,1572.8,30.5,143.0,0.602,-0.799,CONIFER_HIGH_FLAMMABILITY,0.389,-0.078,13.725000000000001,44.0,2.5775,246.25,2.359,1.038,0.275,5.525,51.29,0,0,359.1,1386.8,0
UTT_CELL_0109_0131,CELL_0109_0131,UTT,2023-05-16,30.49218,79.16882,1962.8,32.9,169.2,0.187,-0.982,CONIFER_HIGH_FLAMMABILITY,0.365,-0.078,13.725000000000001,44.0,2.5775,246.25,2.359,1.038,0.275,5.525,51.29,0,0,372.1,9598.4,0
UTT_CELL_0113_0013,CELL_0113_0013,UTT,2023-05-16,30.50013,78.55404,1721.7,31.8,170.0,0.174,-0.985,CONIFER_HIGH_FLAMMABILITY,0.376,-0.078,13.725000000000001,44.0,2.5775,246.25,2.359,1.038,0.275,5.525,51.29,0,0,378.7,3071.5,0
UTT_CELL_0132_0087,CELL_0132_0087,UTT,2023-05-16,30.59246,78.93752,1930.5,12.0,179.2,0.014,-1.0,CONIFER_HIGH_FLAMMABILITY,0.574,-0.078,13.725000000000001,44.0,2.5775,246.25,2.359,1.038,0.275,5.525,51.29,0,0,372.1,26907.5,0
UTT_CELL_0126_0024,CELL_0126_0024,UTT,2023-05-16,30.5598,78.60987,1779.8,13.6,176.0,0.07,-0.998,CONIFER_HIGH_FLAMMABILITY,0.558,-0.078,13.725000000000001,44.0,2.5775,246.25,2.359,1.038,0.275,5.525,51.29,0,0,378.7,11536.4,0
UTT_CELL_0124_0086,CELL_0124_0086,UTT,2023-05-16,30.55631,78.93307,1907.0,15.0,175.6,0.077,-0.997,CONIFER_HIGH_FLAMMABILITY,0.544,-0.078,13.725000000000001,44.0,2.5775,246.25,2.359,1.038,0.275,5.525,51.29,0,0,372.1,24720.3,0
UTT_CELL_0040_0049,CELL_0040_0049,UTT,2023-05-16,30.17439,78.74901,1604.2,12.3,137.4,0.677,-0.736,CONIFER_HIGH_FLAMMABILITY,0.571,-0.078,13.725000000000001,44.0,2.5775,246.25,2.359,1.038,0.275,5.525,51.29,0,0,374.7,1648.7,0
UTT_CELL_0004_0106,CELL_0004_0106,UTT,2023-05-16,30.01679,79.04803,1629.3,29.6,121.7,0.851,-0.525,CONIFER_HIGH_FLAMMABILITY,0.398,-0.078,13.725000000000001,44.0,2.5775,246.25,2.359,1.038,0.275,5.525,51.29,0,0,379.7,814.1,0
UTT_CELL_0045_0029,CELL_0045_0029,UTT,2023-05-16,30.19511,78.64469,1574.9,20.3,139.5,0.649,-0.76,CONIFER_HIGH_FLAMMABILITY,0.491,-0.078,13.725000000000001,44.0,2.5775,246.25,2.359,1.038,0.275,5.525,51.29,0,0,372.7,2005.7,0
UTT_CELL_0009_0085,CELL_0009_0085,UTT,2023-05-16,30.03767,78.93874,1598.1,33.1,123.8,0.831,-0.556,CONIFER_HIGH_FLAMMABILITY,0.363,-0.078,13.725000000000001,44.0,2.5775,246.25,2.359,1.038,0.275,5.525,51.29,0,0,379.7,3582.0,0
UTT_CELL_0001_0091,CELL_0001_0091,UTT,2023-05-16,30.00208,78.97057,1589.5,25.8,120.2,0.864,-0.503,CONIFER_HIGH_FLAMMABILITY,0.436,-0.078,13.725000000000001,44.0,2.5775,246.25,2.359,1.038,0.275,5.525,51.29,0,0,379.7,4969.0,0
UTT_CELL_0089_0000,CELL_0089_0000,UTT,2023-05-16,30.39066,78.48914,1630.1,15.0,159.1,0.357,-0.934,CONIFER_HIGH_FLAMMABILITY,0.544,-0.078,13.725000000000001,44.0,2.5775,246.25,2.359,1.038,0.275,5.525,51.29,0,0,378.2,2413.5,0
UTT_CELL_0022_0092,CELL_0022_0092,UTT,2023-05-16,30.09686,78.97383,1647.6,28.6,129.7,0.769,-0.639,CONIFER_HIGH_FLAMMABILITY,0.408,-0.078,13.725000000000001,44.0,2.5775,246.25,2.359,1.038,0.275,5.525,51.29,0,0,373.7,3836.0,0
UTT_CELL_0022_0097,CELL_0022_0097,UTT,2023-05-16,30.09726,78.99976,1658.3,28.5,129.7,0.769,-0.639,CONIFER_HIGH_FLAMMABILITY,0.409,-0.078,13.725000000000001,44.0,2.5775,246.25,2.359,1.038,0.275,5.525,51.29,0,0,373.7,4313.8,0
UTT_CELL_0053_0067,CELL_0053_0067,UTT,2023-05-16,30.23457,78.84114,1677.2,31.3,143.5,0.595,-0.804,CONIFER_HIGH_FLAMMABILITY,0.381,-0.078,13.725000000000001,44.0,2.5775,246.25,2.359,1.038,0.275,5.525,51.29,3,3,5.2,3772.9,1
UTT_CELL_0053_0069,CELL_0053_0069,UTT,2023-05-16,30.23475,78.85153,1681.5,31.3,143.5,0.595,-0.804,CONIFER_HIGH_FLAMMABILITY,0.381,-0.078,13.725000000000001,44.0,2.5775,246.25,2.359,1.038,0.275,5.525,51.29,2,2,5.2,4052.1,1
UTT_CELL_0091_0087,CELL_0091_0087,UTT,2023-05-17,30.40759,78.94142,1821.1,21.4,160.8,0.329,-0.944,CONIFER_HIGH_FLAMMABILITY,0.482,-0.048,13.6,47.75,2.7975000000000003,239.0,2.398,1.441,0.9500000000000001,3.1000000000000005,33.12,0,0,0.5,8333.9,0
UTT_CELL_0115_0135,CELL_0115_0135,UTT,2023-05-17,30.51953,79.18914,1987.4,27.6,172.0,0.139,-0.99,CONIFER_HIGH_FLAMMABILITY,0.42,-0.048,13.6,47.75,2.7975000000000003,239.0,2.398,1.441,0.9500000000000001,3.1000000000000005,33.12,0,0,373.1,13376.7,0
UTT_CELL_0096_0072,CELL_0096_0072,UTT,2023-05-17,30.42888,78.8629,1802.5,28.0,162.9,0.294,-0.956,CONIFER_HIGH_FLAMMABILITY,0.416,-0.048,13.6,47.75,2.7975000000000003,239.0,2.398,1.441,0.9500000000000001,3.1000000000000005,33.12,0,0,366.1,11808.6,0
UTT_CELL_0124_0135,CELL_0124_0135,UTT,2023-05-17,30.56011,79.18839,2011.4,13.5,176.0,0.07,-0.998,CONIFER_MODERATE_FLAMMABILITY,0.561,-0.048,13.6,47.75,2.7975000000000003,239.0,2.398,1.441,0.9500000000000001,3.1000000000000005,33.12,0,0,373.1,17077.6,0
UTT_CELL_0000_0018,CELL_0000_0018,UTT,2023-05-17,29.9912,78.59253,1431.7,22.3,119.1,0.874,-0.486,CONIFER_HIGH_FLAMMABILITY,0.473,-0.048,13.6,47.75,2.7975000000000003,239.0,2.398,1.441,0.9500000000000001,3.1000000000000005,33.12,0,0,4.1,6220.2,0
UTT_CELL_0103_0002,CELL_0103_0002,UTT,2023-05-17,30.45397,78.49793,1671.6,32.8,165.4,0.252,-0.968,CONIFER_HIGH_FLAMMABILITY,0.368,-0.048,13.6,47.75,2.7975000000000003,239.0,2.398,1.441,0.9500000000000001,3.1000000000000005,33.12,0,0,372.6,1814.7,0
UTT_CELL_0112_0117,CELL_0112_0117,UTT,2023-05-17,30.50466,79.09565,1941.1,31.0,170.5,0.165,-0.986,CONIFER_HIGH_FLAMMABILITY,0.386,-0.048,13.6,47.75,2.7975000000000003,239.0,2.398,1.441,0.9500000000000001,3.1000000000000005,33.12,0,0,373.1,8982.0,0
UTT_CELL_0054_0070,CELL_0054_0070,UTT,2023-05-17,30.23934,78.85662,1686.3,32.1,143.9,0.589,-0.808,CONIFER_HIGH_FLAMMABILITY,0.375,-0.048,13.6,47.75,2.7975000000000003,239.0,2.398,1.441,0.9500000000000001,3.1000000000000005,33.12,4,4,0.5,129.5,1
UTT_CELL_0092_0088,CELL_0092_0088,UTT,2023-05-17,30.41219,78.94653,1825.9,23.0,161.2,0.322,-0.947,CONIFER_HIGH_FLAMMABILITY,0.466,-0.048,13.6,47.75,2.7975000000000003,239.0,2.398,1.441,0.9500000000000001,3.1000000000000005,33.12,0,0,0.5,8818.8,0
UTT_CELL_0100_0105,CELL_0100_0105,UTT,2023-05-17,30.44962,79.03425,1883.5,32.2,165.0,0.259,-0.966,CONIFER_HIGH_FLAMMABILITY,0.374,-0.048,13.6,47.75,2.7975000000000003,239.0,2.398,1.441,0.9500000000000001,3.1000000000000005,33.12,0,0,373.1,9186.0,0
UTT_CELL_0007_0078,CELL_0007_0078,UTT,2023-05-17,30.02808,78.90265,1577.9,31.8,122.8,0.841,-0.542,CONIFER_HIGH_FLAMMABILITY,0.378,-0.048,13.6,47.75,2.7975000000000003,239.0,2.398,1.441,0.9500000000000001,3.1000000000000005,33.12,0,0,376.1,1381.0,0
UTT_CELL_0005_0013,CELL_0005_0013,UTT,2023-05-17,30.01326,78.56608,1434.4,28.8,121.3,0.854,-0.52,CONIFER_HIGH_FLAMMABILITY,0.408,-0.048,13.6,47.75,2.7975000000000003,239.0,2.398,1.441,0.9500000000000001,3.1000000000000005,33.12,1,1,4.1,2414.9,0
UTT_CELL_0080_0066,CELL_0080_0066,UTT,2023-05-17,30.35623,78.83327,1747.0,11.2,155.6,0.413,-0.911,CONIFER_HIGH_FLAMMABILITY,0.584,-0.048,13.6,47.75,2.7975000000000003,239.0,2.398,1.441,0.9500000000000001,3.1000000000000005,33.12,0,0,366.1,3318.1,0
UTT_CELL_0052_0013,CELL_0052_0013,UTT,2023-05-17,30.22515,78.56088,1559.4,29.4,142.5,0.609,-0.793,CONIFER_HIGH_FLAMMABILITY,0.402,-0.048,13.6,47.75,2.7975000000000003,239.0,2.398,1.441,0.9500000000000001,3.1000000000000005,33.12,0,0,360.1,1555.1,0
UTT_CELL_0086_0145,CELL_0086_0145,UTT,2023-05-17,30.38945,79.24358,1931.1,14.6,158.9,0.36,-0.933,CONIFER_HIGH_FLAMMABILITY,0.55,-0.048,13.6,47.75,2.7975000000000003,239.0,2.398,1.441,0.9500000000000001,3.1000000000000005,33.12,0,0,374.2,8037.5,0
UTT_CELL_0085_0051,CELL_0085_0051,UTT,2023-05-17,30.37746,78.75477,1728.4,9.7,157.7,0.379,-0.925,CONIFER_HIGH_FLAMMABILITY,0.599,-0.048,13.6,47.75,2.7975000000000003,239.0,2.398,1.441,0.9500000000000001,3.1000000000000005,33.12,0,0,380.7,1316.7,0
UTT_CELL_0122_0093,CELL_0122_0093,UTT,2023-05-17,30.54787,78.96973,1916.6,18.3,174.8,0.091,-0.996,CONIFER_HIGH_FLAMMABILITY,0.513,-0.048,13.6,47.75,2.7975000000000003,239.0,2.398,1.441,0.9500000000000001,3.1000000000000005,33.12,0,0,373.1,20937.7,0
UTT_CELL_0117_0122,CELL_0117_0122,UTT,2023-05-17,30.52759,79.12126,1965.1,25.3,172.8,0.125,-0.992,CONIFER_HIGH_FLAMMABILITY,0.443,-0.048,13.6,47.75,2.7975000000000003,239.0,2.398,1.441,0.9500000000000001,3.1000000000000005,33.12,0,0,373.1,11338.9,0
UTT_CELL_0107_0042,CELL_0107_0042,UTT,2023-05-17,30.47583,78.70565,1767.8,34.0,167.6,0.215,-0.977,CONIFER_HIGH_FLAMMABILITY,0.356,-0.048,13.6,47.75,2.7975000000000003,239.0,2.398,1.441,0.9500000000000001,3.1000000000000005,33.12,0,0,380.2,11888.1,0
UTT_CELL_0006_0130,CELL_0006_0130,UTT,2023-05-17,30.02759,79.17223,1685.4,31.7,122.8,0.841,-0.542,CONIFER_HIGH_FLAMMABILITY,0.379,-0.048,13.6,47.75,2.7975000000000003,239.0,2.398,1.441,0.9500000000000001,3.1000000000000005,33.12,0,0,376.1,7499.3,0
UTT_CELL_0018_0154,CELL_0018_0154,UTT,2023-05-17,30.08339,79.2957,1768.3,31.4,128.3,0.785,-0.62,CONIFER_HIGH_FLAMMABILITY,0.382,-0.048,13.6,47.75,2.7975000000000003,239.0,2.398,1.441,0.9500000000000001,3.1000000000000005,33.12,0,0,3.1,7934.7,0
UTT_CELL_0016_0089,CELL_0016_0089,UTT,2023-05-17,30.06956,78.95883,1625.3,33.3,127.0,0.799,-0.602,CONIFER_HIGH_FLAMMABILITY,0.363,-0.048,13.6,47.75,2.7975000000000003,239.0,2.398,1.441,0.9500000000000001,3.1000000000000005,33.12,0,0,375.7,6169.0,0
UTT_CELL_0087_0011,CELL_0087_0011,UTT,2023-05-17,30.38273,78.54657,1648.3,11.8,158.3,0.37,-0.929,CONIFER_HIGH_FLAMMABILITY,0.578,-0.048,13.6,47.75,2.7975000000000003,239.0,2.398,1.441,0.9500000000000001,3.1000000000000005,33.12,0,0,376.7,4795.2,0
UTT_CELL_0040_0142,CELL_0040_0142,UTT,2023-05-17,30.18179,79.2317,1801.8,15.3,138.2,0.667,-0.745,CONIFER_HIGH_FLAMMABILITY,0.543,-0.048,13.6,47.75,2.7975000000000003,239.0,2.398,1.441,0.9500000000000001,3.1000000000000005,33.12,0,0,373.2,6193.3,0
UTT_CELL_0043_0052,CELL_0043_0052,UTT,2023-05-17,30.18818,78.76427,1618.6,17.8,138.8,0.659,-0.752,CONIFER_HIGH_FLAMMABILITY,0.518,-0.048,13.6,47.75,2.7975000000000003,239.0,2.398,1.441,0.9500000000000001,3.1000000000000005,33.12,0,0,375.7,1242.0,0
UTT_CELL_0045_0123,CELL_0045_0123,UTT,2023-05-17,30.20297,79.13265,1774.8,23.1,140.3,0.639,-0.769,CONIFER_HIGH_FLAMMABILITY,0.465,-0.048,13.6,47.75,2.7975000000000003,239.0,2.398,1.441,0.9500000000000001,3.1000000000000005,33.12,0,0,356.6,7872.2,0
UTT_CELL_0116_0042,CELL_0116_0042,UTT,2023-05-17,30.5164,78.7047,1791.7,28.4,171.6,0.146,-0.989,CONIFER_HIGH_FLAMMABILITY,0.412,-0.048,13.6,47.75,2.7975000000000003,239.0,2.398,1.441,0.9500000000000001,3.1000000000000005,33.12,0,0,380.2,16211.2,0
UTT_CELL_0039_0048,CELL_0039_0048,UTT,2023-05-17,30.16979,78.74392,1599.4,10.4,137.0,0.682,-0.731,CONIFER_HIGH_FLAMMABILITY,0.592,-0.048,13.6,47.75,2.7975000000000003,239.0,2.398,1.441,0.9500000000000001,3.1000000000000005,33.12,0,0,375.7,2329.7,0
UTT_CELL_0035_0042,CELL_0035_0042,UTT,2023-05-17,30.15122,78.71321,1576.0,9.4,135.1,0.706,-0.708,CONIFER_HIGH_FLAMMABILITY,0.602,-0.048,13.6,47.75,2.7975000000000003,239.0,2.398,1.441,0.9500000000000001,3.1000000000000005,33.12,0,0,378.1,1984.1,0
UTT_CELL_0002_0009,CELL_0002_0009,UTT,2023-05-17,29.99935,78.54569,1417.9,24.9,119.9,0.867,-0.498,CONIFER_HIGH_FLAMMABILITY,0.447,-0.048,13.6,47.75,2.7975000000000003,239.0,2.398,1.441,0.9500000000000001,3.1000000000000005,33.12,1,1,380.7,2732.7,0
UTT_CELL_0044_0044,CELL_0044_0044,UTT,2023-05-17,30.19197,78.72265,1604.2,19.2,139.2,0.653,-0.757,CONIFER_HIGH_FLAMMABILITY,0.504,-0.048,13.6,47.75,2.7975000000000003,239.0,2.398,1.441,0.9500000000000001,3.1000000000000005,33.12,0,0,359.7,431.5,0
UTT_CELL_0112_0053,CELL_0112_0053,UTT,2023-05-17,30.49936,78.76239,1804.6,31.9,169.9,0.175,-0.985,CONIFER_HIGH_FLAMMABILITY,0.377,-0.048,13.6,47.75,2.7975000000000003,239.0,2.398,1.441,0.9500000000000001,3.1000000000000005,33.12,0,0,380.7,14339.1,0
UTT_CELL_0111_0084,CELL_0111_0084,UTT,2023-05-17,30.49753,78.9239,1868.1,32.2,169.8,0.177,-0.984,CONIFER_HIGH_FLAMMABILITY,0.374,-0.048,13.6,47.75,2.7975000000000003,239.0,2.398,1.441,0.9500000000000001,3.1000000000000005,33.12,0,0,0.5,18473.9,0
UTT_CELL_0130_0027,CELL_0130_0027,UTT,2023-05-17,30.57811,78.62506,1796.9,6.0,177.8,0.038,-0.999,CONIFER_HIGH_FLAMMABILITY,0.636,-0.048,13.6,47.75,2.7975000000000003,239.0,2.398,1.441,0.9500000000000001,3.1000000000000005,33.12,0,0,379.7,14116.4,0
UTT_CELL_0024_0007,CELL_0024_0007,UTT,2023-05-17,30.09834,78.53288,1472.2,28.2,129.8,0.768,-0.64,CONIFER_HIGH_FLAMMABILITY,0.414,-0.048,13.6,47.75,2.7975000000000003,239.0,2.398,1.441,0.9500000000000001,3.1000000000000005,33.12,2,2,2.2,3754.7,0
UTT_CELL_0060_0084,CELL_0060_0084,UTT,2023-05-17,30.26756,78.92876,1732.0,34.0,146.8,0.548,-0.837,CONIFER_HIGH_FLAMMABILITY,0.356,-0.048,13.6,47.75,2.7975000000000003,239.0,2.398,1.441,0.9500000000000001,3.1000000000000005,33.12,1,1,3.1,4022.6,0
UTT_CELL_0052_0070,CELL_0052_0070,UTT,2023-05-17,30.23032,78.85682,1680.9,30.5,143.0,0.602,-0.799,CONIFER_HIGH_FLAMMABILITY,0.391,-0.048,13.6,47.75,2.7975000000000003,239.0,2.398,1.441,0.9500000000000001,3.1000000000000005,33.12,6,6,0.5,737.4,1
UTT_CELL_0028_0154,CELL_0028_0154,UTT,2023-05-17,30.12849,79.29493,1795.1,18.5,132.8,0.734,-0.679,CONIFER_HIGH_FLAMMABILITY,0.511,-0.048,13.6,47.75,2.7975000000000003,239.0,2.398,1.441,0.9500000000000001,3.1000000000000005,33.12,1,1,3.1,3990.6,0
UTT_CELL_0089_0121,CELL_0089_0121,UTT,2023-05-17,30.40124,79.11848,1888.1,19.1,160.1,0.34,-0.94,CONIFER_HIGH_FLAMMABILITY,0.505,-0.048,13.6,47.75,2.7975000000000003,239.0,2.398,1.441,0.9500000000000001,3.1000000000000005,33.12,0,0,371.1,1252.2,0
UTT_CELL_0000_0103,CELL_0000_0103,UTT,2023-05-17,29.99852,79.03284,1612.2,24.7,119.9,0.867,-0.498,CONIFER_HIGH_FLAMMABILITY,0.449,-0.048,13.6,47.75,2.7975000000000003,239.0,2.398,1.441,0.9500000000000001,3.1000000000000005,33.12,0,0,380.7,1863.6,0
UTT_CELL_0054_0024,CELL_0054_0024,UTT,2023-05-17,30.23521,78.61777,1588.2,31.4,143.5,0.595,-0.804,CONIFER_HIGH_FLAMMABILITY,0.382,-0.048,13.6,47.75,2.7975000000000003,239.0,2.398,1.441,0.9500000000000001,3.1000000000000005,33.12,1,1,375.2,1964.8,0
UTT_CELL_0006_0061,CELL_0006_0061,UTT,2023-05-17,30.02214,78.81466,1539.1,30.8,122.2,0.846,-0.533,CONIFER_HIGH_FLAMMABILITY,0.388,-0.048,13.6,47.75,2.7975000000000003,239.0,2.398,1.441,0.9500000000000001,3.1000000000000005,33.12,1,1,377.7,1315.4,0
UTT_CELL_0010_0071,CELL_0010_0071,UTT,2023-05-17,30.04103,78.86609,1571.1,33.4,124.1,0.828,-0.561,CONIFER_HIGH_FLAMMABILITY,0.362,-0.048,13.6,47.75,2.7975000000000003,239.0,2.398,1.441,0.9500000000000001,3.1000000000000005,33.12,0,0,376.1,3043.5,0
UTT_CELL_0099_0091,CELL_0099_0091,UTT,2023-05-17,30.44399,78.96148,1851.0,31.3,164.4,0.269,-0.963,CONIFER_HIGH_FLAMMABILITY,0.383,-0.048,13.6,47.75,2.7975000000000003,239.0,2.398,1.441,0.9500000000000001,3.1000000000000005,33.12,0,0,0.5,12449.8,0
UTT_CELL_0033_0152,CELL_0033_0152,UTT,2023-05-17,30.1509,79.28416,1804.2,9.5,135.1,0.706,-0.708,CONIFER_HIGH_FLAMMABILITY,0.601,-0.048,13.6,47.75,2.7975000000000003,239.0,2.398,1.441,0.9500000000000001,3.1000000000000005,33.12,1,1,3.1,4497.1,0
UTT_CELL_0012_0016,CELL_0012_0016,UTT,2023-05-17,30.04511,78.58086,1459.4,33.7,124.5,0.824,-0.566,CONIFER_HIGH_FLAMMABILITY,0.359,-0.048,13.6,47.75,2.7975000000000003,239.0,2.398,1.441,0.9500000000000001,3.1000000000000005,33.12,1,1,4.1,4361.2,0
UTT_CELL_0083_0064,CELL_0083_0064,UTT,2023-05-17,30.36958,78.82257,1750.8,6.4,157.0,0.391,-0.921,CONIFER_HIGH_FLAMMABILITY,0.632,-0.048,13.6,47.75,2.7975000000000003,239.0,2.398,1.441,0.9500000000000001,3.1000000000000005,33.12,0,0,366.1,4976.9,0
UTT_CELL_0080_0155,CELL_0080_0155,UTT,2023-05-17,30.36308,79.29608,1936.3,8.4,156.3,0.402,-0.916,CONIFER_HIGH_FLAMMABILITY,0.612,-0.048,13.6,47.75,2.7975000000000003,239.0,2.398,1.441,0.9500000000000001,3.1000000000000005,33.12,0,0,374.2,1657.2,1
UTT_CELL_0094_0126,CELL_0094_0126,UTT,2023-05-18,30.42416,79.14406,1912.1,26.7,162.4,0.302,-0.953,CONIFER_HIGH_FLAMMABILITY,0.456,0.026,11.774999999999999,57.0,3.2925,203.25,1.3,3.025,1.0,3.45,30.36,0,0,372.1,2714.9,0
UTT_CELL_0100_0010,CELL_0100_0010,UTT,2023-05-18,30.44123,78.5399,1680.7,30.8,164.1,0.274,-0.962,CONIFER_HIGH_FLAMMABILITY,0.415,0.026,11.774999999999999,57.0,3.2925,203.25,1.3,3.025,1.0,3.45,30.36,0,0,380.7,975.0,0
UTT_CELL_0035_0041,CELL_0035_0041,UTT,2023-05-18,30.15113,78.70802,1573.9,9.4,135.1,0.706,-0.708,CONIFER_HIGH_FLAMMABILITY,0.629,0.026,11.774999999999999,57.0,3.2925,203.25,1.3,3.025,1.0,3.45,30.36,0,0,361.1,2284.2,0
UTT_CELL_0025_0086,CELL_0025_0086,UTT,2023-05-18,30.1099,78.94243,1642.9,24.9,131.0,0.755,-0.656,CONIFER_HIGH_FLAMMABILITY,0.474,0.026,11.774999999999999,57.0,3.2925,203.25,1.3,3.025,1.0,3.45,30.36,0,0,376.7,1800.5,0
UTT_CELL_0114_0105,CELL_0114_0105,UTT,2023-05-18,30.51275,79.03298,1920.8,29.3,171.3,0.151,-0.988,CONIFER_HIGH_FLAMMABILITY,0.43,0.026,11.774999999999999,57.0,3.2925,203.25,1.3,3.025,1.0,3.45,30.36,0,0,374.1,13158.7,0
UTT_CELL_0101_0112,CELL_0101_0112,UTT,2023-05-18,30.45467,79.07059,1901.0,32.9,165.5,0.25,-0.968,CONIFER_HIGH_FLAMMABILITY,0.394,0.026,11.774999999999999,57.0,3.2925,203.25,1.3,3.025,1.0,3.45,30.36,0,0,374.1,5743.3,0
UTT_CELL_0099_0044,CELL_0099_0044,UTT,2023-05-18,30.43994,78.7169,1750.7,30.5,164.0,0.276,-0.961,CONIFER_HIGH_FLAMMABILITY,0.418,0.026,11.774999999999999,57.0,3.2925,203.25,1.3,3.025,1.0,3.45,30.36,0,0,381.7,8202.1,0
UTT_CELL_0105_0119,CELL_0105_0119,UTT,2023-05-18,30.47325,79.10668,1926.6,34.0,167.3,0.22,-0.976,CONIFER_HIGH_FLAMMABILITY,0.383,0.026,11.774999999999999,57.0,3.2925,203.25,1.3,3.025,1.0,3.45,30.36,0,0,374.1,5328.0,0
UTT_CELL_0025_0092,CELL_0025_0092,UTT,2023-05-18,30.11039,78.97355,1655.7,24.7,131.0,0.755,-0.656,CONIFER_HIGH_FLAMMABILITY,0.476,0.026,11.774999999999999,57.0,3.2925,203.25,1.3,3.025,1.0,3.45,30.36,0,0,375.7,2385.4,0
UTT_CELL_0018_0115,CELL_0018_0115,UTT,2023-05-18,30.08061,79.09346,1685.7,31.9,128.1,0.787,-0.617,CONIFER_HIGH_FLAMMABILITY,0.404,0.026,11.774999999999999,57.0,3.2925,203.25,1.3,3.025,1.0,3.45,30.36,0,0,381.7,8877.9,0
UTT_CELL_0108_0104,CELL_0108_0104,UTT,2023-05-18,30.48562,79.02832,1902.7,33.5,168.6,0.198,-0.98,CONIFER_HIGH_FLAMMABILITY,0.388,0.026,11.774999999999999,57.0,3.2925,203.25,1.3,3.025,1.0,3.45,30.36,0,0,374.1,11556.6,0
UTT_CELL_0100_0067,CELL_0100_0067,UTT,2023-05-18,30.44649,78.83648,1802.5,31.7,164.6,0.266,-0.964,CONIFER_HIGH_FLAMMABILITY,0.406,0.026,11.774999999999999,57.0,3.2925,203.25,1.3,3.025,1.0,3.45,30.36,0,0,381.7,13173.7,0
UTT_CELL_0099_0000,CELL_0099_0000,UTT,2023-05-18,30.43574,78.48799,1656.6,29.6,163.6,0.282,-0.959,CONIFER_HIGH_FLAMMABILITY,0.427,0.026,11.774999999999999,57.0,3.2925,203.25,1.3,3.025,1.0,3.45,30.36,0,0,373.6,1536.6,0
UTT_CELL_0118_0010,CELL_0118_0010,UTT,2023-05-18,30.52237,78.53786,1728.6,26.8,172.2,0.136,-0.991,CONIFER_HIGH_FLAMMABILITY,0.455,0.026,11.774999999999999,57.0,3.2925,203.25,1.3,3.025,1.0,3.45,30.36,0,0,380.7,3008.3,0
UTT_CELL_0097_0130,CELL_0097_0130,UTT,2023-05-18,30.43799,79.16463,1928.6,30.1,163.8,0.279,-0.96,CONIFER_HIGH_FLAMMABILITY,0.422,0.026,11.774999999999999,57.0,3.2925,203.25,1.3,3.025,1.0,3.45,30.36,0,0,372.1,5437.8,0
UTT_CELL_0007_0142,CELL_0007_0142,UTT,2023-05-18,30.03295,79.23435,1713.5,32.5,123.3,0.836,-0.549,CONIFER_HIGH_FLAMMABILITY,0.398,0.026,11.774999999999999,57.0,3.2925,203.25,1.3,3.025,1.0,3.45,30.36,0,0,377.1,10814.8,0
UTT_CELL_0056_0081,CELL_0056_0081,UTT,2023-05-18,30.24928,78.91356,1715.0,33.3,144.9,0.575,-0.818,CONIFER_HIGH_FLAMMABILITY,0.39,0.026,11.774999999999999,57.0,3.2925,203.25,1.3,3.025,1.0,3.45,30.36,1,1,4.1,1571.4,0
UTT_CELL_0027_0001,CELL_0027_0001,UTT,2023-05-18,30.11127,78.50143,1467.3,24.5,131.1,0.754,-0.657,CONIFER_HIGH_FLAMMABILITY,0.478,0.026,11.774999999999999,57.0,3.2925,203.25,1.3,3.025,1.0,3.45,30.36,2,2,3.2,941.8,0
UTT_CELL_0109_0105,CELL_0109_0105,UTT,2023-05-18,30.4902,79.03343,1907.5,33.1,169.0,0.191,-0.982,CONIFER_HIGH_FLAMMABILITY,0.392,0.026,11.774999999999999,57.0,3.2925,203.25,1.3,3.025,1.0,3.45,30.36,0,0,374.1,11409.2,0
UTT_CELL_0091_0133,CELL_0091_0133,UTT,2023-05-18,30.41115,79.18074,1919.0,22.6,161.1,0.324,-0.946,CONIFER_HIGH_FLAMMABILITY,0.497,0.026,11.774999999999999,57.0,3.2925,203.25,1.3,3.025,1.0,3.45,30.36,0,0,372.1,6592.7,0
UTT_CELL_0120_0041,CELL_0120_0041,UTT,2023-05-18,30.53434,78.69907,1800.2,23.1,173.4,0.115,-0.993,CONIFER_HIGH_FLAMMABILITY,0.492,0.026,11.774999999999999,57.0,3.2925,203.25,1.3,3.025,1.0,3.45,30.36,0,0,381.2,18049.1,0
UTT_CELL_0107_0107,CELL_0107_0107,UTT,2023-05-18,30.48134,79.04403,1906.4,33.8,168.1,0.206,-0.979,CONIFER_HIGH_FLAMMABILITY,0.385,0.026,11.774999999999999,57.0,3.2925,203.25,1.3,3.025,1.0,3.45,30.36,0,0,374.1,9876.4,0
UTT_CELL_0054_0101,CELL_0054_0101,UTT,2023-05-18,30.24188,79.01762,1752.2,32.5,144.2,0.585,-0.811,CONIFER_HIGH_FLAMMABILITY,0.398,0.026,11.774999999999999,57.0,3.2925,203.25,1.3,3.025,1.0,3.45,30.36,0,0,360.7,6032.9,0
UTT_CELL_0083_0001,CELL_0083_0001,UTT,2023-05-18,30.36371,78.49504,1616.2,8.1,156.4,0.4,-0.916,CONIFER_HIGH_FLAMMABILITY,0.642,0.026,11.774999999999999,57.0,3.2925,203.25,1.3,3.025,1.0,3.45,30.36,0,0,381.7,968.6,0
UTT_CELL_0102_0074,CELL_0102_0074,UTT,2023-05-18,30.45611,78.87271,1822.8,33.1,165.6,0.249,-0.969,CONIFER_HIGH_FLAMMABILITY,0.392,0.026,11.774999999999999,57.0,3.2925,203.25,1.3,3.025,1.0,3.45,30.36,0,0,367.1,15013.6,0
UTT_CELL_0128_0136,CELL_0128_0136,UTT,2023-05-19,30.57822,79.19327,2024.2,6.0,177.8,0.038,-0.999,CONIFER_MODERATE_FLAMMABILITY,0.654,-0.02,12.425,51.25,2.875,213.25,1.576,2.404,1.575,4.825,27.4,0,0,375.1,19103.8,0
UTT_CELL_0065_0111,CELL_0065_0111,UTT,2023-05-19,30.29226,79.06858,1802.8,31.5,149.2,0.512,-0.859,CONIFER_HIGH_FLAMMABILITY,0.399,-0.02,12.425,51.25,2.875,213.25,1.576,2.404,1.575,4.825,27.4,2,3,374.1,2729.5,0
UTT_CELL_0098_0093,CELL_0098_0093,UTT,2023-05-19,30.43965,78.97198,1852.6,30.5,164.0,0.276,-0.961,CONIFER_HIGH_FLAMMABILITY,0.409,-0.02,12.425,51.25,2.875,213.25,1.576,2.404,1.575,4.825,27.4,0,0,2.2,12180.1,0
UTT_CELL_0113_0027,CELL_0113_0027,UTT,2023-05-19,30.50148,78.62692,1751.7,31.6,170.1,0.172,-0.985,CONIFER_HIGH_FLAMMABILITY,0.398,-0.02,12.425,51.25,2.875,213.25,1.576,2.404,1.575,4.825,27.4,0,0,381.7,10794.6,0
UTT_CELL_0032_0028,CELL_0032_0028,UTT,2023-05-19,30.1364,78.6409,1538.2,15.4,133.6,0.724,-0.69,CONIFER_HIGH_FLAMMABILITY,0.56,-0.02,12.425,51.25,2.875,213.25,1.576,2.404,1.575,4.825,27.4,1,1,368.1,3445.1,0
UTT_CELL_0065_0067,CELL_0065_0067,UTT,2023-05-19,30.28868,78.83996,1709.2,32.1,148.9,0.517,-0.856,CONIFER_HIGH_FLAMMABILITY,0.393,-0.02,12.425,51.25,2.875,213.25,1.576,2.404,1.575,4.825,27.4,0,0,380.2,277.5,1
UTT_CELL_0027_0120,CELL_0027_0120,UTT,2023-05-19,30.12157,79.11861,1720.4,21.0,132.2,0.741,-0.672,CONIFER_HIGH_FLAMMABILITY,0.504,-0.02,12.425,51.25,2.875,213.25,1.576,2.404,1.575,4.825,27.4,0,0,382.7,14138.5,0
UTT_CELL_0058_0031,CELL_0058_0031,UTT,2023-05-19,30.2539,78.65368,1613.8,33.7,145.4,0.568,-0.823,CONIFER_HIGH_FLAMMABILITY,0.377,-0.02,12.425,51.25,2.875,213.25,1.576,2.404,1.575,4.825,27.4,1,2,5.7,547.4,0
UTT_CELL_0003_0025,CELL_0003_0025,UTT,2023-05-19,30.00538,78.62846,1454.6,26.7,120.5,0.862,-0.508,CONIFER_HIGH_FLAMMABILITY,0.447,-0.02,12.425,51.25,2.875,213.25,1.576,2.404,1.575,4.825,27.4,0,0,382.2,7171.4,0
UTT_CELL_0033_0150,CELL_0033_0150,UTT,2023-05-19,30.15077,79.27378,1800.0,9.6,135.1,0.706,-0.708,CONIFER_HIGH_FLAMMABILITY,0.618,-0.02,12.425,51.25,2.875,213.25,1.576,2.404,1.575,4.825,27.4,0,0,5.1,5647.4,0
UTT_CELL_0107_0044,CELL_0107_0044,UTT,2023-05-19,30.47601,78.71606,1772.0,34.0,167.6,0.215,-0.977,CONIFER_HIGH_FLAMMABILITY,0.374,-0.02,12.425,51.25,2.875,213.25,1.576,2.404,1.575,4.825,27.4,0,0,382.7,12032.6,0
UTT_CELL_0102_0068,CELL_0102_0068,UTT,2023-05-19,30.45559,78.84149,1810.0,33.0,165.6,0.249,-0.969,CONIFER_HIGH_FLAMMABILITY,0.384,-0.02,12.425,51.25,2.875,213.25,1.576,2.404,1.575,4.825,27.4,0,0,382.7,14249.7,0
UTT_CELL_0057_0075,CELL_0057_0075,UTT,2023-05-19,30.25329,78.8823,1704.9,33.6,145.3,0.569,-0.822,CONIFER_HIGH_FLAMMABILITY,0.378,-0.02,12.425,51.25,2.875,213.25,1.576,2.404,1.575,4.825,27.4,6,6,363.6,1905.1,0
UTT_CELL_0057_0140,CELL_0057_0140,UTT,2023-05-19,30.25831,79.21994,1843.0,33.9,145.8,0.562,-0.827,CONIFER_HIGH_FLAMMABILITY,0.375,-0.02,12.425,51.25,2.875,213.25,1.576,2.404,1.575,4.825,27.4,0,0,375.2,3274.4,0
UTT_CELL_0113_0125,CELL_0113_0125,UTT,2023-05-19,30.50977,79.13723,1960.8,29.9,171.0,0.156,-0.988,CONIFER_HIGH_FLAMMABILITY,0.415,-0.02,12.425,51.25,2.875,213.25,1.576,2.404,1.575,4.825,27.4,0,0,375.1,9694.1,0
UTT_CELL_0053_0135,CELL_0053_0135,UTT,2023-05-19,30.23992,79.19429,1821.7,32.2,144.0,0.588,-0.809,CONIFER_HIGH_FLAMMABILITY,0.392,-0.02,12.425,51.25,2.875,213.25,1.576,2.404,1.575,4.825,27.4,0,0,375.2,1672.2,0
UTT_CELL_0118_0046,CELL_0118_0046,UTT,2023-05-20,30.52578,78.72532,1805.6,25.8,172.6,0.129,-0.992,CONIFER_HIGH_FLAMMABILITY,0.461,0.002,12.05,54.0,2.6824999999999997,166.0,-0.649,2.603,1.7750000000000001,6.6000000000000005,25.56,0,0,383.7,17267.0,0
UTT_CELL_0003_0040,CELL_0003_0040,UTT,2023-05-20,30.00676,78.70616,1486.5,27.1,120.7,0.86,-0.511,CONIFER_HIGH_FLAMMABILITY,0.448,0.002,12.05,54.0,2.6824999999999997,166.0,-0.649,2.603,1.7750000000000001,6.6000000000000005,25.56,0,0,383.2,3466.1,0
UTT_CELL_0055_0016,CELL_0055_0016,UTT,2023-05-20,30.23896,78.57612,1573.8,32.0,143.9,0.589,-0.808,CONIFER_HIGH_FLAMMABILITY,0.399,0.002,12.05,54.0,2.6824999999999997,166.0,-0.649,2.603,1.7750000000000001,6.6000000000000005,25.56,0,0,363.1,1526.0,0
UTT_CELL_0100_0081,CELL_0100_0081,UTT,2023-05-20,30.44768,78.90934,1832.3,31.9,164.8,0.262,-0.965,CONIFER_HIGH_FLAMMABILITY,0.4,0.002,12.05,54.0,2.6824999999999997,166.0,-0.649,2.603,1.7750000000000001,6.6000000000000005,25.56,0,0,3.2,13433.9,0
UTT_CELL_0127_0040,CELL_0127_0040,UTT,2023-05-20,30.56581,78.69311,1816.7,11.2,176.6,0.059,-0.998,CONIFER_HIGH_FLAMMABILITY,0.607,0.002,12.05,54.0,2.6824999999999997,166.0,-0.649,2.603,1.7750000000000001,6.6000000000000005,25.56,0,0,382.7,19979.3,0
UTT_CELL_0075_0065,CELL_0075_0065,UTT,2023-05-20,30.3336,78.82857,1731.6,20.1,153.4,0.448,-0.894,CONIFER_HIGH_FLAMMABILITY,0.518,0.002,12.05,54.0,2.6824999999999997,166.0,-0.649,2.603,1.7750000000000001,6.6000000000000005,25.56,0,0,369.1,1038.6,0
UTT_CELL_0068_0031,CELL_0068_0031,UTT,2023-05-20,30.29898,78.65261,1640.4,30.2,149.9,0.502,-0.865,CONIFER_HIGH_FLAMMABILITY,0.417,0.002,12.05,54.0,2.6824999999999997,166.0,-0.649,2.603,1.7750000000000001,6.6000000000000005,25.56,0,0,383.2,2654.0,1
UTT_CELL_0044_0114,CELL_0044_0114,UTT,2023-05-20,30.19778,79.08601,1753.1,21.3,139.8,0.645,-0.764,CONIFER_HIGH_FLAMMABILITY,0.506,0.002,12.05,54.0,2.6824999999999997,166.0,-0.649,2.603,1.7750000000000001,6.6000000000000005,25.56,0,0,362.7,6801.5,0
UTT_CELL_0134_0109,CELL_0134_0109,UTT,2023-05-20,30.60325,79.05201,1982.8,16.3,180.3,-0.005,-1.0,CONIFER_HIGH_FLAMMABILITY,0.556,0.002,12.05,54.0,2.6824999999999997,166.0,-0.649,2.603,1.7750000000000001,6.6000000000000005,25.56,0,0,376.1,20852.7,0
UTT_CELL_0037_0076,CELL_0037_0076,UTT,2023-05-20,30.16319,78.88942,1653.7,7.6,136.3,0.691,-0.723,CONIFER_HIGH_FLAMMABILITY,0.643,0.002,12.05,54.0,2.6824999999999997,166.0,-0.649,2.603,1.7750000000000001,6.6000000000000005,25.56,0,0,377.7,5900.0,0
UTT_CELL_0026_0154,CELL_0026_0154,UTT,2023-05-20,30.11947,79.29508,1789.7,21.7,131.9,0.744,-0.668,CONIFER_HIGH_FLAMMABILITY,0.502,0.002,12.05,54.0,2.6824999999999997,166.0,-0.649,2.603,1.7750000000000001,6.6000000000000005,25.56,1,1,6.1,4617.4,0
UTT_CELL_0105_0095,CELL_0105_0095,UTT,2023-05-20,30.47137,78.98174,1875.5,34.0,167.1,0.223,-0.975,CONIFER_HIGH_FLAMMABILITY,0.379,0.002,12.05,54.0,2.6824999999999997,166.0,-0.649,2.603,1.7750000000000001,6.6000000000000005,25.56,0,0,376.1,15476.3,0
UTT_CELL_0098_0053,CELL_0098_0053,UTT,2023-05-20,30.43624,78.76384,1767.3,29.8,163.6,0.282,-0.959,CONIFER_HIGH_FLAMMABILITY,0.421,0.002,12.05,54.0,2.6824999999999997,166.0,-0.649,2.603,1.7750000000000001,6.6000000000000005,25.56,0,0,383.7,7507.0,1
UTT_CELL_0067_0090,CELL_0067_0090,UTT,2023-05-20,30.29962,78.95927,1763.5,30.1,150.0,0.5,-0.866,CONIFER_HIGH_FLAMMABILITY,0.418,0.002,12.05,54.0,2.6824999999999997,166.0,-0.649,2.603,1.7750000000000001,6.6000000000000005,25.56,1,1,3.2,3911.6,0
UTT_CELL_0123_0075,CELL_0123_0075,UTT,2023-05-20,30.55088,78.87586,1880.9,17.1,175.1,0.085,-0.996,CONIFER_HIGH_FLAMMABILITY,0.548,0.002,12.05,54.0,2.6824999999999997,166.0,-0.649,2.603,1.7750000000000001,6.6000000000000005,25.56,0,0,383.7,24682.3,0
UTT_CELL_0063_0089,CELL_0063_0089,UTT,2023-05-20,30.2815,78.95445,1750.7,33.0,148.2,0.527,-0.85,CONIFER_HIGH_FLAMMABILITY,0.389,0.002,12.05,54.0,2.6824999999999997,166.0,-0.649,2.603,1.7750000000000001,6.6000000000000005,25.56,0,0,368.7,5725.6,0
UTT_CELL_0117_0138,CELL_0117_0138,UTT,2023-05-20,30.52876,79.20461,1999.1,24.9,172.9,0.124,-0.992,CONIFER_HIGH_FLAMMABILITY,0.47,0.002,12.05,54.0,2.6824999999999997,166.0,-0.649,2.603,1.7750000000000001,6.6000000000000005,25.56,0,0,376.1,15267.9,0
UTT_CELL_0114_0103,CELL_0114_0103,UTT,2023-05-20,30.51259,79.02256,1916.6,29.3,171.3,0.151,-0.988,CONIFER_HIGH_FLAMMABILITY,0.426,0.002,12.05,54.0,2.6824999999999997,166.0,-0.649,2.603,1.7750000000000001,6.6000000000000005,25.56,0,0,376.1,13957.5,0
UTT_CELL_0074_0025,CELL_0074_0025,UTT,2023-05-20,30.32547,78.62078,1643.6,22.9,152.5,0.462,-0.887,CONIFER_HIGH_FLAMMABILITY,0.49,0.002,12.05,54.0,2.6824999999999997,166.0,-0.649,2.603,1.7750000000000001,6.6000000000000005,25.56,0,0,379.1,5637.0,0
UTT_CELL_0021_0080,CELL_0021_0080,UTT,2023-05-20,30.09138,78.91169,1619.5,29.8,129.1,0.776,-0.631,CONIFER_HIGH_FLAMMABILITY,0.421,0.002,12.05,54.0,2.6824999999999997,166.0,-0.649,2.603,1.7750000000000001,6.6000000000000005,25.56,0,0,377.7,4678.1,0
UTT_CELL_0045_0002,CELL_0045_0002,UTT,2023-05-20,30.19251,78.50457,1517.3,19.4,139.3,0.652,-0.758,CONIFER_HIGH_FLAMMABILITY,0.525,0.002,12.05,54.0,2.6824999999999997,166.0,-0.649,2.603,1.7750000000000001,6.6000000000000005,25.56,0,0,365.1,3673.3,0
UTT_CELL_0003_0119,CELL_0003_0119,UTT,2023-05-20,30.01326,79.11548,1654.1,28.8,121.3,0.854,-0.52,CONIFER_HIGH_FLAMMABILITY,0.431,0.002,12.05,54.0,2.6824999999999997,166.0,-0.649,2.603,1.7750000000000001,6.6000000000000005,25.56,0,0,383.7,7834.3,0
UTT_CELL_0090_0070,CELL_0090_0070,UTT,2023-05-20,30.40166,78.85308,1782.2,19.3,160.2,0.339,-0.941,CONIFER_HIGH_FLAMMABILITY,0.526,0.002,12.05,54.0,2.6824999999999997,166.0,-0.649,2.603,1.7750000000000001,6.6000000000000005,25.56,0,0,369.1,8609.1,0
UTT_CELL_0019_0067,CELL_0019_0067,UTT,2023-05-20,30.08127,78.84448,1586.6,31.8,128.1,0.787,-0.617,CONIFER_HIGH_FLAMMABILITY,0.401,0.002,12.05,54.0,2.6824999999999997,166.0,-0.649,2.603,1.7750000000000001,6.6000000000000005,25.56,0,0,378.2,5695.8,0
UTT_CELL_0024_0132,CELL_0024_0132,UTT,2023-05-20,30.10892,79.18112,1737.8,25.2,130.9,0.756,-0.655,CONIFER_HIGH_FLAMMABILITY,0.467,0.002,12.05,54.0,2.6824999999999997,166.0,-0.649,2.603,1.7750000000000001,6.6000000000000005,25.56,0,0,376.2,13940.3,0
UTT_CELL_0002_0025,CELL_0002_0025,UTT,2023-05-20,30.00087,78.62857,1452.0,25.4,120.1,0.865,-0.502,CONIFER_HIGH_FLAMMABILITY,0.465,0.002,12.05,54.0,2.6824999999999997,166.0,-0.649,2.603,1.7750000000000001,6.6000000000000005,25.56,0,0,383.2,6987.6,0
UTT_CELL_0038_0098,CELL_0038_0098,UTT,2023-05-20,30.16949,79.00349,1703.1,10.3,136.9,0.683,-0.73,CONIFER_HIGH_FLAMMABILITY,0.616,0.002,12.05,54.0,2.6824999999999997,166.0,-0.649,2.603,1.7750000000000001,6.6000000000000005,25.56,0,0,383.7,2915.6,0
UTT_CELL_0123_0109,CELL_0123_0109,UTT,2023-05-20,30.55365,79.053,1953.4,16.1,175.4,0.08,-0.997,CONIFER_HIGH_FLAMMABILITY,0.558,0.002,12.05,54.0,2.6824999999999997,166.0,-0.649,2.603,1.7750000000000001,6.6000000000000005,25.56,0,0,376.1,15705.9,0
UTT_CELL_0065_0060,CELL_0065_0060,UTT,2023-05-20,30.28808,78.80359,1694.3,32.2,148.8,0.518,-0.855,CONIFER_HIGH_FLAMMABILITY,0.397,0.002,12.05,54.0,2.6824999999999997,166.0,-0.649,2.603,1.7750000000000001,6.6000000000000005,25.56,1,1,379.1,2816.7,0
UTT_CELL_0036_0039,CELL_0036_0039,UTT,2023-05-20,30.15545,78.69754,1572.3,7.6,135.5,0.701,-0.713,CONIFER_HIGH_FLAMMABILITY,0.643,0.002,12.05,54.0,2.6824999999999997,166.0,-0.649,2.603,1.7750000000000001,6.6000000000000005,25.56,0,0,382.2,2974.1,0
UTT_CELL_0091_0054,CELL_0091_0054,UTT,2023-05-20,30.40477,78.76976,1750.8,20.4,160.5,0.334,-0.943,CONIFER_HIGH_FLAMMABILITY,0.515,0.002,12.05,54.0,2.6824999999999997,166.0,-0.649,2.603,1.7750000000000001,6.6000000000000005,25.56,0,0,383.7,4640.1,0
UTT_CELL_0063_0127,CELL_0063_0127,UTT,2023-05-20,30.28444,79.1519,1831.4,32.7,148.4,0.524,-0.852,CONIFER_HIGH_FLAMMABILITY,0.392,0.002,12.05,54.0,2.6824999999999997,166.0,-0.649,2.603,1.7750000000000001,6.6000000000000005,25.56,0,0,359.6,4161.4,0
UTT_CELL_0107_0087,CELL_0107_0087,UTT,2023-05-20,30.47974,78.9399,1863.8,33.9,168.0,0.208,-0.978,CONIFER_HIGH_FLAMMABILITY,0.38,0.002,12.05,54.0,2.6824999999999997,166.0,-0.649,2.603,1.7750000000000001,6.6000000000000005,25.56,0,0,3.2,16337.2,0
UTT_CELL_0064_0100,CELL_0064_0100,UTT,2023-05-20,30.28689,79.01151,1776.7,32.4,148.7,0.52,-0.854,CONIFER_HIGH_FLAMMABILITY,0.395,0.002,12.05,54.0,2.6824999999999997,166.0,-0.649,2.603,1.7750000000000001,6.6000000000000005,25.56,0,0,6.7,5285.8,0
UTT_CELL_0117_0050,CELL_0117_0050,UTT,2023-05-20,30.52164,78.74625,1811.5,27.0,172.2,0.136,-0.991,CONIFER_HIGH_FLAMMABILITY,0.449,0.002,12.05,54.0,2.6824999999999997,166.0,-0.649,2.603,1.7750000000000001,6.6000000000000005,25.56,0,0,383.7,16675.1,0
UTT_CELL_0118_0151,CELL_0118_0151,UTT,2023-05-20,30.53419,79.27225,2029.4,23.2,173.4,0.115,-0.993,CONIFER_MODERATE_FLAMMABILITY,0.487,0.002,12.05,54.0,2.6824999999999997,166.0,-0.649,2.603,1.7750000000000001,6.6000000000000005,25.56,0,0,376.7,17816.6,0
UTT_CELL_0033_0014,CELL_0033_0014,UTT,2023-05-20,30.13959,78.56818,1511.0,14.2,134.0,0.719,-0.695,CONIFER_HIGH_FLAMMABILITY,0.577,0.002,12.05,54.0,2.6824999999999997,166.0,-0.649,2.603,1.7750000000000001,6.6000000000000005,25.56,1,2,4.7,1336.0,0
UTT_CELL_0070_0062,CELL_0070_0062,UTT,2023-05-20,30.31079,78.81348,1711.9,27.4,151.1,0.483,-0.875,CONIFER_HIGH_FLAMMABILITY,0.445,0.002,12.05,54.0,2.6824999999999997,166.0,-0.649,2.603,1.7750000000000001,6.6000000000000005,25.56,1,1,369.1,2903.5,0
UTT_CELL_0132_0123,CELL_0132_0123,UTT,2023-05-20,30.5953,79.12517,2007.2,13.1,179.5,0.009,-1.0,CONIFER_MODERATE_FLAMMABILITY,0.588,0.002,12.05,54.0,2.6824999999999997,166.0,-0.649,2.603,1.7750000000000001,6.6000000000000005,25.56,0,0,376.1,18867.4,0
UTT_CELL_0102_0000,CELL_0102_0000,UTT,2023-05-20,30.44926,78.48764,1664.6,32.2,164.9,0.261,-0.965,CONIFER_HIGH_FLAMMABILITY,0.397,0.002,12.05,54.0,2.6824999999999997,166.0,-0.649,2.603,1.7750000000000001,6.6000000000000005,25.56,0,0,375.6,573.3,0
UTT_CELL_0093_0143,CELL_0093_0143,UTT,2023-05-20,30.42088,79.23261,1945.6,25.7,162.1,0.307,-0.952,CONIFER_HIGH_FLAMMABILITY,0.462,0.002,12.05,54.0,2.6824999999999997,166.0,-0.649,2.603,1.7750000000000001,6.6000000000000005,25.56,0,0,2.1,9307.0,0
UTT_CELL_0130_0058,CELL_0130_0058,UTT,2023-05-20,30.58096,78.78659,1863.2,7.2,178.1,0.033,-0.999,CONIFER_HIGH_FLAMMABILITY,0.647,0.002,12.05,54.0,2.6824999999999997,166.0,-0.649,2.603,1.7750000000000001,6.6000000000000005,25.56,0,0,383.7,23722.4,0
UTT_CELL_0102_0002,CELL_0102_0002,UTT,2023-05-20,30.44946,78.49805,1668.9,32.2,164.9,0.261,-0.965,CONIFER_HIGH_FLAMMABILITY,0.397,0.002,12.05,54.0,2.6824999999999997,166.0,-0.649,2.603,1.7750000000000001,6.6000000000000005,25.56,0,0,375.6,1725.1,0
UTT_CELL_0067_0032,CELL_0067_0032,UTT,2023-05-20,30.29457,78.65791,1639.9,31.1,149.5,0.508,-0.862,CONIFER_HIGH_FLAMMABILITY,0.408,0.002,12.05,54.0,2.6824999999999997,166.0,-0.649,2.603,1.7750000000000001,6.6000000000000005,25.56,1,1,383.2,2359.0,1
UTT_CELL_0080_0155,CELL_0080_0155,UTT,2023-05-20,30.36308,79.29608,1936.3,8.4,156.3,0.402,-0.916,CONIFER_HIGH_FLAMMABILITY,0.635,0.002,12.05,54.0,2.6824999999999997,166.0,-0.649,2.603,1.7750000000000001,6.6000000000000005,25.56,1,1,2.1,237.2,0
UTT_CELL_0014_0089,CELL_0014_0089,UTT,2023-05-20,30.06054,78.95901,1619.9,33.9,126.1,0.808,-0.589,CONIFER_HIGH_FLAMMABILITY,0.38,0.002,12.05,54.0,2.6824999999999997,166.0,-0.649,2.603,1.7750000000000001,6.6000000000000005,25.56,0,0,383.7,6012.9,0
UTT_CELL_0070_0074,CELL_0070_0074,UTT,2023-05-20,30.31182,78.87584,1737.4,27.1,151.2,0.482,-0.876,CONIFER_HIGH_FLAMMABILITY,0.448,0.002,12.05,54.0,2.6824999999999997,166.0,-0.649,2.603,1.7750000000000001,6.6000000000000005,25.56,1,1,381.1,4135.2,0
UTT_CELL_0083_0069,CELL_0083_0069,UTT,2023-05-20,30.37001,78.84857,1761.4,6.5,157.0,0.391,-0.921,CONIFER_HIGH_FLAMMABILITY,0.654,0.002,12.05,54.0,2.6824999999999997,166.0,-0.649,2.603,1.7750000000000001,6.6000000000000005,25.56,0,0,369.1,5091.1,0
UTT_CELL_0038_0141,CELL_0038_0141,UTT,2023-05-21,30.1727,79.22667,1794.3,11.6,137.3,0.678,-0.735,CONIFER_HIGH_FLAMMABILITY,0.56,-0.09,14.899999999999999,42.5,2.4025,152.0,-1.128,2.121,0.075,6.625000000000001,51.96,0,0,377.2,6915.9,0
UTT_CELL_0123_0028,CELL_0123_0028,UTT,2023-05-21,30.54665,78.63104,1780.4,18.7,174.7,0.092,-0.996,CONIFER_HIGH_FLAMMABILITY,0.489,-0.09,14.899999999999999,42.5,2.4025,152.0,-1.128,2.121,0.075,6.625000000000001,51.96,0,0,383.7,12812.0,0
UTT_CELL_0013_0000,CELL_0013_0000,UTT,2023-05-21,30.04806,78.49784,1428.0,33.9,124.8,0.821,-0.571,CONIFER_HIGH_FLAMMABILITY,0.338,-0.09,14.899999999999999,42.5,2.4025,152.0,-1.128,2.121,0.075,6.625000000000001,51.96,0,0,384.7,5792.6,0
UTT_CELL_0025_0155,CELL_0025_0155,UTT,2023-05-21,30.11502,79.30035,1789.2,23.3,131.5,0.749,-0.663,CONIFER_HIGH_FLAMMABILITY,0.444,-0.09,14.899999999999999,42.5,2.4025,152.0,-1.128,2.121,0.075,6.625000000000001,51.96,0,1,7.1,4613.0,0
UTT_CELL_0129_0114,CELL_0129_0114,UTT,2023-05-21,30.58109,79.07852,1980.1,7.2,178.1,0.033,-0.999,CONIFER_HIGH_FLAMMABILITY,0.605,-0.09,14.899999999999999,42.5,2.4025,152.0,-1.128,2.121,0.075,6.625000000000001,51.96,0,0,377.1,17676.3,0
UTT_CELL_0058_0068,CELL_0058_0068,UTT,2023-05-21,30.2572,78.84584,1692.7,33.9,145.7,0.564,-0.826,CONIFER_HIGH_FLAMMABILITY,0.338,-0.09,14.899999999999999,42.5,2.4025,152.0,-1.128,2.121,0.075,6.625000000000001,51.96,6,6,4.1,2234.2,0
UTT_CELL_0090_0134,CELL_0090_0134,UTT,2023-05-21,30.40671,79.18603,1918.4,21.1,160.7,0.331,-0.944,CONIFER_HIGH_FLAMMABILITY,0.465,-0.09,14.899999999999999,42.5,2.4025,152.0,-1.128,2.121,0.075,6.625000000000001,51.96,0,0,375.1,7223.2,0
UTT_CELL_0045_0079,CELL_0045_0079,UTT,2023-05-21,30.19951,78.90422,1681.4,21.9,140.0,0.643,-0.766,CONIFER_HIGH_FLAMMABILITY,0.458,-0.09,14.899999999999999,42.5,2.4025,152.0,-1.128,2.121,0.075,6.625000000000001,51.96,0,1,7.1,4062.8,0
UTT_CELL_0077_0144,CELL_0077_0144,UTT,2023-05-21,30.34879,79.23911,1904.9,14.2,154.9,0.424,-0.906,CONIFER_HIGH_FLAMMABILITY,0.534,-0.09,14.899999999999999,42.5,2.4025,152.0,-1.128,2.121,0.075,6.625000000000001,51.96,0,0,3.1,6470.9,0
UTT_CELL_0019_0102,CELL_0019_0102,UTT,2023-05-21,30.08412,79.02596,1660.9,31.3,128.4,0.784,-0.621,CONIFER_HIGH_FLAMMABILITY,0.363,-0.09,14.899999999999999,42.5,2.4025,152.0,-1.128,2.121,0.075,6.625000000000001,51.96,0,0,384.7,6937.9,0
UTT_CELL_0110_0062,CELL_0110_0062,UTT,2023-05-21,30.49114,78.80945,1818.5,33.0,169.1,0.189,-0.982,CONIFER_HIGH_FLAMMABILITY,0.346,-0.09,14.899999999999999,42.5,2.4025,152.0,-1.128,2.121,0.075,6.625000000000001,51.96,0,0,0.7,7989.2,0
UTT_CELL_0103_0144,CELL_0103_0144,UTT,2023-05-21,30.46605,79.237,1974.4,33.8,166.6,0.232,-0.973,CONIFER_HIGH_FLAMMABILITY,0.339,-0.09,14.899999999999999,42.5,2.4025,152.0,-1.128,2.121,0.075,6.625000000000001,51.96,0,0,3.1,12940.0,0
UTT_CELL_0103_0147,CELL_0103_0147,UTT,2023-05-21,30.46626,79.25262,1980.8,33.8,166.6,0.232,-0.973,CONIFER_HIGH_FLAMMABILITY,0.339,-0.09,14.899999999999999,42.5,2.4025,152.0,-1.128,2.121,0.075,6.625000000000001,51.96,0,0,3.1,12190.5,0
UTT_CELL_0116_0145,CELL_0116_0145,UTT,2023-05-21,30.52475,79.24115,2011.3,26.1,172.5,0.131,-0.991,CONIFER_MODERATE_FLAMMABILITY,0.415,-0.09,14.899999999999999,42.5,2.4025,152.0,-1.128,2.121,0.075,6.625000000000001,51.96,0,0,377.1,17934.5,0
UTT_CELL_0071_0089,CELL_0071_0089,UTT,2023-05-21,30.31757,78.9537,1772.0,25.4,151.8,0.473,-0.881,CONIFER_HIGH_FLAMMABILITY,0.422,-0.09,14.899999999999999,42.5,2.4025,152.0,-1.128,2.121,0.075,6.625000000000001,51.96,1,1,4.2,1829.8,0
UTT_CELL_0013_0037,CELL_0013_0037,UTT,2023-05-21,30.05157,78.68958,1506.8,34.0,125.2,0.817,-0.576,CONIFER_HIGH_FLAMMABILITY,0.336,-0.09,14.899999999999999,42.5,2.4025,152.0,-1.128,2.121,0.075,6.625000000000001,51.96,0,0,384.2,7821.6,0
UTT_CELL_0013_0041,CELL_0013_0041,UTT,2023-05-21,30.05194,78.71031,1515.3,34.0,125.2,0.817,-0.576,CONIFER_HIGH_FLAMMABILITY,0.336,-0.09,14.899999999999999,42.5,2.4025,152.0,-1.128,2.121,0.075,6.625000000000001,51.96,0,0,363.2,7877.5,0
UTT_CELL_0065_0020,CELL_0065_0020,UTT,2023-05-21,30.28442,78.59579,1609.0,32.7,148.4,0.524,-0.852,CONIFER_HIGH_FLAMMABILITY,0.349,-0.09,14.899999999999999,42.5,2.4025,152.0,-1.128,2.121,0.075,6.625000000000001,51.96,0,0,380.1,525.5,0
UTT_CELL_0091_0009,CELL_0091_0009,UTT,2023-05-21,30.40057,78.53572,1654.6,18.9,160.1,0.34,-0.94,CONIFER_HIGH_FLAMMABILITY,0.488,-0.09,14.899999999999999,42.5,2.4025,152.0,-1.128,2.121,0.075,6.625000000000001,51.96,0,0,379.2,2969.9,0
UTT_CELL_0026_0042,CELL_0026_0042,UTT,2023-05-21,30.11064,78.71414,1552.0,24.7,131.1,0.754,-0.657,CONIFER_HIGH_FLAMMABILITY,0.429,-0.09,14.899999999999999,42.5,2.4025,152.0,-1.128,2.121,0.075,6.625000000000001,51.96,0,0,363.2,1832.4,0
UTT_CELL_0129_0156,CELL_0129_0156,UTT,2023-05-21,30.58414,79.29743,2069.5,8.5,178.4,0.028,-1.0,CONIFER_MODERATE_FLAMMABILITY,0.592,-0.09,14.899999999999999,42.5,2.4025,152.0,-1.128,2.121,0.075,6.625000000000001,51.96,0,0,366.2,20656.1,0
UTT_CELL_0091_0018,CELL_0091_0018,UTT,2023-05-21,30.40144,78.58252,1673.9,19.2,160.1,0.34,-0.94,CONIFER_HIGH_FLAMMABILITY,0.484,-0.09,14.899999999999999,42.5,2.4025,152.0,-1.128,2.121,0.075,6.625000000000001,51.96,0,0,383.7,6145.3,0
UTT_CELL_0071_0109,CELL_0071_0109,UTT,2023-05-21,30.31916,79.05765,1814.6,25.0,151.9,0.471,-0.882,CONIFER_HIGH_FLAMMABILITY,0.426,-0.09,14.899999999999999,42.5,2.4025,152.0,-1.128,2.121,0.075,6.625000000000001,51.96,0,3,8.1,1938.9,0
UTT_CELL_0123_0085,CELL_0123_0085,UTT,2023-05-21,30.55172,78.92796,1902.2,16.8,175.2,0.084,-0.996,CONIFER_HIGH_FLAMMABILITY,0.508,-0.09,14.899999999999999,42.5,2.4025,152.0,-1.128,2.121,0.075,6.625000000000001,51.96,0,0,0.7,22364.7,0
UTT_CELL_0013_0059,CELL_0013_0059,UTT,2023-05-21,30.05353,78.8036,1553.6,34.0,125.4,0.815,-0.579,CONIFER_HIGH_FLAMMABILITY,0.336,-0.09,14.899999999999999,42.5,2.4025,152.0,-1.128,2.121,0.075,6.625000000000001,51.96,0,0,381.7,2195.4,0
UTT_CELL_0052_0050,CELL_0052_0050,UTT,2023-05-21,30.22858,78.75297,1638.3,30.1,142.9,0.603,-0.798,CONIFER_HIGH_FLAMMABILITY,0.376,-0.09,14.899999999999999,42.5,2.4025,152.0,-1.128,2.121,0.075,6.625000000000001,51.96,0,0,384.2,3134.4,1
UTT_CELL_0058_0128,CELL_0058_0128,UTT,2023-05-21,30.26196,79.15752,1820.2,34.0,146.2,0.556,-0.831,CONIFER_HIGH_FLAMMABILITY,0.336,-0.09,14.899999999999999,42.5,2.4025,152.0,-1.128,2.121,0.075,6.625000000000001,51.96,0,0,360.6,4685.7,0
UTT_CELL_0045_0137,CELL_0045_0137,UTT,2023-05-21,30.20398,79.20534,1804.5,23.4,140.4,0.637,-0.771,CONIFER_HIGH_FLAMMABILITY,0.443,-0.09,14.899999999999999,42.5,2.4025,152.0,-1.128,2.121,0.075,6.625000000000001,51.96,0,0,377.2,3094.2,0
UTT_CELL_0039_0065,CELL_0039_0065,UTT,2023-05-21,30.17128,78.83214,1635.6,11.0,137.1,0.681,-0.733,CONIFER_HIGH_FLAMMABILITY,0.567,-0.09,14.899999999999999,42.5,2.4025,152.0,-1.128,2.121,0.075,6.625000000000001,51.96,0,3,9.2,2698.8,0
UTT_CELL_0084_0131,CELL_0084_0131,UTT,2023-05-21,30.37944,79.17092,1896.0,10.5,157.9,0.376,-0.927,CONIFER_HIGH_FLAMMABILITY,0.572,-0.09,14.899999999999999,42.5,2.4025,152.0,-1.128,2.121,0.075,6.625000000000001,51.96,0,0,375.1,6750.7,0
UTT_CELL_0020_0007,CELL_0020_0007,UTT,2023-05-21,30.08031,78.53333,1461.5,31.9,128.0,0.788,-0.616,CONIFER_HIGH_FLAMMABILITY,0.357,-0.09,14.899999999999999,42.5,2.4025,152.0,-1.128,2.121,0.075,6.625000000000001,51.96,2,2,6.2,4535.0,0
UTT_CELL_0084_0136,CELL_0084_0136,UTT,2023-05-21,30.3798,79.19693,1906.6,10.6,158.0,0.375,-0.927,CONIFER_HIGH_FLAMMABILITY,0.571,-0.09,14.899999999999999,42.5,2.4025,152.0,-1.128,2.121,0.075,6.625000000000001,51.96,0,0,375.1,9235.3,0
UTT_CELL_0052_0074,CELL_0052_0074,UTT,2023-05-21,30.23066,78.87759,1689.4,30.6,143.1,0.6,-0.8,CONIFER_HIGH_FLAMMABILITY,0.37,-0.09,14.899999999999999,42.5,2.4025,152.0,-1.128,2.121,0.075,6.625000000000001,51.96,5,6,3.7,2171.3,0
UTT_CELL_0007_0016,CELL_0007_0016,UTT,2023-05-21,30.02257,78.5814,1446.1,30.8,122.3,0.845,-0.534,CONIFER_HIGH_FLAMMABILITY,0.368,-0.09,14.899999999999999,42.5,2.4025,152.0,-1.128,2.121,0.075,6.625000000000001,51.96,0,1,8.1,3777.0,0
UTT_CELL_0091_0063,CELL_0091_0063,UTT,2023-05-21,30.40556,78.81657,1770.0,20.7,160.6,0.332,-0.943,CONIFER_HIGH_FLAMMABILITY,0.47,-0.09,14.899999999999999,42.5,2.4025,152.0,-1.128,2.121,0.075,6.625000000000001,51.96,0,0,0.7,6882.6,0
UTT_CELL_0065_0076,CELL_0065_0076,UTT,2023-05-21,30.28945,78.88672,1728.4,32.0,148.9,0.517,-0.856,CONIFER_HIGH_FLAMMABILITY,0.356,-0.09,14.899999999999999,42.5,2.4025,152.0,-1.128,2.121,0.075,6.625000000000001,51.96,1,1,380.7,3845.6,0
UTT_CELL_0059_0004,CELL_0059_0004,UTT,2023-05-21,30.25582,78.51336,1558.8,33.8,145.6,0.565,-0.825,CONIFER_HIGH_FLAMMABILITY,0.339,-0.09,14.899999999999999,42.5,2.4025,152.0,-1.128,2.121,0.075,6.625000000000001,51.96,0,0,363.7,3108.0,0
UTT_CELL_0117_0057,CELL_0117_0057,UTT,2023-05-21,30.52226,78.78271,1826.4,26.8,172.2,0.136,-0.991,CONIFER_HIGH_FLAMMABILITY,0.408,-0.09,14.899999999999999,42.5,2.4025,152.0,-1.128,2.121,0.075,6.625000000000001,51.96,0,0,0.7,9787.8,0
UTT_CELL_0033_0018,CELL_0033_0018,UTT,2023-05-21,30.13997,78.58892,1519.6,14.0,134.0,0.719,-0.695,CONIFER_HIGH_FLAMMABILITY,0.536,-0.09,14.899999999999999,42.5,2.4025,152.0,-1.128,2.121,0.075,6.625000000000001,51.96,1,2,8.1,1620.1,0
UTT_CELL_0065_0088,CELL_0065_0088,UTT,2023-05-21,30.29044,78.94907,1753.9,31.8,149.0,0.515,-0.857,CONIFER_HIGH_FLAMMABILITY,0.358,-0.09,14.899999999999999,42.5,2.4025,152.0,-1.128,2.121,0.075,6.625000000000001,51.96,1,1,4.2,4700.0,0
UTT_CELL_0033_0025,CELL_0033_0025,UTT,2023-05-21,30.14063,78.62523,1534.5,13.7,134.1,0.718,-0.696,CONIFER_HIGH_FLAMMABILITY,0.539,-0.09,14.899999999999999,42.5,2.4025,152.0,-1.128,2.121,0.075,6.625000000000001,51.96,0,1,370.1,1829.7,0
UTT_CELL_0059_0015,CELL_0059_0015,UTT,2023-05-21,30.2569,78.57049,1582.3,33.8,145.7,0.564,-0.826,CONIFER_HIGH_FLAMMABILITY,0.339,-0.09,14.899999999999999,42.5,2.4025,152.0,-1.128,2.121,0.075,6.625000000000001,51.96,0,0,365.6,766.3,1
UTT_CELL_0072_0019,CELL_0072_0019,UTT,2023-05-21,30.31588,78.58982,1625.5,25.9,151.6,0.476,-0.88,CONIFER_HIGH_FLAMMABILITY,0.417,-0.09,14.899999999999999,42.5,2.4025,152.0,-1.128,2.121,0.075,6.625000000000001,51.96,0,0,383.7,2944.6,0
UTT_CELL_0046_0033,CELL_0046_0033,UTT,2023-05-21,30.19999,78.66535,1586.1,22.1,140.0,0.643,-0.766,CONIFER_HIGH_FLAMMABILITY,0.456,-0.09,14.899999999999999,42.5,2.4025,152.0,-1.128,2.121,0.075,6.625000000000001,51.96,0,1,377.7,4262.5,0
UTT_CELL_0098_0012,CELL_0098_0012,UTT,2023-05-21,30.43241,78.55053,1679.7,28.9,163.2,0.289,-0.957,CONIFER_HIGH_FLAMMABILITY,0.388,-0.09,14.899999999999999,42.5,2.4025,152.0,-1.128,2.121,0.075,6.625000000000001,51.96,0,0,383.7,1393.0,0
UTT_CELL_0046_0042,CELL_0046_0042,UTT,2023-05-21,30.20081,78.71206,1605.3,22.3,140.1,0.641,-0.767,CONIFER_HIGH_FLAMMABILITY,0.454,-0.09,14.899999999999999,42.5,2.4025,152.0,-1.128,2.121,0.075,6.625000000000001,51.96,0,0,363.7,595.9,0
UTT_CELL_0111_0017,CELL_0111_0017,UTT,2023-05-21,30.4915,78.57509,1724.9,33.0,169.2,0.187,-0.982,CONIFER_HIGH_FLAMMABILITY,0.346,-0.09,14.899999999999999,42.5,2.4025,152.0,-1.128,2.121,0.075,6.625000000000001,51.96,0,0,383.7,5441.4,0
UTT_CELL_0111_0024,CELL_0111_0024,UTT,2023-05-21,30.49218,78.61153,1739.9,32.9,169.2,0.187,-0.982,CONIFER_HIGH_FLAMMABILITY,0.348,-0.09,14.899999999999999,42.5,2.4025,152.0,-1.128,2.121,0.075,6.625000000000001,51.96,0,0,383.7,8805.7,0
UTT_CELL_0013_0149,CELL_0013_0149,UTT,2023-05-21,30.0605,79.27017,1744.4,33.9,126.0,0.809,-0.588,CONIFER_HIGH_FLAMMABILITY,0.338,-0.09,14.899999999999999,42.5,2.4025,152.0,-1.128,2.121,0.075,6.625000000000001,51.96,0,0,7.1,11511.9,0
UTT_CELL_0052_0131,CELL_0052_0131,UTT,2023-05-21,30.23512,79.1736,1810.5,31.4,143.5,0.595,-0.804,CONIFER_HIGH_FLAMMABILITY,0.362,-0.09,14.899999999999999,42.5,2.4025,152.0,-1.128,2.121,0.075,6.625000000000001,51.96,0,0,377.2,3724.4,0
UTT_CELL_0098_0051,CELL_0098_0051,UTT,2023-05-21,30.43607,78.75343,1763.0,29.7,163.6,0.282,-0.959,CONIFER_HIGH_FLAMMABILITY,0.38,-0.09,14.899999999999999,42.5,2.4025,152.0,-1.128,2.121,0.075,6.625000000000001,51.96,1,1,0.7,1036.2,0
UTT_CELL_0046_0079,CELL_0046_0079,UTT,2023-05-21,30.20402,78.90412,1684.1,23.4,140.4,0.637,-0.771,CONIFER_HIGH_FLAMMABILITY,0.443,-0.09,14.899999999999999,42.5,2.4025,152.0,-1.128,2.121,0.075,6.625000000000001,51.96,0,1,7.1,3579.9,0
UTT_CELL_0027_0013,CELL_0027_0013,UTT,2023-05-21,30.11244,78.56365,1492.9,24.1,131.2,0.752,-0.659,CONIFER_HIGH_FLAMMABILITY,0.435,-0.09,14.899999999999999,42.5,2.4025,152.0,-1.128,2.121,0.075,6.625000000000001,51.96,1,1,5.7,2568.8,0
UTT_CELL_0078_0152,CELL_0078_0152,UTT,2023-05-21,30.35386,79.28063,1924.6,12.2,155.4,0.416,-0.909,CONIFER_HIGH_FLAMMABILITY,0.554,-0.09,14.899999999999999,42.5,2.4025,152.0,-1.128,2.121,0.075,6.625000000000001,51.96,1,1,3.1,2027.4,0
UTT_CELL_0124_0055,CELL_0124_0055,UTT,2023-05-21,30.55364,78.77157,1840.8,16.1,175.4,0.08,-0.997,CONIFER_HIGH_FLAMMABILITY,0.515,-0.09,14.899999999999999,42.5,2.4025,152.0,-1.128,2.121,0.075,6.625000000000001,51.96,0,0,0.7,13054.2,0
UTT_CELL_0117_0143,CELL_0117_0143,UTT,2023-05-21,30.52912,79.23065,2009.7,24.8,172.9,0.124,-0.992,CONIFER_MODERATE_FLAMMABILITY,0.428,-0.09,14.899999999999999,42.5,2.4025,152.0,-1.128,2.121,0.075,6.625000000000001,51.96,0,0,377.1,17345.4,0
UTT_CELL_0027_0028,CELL_0027_0028,UTT,2023-05-21,30.11386,78.64144,1524.9,23.6,131.4,0.75,-0.661,CONIFER_HIGH_FLAMMABILITY,0.441,-0.09,14.899999999999999,42.5,2.4025,152.0,-1.128,2.121,0.075,6.625000000000001,51.96,0,0,370.1,4183.4,0
UTT_CELL_0001_0042,CELL_0001_0042,UTT,2023-05-21,29.99792,78.71673,1485.4,24.5,119.8,0.868,-0.497,CONIFER_HIGH_FLAMMABILITY,0.431,-0.09,14.899999999999999,42.5,2.4025,152.0,-1.128,2.121,0.075,6.625000000000001,51.96,0,0,384.2,3661.9,0
UTT_CELL_0124_0065,CELL_0124_0065,UTT,2023-05-21,30.55453,78.82367,1862.2,15.7,175.5,0.078,-0.997,CONIFER_HIGH_FLAMMABILITY,0.519,-0.09,14.899999999999999,42.5,2.4025,152.0,-1.128,2.121,0.075,6.625000000000001,51.96,0,0,0.7,14755.2,0
UTT_CELL_0020_0114,CELL_0020_0114,UTT,2023-05-21,30.08955,79.0881,1689.0,30.2,129.0,0.777,-0.629,CONIFER_HIGH_FLAMMABILITY,0.374,-0.09,14.899999999999999,42.5,2.4025,152.0,-1.128,2.121,0.075,6.625000000000001,51.96,0,0,384.7,9251.5,0
UTT_CELL_0092_0002,CELL_0092_0002,UTT,2023-05-21,30.40438,78.4992,1642.3,20.3,160.4,0.335,-0.942,CONIFER_HIGH_FLAMMABILITY,0.473,-0.09,14.899999999999999,42.5,2.4025,152.0,-1.128,2.121,0.075,6.625000000000001,51.96,0,0,384.7,1682.5,0
UTT_CELL_0027_0038,CELL_0027_0038,UTT,2023-05-21,30.11479,78.69329,1546.2,23.3,131.5,0.749,-0.663,CONIFER_HIGH_FLAMMABILITY,0.444,-0.09,14.899999999999999,42.5,2.4025,152.0,-1.128,2.121,0.075,6.625000000000001,51.96,0,0,363.2,1345.4,0
UTT_CELL_0124_0075,CELL_0124_0075,UTT,2023-05-21,30.55539,78.87576,1883.5,15.4,175.5,0.078,-0.997,CONIFER_HIGH_FLAMMABILITY,0.522,-0.09,14.899999999999999,42.5,2.4025,152.0,-1.128,2.121,0.075,6.625000000000001,51.96,0,0,0.7,18217.1,0
UTT_CELL_0007_0133,CELL_0007_0133,UTT,2023-05-21,30.03232,79.1877,1694.5,32.5,123.2,0.837,-0.548,CONIFER_HIGH_FLAMMABILITY,0.351,-0.09,14.899999999999999,42.5,2.4025,152.0,-1.128,2.121,0.075,6.625000000000001,51.96,0,0,380.1,8264.2,0
UTT_CELL_0118_0013,CELL_0118_0013,UTT,2023-05-21,30.52267,78.55348,1735.0,26.7,172.3,0.134,-0.991,CONIFER_HIGH_FLAMMABILITY,0.409,-0.09,14.899999999999999,42.5,2.4025,152.0,-1.128,2.121,0.075,6.625000000000001,51.96,0,0,383.7,4076.6,0
UTT_CELL_0027_0058,CELL_0027_0058,UTT,2023-05-21,30.11657,78.79702,1588.7,22.7,131.7,0.747,-0.665,CONIFER_HIGH_FLAMMABILITY,0.45,-0.09,14.899999999999999,42.5,2.4025,152.0,-1.128,2.121,0.075,6.625000000000001,51.96,0,0,379.2,1487.9,0
UTT_CELL_0053_0047,CELL_0053_0047,UTT,2023-05-21,30.23282,78.73729,1634.6,31.0,143.3,0.598,-0.802,CONIFER_HIGH_FLAMMABILITY,0.366,-0.09,14.899999999999999,42.5,2.4025,152.0,-1.128,2.121,0.075,6.625000000000001,51.96,0,2,384.7,3330.7,0
UTT_CELL_0001_0075,CELL_0001_0075,UTT,2023-05-21,30.00078,78.88768,1555.5,25.4,120.1,0.865,-0.502,CONIFER_HIGH_FLAMMABILITY,0.422,-0.09,14.899999999999999,42.5,2.4025,152.0,-1.128,2.121,0.075,6.625000000000001,51.96,0,0,380.1,3952.5,0
UTT_CELL_0007_0152,CELL_0007_0152,UTT,2023-05-21,30.03364,79.28619,1734.7,32.6,123.4,0.835,-0.55,CONIFER_HIGH_FLAMMABILITY,0.35,-0.09,14.899999999999999,42.5,2.4025,152.0,-1.128,2.121,0.075,6.625000000000001,51.96,0,0,6.2,11746.4,0
UTT_CELL_0118_0030,CELL_0118_0030,UTT,2023-05-21,30.5243,78.642,1771.4,26.2,172.4,0.132,-0.991,CONIFER_HIGH_FLAMMABILITY,0.414,-0.09,14.899999999999999,42.5,2.4025,152.0,-1.128,2.121,0.075,6.625000000000001,51.96,0,0,383.7,13157.2,0
UTT_CELL_0079_0050,CELL_0079_0050,UTT,2023-05-21,30.35031,78.75019,1710.3,13.6,155.0,0.423,-0.906,CONIFER_HIGH_FLAMMABILITY,0.54,-0.09,14.899999999999999,42.5,2.4025,152.0,-1.128,2.121,0.075,6.625000000000001,51.96,0,0,384.7,2424.7,0
UTT_CELL_0111_0120,CELL_0111_0120,UTT,2023-05-21,30.50038,79.11136,1944.8,31.7,170.0,0.174,-0.985,CONIFER_HIGH_FLAMMABILITY,0.359,-0.09,14.899999999999999,42.5,2.4025,152.0,-1.128,2.121,0.075,6.625000000000001,51.96,0,0,377.1,8289.4,0
UTT_CELL_0072_0139,CELL_0072_0139,UTT,2023-05-21,30.32589,79.21352,1880.9,22.8,152.6,0.46,-0.888,CONIFER_HIGH_FLAMMABILITY,0.449,-0.09,14.899999999999999,42.5,2.4025,152.0,-1.128,2.121,0.075,6.625000000000001,51.96,0,0,380.1,9042.4,0
UTT_CELL_0040_0076,CELL_0040_0076,UTT,2023-05-21,30.17672,78.88913,1661.7,13.2,137.7,0.673,-0.74,CONIFER_HIGH_FLAMMABILITY,0.544,-0.09,14.899999999999999,42.5,2.4025,152.0,-1.128,2.121,0.075,6.625000000000001,51.96,0,0,10.2,6233.3,0
UTT_CELL_0085_0135,CELL_0085_0135,UTT,2023-05-21,30.38423,79.19164,1907.2,12.5,158.4,0.368,-0.93,CONIFER_HIGH_FLAMMABILITY,0.551,-0.09,14.899999999999999,42.5,2.4025,152.0,-1.128,2.121,0.075,6.625000000000001,51.96,0,0,375.1,8498.2,0
UTT_CELL_0027_0086,CELL_0027_0086,UTT,2023-05-21,30.11892,78.94224,1648.3,21.9,131.9,0.744,-0.668,CONIFER_HIGH_FLAMMABILITY,0.458,-0.09,14.899999999999999,42.5,2.4025,152.0,-1.128,2.121,0.075,6.625000000000001,51.96,0,0,379.7,1028.9,0
UTT_CELL_0001_0099,CELL_0001_0099,UTT,2023-05-21,30.00271,79.01202,1606.4,25.9,120.3,0.863,-0.505,CONIFER_HIGH_FLAMMABILITY,0.417,-0.09,14.899999999999999,42.5,2.4025,152.0,-1.128,2.121,0.075,6.625000000000001,51.96,0,0,384.7,925.1,0
UTT_CELL_0047_0000,CELL_0047_0000,UTT,2023-05-21,30.20133,78.49397,1518.4,22.5,140.1,0.641,-0.767,CONIFER_HIGH_FLAMMABILITY,0.452,-0.09,14.899999999999999,42.5,2.4025,152.0,-1.128,2.121,0.075,6.625000000000001,51.96,0,0,384.7,2578.1,0
UTT_CELL_0040_0084,CELL_0040_0084,UTT,2023-05-21,30.17738,78.93065,1678.7,13.5,137.7,0.673,-0.74,CONIFER_HIGH_FLAMMABILITY,0.541,-0.09,14.899999999999999,42.5,2.4025,152.0,-1.128,2.121,0.075,6.625000000000001,51.96,0,0,380.1,3148.2,0
UTT_CELL_0034_0013,CELL_0034_0013,UTT,2023-05-21,30.144,78.56288,1511.6,12.4,134.4,0.714,-0.7,CONIFER_HIGH_FLAMMABILITY,0.552,-0.09,14.899999999999999,42.5,2.4025,152.0,-1.128,2.121,0.075,6.625000000000001,51.96,1,2,5.7,2100.5,0
UTT_CELL_0124_0136,CELL_0124_0136,UTT,2023-05-21,30.56019,79.1936,2013.6,13.5,176.0,0.07,-0.998,CONIFER_MODERATE_FLAMMABILITY,0.541,-0.09,14.899999999999999,42.5,2.4025,152.0,-1.128,2.121,0.075,6.625000000000001,51.96,0,0,377.1,17373.6,0
UTT_CELL_0118_0061,CELL_0118_0061,UTT,2023-05-21,30.52713,78.80344,1837.6,25.4,172.7,0.127,-0.992,CONIFER_HIGH_FLAMMABILITY,0.422,-0.09,14.899999999999999,42.5,2.4025,152.0,-1.128,2.121,0.075,6.625000000000001,51.96,0,0,0.7,11039.4,0
UTT_CELL_0066_0085,CELL_0066_0085,UTT,2023-05-21,30.2947,78.93339,1750.2,31.1,149.5,0.508,-0.862,CONIFER_HIGH_FLAMMABILITY,0.365,-0.09,14.899999999999999,42.5,2.4025,152.0,-1.128,2.121,0.075,6.625000000000001,51.96,1,1,4.2,4493.7,0
UTT_CELL_0118_0062,CELL_0118_0062,UTT,2023-05-21,30.52721,78.80864,1839.8,25.4,172.7,0.127,-0.992,CONIFER_HIGH_FLAMMABILITY,0.422,-0.09,14.899999999999999,42.5,2.4025,152.0,-1.128,2.121,0.075,6.625000000000001,51.96,0,0,0.7,11296.8,0
UTT_CELL_0021_0031,CELL_0021_0031,UTT,2023-05-21,30.08709,78.65763,1515.3,30.7,128.7,0.78,-0.625,CONIFER_HIGH_FLAMMABILITY,0.369,-0.09,14.899999999999999,42.5,2.4025,152.0,-1.128,2.121,0.075,6.625000000000001,51.96,0,0,363.2,6356.8,0
UTT_CELL_0001_0124,CELL_0001_0124,UTT,2023-05-21,30.00461,79.14156,1659.4,26.5,120.5,0.862,-0.508,CONIFER_HIGH_FLAMMABILITY,0.411,-0.09,14.899999999999999,42.5,2.4025,152.0,-1.128,2.121,0.075,6.625000000000001,51.96,0,0,380.1,5845.8,0
UTT_CELL_0008_0043,CELL_0008_0043,UTT,2023-05-21,30.02957,78.72119,1506.2,32.1,123.0,0.839,-0.545,CONIFER_HIGH_FLAMMABILITY,0.355,-0.09,14.899999999999999,42.5,2.4025,152.0,-1.128,2.121,0.075,6.625000000000001,51.96,0,0,384.2,6497.8,0
UTT_CELL_0099_0007,CELL_0099_0007,UTT,2023-05-21,30.43643,78.52441,1671.6,29.8,163.6,0.282,-0.959,CONIFER_HIGH_FLAMMABILITY,0.379,-0.09,14.899999999999999,42.5,2.4025,152.0,-1.128,2.121,0.075,6.625000000000001,51.96,0,0,379.2,2582.9,0
UTT_CELL_0021_0045,CELL_0021_0045,UTT,2023-05-21,30.08837,78.73022,1545.1,30.5,128.8,0.779,-0.627,CONIFER_HIGH_FLAMMABILITY,0.371,-0.09,14.899999999999999,42.5,2.4025,152.0,-1.128,2.121,0.075,6.625000000000001,51.96,0,0,363.2,4869.2,0
UTT_CELL_0073_0026,CELL_0073_0026,UTT,2023-05-21,30.32106,78.62609,1643.1,24.4,152.1,0.468,-0.884,CONIFER_HIGH_FLAMMABILITY,0.432,-0.09,14.899999999999999,42.5,2.4025,152.0,-1.128,2.121,0.075,6.625000000000001,51.96,2,2,0.5,3979.2,0
UTT_CELL_0131_0080,CELL_0131_0080,UTT,2023-05-21,30.58737,78.90113,1912.9,9.9,178.7,0.023,-1.0,CONIFER_HIGH_FLAMMABILITY,0.578,-0.09,14.899999999999999,42.5,2.4025,152.0,-1.128,2.121,0.075,6.625000000000001,51.96,0,0,0.7,22734.2,0
UTT_CELL_0040_0125,CELL_0040_0125,UTT,2023-05-21,30.18057,79.14346,1765.7,14.8,138.1,0.668,-0.744,CONIFER_HIGH_FLAMMABILITY,0.528,-0.09,14.899999999999999,42.5,2.4025,152.0,-1.128,2.121,0.075,6.625000000000001,51.96,0,0,377.2,9060.4,0
UTT_CELL_0053_0125,CELL_0053_0125,UTT,2023-05-21,30.23919,79.14235,1800.5,32.1,143.9,0.589,-0.808,CONIFER_HIGH_FLAMMABILITY,0.355,-0.09,14.899999999999999,42.5,2.4025,152.0,-1.128,2.121,0.075,6.625000000000001,51.96,0,0,360.6,4637.7,0
UTT_CELL_0053_0128,CELL_0053_0128,UTT,2023-05-21,30.23941,79.15794,1806.8,32.1,143.9,0.589,-0.808,CONIFER_HIGH_FLAMMABILITY,0.355,-0.09,14.899999999999999,42.5,2.4025,152.0,-1.128,2.121,0.075,6.625000000000001,51.96,0,0,377.2,5510.0,0
UTT_CELL_0021_0068,CELL_0021_0068,UTT,2023-05-21,30.09037,78.84947,1594.0,30.1,129.0,0.777,-0.629,CONIFER_HIGH_FLAMMABILITY,0.376,-0.09,14.899999999999999,42.5,2.4025,152.0,-1.128,2.121,0.075,6.625000000000001,51.96,0,0,379.2,5311.6,0
UTT_CELL_0086_0038,CELL_0086_0038,UTT,2023-05-21,30.38078,78.68707,1703.3,11.0,158.1,0.373,-0.928,CONIFER_HIGH_FLAMMABILITY,0.567,-0.09,14.899999999999999,42.5,2.4025,152.0,-1.128,2.121,0.075,6.625000000000001,51.96,0,0,384.2,1751.5,0
UTT_CELL_0053_0137,CELL_0053_0137,UTT,2023-05-21,30.24006,79.20468,1825.9,32.2,144.0,0.588,-0.809,CONIFER_HIGH_FLAMMABILITY,0.354,-0.09,14.899999999999999,42.5,2.4025,152.0,-1.128,2.121,0.075,6.625000000000001,51.96,0,0,377.2,951.1,0
UTT_CELL_0014_0157,CELL_0014_0157,UTT,2023-05-21,30.06555,79.31157,1764.0,33.6,126.6,0.803,-0.596,CONIFER_HIGH_FLAMMABILITY,0.34,-0.09,14.899999999999999,42.5,2.4025,152.0,-1.128,2.121,0.075,6.625000000000001,51.96,0,0,7.1,9349.7,0
UTT_CELL_0008_0083,CELL_0008_0083,UTT,2023-05-21,30.033,78.92847,1591.2,32.5,123.3,0.836,-0.549,CONIFER_HIGH_FLAMMABILITY,0.351,-0.09,14.899999999999999,42.5,2.4025,152.0,-1.128,2.121,0.075,6.625000000000001,51.96,0,0,384.7,2687.8,0
UTT_CELL_0021_0085,CELL_0021_0085,UTT,2023-05-21,30.09179,78.93762,1630.1,29.7,129.2,0.775,-0.632,CONIFER_HIGH_FLAMMABILITY,0.38,-0.09,14.899999999999999,42.5,2.4025,152.0,-1.128,2.121,0.075,6.625000000000001,51.96,0,0,379.7,3860.6,0
UTT_CELL_0125_0040,CELL_0125_0040,UTT,2023-05-21,30.55679,78.69333,1811.4,14.8,175.7,0.075,-0.997,CONIFER_HIGH_FLAMMABILITY,0.528,-0.09,14.899999999999999,42.5,2.4025,152.0,-1.128,2.121,0.075,6.625000000000001,51.96,0,0,0.7,15429.6,0
UTT_CELL_0034_0086,CELL_0034_0086,UTT,2023-05-21,30.15049,78.94159,1666.9,9.7,135.0,0.707,-0.707,CONIFER_HIGH_FLAMMABILITY,0.58,-0.09,14.899999999999999,42.5,2.4025,152.0,-1.128,2.121,0.075,6.625000000000001,51.96,0,0,380.1,58.1,0
UTT_CELL_0092_0139,CELL_0092_0139,UTT,2023-05-21,30.41609,79.21188,1934.4,24.3,161.6,0.316,-0.949,CONIFER_HIGH_FLAMMABILITY,0.433,-0.09,14.899999999999999,42.5,2.4025,152.0,-1.128,2.121,0.075,6.625000000000001,51.96,0,0,375.1,10037.3,0
UTT_CELL_0034_0089,CELL_0034_0089,UTT,2023-05-21,30.15073,78.95716,1673.3,9.6,135.1,0.706,-0.708,CONIFER_HIGH_FLAMMABILITY,0.581,-0.09,14.899999999999999,42.5,2.4025,152.0,-1.128,2.121,0.075,6.625000000000001,51.96,0,0,380.1,659.7,0
UTT_CELL_0131_0125,CELL_0131_0125,UTT,2023-05-21,30.59094,79.13568,2008.8,11.3,179.1,0.016,-1.0,CONIFER_MODERATE_FLAMMABILITY,0.564,-0.09,14.899999999999999,42.5,2.4025,152.0,-1.128,2.121,0.075,6.625000000000001,51.96,0,0,377.1,18503.5,0
UTT_CELL_0028_0016,CELL_0028_0016,UTT,2023-05-21,30.11724,78.5791,1502.0,22.5,131.7,0.747,-0.665,CONIFER_HIGH_FLAMMABILITY,0.452,-0.09,14.899999999999999,42.5,2.4025,152.0,-1.128,2.121,0.075,6.625000000000001,51.96,1,2,5.7,1586.3,0
UTT_CELL_0125_0051,CELL_0125_0051,UTT,2023-05-21,30.55779,78.75063,1834.9,14.4,175.8,0.073,-0.997,CONIFER_HIGH_FLAMMABILITY,0.532,-0.09,14.899999999999999,42.5,2.4025,152.0,-1.128,2.121,0.075,6.625000000000001,51.96,0,0,0.7,13545.3,0
UTT_CELL_0028_0018,CELL_0028_0018,UTT,2023-05-21,30.11743,78.58947,1506.2,22.4,131.7,0.747,-0.665,CONIFER_HIGH_FLAMMABILITY,0.453,-0.09,14.899999999999999,42.5,2.4025,152.0,-1.128,2.121,0.075,6.625000000000001,51.96,1,2,5.7,2078.4,0
UTT_CELL_0112_0059,CELL_0112_0059,UTT,2023-05-21,30.4999,78.79363,1817.4,31.8,170.0,0.174,-0.985,CONIFER_HIGH_FLAMMABILITY,0.358,-0.09,14.899999999999999,42.5,2.4025,152.0,-1.128,2.121,0.075,6.625000000000001,51.96,0,0,0.7,7840.1,0
UTT_CELL_0002_0032,CELL_0002_0032,UTT,2023-05-21,30.00152,78.66483,1466.8,25.6,120.2,0.864,-0.503,CONIFER_HIGH_FLAMMABILITY,0.42,-0.09,14.899999999999999,42.5,2.4025,152.0,-1.128,2.121,0.075,6.625000000000001,51.96,0,0,384.2,3455.5,0
UTT_CELL_0041_0021,CELL_0041_0021,UTT,2023-05-21,30.17632,78.60361,1547.2,13.1,137.6,0.674,-0.738,CONIFER_HIGH_FLAMMABILITY,0.545,-0.09,14.899999999999999,42.5,2.4025,152.0,-1.128,2.121,0.075,6.625000000000001,51.96,0,1,377.7,3585.3,1
UTT_CELL_0002_0039,CELL_0002_0039,UTT,2023-05-21,30.00216,78.70109,1481.7,25.8,120.2,0.864,-0.503,CONIFER_HIGH_FLAMMABILITY,0.418,-0.09,14.899999999999999,42.5,2.4025,152.0,-1.128,2.121,0.075,6.625000000000001,51.96,0,0,384.2,2730.6,0
UTT_CELL_0131_0139,CELL_0131_0139,UTT,2023-05-21,30.59197,79.20866,2038.6,11.8,179.2,0.014,-1.0,CONIFER_MODERATE_FLAMMABILITY,0.558,-0.09,14.899999999999999,42.5,2.4025,152.0,-1.128,2.121,0.075,6.625000000000001,51.96,0,0,377.1,21262.9,0
UTT_CELL_0054_0021,CELL_0054_0021,UTT,2023-05-21,30.23493,78.60219,1581.8,31.4,143.5,0.595,-0.804,CONIFER_HIGH_FLAMMABILITY,0.362,-0.09,14.899999999999999,42.5,2.4025,152.0,-1.128,2.121,0.075,6.625000000000001,51.96,0,0,364.1,3179.9,0
UTT_CELL_0041_0028,CELL_0041_0028,UTT,2023-05-21,30.17698,78.63993,1562.2,13.3,137.7,0.673,-0.74,CONIFER_HIGH_FLAMMABILITY,0.543,-0.09,14.899999999999999,42.5,2.4025,152.0,-1.128,2.121,0.075,6.625000000000001,51.96,0,0,377.7,2800.9,0
UTT_CELL_0073_0093,CELL_0073_0093,UTT,2023-05-21,30.32692,78.97431,1785.9,22.4,152.7,0.459,-0.889,CONIFER_HIGH_FLAMMABILITY,0.453,-0.09,14.899999999999999,42.5,2.4025,152.0,-1.128,2.121,0.075,6.625000000000001,51.96,1,1,4.2,3073.1,0
UTT_CELL_0060_0100,CELL_0060_0100,UTT,2023-05-21,30.26885,79.01188,1766.1,33.9,146.9,0.546,-0.838,CONIFER_HIGH_FLAMMABILITY,0.338,-0.09,14.899999999999999,42.5,2.4025,152.0,-1.128,2.121,0.075,6.625000000000001,51.96,0,0,363.7,6570.7,0
UTT_CELL_0015_0043,CELL_0015_0043,UTT,2023-05-21,30.06113,78.72047,1524.9,33.9,126.1,0.808,-0.589,CONIFER_HIGH_FLAMMABILITY,0.338,-0.09,14.899999999999999,42.5,2.4025,152.0,-1.128,2.121,0.075,6.625000000000001,51.96,0,0,363.2,7091.8,0
UTT_CELL_0021_0121,CELL_0021_0121,UTT,2023-05-21,30.09458,79.12431,1706.5,29.1,129.5,0.772,-0.636,CONIFER_HIGH_FLAMMABILITY,0.385,-0.09,14.899999999999999,42.5,2.4025,152.0,-1.128,2.121,0.075,6.625000000000001,51.96,0,0,384.7,12446.1,0
UTT_CELL_0060_0111,CELL_0060_0111,UTT,2023-05-21,30.26971,79.06902,1789.4,33.9,147.0,0.545,-0.839,CONIFER_HIGH_FLAMMABILITY,0.338,-0.09,14.899999999999999,42.5,2.4025,152.0,-1.128,2.121,0.075,6.625000000000001,51.96,0,1,363.7,1425.8,0
UTT_CELL_0067_0030,CELL_0067_0030,UTT,2023-05-21,30.29438,78.64752,1635.6,31.1,149.4,0.509,-0.861,CONIFER_HIGH_FLAMMABILITY,0.365,-0.09,14.899999999999999,42.5,2.4025,152.0,-1.128,2.121,0.075,6.625000000000001,51.96,2,3,0.5,649.1,1
UTT_CELL_0028_0048,CELL_0028_0048,UTT,2023-05-21,30.12019,78.74505,1570.1,21.5,132.0,0.743,-0.669,CONIFER_HIGH_FLAMMABILITY,0.462,-0.09,14.899999999999999,42.5,2.4025,152.0,-1.128,2.121,0.075,6.625000000000001,51.96,0,0,364.1,2803.3,0
UTT_CELL_0132_0005,CELL_0132_0005,UTT,2023-05-21,30.58499,78.51021,1755.1,8.9,178.5,0.026,-1.0,CONIFER_HIGH_FLAMMABILITY,0.588,-0.09,14.899999999999999,42.5,2.4025,152.0,-1.128,2.121,0.075,6.625000000000001,51.96,0,0,381.1,3339.7,0
UTT_CELL_0073_0111,CELL_0073_0111,UTT,2023-05-21,30.32833,79.06787,1824.1,21.9,152.8,0.457,-0.889,CONIFER_HIGH_FLAMMABILITY,0.458,-0.09,14.899999999999999,42.5,2.4025,152.0,-1.128,2.121,0.075,6.625000000000001,51.96,0,3,8.1,2843.8,0
UTT_CELL_0002_0066,CELL_0002_0066,UTT,2023-05-21,30.00453,78.84096,1539.1,26.5,120.5,0.862,-0.508,CONIFER_HIGH_FLAMMABILITY,0.411,-0.09,14.899999999999999,42.5,2.4025,152.0,-1.128,2.121,0.075,6.625000000000001,51.96,1,2,8.1,522.3,0
UTT_CELL_0119_0016,CELL_0119_0016,UTT,2023-05-21,30.52747,78.56898,1744.1,25.3,172.7,0.127,-0.992,CONIFER_HIGH_FLAMMABILITY,0.423,-0.09,14.899999999999999,42.5,2.4025,152.0,-1.128,2.121,0.075,6.625000000000001,51.96,0,0,383.7,5755.9,0
UTT_CELL_0028_0059,CELL_0028_0059,UTT,2023-05-21,30.12116,78.8021,1593.5,21.2,132.1,0.742,-0.67,CONIFER_HIGH_FLAMMABILITY,0.465,-0.09,14.899999999999999,42.5,2.4025,152.0,-1.128,2.121,0.075,6.625000000000001,51.96,0,0,379.2,759.1,0
UTT_CELL_0054_0050,CELL_0054_0050,UTT,2023-05-21,30.2376,78.75276,1643.7,31.8,143.8,0.591,-0.807,CONIFER_HIGH_FLAMMABILITY,0.358,-0.09,14.899999999999999,42.5,2.4025,152.0,-1.128,2.121,0.075,6.625000000000001,51.96,0,0,384.2,4125.9,1
UTT_CELL_0073_0120,CELL_0073_0120,UTT,2023-05-21,30.32901,79.11466,1843.3,21.7,152.9,0.456,-0.89,CONIFER_HIGH_FLAMMABILITY,0.46,-0.09,14.899999999999999,42.5,2.4025,152.0,-1.128,2.121,0.075,6.625000000000001,51.96,0,1,12.7,3547.3,0
UTT_CELL_0047_0140,CELL_0047_0140,UTT,2023-05-21,30.21322,79.22075,1816.2,26.3,141.3,0.625,-0.78,CONIFER_HIGH_FLAMMABILITY,0.413,-0.09,14.899999999999999,42.5,2.4025,152.0,-1.128,2.121,0.075,6.625000000000001,51.96,0,0,377.2,2567.8,0
UTT_CELL_0041_0065,CELL_0041_0065,UTT,2023-05-21,30.1803,78.83194,1641.0,14.7,138.0,0.669,-0.743,CONIFER_HIGH_FLAMMABILITY,0.529,-0.09,14.899999999999999,42.5,2.4025,152.0,-1.128,2.121,0.075,6.625000000000001,51.96,0,3,9.2,1703.0,0
UTT_CELL_0106_0037,CELL_0106_0037,UTT,2023-05-21,30.47086,78.67973,1754.4,34.0,167.1,0.223,-0.975,CONIFER_HIGH_FLAMMABILITY,0.336,-0.09,14.899999999999999,42.5,2.4025,152.0,-1.128,2.121,0.075,6.625000000000001,51.96,0,0,0.7,9979.2,0
UTT_CELL_0015_0080,CELL_0015_0080,UTT,2023-05-21,30.06432,78.91226,1603.5,33.7,126.4,0.805,-0.593,CONIFER_HIGH_FLAMMABILITY,0.339,-0.09,14.899999999999999,42.5,2.4025,152.0,-1.128,2.121,0.075,6.625000000000001,51.96,0,0,384.7,2255.9,0
UTT_CELL_0119_0033,CELL_0119_0033,UTT,2023-05-21,30.52909,78.65751,1780.5,24.8,172.9,0.124,-0.992,CONIFER_HIGH_FLAMMABILITY,0.428,-0.09,14.899999999999999,42.5,2.4025,152.0,-1.128,2.121,0.075,6.625000000000001,51.96,0,0,383.7,14955.1,0
UTT_CELL_0009_0014,CELL_0009_0014,UTT,2023-05-21,30.03139,78.57082,1447.2,32.3,123.1,0.838,-0.546,CONIFER_HIGH_FLAMMABILITY,0.354,-0.09,14.899999999999999,42.5,2.4025,152.0,-1.128,2.121,0.075,6.625000000000001,51.96,0,1,8.1,2708.2,0
UTT_CELL_0048_0006,CELL_0048_0006,UTT,2023-05-21,30.20643,78.52499,1533.9,24.2,140.6,0.635,-0.773,CONIFER_HIGH_FLAMMABILITY,0.434,-0.09,14.899999999999999,42.5,2.4025,152.0,-1.128,2.121,0.075,6.625000000000001,51.96,0,0,365.6,2900.5,1
UTT_CELL_0106_0061,CELL_0106_0061,UTT,2023-05-21,30.47302,78.80465,1805.7,34.0,167.3,0.22,-0.976,CONIFER_HIGH_FLAMMABILITY,0.336,-0.09,14.899999999999999,42.5,2.4025,152.0,-1.128,2.121,0.075,6.625000000000001,51.96,0,0,0.7,6178.5,0
UTT_CELL_0028_0099,CELL_0028_0099,UTT,2023-05-21,30.12447,79.00959,1678.5,20.0,132.4,0.738,-0.674,CONIFER_HIGH_FLAMMABILITY,0.476,-0.09,14.899999999999999,42.5,2.4025,152.0,-1.128,2.121,0.075,6.625000000000001,51.96,0,0,384.7,3144.9,0
UTT_CELL_0028_0103,CELL_0028_0103,UTT,2023-05-21,30.12478,79.03034,1687.0,19.9,132.5,0.737,-0.676,CONIFER_HIGH_FLAMMABILITY,0.478,-0.09,14.899999999999999,42.5,2.4025,152.0,-1.128,2.121,0.075,6.625000000000001,51.96,0,0,384.7,4933.4,0
UTT_CELL_0041_0097,CELL_0041_0097,UTT,2023-05-21,30.18294,78.99803,1709.0,15.7,138.3,0.665,-0.747,CONIFER_HIGH_FLAMMABILITY,0.519,-0.09,14.899999999999999,42.5,2.4025,152.0,-1.128,2.121,0.075,6.625000000000001,51.96,0,0,384.7,4146.2,0
UTT_CELL_0093_0076,CELL_0093_0076,UTT,2023-05-21,30.4157,78.884,1803.0,24.1,161.6,0.316,-0.949,CONIFER_HIGH_FLAMMABILITY,0.435,-0.09,14.899999999999999,42.5,2.4025,152.0,-1.128,2.121,0.075,6.625000000000001,51.96,0,0,370.1,11336.9,0
UTT_CELL_0132_0059,CELL_0132_0059,UTT,2023-05-21,30.59007,78.79159,1870.7,11.0,179.0,0.017,-1.0,CONIFER_HIGH_FLAMMABILITY,0.567,-0.09,14.899999999999999,42.5,2.4025,152.0,-1.128,2.121,0.075,6.625000000000001,51.96,0,0,0.7,17358.0,0
UTT_CELL_0106_0072,CELL_0106_0072,UTT,2023-05-21,30.47397,78.86191,1829.1,34.0,167.4,0.218,-0.976,CONIFER_HIGH_FLAMMABILITY,0.336,-0.09,14.899999999999999,42.5,2.4025,152.0,-1.128,2.121,0.075,6.625000000000001,51.96,0,0,0.7,11770.8,0
UTT_CELL_0125_0146,CELL_0125_0146,UTT,2023-05-21,30.56541,79.24563,2037.5,11.3,176.5,0.061,-0.998,CONIFER_MODERATE_FLAMMABILITY,0.564,-0.09,14.899999999999999,42.5,2.4025,152.0,-1.128,2.121,0.075,6.625000000000001,51.96,0,0,377.1,21343.9,0
UTT_CELL_0132_0068,CELL_0132_0068,UTT,2023-05-21,30.59086,78.83849,1889.9,11.3,179.1,0.016,-1.0,CONIFER_HIGH_FLAMMABILITY,0.564,-0.09,14.899999999999999,42.5,2.4025,152.0,-1.128,2.121,0.075,6.625000000000001,51.96,0,0,0.7,19097.7,0
UTT_CELL_0054_0106,CELL_0054_0106,UTT,2023-05-21,30.24227,79.04358,1762.8,32.5,144.2,0.585,-0.811,CONIFER_HIGH_FLAMMABILITY,0.351,-0.09,14.899999999999999,42.5,2.4025,152.0,-1.128,2.121,0.075,6.625000000000001,51.96,0,0,363.7,3337.1,0
UTT_CELL_0093_0096,CELL_0093_0096,UTT,2023-05-21,30.41734,78.98805,1845.6,24.7,161.7,0.314,-0.949,CONIFER_HIGH_FLAMMABILITY,0.429,-0.09,14.899999999999999,42.5,2.4025,152.0,-1.128,2.121,0.075,6.625000000000001,51.96,0,0,4.2,10426.4,0
UTT_CELL_0113_0010,CELL_0113_0010,UTT,2023-05-21,30.49984,78.53842,1715.3,31.8,170.0,0.174,-0.985,CONIFER_HIGH_FLAMMABILITY,0.358,-0.09,14.899999999999999,42.5,2.4025,152.0,-1.128,2.121,0.075,6.625000000000001,51.96,0,0,383.7,1346.4,0
UTT_CELL_0067_0115,CELL_0067_0115,UTT,2023-05-21,30.30158,79.08919,1816.6,29.7,150.2,0.497,-0.868,CONIFER_HIGH_FLAMMABILITY,0.38,-0.09,14.899999999999999,42.5,2.4025,152.0,-1.128,2.121,0.075,6.625000000000001,51.96,0,1,12.7,878.1,0
UTT_CELL_0126_0015,CELL_0126_0015,UTT,2023-05-21,30.55893,78.56299,1760.6,14.0,175.9,0.071,-0.997,CONIFER_HIGH_FLAMMABILITY,0.536,-0.09,14.899999999999999,42.5,2.4025,152.0,-1.128,2.121,0.075,6.625000000000001,51.96,0,0,383.7,7905.7,0
UTT_CELL_0113_0023,CELL_0113_0023,UTT,2023-05-21,30.5011,78.6061,1743.1,31.6,170.1,0.172,-0.985,CONIFER_HIGH_FLAMMABILITY,0.36,-0.09,14.899999999999999,42.5,2.4025,152.0,-1.128,2.121,0.075,6.625000000000001,51.96,0,0,383.7,8846.6,0
UTT_CELL_0015_0149,CELL_0015_0149,UTT,2023-05-21,30.06952,79.27001,1749.7,33.3,127.0,0.799,-0.602,CONIFER_HIGH_FLAMMABILITY,0.344,-0.09,14.899999999999999,42.5,2.4025,152.0,-1.128,2.121,0.075,6.625000000000001,51.96,0,0,7.1,10682.5,0
UTT_CELL_0132_0102,CELL_0132_0102,UTT,2023-05-21,30.59368,79.0157,1962.5,12.5,179.4,0.01,-1.0,CONIFER_HIGH_FLAMMABILITY,0.551,-0.09,14.899999999999999,42.5,2.4025,152.0,-1.128,2.121,0.075,6.625000000000001,51.96,0,0,377.1,21571.7,0
UTT_CELL_0009_0083,CELL_0009_0083,UTT,2023-05-21,30.03751,78.92838,1593.9,33.1,123.8,0.831,-0.556,CONIFER_HIGH_FLAMMABILITY,0.345,-0.09,14.899999999999999,42.5,2.4025,152.0,-1.128,2.121,0.075,6.625000000000001,51.96,0,0,384.7,2476.7,0
UTT_CELL_0119_0112,CELL_0119_0112,UTT,2023-05-21,30.53584,79.06899,1949.1,22.6,173.6,0.111,-0.994,CONIFER_HIGH_FLAMMABILITY,0.451,-0.09,14.899999999999999,42.5,2.4025,152.0,-1.128,2.121,0.075,6.625000000000001,51.96,0,0,377.1,13182.6,0
UTT_CELL_0132_0112,CELL_0132_0112,UTT,2023-05-21,30.59446,79.06783,1983.8,12.8,179.4,0.01,-1.0,CONIFER_HIGH_FLAMMABILITY,0.548,-0.09,14.899999999999999,42.5,2.4025,152.0,-1.128,2.121,0.075,6.625000000000001,51.96,0,0,377.1,19403.0,0
UTT_CELL_0087_0062,CELL_0087_0062,UTT,2023-05-21,30.38744,78.81177,1757.2,13.8,158.7,0.363,-0.932,CONIFER_HIGH_FLAMMABILITY,0.538,-0.09,14.899999999999999,42.5,2.4025,152.0,-1.128,2.121,0.075,6.625000000000001,51.96,0,0,370.1,7234.4,0
UTT_CELL_0029_0014,CELL_0029_0014,UTT,2023-05-21,30.12156,78.56862,1500.4,21.0,132.2,0.741,-0.672,CONIFER_HIGH_FLAMMABILITY,0.467,-0.09,14.899999999999999,42.5,2.4025,152.0,-1.128,2.121,0.075,6.625000000000001,51.96,1,2,5.7,1430.5,0
UTT_CELL_0003_0030,CELL_0003_0030,UTT,2023-05-21,30.00585,78.65436,1465.3,26.8,120.6,0.861,-0.509,CONIFER_HIGH_FLAMMABILITY,0.408,-0.09,14.899999999999999,42.5,2.4025,152.0,-1.128,2.121,0.075,6.625000000000001,51.96,0,0,384.2,4664.6,0
UTT_CELL_0009_0108,CELL_0009_0108,UTT,2023-05-21,30.03949,79.05795,1646.9,33.3,123.9,0.83,-0.558,CONIFER_HIGH_FLAMMABILITY,0.344,-0.09,14.899999999999999,42.5,2.4025,152.0,-1.128,2.121,0.075,6.625000000000001,51.96,0,0,384.7,2872.0,0
UTT_CELL_0093_0149,CELL_0093_0149,UTT,2023-05-21,30.4213,79.26383,1958.3,25.9,162.1,0.307,-0.952,CONIFER_HIGH_FLAMMABILITY,0.417,-0.09,14.899999999999999,42.5,2.4025,152.0,-1.128,2.121,0.075,6.625000000000001,51.96,0,0,3.1,7150.1,0
UTT_CELL_0003_0034,CELL_0003_0034,UTT,2023-05-21,30.00621,78.67508,1473.8,27.0,120.6,0.861,-0.509,CONIFER_HIGH_FLAMMABILITY,0.406,-0.09,14.899999999999999,42.5,2.4025,152.0,-1.128,2.121,0.075,6.625000000000001,51.96,0,0,384.2,3150.3,0
UTT_CELL_0068_0010,CELL_0068_0010,UTT,2023-05-21,30.29698,78.54351,1595.6,30.6,149.7,0.505,-0.863,CONIFER_HIGH_FLAMMABILITY,0.37,-0.09,14.899999999999999,42.5,2.4025,152.0,-1.128,2.121,0.075,6.625000000000001,51.96,0,0,363.7,2160.0,0
UTT_CELL_0126_0066,CELL_0126_0066,UTT,2023-05-21,30.56363,78.82868,1869.6,12.1,176.4,0.063,-0.998,CONIFER_HIGH_FLAMMABILITY,0.555,-0.09,14.899999999999999,42.5,2.4025,152.0,-1.128,2.121,0.075,6.625000000000001,51.96,0,0,0.7,15908.3,0
UTT_CELL_0081_0016,CELL_0081_0016,UTT,2023-05-21,30.35617,78.57323,1643.0,11.2,155.6,0.413,-0.911,CONIFER_HIGH_FLAMMABILITY,0.565,-0.09,14.899999999999999,42.5,2.4025,152.0,-1.128,2.121,0.075,6.625000000000001,51.96,0,0,383.7,6215.6,0
UTT_CELL_0094_0014,CELL_0094_0014,UTT,2023-05-21,30.41458,78.56138,1673.3,23.8,161.5,0.317,-0.948,CONIFER_HIGH_FLAMMABILITY,0.439,-0.09,14.899999999999999,42.5,2.4025,152.0,-1.128,2.121,0.075,6.625000000000001,51.96,0,0,383.7,3660.1,0
UTT_CELL_0113_0094,CELL_0113_0094,UTT,2023-05-21,30.50736,78.97578,1894.7,30.5,170.7,0.162,-0.987,CONIFER_HIGH_FLAMMABILITY,0.371,-0.09,14.899999999999999,42.5,2.4025,152.0,-1.128,2.121,0.075,6.625000000000001,51.96,0,0,377.1,17768.5,0
UTT_CELL_0133_0009,CELL_0133_0009,UTT,2023-05-21,30.58989,78.53094,1766.3,10.9,179.0,0.017,-1.0,CONIFER_HIGH_FLAMMABILITY,0.568,-0.09,14.899999999999999,42.5,2.4025,152.0,-1.128,2.121,0.075,6.625000000000001,51.96,0,0,381.1,5308.3,0
UTT_CELL_0120_0018,CELL_0120_0018,UTT,2023-05-21,30.53217,78.57929,1751.0,23.8,173.2,0.118,-0.993,CONIFER_HIGH_FLAMMABILITY,0.439,-0.09,14.899999999999999,42.5,2.4025,152.0,-1.128,2.121,0.075,6.625000000000001,51.96,0,0,383.7,6996.1,0
UTT_CELL_0055_0049,CELL_0055_0049,UTT,2023-05-21,30.24202,78.74747,1644.2,32.5,144.2,0.585,-0.811,CONIFER_HIGH_FLAMMABILITY,0.351,-0.09,14.899999999999999,42.5,2.4025,152.0,-1.128,2.121,0.075,6.625000000000001,51.96,0,2,12.7,4381.1,1
UTT_CELL_0055_0050,CELL_0055_0050,UTT,2023-05-21,30.24211,78.75266,1646.3,32.5,144.2,0.585,-0.811,CONIFER_HIGH_FLAMMABILITY,0.351,-0.09,14.899999999999999,42.5,2.4025,152.0,-1.128,2.121,0.075,6.625000000000001,51.96,0,2,384.2,4623.1,1
UTT_CELL_0107_0025,CELL_0107_0025,UTT,2023-05-21,30.47424,78.61717,1731.4,34.0,167.4,0.218,-0.976,CONIFER_HIGH_FLAMMABILITY,0.336,-0.09,14.899999999999999,42.5,2.4025,152.0,-1.128,2.121,0.075,6.625000000000001,51.96,0,0,383.7,8351.8,0
UTT_CELL_0100_0109,CELL_0100_0109,UTT,2023-05-21,30.44993,79.05507,1892.0,32.3,165.0,0.259,-0.966,CONIFER_HIGH_FLAMMABILITY,0.354,-0.09,14.899999999999999,42.5,2.4025,152.0,-1.128,2.121,0.075,6.625000000000001,51.96,0,0,377.1,7018.5,0
UTT_CELL_0100_0116,CELL_0100_0116,UTT,2023-05-21,30.45047,79.0915,1906.9,32.4,165.0,0.259,-0.966,CONIFER_HIGH_FLAMMABILITY,0.352,-0.09,14.899999999999999,42.5,2.4025,152.0,-1.128,2.121,0.075,6.625000000000001,51.96,0,0,377.1,3673.5,0
UTT_CELL_0107_0034,CELL_0107_0034,UTT,2023-05-21,30.47509,78.66401,1750.7,34.0,167.5,0.216,-0.976,CONIFER_HIGH_FLAMMABILITY,0.336,-0.09,14.899999999999999,42.5,2.4025,152.0,-1.128,2.121,0.075,6.625000000000001,51.96,0,0,384.2,11279.3,0
UTT_CELL_0074_0128,CELL_0074_0128,UTT,2023-05-21,30.33412,79.15617,1862.9,19.9,153.4,0.448,-0.894,CONIFER_HIGH_FLAMMABILITY,0.478,-0.09,14.899999999999999,42.5,2.4025,152.0,-1.128,2.121,0.075,6.625000000000001,51.96,0,0,384.7,7301.1,0
UTT_CELL_0061_0144,CELL_0061_0144,UTT,2023-05-21,30.27663,79.2404,1862.1,33.5,147.7,0.534,-0.845,CONIFER_HIGH_FLAMMABILITY,0.341,-0.09,14.899999999999999,42.5,2.4025,152.0,-1.128,2.121,0.075,6.625000000000001,51.96,0,0,379.2,5504.0,0
UTT_CELL_0010_0011,CELL_0010_0011,UTT,2023-05-21,30.03561,78.55517,1443.4,32.9,123.6,0.833,-0.553,CONIFER_HIGH_FLAMMABILITY,0.348,-0.09,14.899999999999999,42.5,2.4025,152.0,-1.128,2.121,0.075,6.625000000000001,51.96,0,1,8.1,1506.7,0
UTT_CELL_0003_0095,CELL_0003_0095,UTT,2023-05-21,30.01142,78.99112,1603.3,28.3,121.1,0.856,-0.517,CONIFER_HIGH_FLAMMABILITY,0.393,-0.09,14.899999999999999,42.5,2.4025,152.0,-1.128,2.121,0.075,6.625000000000001,51.96,0,0,384.7,3204.5,0
UTT_CELL_0074_0142,CELL_0074_0142,UTT,2023-05-21,30.33512,79.22895,1892.7,19.5,153.5,0.446,-0.895,CONIFER_HIGH_FLAMMABILITY,0.481,-0.09,14.899999999999999,42.5,2.4025,152.0,-1.128,2.121,0.075,6.625000000000001,51.96,0,0,380.1,7394.3,0
UTT_CELL_0100_0131,CELL_0100_0131,UTT,2023-05-21,30.45159,79.16958,1938.8,32.5,165.2,0.255,-0.967,CONIFER_HIGH_FLAMMABILITY,0.351,-0.09,14.899999999999999,42.5,2.4025,152.0,-1.128,2.121,0.075,6.625000000000001,51.96,0,0,375.1,6721.9,0
UTT_CELL_0036_0004,CELL_0036_0004,UTT,2023-05-21,30.15214,78.51597,1497.7,9.0,135.2,0.705,-0.71,CONIFER_HIGH_FLAMMABILITY,0.587,-0.09,14.899999999999999,42.5,2.4025,152.0,-1.128,2.121,0.075,6.625000000000001,51.96,0,0,364.1,1603.3,1
UTT_CELL_0010_0017,CELL_0010_0017,UTT,2023-05-21,30.03619,78.58626,1456.2,32.9,123.6,0.833,-0.553,CONIFER_HIGH_FLAMMABILITY,0.348,-0.09,14.899999999999999,42.5,2.4025,152.0,-1.128,2.121,0.075,6.625000000000001,51.96,0,1,8.1,4502.1,0
UTT_CELL_0016_0094,CELL_0016_0094,UTT,2023-05-21,30.06996,78.98475,1635.9,33.3,127.0,0.799,-0.602,CONIFER_HIGH_FLAMMABILITY,0.344,-0.09,14.899999999999999,42.5,2.4025,152.0,-1.128,2.121,0.075,6.625000000000001,51.96,0,0,378.7,6775.2,0
UTT_CELL_0113_0124,CELL_0113_0124,UTT,2023-05-21,30.5097,79.13202,1958.6,30.0,171.0,0.156,-0.988,CONIFER_HIGH_FLAMMABILITY,0.377,-0.09,14.899999999999999,42.5,2.4025,152.0,-1.128,2.121,0.075,6.625000000000001,51.96,0,0,377.1,9545.0,0
UTT_CELL_0036_0007,CELL_0036_0007,UTT,2023-05-21,30.15243,78.53153,1504.1,8.9,135.2,0.705,-0.71,CONIFER_HIGH_FLAMMABILITY,0.588,-0.09,14.899999999999999,42.5,2.4025,152.0,-1.128,2.121,0.075,6.625000000000001,51.96,0,0,364.1,1913.9,0
UTT_CELL_0068_0074,CELL_0068_0074,UTT,2023-05-21,30.3028,78.87603,1732.1,29.4,150.3,0.495,-0.869,CONIFER_HIGH_FLAMMABILITY,0.383,-0.09,14.899999999999999,42.5,2.4025,152.0,-1.128,2.121,0.075,6.625000000000001,51.96,1,1,380.7,3572.7,0
UTT_CELL_0049_0015,CELL_0049_0015,UTT,2023-05-21,30.21181,78.57159,1555.7,25.8,141.2,0.627,-0.779,CONIFER_HIGH_FLAMMABILITY,0.418,-0.09,14.899999999999999,42.5,2.4025,152.0,-1.128,2.121,0.075,6.625000000000001,51.96,0,0,364.1,1171.1,0
UTT_CELL_0113_0144,CELL_0113_0144,UTT,2023-05-21,30.51115,79.23619,2001.2,29.6,171.1,0.155,-0.988,CONIFER_MODERATE_FLAMMABILITY,0.38,-0.09,14.899999999999999,42.5,2.4025,152.0,-1.128,2.121,0.075,6.625000000000001,51.96,0,0,377.1,16595.9,0
UTT_CELL_0113_0145,CELL_0113_0145,UTT,2023-05-21,30.51122,79.2414,2003.3,29.6,171.1,0.155,-0.988,CONIFER_MODERATE_FLAMMABILITY,0.38,-0.09,14.899999999999999,42.5,2.4025,152.0,-1.128,2.121,0.075,6.625000000000001,51.96,0,0,377.1,17077.9,0
UTT_CELL_0126_0142,CELL_0126_0142,UTT,2023-05-21,30.56964,79.22471,2031.7,9.6,177.0,0.052,-0.999,CONIFER_MODERATE_FLAMMABILITY,0.581,-0.09,14.899999999999999,42.5,2.4025,152.0,-1.128,2.121,0.075,6.625000000000001,51.96,0,0,377.1,20188.5,0
UTT_CELL_0081_0098,CELL_0081_0098,UTT,2023-05-21,30.36339,78.99956,1817.9,8.2,156.3,0.402,-0.916,CONIFER_HIGH_FLAMMABILITY,0.595,-0.09,14.899999999999999,42.5,2.4025,152.0,-1.128,2.121,0.075,6.625000000000001,51.96,0,0,8.1,6197.3,0
UTT_CELL_0003_0138,CELL_0003_0138,UTT,2023-05-21,30.01463,79.21394,1694.4,29.1,121.5,0.853,-0.522,CONIFER_HIGH_FLAMMABILITY,0.385,-0.09,14.899999999999999,42.5,2.4025,152.0,-1.128,2.121,0.075,6.625000000000001,51.96,0,0,380.1,7797.8,0
UTT_CELL_0088_0032,CELL_0088_0032,UTT,2023-05-21,30.38924,78.65565,1695.8,14.5,158.9,0.36,-0.933,CONIFER_HIGH_FLAMMABILITY,0.531,-0.09,14.899999999999999,42.5,2.4025,152.0,-1.128,2.121,0.075,6.625000000000001,51.96,0,0,384.2,2564.3,0
UTT_CELL_0010_0074,CELL_0010_0074,UTT,2023-05-21,30.04128,78.88164,1577.4,33.4,124.1,0.828,-0.561,CONIFER_HIGH_FLAMMABILITY,0.343,-0.09,14.899999999999999,42.5,2.4025,152.0,-1.128,2.121,0.075,6.625000000000001,51.96,0,0,380.1,1395.6,1
UTT_CELL_0010_0075,CELL_0010_0075,UTT,2023-05-21,30.04136,78.88682,1579.5,33.5,124.1,0.828,-0.561,CONIFER_HIGH_FLAMMABILITY,0.341,-0.09,14.899999999999999,42.5,2.4025,152.0,-1.128,2.121,0.075,6.625000000000001,51.96,0,0,380.1,912.9,1
UTT_CELL_0133_0108,CELL_0133_0108,UTT,2023-05-21,30.59866,79.04689,1978.0,14.5,179.9,0.002,-1.0,CONIFER_HIGH_FLAMMABILITY,0.531,-0.09,14.899999999999999,42.5,2.4025,152.0,-1.128,2.121,0.075,6.625000000000001,51.96,0,0,377.1,20569.6,0
UTT_CELL_0062_0064,CELL_0062_0064,UTT,2023-05-21,30.2749,78.82467,1694.8,33.6,147.5,0.537,-0.843,CONIFER_HIGH_FLAMMABILITY,0.34,-0.09,14.899999999999999,42.5,2.4025,152.0,-1.128,2.121,0.075,6.625000000000001,51.96,2,2,380.1,748.0,0
UTT_CELL_0127_0039,CELL_0127_0039,UTT,2023-05-21,30.56572,78.6879,1814.6,11.2,176.6,0.059,-0.998,CONIFER_HIGH_FLAMMABILITY,0.565,-0.09,14.899999999999999,42.5,2.4025,152.0,-1.128,2.121,0.075,6.625000000000001,51.96,0,0,0.7,16588.5,0
UTT_CELL_0114_0050,CELL_0114_0050,UTT,2023-05-21,30.50811,78.74657,1803.5,30.3,170.8,0.16,-0.987,CONIFER_HIGH_FLAMMABILITY,0.373,-0.09,14.899999999999999,42.5,2.4025,152.0,-1.128,2.121,0.075,6.625000000000001,51.96,0,0,0.7,8163.7,0
UTT_CELL_0030_0012,CELL_0030_0012,UTT,2023-05-21,30.12587,78.55813,1498.8,19.5,132.6,0.736,-0.677,CONIFER_HIGH_FLAMMABILITY,0.481,-0.09,14.899999999999999,42.5,2.4025,152.0,-1.128,2.121,0.075,6.625000000000001,51.96,1,1,5.7,2178.0,0
UTT_CELL_0094_0141,CELL_0094_0141,UTT,2023-05-21,30.42525,79.22212,1944.0,27.0,162.5,0.301,-0.954,CONIFER_HIGH_FLAMMABILITY,0.406,-0.09,14.899999999999999,42.5,2.4025,152.0,-1.128,2.121,0.075,6.625000000000001,51.96,0,0,3.1,10506.2,0
UTT_CELL_0043_0006,CELL_0043_0006,UTT,2023-05-21,30.18389,78.52556,1520.6,16.1,138.4,0.664,-0.748,CONIFER_HIGH_FLAMMABILITY,0.515,-0.09,14.899999999999999,42.5,2.4025,152.0,-1.128,2.121,0.075,6.625000000000001,51.96,0,0,365.6,4346.3,0
UTT_CELL_0017_0026,CELL_0017_0026,UTT,2023-05-21,30.06859,78.63214,1494.0,33.4,126.9,0.8,-0.6,CONIFER_HIGH_FLAMMABILITY,0.343,-0.09,14.899999999999999,42.5,2.4025,152.0,-1.128,2.121,0.075,6.625000000000001,51.96,0,0,370.1,7723.4,0
UTT_CELL_0133_0131,CELL_0133_0131,UTT,2023-05-21,30.60041,79.16678,2027.0,15.2,180.0,0.0,-1.0,CONIFER_MODERATE_FLAMMABILITY,0.524,-0.09,14.899999999999999,42.5,2.4025,152.0,-1.128,2.121,0.075,6.625000000000001,51.96,0,0,377.1,20271.9,0
UTT_CELL_0017_0027,CELL_0017_0027,UTT,2023-05-21,30.06869,78.63732,1496.1,33.4,126.9,0.8,-0.6,CONIFER_HIGH_FLAMMABILITY,0.343,-0.09,14.899999999999999,42.5,2.4025,152.0,-1.128,2.121,0.075,6.625000000000001,51.96,0,0,370.1,7916.4,0
UTT_CELL_0036_0103,CELL_0036_0103,UTT,2023-05-21,30.16086,79.02962,1708.4,6.7,136.1,0.693,-0.721,CONIFER_HIGH_FLAMMABILITY,0.609,-0.09,14.899999999999999,42.5,2.4025,152.0,-1.128,2.121,0.075,6.625000000000001,51.96,0,0,384.7,4546.7,0
UTT_CELL_0036_0104,CELL_0036_0104,UTT,2023-05-21,30.16094,79.03481,1710.5,6.7,136.1,0.693,-0.721,CONIFER_HIGH_FLAMMABILITY,0.609,-0.09,14.899999999999999,42.5,2.4025,152.0,-1.128,2.121,0.075,6.625000000000001,51.96,0,0,384.7,5091.5,0
UTT_CELL_0069_0012,CELL_0069_0012,UTT,2023-05-21,30.30168,78.55379,1602.5,29.6,150.2,0.497,-0.868,CONIFER_HIGH_FLAMMABILITY,0.38,-0.09,14.899999999999999,42.5,2.4025,152.0,-1.128,2.121,0.075,6.625000000000001,51.96,0,0,383.7,1616.2,0
UTT_CELL_0082_0013,CELL_0082_0013,UTT,2023-05-21,30.36039,78.55753,1639.2,9.5,156.0,0.407,-0.914,CONIFER_HIGH_FLAMMABILITY,0.582,-0.09,14.899999999999999,42.5,2.4025,152.0,-1.128,2.121,0.075,6.625000000000001,51.96,0,0,380.7,4659.9,0
UTT_CELL_0036_0116,CELL_0036_0116,UTT,2023-05-21,30.16186,79.09709,1735.9,7.1,136.2,0.692,-0.722,CONIFER_HIGH_FLAMMABILITY,0.606,-0.09,14.899999999999999,42.5,2.4025,152.0,-1.128,2.121,0.075,6.625000000000001,51.96,0,0,363.7,10973.3,0
UTT_CELL_0010_0131,CELL_0010_0131,UTT,2023-05-21,30.04571,79.17709,1698.3,33.8,124.6,0.823,-0.568,CONIFER_HIGH_FLAMMABILITY,0.339,-0.09,14.899999999999999,42.5,2.4025,152.0,-1.128,2.121,0.075,6.625000000000001,51.96,0,0,380.1,9539.9,0
UTT_CELL_0108_0009,CELL_0108_0009,UTT,2023-05-21,30.4772,78.53379,1699.8,34.0,167.7,0.213,-0.977,CONIFER_HIGH_FLAMMABILITY,0.336,-0.09,14.899999999999999,42.5,2.4025,152.0,-1.128,2.121,0.075,6.625000000000001,51.96,0,0,383.7,2424.7,0
UTT_CELL_0017_0053,CELL_0017_0053,UTT,2023-05-21,30.07104,78.7721,1551.5,33.1,127.1,0.798,-0.603,CONIFER_HIGH_FLAMMABILITY,0.345,-0.09,14.899999999999999,42.5,2.4025,152.0,-1.128,2.121,0.075,6.625000000000001,51.96,0,0,384.7,3814.9,0
UTT_CELL_0004_0060,CELL_0004_0060,UTT,2023-05-21,30.01303,78.80968,1531.7,28.7,121.3,0.854,-0.52,CONIFER_HIGH_FLAMMABILITY,0.39,-0.09,14.899999999999999,42.5,2.4025,152.0,-1.128,2.121,0.075,6.625000000000001,51.96,0,1,384.7,1729.9,0
UTT_CELL_0036_0125,CELL_0036_0125,UTT,2023-05-21,30.16253,79.14379,1755.0,7.4,136.3,0.691,-0.723,CONIFER_HIGH_FLAMMABILITY,0.603,-0.09,14.899999999999999,42.5,2.4025,152.0,-1.128,2.121,0.075,6.625000000000001,51.96,0,0,377.2,10409.2,0
UTT_CELL_0030_0055,CELL_0030_0055,UTT,2023-05-21,30.12983,78.78116,1590.4,18.0,133.0,0.731,-0.682,CONIFER_HIGH_FLAMMABILITY,0.496,-0.09,14.899999999999999,42.5,2.4025,152.0,-1.128,2.121,0.075,6.625000000000001,51.96,0,0,384.7,2825.2,0
UTT_CELL_0127_0092,CELL_0127_0092,UTT,2023-05-21,30.57033,78.96405,1927.8,9.3,177.0,0.052,-0.999,CONIFER_HIGH_FLAMMABILITY,0.584,-0.09,14.899999999999999,42.5,2.4025,152.0,-1.128,2.121,0.075,6.625000000000001,51.96,0,0,377.1,23081.0,0
UTT_CELL_0069_0043,CELL_0069_0043,UTT,2023-05-21,30.3046,78.71485,1668.7,29.0,150.5,0.492,-0.87,CONIFER_HIGH_FLAMMABILITY,0.387,-0.09,14.899999999999999,42.5,2.4025,152.0,-1.128,2.121,0.075,6.625000000000001,51.96,0,2,383.2,2690.0,1
UTT_CELL_0082_0040,CELL_0082_0040,UTT,2023-05-21,30.36293,78.69789,1696.9,8.4,156.3,0.402,-0.916,CONIFER_HIGH_FLAMMABILITY,0.593,-0.09,14.899999999999999,42.5,2.4025,152.0,-1.128,2.121,0.075,6.625000000000001,51.96,0,0,384.2,2930.0,0
UTT_CELL_0004_0079,CELL_0004_0079,UTT,2023-05-21,30.01464,78.90812,1572.0,29.1,121.5,0.853,-0.522,CONIFER_HIGH_FLAMMABILITY,0.385,-0.09,14.899999999999999,42.5,2.4025,152.0,-1.128,2.121,0.075,6.625000000000001,51.96,0,0,380.1,2900.8,0
UTT_CELL_0004_0080,CELL_0004_0080,UTT,2023-05-21,30.01472,78.9133,1574.2,29.1,121.5,0.853,-0.522,CONIFER_HIGH_FLAMMABILITY,0.385,-0.09,14.899999999999999,42.5,2.4025,152.0,-1.128,2.121,0.075,6.625000000000001,51.96,0,0,380.1,3260.0,0
UTT_CELL_0075_0128,CELL_0075_0128,UTT,2023-05-21,30.33863,79.15608,1865.6,18.2,153.9,0.44,-0.898,CONIFER_HIGH_FLAMMABILITY,0.494,-0.09,14.899999999999999,42.5,2.4025,152.0,-1.128,2.121,0.075,6.625000000000001,51.96,0,0,384.7,7585.6,0
UTT_CELL_0069_0056,CELL_0069_0056,UTT,2023-05-21,30.30576,78.7824,1696.4,28.7,150.6,0.491,-0.871,CONIFER_HIGH_FLAMMABILITY,0.39,-0.09,14.899999999999999,42.5,2.4025,152.0,-1.128,2.121,0.075,6.625000000000001,51.96,0,0,380.1,5760.0,0
UTT_CELL_0049_0145,CELL_0049_0145,UTT,2023-05-21,30.22258,79.24656,1832.2,28.8,142.3,0.612,-0.791,CONIFER_HIGH_FLAMMABILITY,0.388,-0.09,14.899999999999999,42.5,2.4025,152.0,-1.128,2.121,0.075,6.625000000000001,51.96,0,0,365.6,3487.9,0
UTT_CELL_0036_0153,CELL_0036_0153,UTT,2023-05-21,30.1645,79.28912,1814.3,8.2,136.5,0.688,-0.725,CONIFER_HIGH_FLAMMABILITY,0.595,-0.09,14.899999999999999,42.5,2.4025,152.0,-1.128,2.121,0.075,6.625000000000001,51.96,0,1,384.7,3606.4,0
UTT_CELL_0017_0087,CELL_0017_0087,UTT,2023-05-21,30.07391,78.94836,1623.7,32.8,127.4,0.794,-0.607,CONIFER_HIGH_FLAMMABILITY,0.349,-0.09,14.899999999999999,42.5,2.4025,152.0,-1.128,2.121,0.075,6.625000000000001,51.96,0,0,384.7,5604.5,0
UTT_CELL_0004_0097,CELL_0004_0097,UTT,2023-05-21,30.01609,79.00139,1610.2,29.5,121.6,0.852,-0.524,CONIFER_HIGH_FLAMMABILITY,0.382,-0.09,14.899999999999999,42.5,2.4025,152.0,-1.128,2.121,0.075,6.625000000000001,51.96,0,0,384.7,2785.9,0
UTT_CELL_0037_0004,CELL_0037_0004,UTT,2023-05-21,30.15665,78.51586,1500.3,7.1,135.7,0.698,-0.716,CONIFER_HIGH_FLAMMABILITY,0.606,-0.09,14.899999999999999,42.5,2.4025,152.0,-1.128,2.121,0.075,6.625000000000001,51.96,0,0,364.1,2081.6,1
UTT_CELL_0037_0005,CELL_0037_0005,UTT,2023-05-21,30.15675,78.52105,1502.5,7.1,135.7,0.698,-0.716,CONIFER_HIGH_FLAMMABILITY,0.606,-0.09,14.899999999999999,42.5,2.4025,152.0,-1.128,2.121,0.075,6.625000000000001,51.96,0,0,364.1,2007.6,1
UTT_CELL_0062_0149,CELL_0062_0149,UTT,2023-05-21,30.28149,79.2663,1875.4,33.0,148.1,0.528,-0.849,CONIFER_HIGH_FLAMMABILITY,0.346,-0.09,14.899999999999999,42.5,2.4025,152.0,-1.128,2.121,0.075,6.625000000000001,51.96,0,0,379.2,2843.4,0
UTT_CELL_0043_0082,CELL_0043_0082,UTT,2023-05-21,30.19074,78.91998,1682.4,18.7,139.1,0.655,-0.756,CONIFER_HIGH_FLAMMABILITY,0.489,-0.09,14.899999999999999,42.5,2.4025,152.0,-1.128,2.121,0.075,6.625000000000001,51.96,0,0,7.1,4999.1,0
UTT_CELL_0004_0103,CELL_0004_0103,UTT,2023-05-21,30.01656,79.03248,1622.9,29.6,121.7,0.851,-0.525,CONIFER_HIGH_FLAMMABILITY,0.38,-0.09,14.899999999999999,42.5,2.4025,152.0,-1.128,2.121,0.075,6.625000000000001,51.96,0,0,384.7,938.7,0
UTT_CELL_0088_0146,CELL_0088_0146,UTT,2023-05-21,30.39854,79.24862,1938.6,18.1,159.9,0.344,-0.939,CONIFER_HIGH_FLAMMABILITY,0.495,-0.09,14.899999999999999,42.5,2.4025,152.0,-1.128,2.121,0.075,6.625000000000001,51.96,0,0,3.1,6363.7,0
UTT_CELL_0037_0025,CELL_0037_0025,UTT,2023-05-21,30.15867,78.6248,1545.1,6.3,135.9,0.696,-0.718,CONIFER_HIGH_FLAMMABILITY,0.613,-0.09,14.899999999999999,42.5,2.4025,152.0,-1.128,2.121,0.075,6.625000000000001,51.96,0,1,370.1,3147.3,0
UTT_CELL_0017_0115,CELL_0017_0115,UTT,2023-05-21,30.0761,79.09354,1683.1,32.6,127.6,0.792,-0.61,CONIFER_HIGH_FLAMMABILITY,0.35,-0.09,14.899999999999999,42.5,2.4025,152.0,-1.128,2.121,0.075,6.625000000000001,51.96,0,0,384.7,8530.1,0
UTT_CELL_0121_0069,CELL_0121_0069,UTT,2023-05-21,30.54135,78.8448,1862.7,20.7,174.1,0.103,-0.995,CONIFER_HIGH_FLAMMABILITY,0.47,-0.09,14.899999999999999,42.5,2.4025,152.0,-1.128,2.121,0.075,6.625000000000001,51.96,0,0,0.7,14789.0,0
UTT_CELL_0037_0030,CELL_0037_0030,UTT,2023-05-21,30.15913,78.65074,1555.8,6.1,135.9,0.696,-0.718,CONIFER_HIGH_FLAMMABILITY,0.615,-0.09,14.899999999999999,42.5,2.4025,152.0,-1.128,2.121,0.075,6.625000000000001,51.96,0,0,377.7,5116.8,1
UTT_CELL_0043_0116,CELL_0043_0116,UTT,2023-05-21,30.19343,79.09648,1754.6,19.7,139.3,0.652,-0.758,CONIFER_HIGH_FLAMMABILITY,0.48,-0.09,14.899999999999999,42.5,2.4025,152.0,-1.128,2.121,0.075,6.625000000000001,51.96,0,0,363.7,7639.6,0
UTT_CELL_0056_0111,CELL_0056_0111,UTT,2023-05-21,30.25167,79.06938,1778.8,33.5,145.2,0.571,-0.821,CONIFER_HIGH_FLAMMABILITY,0.341,-0.09,14.899999999999999,42.5,2.4025,152.0,-1.128,2.121,0.075,6.625000000000001,51.96,0,0,363.7,581.8,0
UTT_CELL_0076_0022,CELL_0076_0022,UTT,2023-05-21,30.3342,78.60497,1642.5,19.9,153.4,0.448,-0.894,CONIFER_HIGH_FLAMMABILITY,0.478,-0.09,14.899999999999999,42.5,2.4025,152.0,-1.128,2.121,0.075,6.625000000000001,51.96,0,0,383.7,5537.7,0
UTT_CELL_0108_0091,CELL_0108_0091,UTT,2023-05-21,30.48457,78.96063,1875.0,33.6,168.5,0.199,-0.98,CONIFER_HIGH_FLAMMABILITY,0.34,-0.09,14.899999999999999,42.5,2.4025,152.0,-1.128,2.121,0.075,6.625000000000001,51.96,0,0,4.2,16919.1,0
UTT_CELL_0011_0058,CELL_0011_0058,UTT,2023-05-21,30.04442,78.79862,1546.1,33.7,124.4,0.825,-0.565,CONIFER_HIGH_FLAMMABILITY,0.339,-0.09,14.899999999999999,42.5,2.4025,152.0,-1.128,2.121,0.075,6.625000000000001,51.96,0,0,381.7,1369.4,1
UTT_CELL_0011_0059,CELL_0011_0059,UTT,2023-05-21,30.04451,78.8038,1548.2,33.7,124.5,0.824,-0.566,CONIFER_HIGH_FLAMMABILITY,0.339,-0.09,14.899999999999999,42.5,2.4025,152.0,-1.128,2.121,0.075,6.625000000000001,51.96,0,0,381.7,1196.0,1
UTT_CELL_0076_0028,CELL_0076_0028,UTT,2023-05-21,30.33477,78.63616,1655.3,19.7,153.5,0.446,-0.895,CONIFER_HIGH_FLAMMABILITY,0.48,-0.09,14.899999999999999,42.5,2.4025,152.0,-1.128,2.121,0.075,6.625000000000001,51.96,2,2,0.5,4571.8,1
UTT_CELL_0121_0086,CELL_0121_0086,UTT,2023-05-21,30.54278,78.93336,1899.0,20.2,174.3,0.099,-0.995,CONIFER_HIGH_FLAMMABILITY,0.475,-0.09,14.899999999999999,42.5,2.4025,152.0,-1.128,2.121,0.075,6.625000000000001,51.96,0,0,0.7,22318.5,0
UTT_CELL_0063_0038,CELL_0063_0038,UTT,2023-05-21,30.27709,78.6895,1642.1,33.5,147.7,0.534,-0.845,CONIFER_HIGH_FLAMMABILITY,0.341,-0.09,14.899999999999999,42.5,2.4025,152.0,-1.128,2.121,0.075,6.625000000000001,51.96,2,5,383.7,1426.3,0
UTT_CELL_0030_0133,CELL_0030_0133,UTT,2023-05-21,30.13605,79.18581,1756.0,15.6,133.6,0.724,-0.69,CONIFER_HIGH_FLAMMABILITY,0.52,-0.09,14.899999999999999,42.5,2.4025,152.0,-1.128,2.121,0.075,6.625000000000001,51.96,0,0,377.2,10886.5,0
UTT_CELL_0024_0058,CELL_0024_0058,UTT,2023-05-21,30.10304,78.79732,1580.8,26.9,130.3,0.763,-0.647,CONIFER_HIGH_FLAMMABILITY,0.408,-0.09,14.899999999999999,42.5,2.4025,152.0,-1.128,2.121,0.075,6.625000000000001,51.96,0,0,384.7,1883.8,0
UTT_CELL_0011_0065,CELL_0011_0065,UTT,2023-05-21,30.04503,78.8349,1561.0,33.7,124.5,0.824,-0.566,CONIFER_HIGH_FLAMMABILITY,0.339,-0.09,14.899999999999999,42.5,2.4025,152.0,-1.128,2.121,0.075,6.625000000000001,51.96,0,0,381.7,2956.1,0
UTT_CELL_0121_0096,CELL_0121_0096,UTT,2023-05-21,30.5436,78.98545,1920.3,19.9,174.4,0.098,-0.995,CONIFER_HIGH_FLAMMABILITY,0.478,-0.09,14.899999999999999,42.5,2.4025,152.0,-1.128,2.121,0.075,6.625000000000001,51.96,0,0,377.1,19316.5,0
UTT_CELL_0030_0138,CELL_0030_0138,UTT,2023-05-21,30.1364,79.21175,1766.5,15.4,133.6,0.724,-0.69,CONIFER_HIGH_FLAMMABILITY,0.522,-0.09,14.899999999999999,42.5,2.4025,152.0,-1.128,2.121,0.075,6.625000000000001,51.96,0,0,377.2,10603.2,0
UTT_CELL_0115_0025,CELL_0115_0025,UTT,2023-05-21,30.5103,78.61629,1752.7,29.8,171.0,0.156,-0.988,CONIFER_HIGH_FLAMMABILITY,0.379,-0.09,14.899999999999999,42.5,2.4025,152.0,-1.128,2.121,0.075,6.625000000000001,51.96,0,0,383.7,10066.7,0
UTT_CELL_0076_0044,CELL_0076_0044,UTT,2023-05-21,30.33625,78.71931,1689.5,19.1,153.6,0.445,-0.896,CONIFER_HIGH_FLAMMABILITY,0.485,-0.09,14.899999999999999,42.5,2.4025,152.0,-1.128,2.121,0.075,6.625000000000001,51.96,0,0,384.2,265.0,0
UTT_CELL_0011_0075,CELL_0011_0075,UTT,2023-05-21,30.04587,78.88672,1582.2,33.8,124.6,0.823,-0.568,CONIFER_HIGH_FLAMMABILITY,0.339,-0.09,14.899999999999999,42.5,2.4025,152.0,-1.128,2.121,0.075,6.625000000000001,51.96,0,0,380.1,1302.6,1
UTT_CELL_0108_0109,CELL_0108_0109,UTT,2023-05-21,30.48601,79.05435,1913.3,33.5,168.6,0.198,-0.98,CONIFER_HIGH_FLAMMABILITY,0.341,-0.09,14.899999999999999,42.5,2.4025,152.0,-1.128,2.121,0.075,6.625000000000001,51.96,0,0,377.1,9372.7,0
UTT_CELL_0043_0141,CELL_0043_0141,UTT,2023-05-21,30.19524,79.22627,1807.7,20.4,139.5,0.649,-0.76,CONIFER_HIGH_FLAMMABILITY,0.473,-0.09,14.899999999999999,42.5,2.4025,152.0,-1.128,2.121,0.075,6.625000000000001,51.96,0,0,377.2,4588.3,0
UTT_CELL_0056_0138,CELL_0056_0138,UTT,2023-05-21,30.25366,79.20963,1836.1,33.7,145.4,0.568,-0.823,CONIFER_HIGH_FLAMMABILITY,0.339,-0.09,14.899999999999999,42.5,2.4025,152.0,-1.128,2.121,0.075,6.625000000000001,51.96,0,0,377.2,2443.3,0
UTT_CELL_0030_0154,CELL_0030_0154,UTT,2023-05-21,30.13751,79.29477,1800.4,15.0,133.8,0.722,-0.692,CONIFER_HIGH_FLAMMABILITY,0.526,-0.09,14.899999999999999,42.5,2.4025,152.0,-1.128,2.121,0.075,6.625000000000001,51.96,0,1,7.1,3540.5,0
UTT_CELL_0018_0003,CELL_0018_0003,UTT,2023-05-21,30.0709,78.51282,1447.7,33.2,127.1,0.798,-0.603,CONIFER_HIGH_FLAMMABILITY,0.344,-0.09,14.899999999999999,42.5,2.4025,152.0,-1.128,2.121,0.075,6.625000000000001,51.96,2,2,6.2,3866.9,0
UTT_CELL_0031_0005,CELL_0031_0005,UTT,2023-05-21,30.1297,78.52172,1486.5,18.0,133.0,0.731,-0.682,CONIFER_HIGH_FLAMMABILITY,0.496,-0.09,14.899999999999999,42.5,2.4025,152.0,-1.128,2.121,0.075,6.625000000000001,51.96,2,2,364.1,996.7,0
UTT_CELL_0082_0145,CELL_0082_0145,UTT,2023-05-21,30.37141,79.24391,1920.4,7.1,157.1,0.389,-0.921,CONIFER_HIGH_FLAMMABILITY,0.606,-0.09,14.899999999999999,42.5,2.4025,152.0,-1.128,2.121,0.075,6.625000000000001,51.96,0,0,3.1,5728.2,0
UTT_CELL_0037_0088,CELL_0037_0088,UTT,2023-05-21,30.16418,78.95169,1679.2,8.1,136.4,0.69,-0.724,CONIFER_HIGH_FLAMMABILITY,0.596,-0.09,14.899999999999999,42.5,2.4025,152.0,-1.128,2.121,0.075,6.625000000000001,51.96,0,0,380.1,1367.3,0
UTT_CELL_0005_0028,CELL_0005_0028,UTT,2023-05-21,30.01468,78.64379,1466.3,29.1,121.5,0.853,-0.522,CONIFER_HIGH_FLAMMABILITY,0.385,-0.09,14.899999999999999,42.5,2.4025,152.0,-1.128,2.121,0.075,6.625000000000001,51.96,0,0,384.2,6191.2,0
UTT_CELL_0031_0017,CELL_0031_0017,UTT,2023-05-21,30.13086,78.58396,1512.1,17.6,133.1,0.73,-0.683,CONIFER_HIGH_FLAMMABILITY,0.5,-0.09,14.899999999999999,42.5,2.4025,152.0,-1.128,2.121,0.075,6.625000000000001,51.96,1,2,5.7,777.5,0
UTT_CELL_0121_0136,CELL_0121_0136,UTT,2023-05-21,30.54666,79.19385,2005.5,18.7,174.7,0.092,-0.996,CONIFER_MODERATE_FLAMMABILITY,0.489,-0.09,14.899999999999999,42.5,2.4025,152.0,-1.128,2.121,0.075,6.625000000000001,51.96,0,0,377.1,16117.2,0
UTT_CELL_0089_0083,CELL_0089_0083,UTT,2023-05-21,30.39825,78.9208,1807.3,18.0,159.8,0.345,-0.938,CONIFER_HIGH_FLAMMABILITY,0.496,-0.09,14.899999999999999,42.5,2.4025,152.0,-1.128,2.121,0.075,6.625000000000001,51.96,0,0,4.2,7841.1,0
UTT_CELL_0057_0023,CELL_0057_0023,UTT,2023-05-21,30.24864,78.61225,1594.1,33.3,144.9,0.575,-0.818,CONIFER_HIGH_FLAMMABILITY,0.344,-0.09,14.899999999999999,42.5,2.4025,152.0,-1.128,2.121,0.075,6.625000000000001,51.96,0,1,379.2,1885.1,0
UTT_CELL_0063_0101,CELL_0063_0101,UTT,2023-05-21,30.28246,79.0168,1776.2,32.9,148.2,0.527,-0.85,CONIFER_HIGH_FLAMMABILITY,0.348,-0.09,14.899999999999999,42.5,2.4025,152.0,-1.128,2.121,0.075,6.625000000000001,51.96,0,0,7.7,5375.3,0
UTT_CELL_0083_0014,CELL_0083_0014,UTT,2023-05-21,30.36499,78.56261,1644.0,7.6,156.5,0.399,-0.917,CONIFER_HIGH_FLAMMABILITY,0.601,-0.09,14.899999999999999,42.5,2.4025,152.0,-1.128,2.121,0.075,6.625000000000001,51.96,0,0,380.7,5331.2,0
UTT_CELL_0037_0116,CELL_0037_0116,UTT,2023-05-21,30.16637,79.097,1738.6,9.0,136.6,0.687,-0.727,CONIFER_HIGH_FLAMMABILITY,0.587,-0.09,14.899999999999999,42.5,2.4025,152.0,-1.128,2.121,0.075,6.625000000000001,51.96,0,0,363.7,10490.2,0
UTT_CELL_0011_0129,CELL_0011_0129,UTT,2023-05-21,30.05007,79.16664,1696.7,33.9,125.0,0.819,-0.574,CONIFER_HIGH_FLAMMABILITY,0.338,-0.09,14.899999999999999,42.5,2.4025,152.0,-1.128,2.121,0.075,6.625000000000001,51.96,0,0,380.1,9994.7,0
UTT_CELL_0011_0131,CELL_0011_0131,UTT,2023-05-21,30.05022,79.177,1700.9,33.9,125.0,0.819,-0.574,CONIFER_HIGH_FLAMMABILITY,0.338,-0.09,14.899999999999999,42.5,2.4025,152.0,-1.128,2.121,0.075,6.625000000000001,51.96,0,0,380.1,10038.0,0
UTT_CELL_0057_0032,CELL_0057_0032,UTT,2023-05-21,30.24949,78.65898,1613.3,33.3,144.9,0.575,-0.818,CONIFER_HIGH_FLAMMABILITY,0.344,-0.09,14.899999999999999,42.5,2.4025,152.0,-1.128,2.121,0.075,6.625000000000001,51.96,0,2,384.7,856.8,0
UTT_CELL_0122_0007,CELL_0122_0007,UTT,2023-05-21,30.54011,78.52178,1732.8,21.1,174.0,0.105,-0.995,CONIFER_HIGH_FLAMMABILITY,0.465,-0.09,14.899999999999999,42.5,2.4025,152.0,-1.128,2.121,0.075,6.625000000000001,51.96,0,0,383.7,4727.3,0
UTT_CELL_0076_0108,CELL_0076_0108,UTT,2023-05-21,30.34163,79.05201,1825.8,17.1,154.2,0.435,-0.9,CONIFER_HIGH_FLAMMABILITY,0.505,-0.09,14.899999999999999,42.5,2.4025,152.0,-1.128,2.121,0.075,6.625000000000001,51.96,0,2,8.1,1911.3,0
UTT_CELL_0096_0021,CELL_0096_0021,UTT,2023-05-21,30.42427,78.59757,1693.6,26.7,162.4,0.302,-0.953,CONIFER_HIGH_FLAMMABILITY,0.409,-0.09,14.899999999999999,42.5,2.4025,152.0,-1.128,2.121,0.075,6.625000000000001,51.96,0,0,383.7,5954.4,0
UTT_CELL_0037_0128,CELL_0037_0128,UTT,2023-05-21,30.16726,79.15928,1764.1,9.3,136.7,0.686,-0.728,CONIFER_HIGH_FLAMMABILITY,0.584,-0.09,14.899999999999999,42.5,2.4025,152.0,-1.128,2.121,0.075,6.625000000000001,51.96,0,0,377.2,8910.2,0
UTT_CELL_0102_0100,CELL_0102_0100,UTT,2023-05-21,30.45825,79.00804,1878.2,33.3,165.8,0.245,-0.969,CONIFER_HIGH_FLAMMABILITY,0.344,-0.09,14.899999999999999,42.5,2.4025,152.0,-1.128,2.121,0.075,6.625000000000001,51.96,0,0,377.1,12247.7,0
UTT_CELL_0076_0114,CELL_0076_0114,UTT,2023-05-21,30.34209,79.08321,1838.5,16.9,154.2,0.435,-0.9,CONIFER_HIGH_FLAMMABILITY,0.508,-0.09,14.899999999999999,42.5,2.4025,152.0,-1.128,2.121,0.075,6.625000000000001,51.96,0,2,12.7,3682.5,0
UTT_CELL_0076_0119,CELL_0076_0119,UTT,2023-05-21,30.34247,79.1092,1849.2,16.7,154.2,0.435,-0.9,CONIFER_HIGH_FLAMMABILITY,0.51,-0.09,14.899999999999999,42.5,2.4025,152.0,-1.128,2.121,0.075,6.625000000000001,51.96,0,1,12.7,4272.1,0
UTT_CELL_0122_0020,CELL_0122_0020,UTT,2023-05-21,30.54138,78.58948,1760.6,20.7,174.1,0.103,-0.995,CONIFER_HIGH_FLAMMABILITY,0.47,-0.09,14.899999999999999,42.5,2.4025,152.0,-1.128,2.121,0.075,6.625000000000001,51.96,0,0,383.7,8505.3,0
UTT_CELL_0050_0136,CELL_0050_0136,UTT,2023-05-21,30.22646,79.19974,1815.8,29.7,142.6,0.607,-0.794,CONIFER_HIGH_FLAMMABILITY,0.38,-0.09,14.899999999999999,42.5,2.4025,152.0,-1.128,2.121,0.075,6.625000000000001,51.96,0,0,377.2,1000.5,0
UTT_CELL_0109_0034,CELL_0109_0034,UTT,2023-05-21,30.4841,78.6638,1756.0,33.6,168.4,0.201,-0.98,CONIFER_HIGH_FLAMMABILITY,0.34,-0.09,14.899999999999999,42.5,2.4025,152.0,-1.128,2.121,0.075,6.625000000000001,51.96,0,0,0.7,12195.8,0
UTT_CELL_0102_0120,CELL_0102_0120,UTT,2023-05-21,30.45979,79.11215,1920.7,33.4,166.0,0.242,-0.97,CONIFER_HIGH_FLAMMABILITY,0.343,-0.09,14.899999999999999,42.5,2.4025,152.0,-1.128,2.121,0.075,6.625000000000001,51.96,0,0,377.1,3783.9,0
UTT_CELL_0083_0059,CELL_0083_0059,UTT,2023-05-21,30.36915,78.79658,1740.1,6.2,156.9,0.392,-0.92,CONIFER_HIGH_FLAMMABILITY,0.615,-0.09,14.899999999999999,42.5,2.4025,152.0,-1.128,2.121,0.075,6.625000000000001,51.96,0,0,384.7,5779.2,0
UTT_CELL_0057_0075,CELL_0057_0075,UTT,2023-05-21,30.25329,78.8823,1704.9,33.6,145.3,0.569,-0.822,CONIFER_HIGH_FLAMMABILITY,0.34,-0.09,14.899999999999999,42.5,2.4025,152.0,-1.128,2.121,0.075,6.625000000000001,51.96,5,6,365.6,1905.1,0
UTT_CELL_0122_0046,CELL_0122_0046,UTT,2023-05-21,30.54382,78.7249,1816.2,19.8,174.4,0.098,-0.995,CONIFER_HIGH_FLAMMABILITY,0.478,-0.09,14.899999999999999,42.5,2.4025,152.0,-1.128,2.121,0.075,6.625000000000001,51.96,0,0,0.7,12645.4,0
UTT_CELL_0025_0011,CELL_0025_0011,UTT,2023-05-21,30.10323,78.55351,1483.3,26.9,130.3,0.763,-0.647,CONIFER_HIGH_FLAMMABILITY,0.408,-0.09,14.899999999999999,42.5,2.4025,152.0,-1.128,2.121,0.075,6.625000000000001,51.96,1,1,5.7,4066.7,0
UTT_CELL_0090_0001,CELL_0090_0001,UTT,2023-05-21,30.39527,78.49423,1634.9,16.9,159.5,0.35,-0.937,CONIFER_HIGH_FLAMMABILITY,0.508,-0.09,14.899999999999999,42.5,2.4025,152.0,-1.128,2.121,0.075,6.625000000000001,51.96,0,0,383.2,2518.8,0
UTT_CELL_0109_0072,CELL_0109_0072,UTT,2023-05-21,30.4875,78.86162,1837.1,33.4,168.7,0.196,-0.981,CONIFER_HIGH_FLAMMABILITY,0.343,-0.09,14.899999999999999,42.5,2.4025,152.0,-1.128,2.121,0.075,6.625000000000001,51.96,0,0,0.7,12353.8,0
UTT_CELL_0083_0086,CELL_0083_0086,UTT,2023-05-21,30.37144,78.93697,1797.7,7.1,157.1,0.389,-0.921,CONIFER_HIGH_FLAMMABILITY,0.606,-0.09,14.899999999999999,42.5,2.4025,152.0,-1.128,2.121,0.075,6.625000000000001,51.96,1,1,4.2,4444.2,0
UTT_CELL_0077_0019,CELL_0077_0019,UTT,2023-05-21,30.33842,78.58927,1638.8,18.3,153.8,0.442,-0.897,CONIFER_HIGH_FLAMMABILITY,0.493,-0.09,14.899999999999999,42.5,2.4025,152.0,-1.128,2.121,0.075,6.625000000000001,51.96,0,0,383.7,4821.5,0
UTT_CELL_0051_0035,CELL_0051_0035,UTT,2023-05-21,30.22271,78.6752,1603.7,28.8,142.3,0.612,-0.791,CONIFER_HIGH_FLAMMABILITY,0.388,-0.09,14.899999999999999,42.5,2.4025,152.0,-1.128,2.121,0.075,6.625000000000001,51.96,0,2,10.7,2048.5,0
UTT_CELL_0116_0005,CELL_0116_0005,UTT,2023-05-21,30.51286,78.51205,1712.5,29.2,171.3,0.151,-0.988,CONIFER_HIGH_FLAMMABILITY,0.385,-0.09,14.899999999999999,42.5,2.4025,152.0,-1.128,2.121,0.075,6.625000000000001,51.96,0,0,383.7,2316.2,0
UTT_CELL_0122_0084,CELL_0122_0084,UTT,2023-05-21,30.54713,78.92284,1897.4,18.6,174.7,0.092,-0.996,CONIFER_HIGH_FLAMMABILITY,0.49,-0.09,14.899999999999999,42.5,2.4025,152.0,-1.128,2.121,0.075,6.625000000000001,51.96,0,0,0.7,21607.7,0
UTT_CELL_0129_0005,CELL_0129_0005,UTT,2023-05-21,30.57146,78.51056,1747.1,8.8,177.1,0.051,-0.999,CONIFER_HIGH_FLAMMABILITY,0.589,-0.09,14.899999999999999,42.5,2.4025,152.0,-1.128,2.121,0.075,6.625000000000001,51.96,0,0,381.1,4322.7,0
UTT_CELL_0109_0095,CELL_0109_0095,UTT,2023-05-21,30.48941,78.98136,1886.2,33.2,168.9,0.193,-0.981,CONIFER_HIGH_FLAMMABILITY,0.344,-0.09,14.899999999999999,42.5,2.4025,152.0,-1.128,2.121,0.075,6.625000000000001,51.96,0,0,377.1,16279.5,0
UTT_CELL_0116_0014,CELL_0116_0014,UTT,2023-05-21,30.51375,78.55891,1731.8,29.0,171.4,0.15,-0.989,CONIFER_HIGH_FLAMMABILITY,0.387,-0.09,14.899999999999999,42.5,2.4025,152.0,-1.128,2.121,0.075,6.625000000000001,51.96,0,0,383.7,4013.5,0
UTT_CELL_0038_0051,CELL_0038_0051,UTT,2023-05-21,30.16555,78.75959,1603.2,8.6,136.6,0.687,-0.727,CONIFER_HIGH_FLAMMABILITY,0.591,-0.09,14.899999999999999,42.5,2.4025,152.0,-1.128,2.121,0.075,6.625000000000001,51.96,0,0,379.7,1348.9,0
UTT_CELL_0018_0157,CELL_0018_0157,UTT,2023-05-21,30.08359,79.31126,1774.7,31.4,128.4,0.784,-0.621,CONIFER_HIGH_FLAMMABILITY,0.362,-0.09,14.899999999999999,42.5,2.4025,152.0,-1.128,2.121,0.075,6.625000000000001,51.96,0,0,7.1,7384.6,0
UTT_CELL_0064_0061,CELL_0064_0061,UTT,2023-05-21,30.28365,78.80888,1693.7,32.8,148.4,0.524,-0.852,CONIFER_HIGH_FLAMMABILITY,0.349,-0.09,14.899999999999999,42.5,2.4025,152.0,-1.128,2.121,0.075,6.625000000000001,51.96,1,1,380.1,2134.4,0
UTT_CELL_0032_0004,CELL_0032_0004,UTT,2023-05-21,30.13411,78.51642,1487.0,16.3,133.4,0.727,-0.687,CONIFER_HIGH_FLAMMABILITY,0.513,-0.09,14.899999999999999,42.5,2.4025,152.0,-1.128,2.121,0.075,6.625000000000001,51.96,2,2,364.1,729.2,1
UTT_CELL_0135_0116,CELL_0135_0116,UTT,2023-05-21,30.6083,79.08841,2000.3,18.2,180.8,-0.014,-1.0,CONIFER_MODERATE_FLAMMABILITY,0.494,-0.09,14.899999999999999,42.5,2.4025,152.0,-1.128,2.121,0.075,6.625000000000001,51.96,0,0,377.1,20455.5,0
UTT_CELL_0083_0149,CELL_0083_0149,UTT,2023-05-21,30.3762,79.26463,1931.6,9.1,157.6,0.381,-0.925,CONIFER_HIGH_FLAMMABILITY,0.586,-0.09,14.899999999999999,42.5,2.4025,152.0,-1.128,2.121,0.075,6.625000000000001,51.96,1,1,3.1,3604.8,0
UTT_CELL_0109_0138,CELL_0109_0138,UTT,2023-05-21,30.49268,79.20527,1977.7,32.8,169.3,0.186,-0.983,CONIFER_HIGH_FLAMMABILITY,0.349,-0.09,14.899999999999999,42.5,2.4025,152.0,-1.128,2.121,0.075,6.625000000000001,51.96,0,0,377.1,12611.1,0
UTT_CELL_0032_0017,CELL_0032_0017,UTT,2023-05-21,30.13537,78.58385,1514.8,15.8,133.5,0.725,-0.688,CONIFER_HIGH_FLAMMABILITY,0.518,-0.09,14.899999999999999,42.5,2.4025,152.0,-1.128,2.121,0.075,6.625000000000001,51.96,1,2,5.7,882.8,0
UTT_CELL_0090_0070,CELL_0090_0070,UTT,2023-05-21,30.40166,78.85308,1782.2,19.3,160.2,0.339,-0.941,CONIFER_HIGH_FLAMMABILITY,0.483,-0.09,14.899999999999999,42.5,2.4025,152.0,-1.128,2.121,0.075,6.625000000000001,51.96,0,0,370.1,8609.1,0
UTT_CELL_0058_0009,CELL_0058_0009,UTT,2023-05-21,30.25181,78.53944,1566.9,33.5,145.2,0.571,-0.821,CONIFER_HIGH_FLAMMABILITY,0.341,-0.09,14.899999999999999,42.5,2.4025,152.0,-1.128,2.121,0.075,6.625000000000001,51.96,0,0,363.7,989.5,0
UTT_CELL_0038_0102,CELL_0038_0102,UTT,2023-05-21,30.1698,79.02425,1711.6,10.4,137.0,0.682,-0.731,CONIFER_HIGH_FLAMMABILITY,0.573,-0.09,14.899999999999999,42.5,2.4025,152.0,-1.128,2.121,0.075,6.625000000000001,51.96,0,0,384.7,4493.1,0
UTT_CELL_0097_0000,CELL_0097_0000,UTT,2023-05-21,30.42672,78.48822,1651.3,27.4,162.7,0.297,-0.955,CONIFER_HIGH_FLAMMABILITY,0.403,-0.09,14.899999999999999,42.5,2.4025,152.0,-1.128,2.121,0.075,6.625000000000001,51.96,0,0,384.7,1742.6,0
UTT_CELL_0122_0148,CELL_0122_0148,UTT,2023-05-21,30.55202,79.2563,2033.7,16.7,175.2,0.084,-0.996,CONIFER_MODERATE_FLAMMABILITY,0.51,-0.09,14.899999999999999,42.5,2.4025,152.0,-1.128,2.121,0.075,6.625000000000001,51.96,0,0,377.7,20462.3,0
UTT_CELL_0116_0073,CELL_0116_0073,UTT,2023-05-21,30.51915,78.86613,1857.9,27.7,171.9,0.141,-0.99,CONIFER_HIGH_FLAMMABILITY,0.4,-0.09,14.899999999999999,42.5,2.4025,152.0,-1.128,2.121,0.075,6.625000000000001,51.96,0,0,0.7,14699.8,0
UTT_CELL_0077_0092,CELL_0077_0092,UTT,2023-05-21,30.34487,78.96873,1794.4,15.8,154.5,0.431,-0.903,CONIFER_HIGH_FLAMMABILITY,0.518,-0.09,14.899999999999999,42.5,2.4025,152.0,-1.128,2.121,0.075,6.625000000000001,51.96,1,1,4.2,2739.7,0
UTT_CELL_0135_0152,CELL_0135_0152,UTT,2023-05-21,30.61092,79.2761,2077.0,19.2,181.1,-0.019,-1.0,CONIFER_MODERATE_FLAMMABILITY,0.484,-0.09,14.899999999999999,42.5,2.4025,152.0,-1.128,2.121,0.075,6.625000000000001,51.96,0,0,366.2,24248.3,0
UTT_CELL_0058_0032,CELL_0058_0032,UTT,2023-05-21,30.25399,78.65887,1615.9,33.7,145.4,0.568,-0.823,CONIFER_HIGH_FLAMMABILITY,0.339,-0.09,14.899999999999999,42.5,2.4025,152.0,-1.128,2.121,0.075,6.625000000000001,51.96,2,4,384.7,753.9,0
UTT_CELL_0090_0098,CELL_0090_0098,UTT,2023-05-21,30.40397,78.99873,1841.9,20.1,160.4,0.335,-0.942,CONIFER_HIGH_FLAMMABILITY,0.475,-0.09,14.899999999999999,42.5,2.4025,152.0,-1.128,2.121,0.075,6.625000000000001,51.96,0,0,4.2,9756.7,0
UTT_CELL_0012_0139,CELL_0012_0139,UTT,2023-05-21,30.05529,79.2184,1720.5,34.0,125.5,0.814,-0.581,CONIFER_HIGH_FLAMMABILITY,0.336,-0.09,14.899999999999999,42.5,2.4025,152.0,-1.128,2.121,0.075,6.625000000000001,51.96,0,0,380.1,11871.8,0
UTT_CELL_0038_0127,CELL_0038_0127,UTT,2023-05-21,30.17169,79.154,1764.6,11.2,137.2,0.679,-0.734,CONIFER_HIGH_FLAMMABILITY,0.565,-0.09,14.899999999999999,42.5,2.4025,152.0,-1.128,2.121,0.075,6.625000000000001,51.96,0,0,377.2,8894.9,0
UTT_CELL_0071_0045,CELL_0071_0045,UTT,2023-05-21,30.3138,78.72503,1678.3,26.5,151.4,0.479,-0.878,CONIFER_HIGH_FLAMMABILITY,0.411,-0.09,14.899999999999999,42.5,2.4025,152.0,-1.128,2.121,0.075,6.625000000000001,51.96,0,2,384.2,2334.8,0
UTT_CELL_0093_0157,CELL_0093_0157,UTT,2023-05-22,30.42185,79.30546,1975.3,26.0,162.2,0.306,-0.952,CONIFER_HIGH_FLAMMABILITY,0.401,-0.102,15.9,41.0,2.6725,314.75,1.898,-1.881,0.15,6.125,54.54,0,0,4.1,6415.2,0
UTT_CELL_0009_0124,CELL_0009_0124,UTT,2023-05-22,30.04069,79.14088,1680.8,33.4,124.1,0.828,-0.561,CONIFER_HIGH_FLAMMABILITY,0.328,-0.102,15.9,41.0,2.6725,314.75,1.898,-1.881,0.15,6.125,54.54,0,0,381.1,9501.1,0
UTT_CELL_0107_0001,CELL_0107_0001,UTT,2023-05-22,30.4719,78.49227,1680.0,34.0,167.2,0.222,-0.975,CONIFER_HIGH_FLAMMABILITY,0.321,-0.102,15.9,41.0,2.6725,314.75,1.898,-1.881,0.15,6.125,54.54,0,0,377.6,2816.6,0
UTT_CELL_0113_0076,CELL_0113_0076,UTT,2023-05-22,30.50587,78.88205,1856.3,30.8,170.6,0.163,-0.987,CONIFER_HIGH_FLAMMABILITY,0.353,-0.102,15.9,41.0,2.6725,314.75,1.898,-1.881,0.15,6.125,54.54,0,0,1.7,15324.9,0
UTT_CELL_0026_0001,CELL_0026_0001,UTT,2023-05-22,30.10676,78.50154,1464.7,25.8,130.7,0.758,-0.652,CONIFER_HIGH_FLAMMABILITY,0.403,-0.102,15.9,41.0,2.6725,314.75,1.898,-1.881,0.15,6.125,54.54,1,3,7.2,478.2,0
UTT_CELL_0090_0137,CELL_0090_0137,UTT,2023-05-22,30.40693,79.20164,1924.8,21.2,160.7,0.331,-0.944,CONIFER_HIGH_FLAMMABILITY,0.45,-0.102,15.9,41.0,2.6725,314.75,1.898,-1.881,0.15,6.125,54.54,0,0,376.1,8942.6,0
UTT_CELL_0000_0024,CELL_0000_0024,UTT,2023-05-22,29.99176,78.6236,1444.5,22.5,119.2,0.873,-0.488,CONIFER_HIGH_FLAMMABILITY,0.436,-0.102,15.9,41.0,2.6725,314.75,1.898,-1.881,0.15,6.125,54.54,0,0,385.2,7282.3,0
UTT_CELL_0042_0044,CELL_0042_0044,UTT,2023-05-22,30.18296,78.72286,1598.9,15.7,138.3,0.665,-0.747,CONIFER_HIGH_FLAMMABILITY,0.504,-0.102,15.9,41.0,2.6725,314.75,1.898,-1.881,0.15,6.125,54.54,0,0,381.1,324.7,0
UTT_CELL_0052_0002,CELL_0052_0002,UTT,2023-05-22,30.22407,78.50378,1536.0,29.1,142.4,0.61,-0.792,CONIFER_HIGH_FLAMMABILITY,0.37,-0.102,15.9,41.0,2.6725,314.75,1.898,-1.881,0.15,6.125,54.54,1,1,364.7,435.7,0
UTT_CELL_0058_0078,CELL_0058_0078,UTT,2023-05-22,30.25805,78.89778,1713.9,33.9,145.8,0.562,-0.827,CONIFER_HIGH_FLAMMABILITY,0.323,-0.102,15.9,41.0,2.6725,314.75,1.898,-1.881,0.15,6.125,54.54,1,2,366.6,1774.1,0
UTT_CELL_0113_0101,CELL_0113_0101,UTT,2023-05-22,30.50793,79.01224,1909.7,30.3,170.8,0.16,-0.987,CONIFER_HIGH_FLAMMABILITY,0.358,-0.102,15.9,41.0,2.6725,314.75,1.898,-1.881,0.15,6.125,54.54,0,0,378.1,14475.3,0
UTT_CELL_0045_0096,CELL_0045_0096,UTT,2023-05-22,30.20089,78.99247,1717.5,22.4,140.1,0.641,-0.767,CONIFER_HIGH_FLAMMABILITY,0.438,-0.102,15.9,41.0,2.6725,314.75,1.898,-1.881,0.15,6.125,54.54,0,0,370.7,5721.0,0
UTT_CELL_0022_0146,CELL_0022_0146,UTT,2023-05-22,30.10088,79.2539,1762.1,27.5,130.1,0.765,-0.644,CONIFER_HIGH_FLAMMABILITY,0.386,-0.102,15.9,41.0,2.6725,314.75,1.898,-1.881,0.15,6.125,54.54,0,0,8.1,9480.0,0
UTT_CELL_0129_0139,CELL_0129_0139,UTT,2023-05-22,30.58295,79.20882,2033.3,8.0,178.3,0.03,-1.0,CONIFER_MODERATE_FLAMMABILITY,0.582,-0.102,15.9,41.0,2.6725,314.75,1.898,-1.881,0.15,6.125,54.54,0,0,378.1,20409.5,0
UTT_CELL_0074_0127,CELL_0074_0127,UTT,2023-05-22,30.33404,79.15097,1860.8,19.9,153.4,0.448,-0.894,CONIFER_HIGH_FLAMMABILITY,0.463,-0.102,15.9,41.0,2.6725,314.75,1.898,-1.881,0.15,6.125,54.54,0,0,385.7,6826.0,0
UTT_CELL_0113_0110,CELL_0113_0110,UTT,2023-05-22,30.50863,79.05911,1928.8,30.2,170.9,0.158,-0.987,CONIFER_HIGH_FLAMMABILITY,0.359,-0.102,15.9,41.0,2.6725,314.75,1.898,-1.881,0.15,6.125,54.54,0,0,378.1,11004.7,0
UTT_CELL_0110_0072,CELL_0110_0072,UTT,2023-05-22,30.49201,78.86152,1839.8,32.9,169.2,0.187,-0.982,CONIFER_HIGH_FLAMMABILITY,0.333,-0.102,15.9,41.0,2.6725,314.75,1.898,-1.881,0.15,6.125,54.54,0,0,1.7,12582.0,0
UTT_CELL_0113_0113,CELL_0113_0113,UTT,2023-05-22,30.50886,79.07473,1935.2,30.1,170.9,0.158,-0.987,CONIFER_HIGH_FLAMMABILITY,0.36,-0.102,15.9,41.0,2.6725,314.75,1.898,-1.881,0.15,6.125,54.54,0,0,378.1,10181.0,0
UTT_CELL_0010_0004,CELL_0010_0004,UTT,2023-05-22,30.03493,78.5189,1428.5,32.8,123.5,0.834,-0.552,CONIFER_HIGH_FLAMMABILITY,0.334,-0.102,15.9,41.0,2.6725,314.75,1.898,-1.881,0.15,6.125,54.54,0,1,9.1,3373.3,0
UTT_CELL_0006_0128,CELL_0006_0128,UTT,2023-05-22,30.02745,79.16187,1681.2,31.7,122.7,0.842,-0.54,CONIFER_HIGH_FLAMMABILITY,0.344,-0.102,15.9,41.0,2.6725,314.75,1.898,-1.881,0.15,6.125,54.54,0,0,381.1,7528.1,0
UTT_CELL_0010_0011,CELL_0010_0011,UTT,2023-05-22,30.03561,78.55517,1443.4,32.9,123.6,0.833,-0.553,CONIFER_HIGH_FLAMMABILITY,0.333,-0.102,15.9,41.0,2.6725,314.75,1.898,-1.881,0.15,6.125,54.54,0,1,9.1,1506.7,0
UTT_CELL_0036_0002,CELL_0036_0002,UTT,2023-05-22,30.15194,78.5056,1493.4,9.1,135.2,0.705,-0.71,CONIFER_HIGH_FLAMMABILITY,0.571,-0.102,15.9,41.0,2.6725,314.75,1.898,-1.881,0.15,6.125,54.54,5,5,0.7,1204.6,1
UTT_CELL_0091_0016,CELL_0091_0016,UTT,2023-05-22,30.40125,78.57212,1669.6,19.1,160.1,0.34,-0.94,CONIFER_HIGH_FLAMMABILITY,0.47,-0.102,15.9,41.0,2.6725,314.75,1.898,-1.881,0.15,6.125,54.54,0,0,384.7,5518.1,0
UTT_CELL_0071_0109,CELL_0071_0109,UTT,2023-05-22,30.31916,79.05765,1814.6,25.0,151.9,0.471,-0.882,CONIFER_HIGH_FLAMMABILITY,0.411,-0.102,15.9,41.0,2.6725,314.75,1.898,-1.881,0.15,6.125,54.54,0,3,9.1,1938.9,0
UTT_CELL_0036_0011,CELL_0036_0011,UTT,2023-05-22,30.15282,78.55228,1512.6,8.7,135.3,0.703,-0.711,CONIFER_HIGH_FLAMMABILITY,0.575,-0.102,15.9,41.0,2.6725,314.75,1.898,-1.881,0.15,6.125,54.54,6,6,0.5,3502.5,1
UTT_CELL_0068_0078,CELL_0068_0078,UTT,2023-05-22,30.30314,78.89682,1740.6,29.3,150.3,0.495,-0.869,CONIFER_HIGH_FLAMMABILITY,0.368,-0.102,15.9,41.0,2.6725,314.75,1.898,-1.881,0.15,6.125,54.54,0,0,381.7,5465.1,0
UTT_CELL_0052_0051,CELL_0052_0051,UTT,2023-05-22,30.22867,78.75816,1640.5,30.2,142.9,0.603,-0.798,CONIFER_HIGH_FLAMMABILITY,0.359,-0.102,15.9,41.0,2.6725,314.75,1.898,-1.881,0.15,6.125,54.54,6,6,0.5,311.5,1
UTT_CELL_0023_0029,CELL_0023_0029,UTT,2023-05-22,30.09592,78.64705,1516.4,28.8,129.6,0.771,-0.637,CONIFER_HIGH_FLAMMABILITY,0.373,-0.102,15.9,41.0,2.6725,314.75,1.898,-1.881,0.15,6.125,54.54,0,0,371.1,5945.6,0
UTT_CELL_0029_0107,CELL_0029_0107,UTT,2023-05-22,30.1296,79.051,1698.2,18.1,133.0,0.731,-0.682,CONIFER_HIGH_FLAMMABILITY,0.48,-0.102,15.9,41.0,2.6725,314.75,1.898,-1.881,0.15,6.125,54.54,0,0,385.7,6868.7,0
UTT_CELL_0062_0015,CELL_0062_0015,UTT,2023-05-22,30.27042,78.57015,1590.3,33.9,147.0,0.545,-0.839,CONIFER_HIGH_FLAMMABILITY,0.323,-0.102,15.9,41.0,2.6725,314.75,1.898,-1.881,0.15,6.125,54.54,1,1,0.7,1497.1,0
UTT_CELL_0071_0135,CELL_0071_0135,UTT,2023-05-22,30.3211,79.19281,1869.8,24.3,152.1,0.468,-0.884,CONIFER_HIGH_FLAMMABILITY,0.418,-0.102,15.9,41.0,2.6725,314.75,1.898,-1.881,0.15,6.125,54.54,0,0,378.2,10035.1,0
UTT_CELL_0068_0097,CELL_0068_0097,UTT,2023-05-22,30.30469,78.99556,1781.0,28.9,150.5,0.492,-0.87,CONIFER_HIGH_FLAMMABILITY,0.372,-0.102,15.9,41.0,2.6725,314.75,1.898,-1.881,0.15,6.125,54.54,0,0,8.7,5453.5,0
UTT_CELL_0052_0069,CELL_0052_0069,UTT,2023-05-22,30.23024,78.85162,1678.8,30.5,143.0,0.602,-0.799,CONIFER_HIGH_FLAMMABILITY,0.356,-0.102,15.9,41.0,2.6725,314.75,1.898,-1.881,0.15,6.125,54.54,5,8,5.2,453.5,0
UTT_CELL_0033_0004,CELL_0033_0004,UTT,2023-05-22,30.13862,78.51631,1489.7,14.5,133.9,0.721,-0.693,CONIFER_HIGH_FLAMMABILITY,0.516,-0.102,15.9,41.0,2.6725,314.75,1.898,-1.881,0.15,6.125,54.54,5,7,0.5,332.1,0
UTT_CELL_0062_0032,CELL_0062_0032,UTT,2023-05-22,30.27203,78.65845,1626.6,33.8,147.2,0.542,-0.841,CONIFER_HIGH_FLAMMABILITY,0.324,-0.102,15.9,41.0,2.6725,314.75,1.898,-1.881,0.15,6.125,54.54,4,6,384.7,2137.5,0
UTT_CELL_0026_0088,CELL_0026_0088,UTT,2023-05-22,30.11458,78.95271,1649.8,23.4,131.5,0.749,-0.663,CONIFER_HIGH_FLAMMABILITY,0.427,-0.102,15.9,41.0,2.6725,314.75,1.898,-1.881,0.15,6.125,54.54,0,0,380.7,1138.5,0
UTT_CELL_0068_0111,CELL_0068_0111,UTT,2023-05-22,30.30579,79.06832,1810.8,28.7,150.6,0.491,-0.871,CONIFER_HIGH_FLAMMABILITY,0.374,-0.102,15.9,41.0,2.6725,314.75,1.898,-1.881,0.15,6.125,54.54,0,3,13.7,2371.8,0
UTT_CELL_0078_0069,CELL_0078_0069,UTT,2023-05-22,30.34747,78.84907,1748.1,14.8,154.7,0.427,-0.904,CONIFER_HIGH_FLAMMABILITY,0.513,-0.102,15.9,41.0,2.6725,314.75,1.898,-1.881,0.15,6.125,54.54,0,0,371.1,2846.7,0
UTT_CELL_0097_0140,CELL_0097_0140,UTT,2023-05-22,30.43871,79.21667,1949.9,30.3,163.9,0.277,-0.961,CONIFER_HIGH_FLAMMABILITY,0.358,-0.102,15.9,41.0,2.6725,314.75,1.898,-1.881,0.15,6.125,54.54,0,0,376.1,10895.9,0
UTT_CELL_0084_0148,CELL_0084_0148,UTT,2023-05-22,30.38064,79.25935,1932.1,11.0,158.1,0.373,-0.928,CONIFER_HIGH_FLAMMABILITY,0.551,-0.102,15.9,41.0,2.6725,314.75,1.898,-1.881,0.15,6.125,54.54,1,1,4.1,4333.1,0
UTT_CELL_0075_0035,CELL_0075_0035,UTT,2023-05-22,30.33092,78.67264,1667.6,21.0,153.1,0.452,-0.892,CONIFER_HIGH_FLAMMABILITY,0.452,-0.102,15.9,41.0,2.6725,314.75,1.898,-1.881,0.15,6.125,54.54,4,4,385.2,2524.4,0
UTT_CELL_0110_0142,CELL_0110_0142,UTT,2023-05-22,30.49748,79.22602,1988.9,32.2,169.7,0.179,-0.984,CONIFER_HIGH_FLAMMABILITY,0.339,-0.102,15.9,41.0,2.6725,314.75,1.898,-1.881,0.15,6.125,54.54,0,0,376.1,14794.5,0
UTT_CELL_0130_0059,CELL_0130_0059,UTT,2023-05-22,30.58105,78.7918,1865.3,7.2,178.1,0.033,-0.999,CONIFER_HIGH_FLAMMABILITY,0.589,-0.102,15.9,41.0,2.6725,314.75,1.898,-1.881,0.15,6.125,54.54,0,0,1.7,16379.8,0
UTT_CELL_0123_0141,CELL_0123_0141,UTT,2023-05-22,30.55604,79.21974,2021.5,15.1,175.6,0.077,-0.997,CONIFER_MODERATE_FLAMMABILITY,0.51,-0.102,15.9,41.0,2.6725,314.75,1.898,-1.881,0.15,6.125,54.54,0,0,378.1,18663.5,0
UTT_CELL_0000_0125,CELL_0000_0125,UTT,2023-05-22,30.00017,79.14682,1658.8,25.2,120.0,0.866,-0.5,CONIFER_HIGH_FLAMMABILITY,0.409,-0.102,15.9,41.0,2.6725,314.75,1.898,-1.881,0.15,6.125,54.54,0,0,381.1,5122.5,0
UTT_CELL_0133_0111,CELL_0133_0111,UTT,2023-05-22,30.5989,79.06252,1984.3,14.6,179.9,0.002,-1.0,CONIFER_HIGH_FLAMMABILITY,0.515,-0.102,15.9,41.0,2.6725,314.75,1.898,-1.881,0.15,6.125,54.54,0,0,378.1,20036.4,0
UTT_CELL_0075_0062,CELL_0075_0062,UTT,2023-05-22,30.33334,78.81298,1725.2,20.2,153.3,0.449,-0.893,CONIFER_HIGH_FLAMMABILITY,0.46,-0.102,15.9,41.0,2.6725,314.75,1.898,-1.881,0.15,6.125,54.54,0,0,371.1,2511.5,0
UTT_CELL_0132_0135,CELL_0132_0135,UTT,2023-05-22,30.59619,79.18772,2032.8,13.5,179.6,0.007,-1.0,CONIFER_MODERATE_FLAMMABILITY,0.526,-0.102,15.9,41.0,2.6725,314.75,1.898,-1.881,0.15,6.125,54.54,0,0,378.1,20637.7,0
UTT_CELL_0043_0002,CELL_0043_0002,UTT,2023-05-22,30.1835,78.5048,1512.0,15.9,138.3,0.665,-0.747,CONIFER_HIGH_FLAMMABILITY,0.502,-0.102,15.9,41.0,2.6725,314.75,1.898,-1.881,0.15,6.125,54.54,5,5,0.5,3322.1,0
UTT_CELL_0091_0099,CELL_0091_0099,UTT,2023-05-22,30.40856,79.00385,1846.7,21.8,160.9,0.327,-0.945,CONIFER_HIGH_FLAMMABILITY,0.444,-0.102,15.9,41.0,2.6725,314.75,1.898,-1.881,0.15,6.125,54.54,0,0,9.1,9964.7,0
UTT_CELL_0059_0036,CELL_0059_0036,UTT,2023-05-22,30.25887,78.67954,1627.1,33.9,145.9,0.561,-0.828,CONIFER_HIGH_FLAMMABILITY,0.323,-0.102,15.9,41.0,2.6725,314.75,1.898,-1.881,0.15,6.125,54.54,1,5,385.7,1658.7,0
UTT_CELL_0007_0065,CELL_0007_0065,UTT,2023-05-22,30.02699,78.83529,1550.3,31.6,122.7,0.842,-0.54,CONIFER_HIGH_FLAMMABILITY,0.345,-0.102,15.9,41.0,2.6725,314.75,1.898,-1.881,0.15,6.125,54.54,2,3,382.7,2794.3,0
UTT_CELL_0062_0081,CELL_0062_0081,UTT,2023-05-22,30.27633,78.91298,1731.0,33.5,147.6,0.536,-0.844,CONIFER_HIGH_FLAMMABILITY,0.326,-0.102,15.9,41.0,2.6725,314.75,1.898,-1.881,0.15,6.125,54.54,0,1,366.6,4256.6,0
UTT_CELL_0078_0119,CELL_0078_0119,UTT,2023-05-22,30.35149,79.10903,1854.5,13.2,155.1,0.421,-0.907,CONIFER_HIGH_FLAMMABILITY,0.529,-0.102,15.9,41.0,2.6725,314.75,1.898,-1.881,0.15,6.125,54.54,0,0,13.7,5147.7,0
UTT_CELL_0026_0145,CELL_0026_0145,UTT,2023-05-22,30.11885,79.24839,1770.7,22.0,131.9,0.744,-0.668,CONIFER_HIGH_FLAMMABILITY,0.442,-0.102,15.9,41.0,2.6725,314.75,1.898,-1.881,0.15,6.125,54.54,0,0,8.1,9089.2,0
UTT_CELL_0094_0155,CELL_0094_0155,UTT,2023-05-22,30.42622,79.29498,1973.7,27.3,162.6,0.299,-0.954,CONIFER_HIGH_FLAMMABILITY,0.388,-0.102,15.9,41.0,2.6725,314.75,1.898,-1.881,0.15,6.125,54.54,0,0,4.1,6796.9,0
UTT_CELL_0059_0054,CELL_0059_0054,UTT,2023-05-22,30.2605,78.77303,1665.5,34.0,146.0,0.559,-0.829,CONIFER_HIGH_FLAMMABILITY,0.321,-0.102,15.9,41.0,2.6725,314.75,1.898,-1.881,0.15,6.125,54.54,6,6,0.7,3131.7,1
UTT_CELL_0082_0009,CELL_0082_0009,UTT,2023-05-22,30.36,78.53673,1630.7,9.7,156.0,0.407,-0.914,CONIFER_HIGH_FLAMMABILITY,0.565,-0.102,15.9,41.0,2.6725,314.75,1.898,-1.881,0.15,6.125,54.54,0,0,381.7,2430.7,0
UTT_CELL_0056_0026,CELL_0056_0026,UTT,2023-05-22,30.24442,78.62793,1597.8,32.8,144.4,0.582,-0.813,CONIFER_HIGH_FLAMMABILITY,0.334,-0.102,15.9,41.0,2.6725,314.75,1.898,-1.881,0.15,6.125,54.54,0,2,380.2,496.6,0
UTT_CELL_0056_0030,CELL_0056_0030,UTT,2023-05-22,30.24479,78.6487,1606.4,32.8,144.5,0.581,-0.814,CONIFER_HIGH_FLAMMABILITY,0.334,-0.102,15.9,41.0,2.6725,314.75,1.898,-1.881,0.15,6.125,54.54,0,2,8.7,669.8,1
UTT_CELL_0059_0070,CELL_0059_0070,UTT,2023-05-22,30.26188,78.85613,1699.6,34.0,146.2,0.556,-0.831,CONIFER_HIGH_FLAMMABILITY,0.321,-0.102,15.9,41.0,2.6725,314.75,1.898,-1.881,0.15,6.125,54.54,6,6,381.7,2023.6,0
UTT_CELL_0036_0121,CELL_0036_0121,UTT,2023-05-22,30.16223,79.12303,1746.6,7.2,136.2,0.692,-0.722,CONIFER_HIGH_FLAMMABILITY,0.589,-0.102,15.9,41.0,2.6725,314.75,1.898,-1.881,0.15,6.125,54.54,0,0,364.7,12052.0,0
UTT_CELL_0095_0017,CELL_0095_0017,UTT,2023-05-22,30.41938,78.57688,1682.4,25.3,161.9,0.311,-0.951,CONIFER_HIGH_FLAMMABILITY,0.408,-0.102,15.9,41.0,2.6725,314.75,1.898,-1.881,0.15,6.125,54.54,0,0,384.7,4265.6,0
UTT_CELL_0023_0131,CELL_0023_0131,UTT,2023-05-22,30.10433,79.17601,1733.0,26.6,130.4,0.762,-0.648,CONIFER_HIGH_FLAMMABILITY,0.395,-0.102,15.9,41.0,2.6725,314.75,1.898,-1.881,0.15,6.125,54.54,0,0,378.2,14561.5,0
UTT_CELL_0030_0053,CELL_0030_0053,UTT,2023-05-22,30.12965,78.77078,1586.1,18.0,133.0,0.731,-0.682,CONIFER_HIGH_FLAMMABILITY,0.481,-0.102,15.9,41.0,2.6725,314.75,1.898,-1.881,0.15,6.125,54.54,0,0,385.7,3000.8,0
UTT_CELL_0040_0010,CELL_0040_0010,UTT,2023-05-22,30.17076,78.54665,1521.1,10.8,137.1,0.681,-0.733,CONIFER_HIGH_FLAMMABILITY,0.553,-0.102,15.9,41.0,2.6725,314.75,1.898,-1.881,0.15,6.125,54.54,5,5,0.5,3288.2,0
UTT_CELL_0017_0061,CELL_0017_0061,UTT,2023-05-22,30.07174,78.81357,1568.5,33.1,127.2,0.797,-0.605,CONIFER_HIGH_FLAMMABILITY,0.33,-0.102,15.9,41.0,2.6725,314.75,1.898,-1.881,0.15,6.125,54.54,2,2,0.7,3074.8,0
UTT_CELL_0124_0051,CELL_0124_0051,UTT,2023-05-22,30.55329,78.75073,1832.3,16.2,175.3,0.082,-0.997,CONIFER_HIGH_FLAMMABILITY,0.499,-0.102,15.9,41.0,2.6725,314.75,1.898,-1.881,0.15,6.125,54.54,0,0,1.7,13046.1,0
UTT_CELL_0091_0147,CELL_0091_0147,UTT,2023-05-22,30.41214,79.25359,1948.7,23.0,161.2,0.322,-0.947,CONIFER_HIGH_FLAMMABILITY,0.431,-0.102,15.9,41.0,2.6725,314.75,1.898,-1.881,0.15,6.125,54.54,0,0,4.1,6974.2,0
UTT_CELL_0127_0092,CELL_0127_0092,UTT,2023-05-22,30.57033,78.96405,1927.8,9.3,177.0,0.052,-0.999,CONIFER_HIGH_FLAMMABILITY,0.569,-0.102,15.9,41.0,2.6725,314.75,1.898,-1.881,0.15,6.125,54.54,0,0,378.1,23081.0,0
UTT_CELL_0114_0099,CELL_0114_0099,UTT,2023-05-22,30.51228,79.00173,1908.1,29.4,171.2,0.153,-0.988,CONIFER_HIGH_FLAMMABILITY,0.367,-0.102,15.9,41.0,2.6725,314.75,1.898,-1.881,0.15,6.125,54.54,0,0,378.1,15689.3,0
UTT_CELL_0049_0130,CELL_0049_0130,UTT,2023-05-22,30.22152,79.16866,1800.4,28.5,142.2,0.613,-0.79,CONIFER_HIGH_FLAMMABILITY,0.377,-0.102,15.9,41.0,2.6725,314.75,1.898,-1.881,0.15,6.125,54.54,0,0,378.2,4405.5,0
UTT_CELL_0114_0101,CELL_0114_0101,UTT,2023-05-22,30.51243,79.01215,1912.3,29.3,171.2,0.153,-0.988,CONIFER_HIGH_FLAMMABILITY,0.368,-0.102,15.9,41.0,2.6725,314.75,1.898,-1.881,0.15,6.125,54.54,0,0,378.1,14803.6,0
UTT_CELL_0049_0134,CELL_0049_0134,UTT,2023-05-22,30.22181,79.18943,1808.9,28.6,142.2,0.613,-0.79,CONIFER_HIGH_FLAMMABILITY,0.375,-0.102,15.9,41.0,2.6725,314.75,1.898,-1.881,0.15,6.125,54.54,0,0,378.2,2243.1,0
UTT_CELL_0130_0140,CELL_0130_0140,UTT,2023-05-22,30.58753,79.21395,2038.1,9.9,178.8,0.021,-1.0,CONIFER_MODERATE_FLAMMABILITY,0.562,-0.102,15.9,41.0,2.6725,314.75,1.898,-1.881,0.15,6.125,54.54,0,0,378.1,21140.8,0
UTT_CELL_0023_0151,CELL_0023_0151,UTT,2023-05-22,30.10573,79.27975,1775.3,26.2,130.6,0.759,-0.651,CONIFER_HIGH_FLAMMABILITY,0.399,-0.102,15.9,41.0,2.6725,314.75,1.898,-1.881,0.15,6.125,54.54,0,0,8.1,6900.1,0
UTT_CELL_0017_0076,CELL_0017_0076,UTT,2023-05-22,30.07301,78.89133,1600.3,32.9,127.3,0.795,-0.606,CONIFER_HIGH_FLAMMABILITY,0.333,-0.102,15.9,41.0,2.6725,314.75,1.898,-1.881,0.15,6.125,54.54,3,3,0.5,3078.1,0
UTT_CELL_0020_0116,CELL_0020_0116,UTT,2023-05-22,30.0897,79.09847,1693.2,30.2,129.0,0.777,-0.629,CONIFER_HIGH_FLAMMABILITY,0.359,-0.102,15.9,41.0,2.6725,314.75,1.898,-1.881,0.15,6.125,54.54,0,0,385.7,9996.4,0
UTT_CELL_0053_0024,CELL_0053_0024,UTT,2023-05-22,30.2307,78.61787,1585.6,30.6,143.1,0.6,-0.8,CONIFER_HIGH_FLAMMABILITY,0.355,-0.102,15.9,41.0,2.6725,314.75,1.898,-1.881,0.15,6.125,54.54,0,1,380.2,2362.0,0
UTT_CELL_0062_0139,CELL_0062_0139,UTT,2023-05-22,30.28079,79.21434,1854.2,33.1,148.1,0.528,-0.849,CONIFER_HIGH_FLAMMABILITY,0.33,-0.102,15.9,41.0,2.6725,314.75,1.898,-1.881,0.15,6.125,54.54,0,0,378.2,5497.9,0
UTT_CELL_0017_0083,CELL_0017_0083,UTT,2023-05-22,30.07359,78.92763,1615.2,32.9,127.4,0.794,-0.607,CONIFER_HIGH_FLAMMABILITY,0.333,-0.102,15.9,41.0,2.6725,314.75,1.898,-1.881,0.15,6.125,54.54,0,0,385.7,3931.3,0
UTT_CELL_0072_0098,CELL_0072_0098,UTT,2023-05-22,30.32281,79.00039,1793.8,23.8,152.3,0.465,-0.885,CONIFER_HIGH_FLAMMABILITY,0.423,-0.102,15.9,41.0,2.6725,314.75,1.898,-1.881,0.15,6.125,54.54,0,2,8.7,4447.6,0
UTT_CELL_0079_0020,CELL_0079_0020,UTT,2023-05-22,30.34754,78.59425,1646.2,14.8,154.8,0.426,-0.905,CONIFER_HIGH_FLAMMABILITY,0.513,-0.102,15.9,41.0,2.6725,314.75,1.898,-1.881,0.15,6.125,54.54,1,1,0.7,4810.4,0
UTT_CELL_0004_0095,CELL_0004_0095,UTT,2023-05-22,30.01593,78.99102,1606.0,29.4,121.6,0.852,-0.524,CONIFER_HIGH_FLAMMABILITY,0.367,-0.102,15.9,41.0,2.6725,314.75,1.898,-1.881,0.15,6.125,54.54,0,0,385.7,3523.5,0
UTT_CELL_0049_0153,CELL_0049_0153,UTT,2023-05-22,30.22313,79.2881,1849.1,28.9,142.3,0.612,-0.791,CONIFER_HIGH_FLAMMABILITY,0.372,-0.102,15.9,41.0,2.6725,314.75,1.898,-1.881,0.15,6.125,54.54,0,0,366.6,1817.3,0
UTT_CELL_0085_0104,CELL_0085_0104,UTT,2023-05-22,30.3819,79.0304,1841.3,11.5,158.2,0.371,-0.928,CONIFER_HIGH_FLAMMABILITY,0.546,-0.102,15.9,41.0,2.6725,314.75,1.898,-1.881,0.15,6.125,54.54,0,0,9.1,6188.3,0
UTT_CELL_0017_0101,CELL_0017_0101,UTT,2023-05-22,30.07502,79.02095,1653.4,32.7,127.5,0.793,-0.609,CONIFER_HIGH_FLAMMABILITY,0.334,-0.102,15.9,41.0,2.6725,314.75,1.898,-1.881,0.15,6.125,54.54,0,0,385.7,6101.4,0
UTT_CELL_0046_0132,CELL_0046_0132,UTT,2023-05-22,30.20813,79.17929,1796.6,24.7,140.8,0.632,-0.775,CONIFER_HIGH_FLAMMABILITY,0.414,-0.102,15.9,41.0,2.6725,314.75,1.898,-1.881,0.15,6.125,54.54,0,0,378.2,4044.4,0
UTT_CELL_0056_0090,CELL_0056_0090,UTT,2023-05-22,30.25002,78.9603,1734.1,33.4,145.0,0.574,-0.819,CONIFER_HIGH_FLAMMABILITY,0.328,-0.102,15.9,41.0,2.6725,314.75,1.898,-1.881,0.15,6.125,54.54,0,0,370.7,2487.4,0
UTT_CELL_0098_0112,CELL_0098_0112,UTT,2023-05-22,30.44115,79.07086,1893.0,30.8,164.1,0.274,-0.962,CONIFER_HIGH_FLAMMABILITY,0.353,-0.102,15.9,41.0,2.6725,314.75,1.898,-1.881,0.15,6.125,54.54,0,0,378.1,5031.0,0
UTT_CELL_0088_0157,CELL_0088_0157,UTT,2023-05-22,30.3993,79.30585,1961.9,18.4,159.9,0.344,-0.939,CONIFER_HIGH_FLAMMABILITY,0.477,-0.102,15.9,41.0,2.6725,314.75,1.898,-1.881,0.15,6.125,54.54,1,1,4.1,3990.7,0
UTT_CELL_0121_0065,CELL_0121_0065,UTT,2023-05-22,30.541,78.82397,1854.2,20.8,174.1,0.103,-0.995,CONIFER_HIGH_FLAMMABILITY,0.453,-0.102,15.9,41.0,2.6725,314.75,1.898,-1.881,0.15,6.125,54.54,0,0,1.7,13455.2,0
UTT_CELL_0134_0064,CELL_0134_0064,UTT,2023-05-22,30.59952,78.81745,1886.7,14.8,180.0,0.0,-1.0,CONIFER_HIGH_FLAMMABILITY,0.513,-0.102,15.9,41.0,2.6725,314.75,1.898,-1.881,0.15,6.125,54.54,0,0,1.7,19100.5,0
UTT_CELL_0020_0157,CELL_0020_0157,UTT,2023-05-22,30.09261,79.31111,1780.0,29.6,129.3,0.774,-0.633,CONIFER_HIGH_FLAMMABILITY,0.365,-0.102,15.9,41.0,2.6725,314.75,1.898,-1.881,0.15,6.125,54.54,0,0,8.1,6410.8,0
UTT_CELL_0027_0080,CELL_0027_0080,UTT,2023-05-22,30.11843,78.91112,1635.5,22.1,131.8,0.745,-0.667,CONIFER_HIGH_FLAMMABILITY,0.441,-0.102,15.9,41.0,2.6725,314.75,1.898,-1.881,0.15,6.125,54.54,0,0,379.7,2439.4,0
UTT_CELL_0063_0024,CELL_0063_0024,UTT,2023-05-22,30.27579,78.61679,1612.2,33.6,147.6,0.536,-0.844,CONIFER_HIGH_FLAMMABILITY,0.325,-0.102,15.9,41.0,2.6725,314.75,1.898,-1.881,0.15,6.125,54.54,3,4,381.1,2157.2,0
UTT_CELL_0008_0015,CELL_0008_0015,UTT,2023-05-22,30.02698,78.57611,1446.6,31.6,122.7,0.842,-0.54,CONIFER_HIGH_FLAMMABILITY,0.345,-0.102,15.9,41.0,2.6725,314.75,1.898,-1.881,0.15,6.125,54.54,0,1,9.1,3196.2,0
UTT_CELL_0072_0144,CELL_0072_0144,UTT,2023-05-22,30.32625,79.23951,1891.6,22.7,152.6,0.46,-0.888,CONIFER_HIGH_FLAMMABILITY,0.434,-0.102,15.9,41.0,2.6725,314.75,1.898,-1.881,0.15,6.125,54.54,0,0,381.1,6157.0,0
UTT_CELL_0021_0016,CELL_0021_0016,UTT,2023-05-22,30.08568,78.57987,1483.4,31.0,128.6,0.782,-0.624,CONIFER_HIGH_FLAMMABILITY,0.351,-0.102,15.9,41.0,2.6725,314.75,1.898,-1.881,0.15,6.125,54.54,0,0,6.7,5081.6,0
UTT_CELL_0076_0030,CELL_0076_0030,UTT,2023-05-22,30.33496,78.64655,1659.6,19.6,153.5,0.446,-0.895,CONIFER_HIGH_FLAMMABILITY,0.465,-0.102,15.9,41.0,2.6725,314.75,1.898,-1.881,0.15,6.125,54.54,5,5,0.7,1164.8,0
UTT_CELL_0098_0140,CELL_0098_0140,UTT,2023-05-22,30.44322,79.21659,1952.6,31.2,164.3,0.271,-0.963,CONIFER_HIGH_FLAMMABILITY,0.349,-0.102,15.9,41.0,2.6725,314.75,1.898,-1.881,0.15,6.125,54.54,0,0,376.1,11019.7,0
UTT_CELL_0034_0015,CELL_0034_0015,UTT,2023-05-22,30.14419,78.57325,1515.8,12.3,134.4,0.714,-0.7,CONIFER_HIGH_FLAMMABILITY,0.538,-0.102,15.9,41.0,2.6725,314.75,1.898,-1.881,0.15,6.125,54.54,1,2,6.7,1481.9,0
UTT_CELL_0027_0098,CELL_0027_0098,UTT,2023-05-22,30.11988,79.00449,1673.7,21.6,132.0,0.743,-0.669,CONIFER_HIGH_FLAMMABILITY,0.445,-0.102,15.9,41.0,2.6725,314.75,1.898,-1.881,0.15,6.125,54.54,0,0,379.7,2959.3,0
UTT_CELL_0102_0024,CELL_0102_0024,UTT,2023-05-22,30.4516,78.61252,1716.0,32.5,165.2,0.255,-0.967,CONIFER_HIGH_FLAMMABILITY,0.336,-0.102,15.9,41.0,2.6725,314.75,1.898,-1.881,0.15,6.125,54.54,0,0,384.7,7205.6,0
UTT_CELL_0092_0072,CELL_0092_0072,UTT,2023-05-22,30.41085,78.86329,1791.8,22.5,161.1,0.324,-0.946,CONIFER_HIGH_FLAMMABILITY,0.436,-0.102,15.9,41.0,2.6725,314.75,1.898,-1.881,0.15,6.125,54.54,0,0,371.1,9907.8,0
UTT_CELL_0073_0003,CELL_0073_0003,UTT,2023-05-22,30.31883,78.50657,1593.9,25.1,151.9,0.471,-0.882,CONIFER_HIGH_FLAMMABILITY,0.41,-0.102,15.9,41.0,2.6725,314.75,1.898,-1.881,0.15,6.125,54.54,0,0,364.7,2790.9,0
UTT_CELL_0098_0151,CELL_0098_0151,UTT,2023-05-22,30.44399,79.27384,1975.9,31.3,164.4,0.269,-0.963,CONIFER_HIGH_FLAMMABILITY,0.348,-0.102,15.9,41.0,2.6725,314.75,1.898,-1.881,0.15,6.125,54.54,0,0,4.1,9081.1,0
UTT_CELL_0134_0097,CELL_0134_0097,UTT,2023-05-22,30.6023,78.98945,1957.2,15.9,180.2,-0.003,-1.0,CONIFER_HIGH_FLAMMABILITY,0.502,-0.102,15.9,41.0,2.6725,314.75,1.898,-1.881,0.15,6.125,54.54,0,0,378.1,23951.0,0
UTT_CELL_0060_0014,CELL_0060_0014,UTT,2023-05-22,30.26131,78.56518,1582.9,34.0,146.1,0.558,-0.83,CONIFER_HIGH_FLAMMABILITY,0.321,-0.102,15.9,41.0,2.6725,314.75,1.898,-1.881,0.15,6.125,54.54,1,1,0.7,568.6,1
UTT_CELL_0014_0114,CELL_0014_0114,UTT,2023-05-22,30.06249,79.08862,1672.9,33.8,126.2,0.807,-0.591,CONIFER_HIGH_FLAMMABILITY,0.324,-0.102,15.9,41.0,2.6725,314.75,1.898,-1.881,0.15,6.125,54.54,0,0,385.7,7124.7,0
UTT_CELL_0098_0155,CELL_0098_0155,UTT,2023-05-22,30.44426,79.29466,1984.4,31.4,164.4,0.269,-0.963,CONIFER_HIGH_FLAMMABILITY,0.347,-0.102,15.9,41.0,2.6725,314.75,1.898,-1.881,0.15,6.125,54.54,0,0,4.1,8799.4,0
UTT_CELL_0102_0034,CELL_0102_0034,UTT,2023-05-22,30.45255,78.66455,1737.3,32.6,165.3,0.254,-0.967,CONIFER_HIGH_FLAMMABILITY,0.335,-0.102,15.9,41.0,2.6725,314.75,1.898,-1.881,0.15,6.125,54.54,0,0,385.2,8783.0,0
UTT_CELL_0005_0004,CELL_0005_0004,UTT,2023-05-22,30.01239,78.51946,1415.2,28.6,121.2,0.855,-0.518,CONIFER_HIGH_FLAMMABILITY,0.375,-0.102,15.9,41.0,2.6725,314.75,1.898,-1.881,0.15,6.125,54.54,0,1,385.7,1236.8,0
UTT_CELL_0058_0051,CELL_0058_0051,UTT,2023-05-22,30.25572,78.75755,1656.5,33.8,145.6,0.565,-0.825,CONIFER_HIGH_FLAMMABILITY,0.324,-0.102,15.9,41.0,2.6725,314.75,1.898,-1.881,0.15,6.125,54.54,6,8,0.7,1678.4,0
UTT_CELL_0050_0066,CELL_0050_0066,UTT,2023-05-22,30.22096,78.83624,1667.1,28.4,142.1,0.614,-0.789,CONIFER_HIGH_FLAMMABILITY,0.378,-0.102,15.9,41.0,2.6725,314.75,1.898,-1.881,0.15,6.125,54.54,5,8,5.2,1722.6,0
UTT_CELL_0131_0069,CELL_0131_0069,UTT,2023-05-22,30.58643,78.84381,1889.4,9.5,178.6,0.024,-1.0,CONIFER_HIGH_FLAMMABILITY,0.567,-0.102,15.9,41.0,2.6725,314.75,1.898,-1.881,0.15,6.125,54.54,0,0,1.7,18931.2,0
UTT_CELL_0092_0088,CELL_0092_0088,UTT,2023-05-22,30.41219,78.94653,1825.9,23.0,161.2,0.322,-0.947,CONIFER_HIGH_FLAMMABILITY,0.431,-0.102,15.9,41.0,2.6725,314.75,1.898,-1.881,0.15,6.125,54.54,0,0,5.2,8818.8,0
UTT_CELL_0018_0018,CELL_0018_0018,UTT,2023-05-22,30.07235,78.59056,1479.6,33.0,127.2,0.797,-0.605,CONIFER_HIGH_FLAMMABILITY,0.331,-0.102,15.9,41.0,2.6725,314.75,1.898,-1.881,0.15,6.125,54.54,0,0,6.7,6723.1,0
UTT_CELL_0018_0021,CELL_0018_0021,UTT,2023-05-22,30.07263,78.60612,1486.0,33.0,127.3,0.795,-0.606,CONIFER_HIGH_FLAMMABILITY,0.331,-0.102,15.9,41.0,2.6725,314.75,1.898,-1.881,0.15,6.125,54.54,0,0,371.1,6883.6,0
UTT_CELL_0027_0137,CELL_0027_0137,UTT,2023-05-22,30.1228,79.20681,1756.4,20.6,132.3,0.74,-0.673,CONIFER_HIGH_FLAMMABILITY,0.455,-0.102,15.9,41.0,2.6725,314.75,1.898,-1.881,0.15,6.125,54.54,0,0,378.2,12099.8,0
UTT_CELL_0005_0030,CELL_0005_0030,UTT,2023-05-22,30.01486,78.65415,1470.6,29.2,121.5,0.853,-0.522,CONIFER_HIGH_FLAMMABILITY,0.369,-0.102,15.9,41.0,2.6725,314.75,1.898,-1.881,0.15,6.125,54.54,0,0,385.2,5332.2,0
UTT_CELL_0076_0081,CELL_0076_0081,UTT,2023-05-22,30.33946,78.91164,1768.3,17.9,153.9,0.44,-0.898,CONIFER_HIGH_FLAMMABILITY,0.482,-0.102,15.9,41.0,2.6725,314.75,1.898,-1.881,0.15,6.125,54.54,1,1,5.2,4021.0,0
UTT_CELL_0118_0102,CELL_0118_0102,UTT,2023-05-22,30.53055,79.01699,1925.1,24.3,173.1,0.12,-0.993,CONIFER_HIGH_FLAMMABILITY,0.418,-0.102,15.9,41.0,2.6725,314.75,1.898,-1.881,0.15,6.125,54.54,0,0,378.1,15814.4,0
UTT_CELL_0131_0096,CELL_0131_0096,UTT,2023-05-22,30.58869,78.98452,1947.0,10.4,178.9,0.019,-1.0,CONIFER_HIGH_FLAMMABILITY,0.557,-0.102,15.9,41.0,2.6725,314.75,1.898,-1.881,0.15,6.125,54.54,0,0,378.1,23067.2,0
UTT_CELL_0057_0022,CELL_0057_0022,UTT,2023-05-22,30.24855,78.60705,1592.0,33.3,144.9,0.575,-0.818,CONIFER_HIGH_FLAMMABILITY,0.329,-0.102,15.9,41.0,2.6725,314.75,1.898,-1.881,0.15,6.125,54.54,1,2,380.2,2461.6,1
UTT_CELL_0002_0008,CELL_0002_0008,UTT,2023-05-22,29.99926,78.54052,1415.8,24.9,119.9,0.867,-0.498,CONIFER_HIGH_FLAMMABILITY,0.412,-0.102,15.9,41.0,2.6725,314.75,1.898,-1.881,0.15,6.125,54.54,0,1,385.7,2161.4,0
UTT_CELL_0021_0078,CELL_0021_0078,UTT,2023-05-22,30.09121,78.90132,1615.3,29.9,129.1,0.776,-0.631,CONIFER_HIGH_FLAMMABILITY,0.362,-0.102,15.9,41.0,2.6725,314.75,1.898,-1.881,0.15,6.125,54.54,0,0,385.7,5211.9,0
UTT_CELL_0112_0039,CELL_0112_0039,UTT,2023-05-22,30.49809,78.6895,1774.7,32.1,169.8,0.177,-0.984,CONIFER_HIGH_FLAMMABILITY,0.34,-0.102,15.9,41.0,2.6725,314.75,1.898,-1.881,0.15,6.125,54.54,0,0,1.7,10632.8,0
UTT_CELL_0105_0125,CELL_0105_0125,UTT,2023-05-22,30.4737,79.13792,1939.4,34.0,167.4,0.218,-0.976,CONIFER_HIGH_FLAMMABILITY,0.321,-0.102,15.9,41.0,2.6725,314.75,1.898,-1.881,0.15,6.125,54.54,0,0,378.1,5975.3,0
UTT_CELL_0057_0030,CELL_0057_0030,UTT,2023-05-22,30.2493,78.6486,1609.0,33.3,144.9,0.575,-0.818,CONIFER_HIGH_FLAMMABILITY,0.329,-0.102,15.9,41.0,2.6725,314.75,1.898,-1.881,0.15,6.125,54.54,2,4,8.7,214.7,1
UTT_CELL_0089_0097,CELL_0089_0097,UTT,2023-05-22,30.39938,78.99362,1837.1,18.4,159.9,0.344,-0.939,CONIFER_HIGH_FLAMMABILITY,0.477,-0.102,15.9,41.0,2.6725,314.75,1.898,-1.881,0.15,6.125,54.54,0,0,5.2,9013.0,0
UTT_CELL_0024_0131,CELL_0024_0131,UTT,2023-05-22,30.10884,79.17593,1735.7,25.2,130.9,0.756,-0.655,CONIFER_HIGH_FLAMMABILITY,0.409,-0.102,15.9,41.0,2.6725,314.75,1.898,-1.881,0.15,6.125,54.54,0,0,378.2,14077.9,0
UTT_CELL_0086_0064,CELL_0086_0064,UTT,2023-05-22,30.38311,78.82227,1758.8,12.0,158.3,0.37,-0.929,CONIFER_HIGH_FLAMMABILITY,0.541,-0.102,15.9,41.0,2.6725,314.75,1.898,-1.881,0.15,6.125,54.54,0,0,371.1,6443.6,0
UTT_CELL_0079_0147,CELL_0079_0147,UTT,2023-05-22,30.35802,79.25455,1916.6,10.5,155.8,0.41,-0.912,CONIFER_HIGH_FLAMMABILITY,0.556,-0.102,15.9,41.0,2.6725,314.75,1.898,-1.881,0.15,6.125,54.54,1,1,4.1,4568.3,0
UTT_CELL_0089_0105,CELL_0089_0105,UTT,2023-05-22,30.40002,79.03524,1854.1,18.7,160.0,0.342,-0.94,CONIFER_HIGH_FLAMMABILITY,0.474,-0.102,15.9,41.0,2.6725,314.75,1.898,-1.881,0.15,6.125,54.54,0,0,9.1,8095.0,0
UTT_CELL_0109_0017,CELL_0109_0017,UTT,2023-05-22,30.48249,78.57531,1719.6,33.7,168.2,0.204,-0.979,CONIFER_HIGH_FLAMMABILITY,0.324,-0.102,15.9,41.0,2.6725,314.75,1.898,-1.881,0.15,6.125,54.54,0,0,384.7,5177.2,0
UTT_CELL_0076_0115,CELL_0076_0115,UTT,2023-05-22,30.34217,79.0884,1840.7,16.9,154.2,0.435,-0.9,CONIFER_HIGH_FLAMMABILITY,0.492,-0.102,15.9,41.0,2.6725,314.75,1.898,-1.881,0.15,6.125,54.54,0,1,13.7,3628.7,0
UTT_CELL_0060_0084,CELL_0060_0084,UTT,2023-05-22,30.26756,78.92876,1732.0,34.0,146.8,0.548,-0.837,CONIFER_HIGH_FLAMMABILITY,0.321,-0.102,15.9,41.0,2.6725,314.75,1.898,-1.881,0.15,6.125,54.54,0,1,8.1,4022.6,0
UTT_CELL_0021_0103,CELL_0021_0103,UTT,2023-05-22,30.09322,79.03096,1668.3,29.4,129.3,0.774,-0.633,CONIFER_HIGH_FLAMMABILITY,0.367,-0.102,15.9,41.0,2.6725,314.75,1.898,-1.881,0.15,6.125,54.54,0,0,379.7,7014.6,0
UTT_CELL_0041_0016,CELL_0041_0016,UTT,2023-05-22,30.17584,78.57767,1536.6,12.9,137.6,0.674,-0.738,CONIFER_HIGH_FLAMMABILITY,0.532,-0.102,15.9,41.0,2.6725,314.75,1.898,-1.881,0.15,6.125,54.54,2,3,0.7,2987.6,1
UTT_CELL_0021_0105,CELL_0021_0105,UTT,2023-05-22,30.09337,79.04134,1672.6,29.4,129.3,0.774,-0.633,CONIFER_HIGH_FLAMMABILITY,0.367,-0.102,15.9,41.0,2.6725,314.75,1.898,-1.881,0.15,6.125,54.54,0,0,385.7,7839.3,0
UTT_CELL_0063_0126,CELL_0063_0126,UTT,2023-05-22,30.28436,79.1467,1829.3,32.7,148.4,0.524,-0.852,CONIFER_HIGH_FLAMMABILITY,0.334,-0.102,15.9,41.0,2.6725,314.75,1.898,-1.881,0.15,6.125,54.54,0,0,361.6,3619.0,0
UTT_CELL_0063_0127,CELL_0063_0127,UTT,2023-05-22,30.28444,79.1519,1831.4,32.7,148.4,0.524,-0.852,CONIFER_HIGH_FLAMMABILITY,0.334,-0.102,15.9,41.0,2.6725,314.75,1.898,-1.881,0.15,6.125,54.54,0,0,361.6,4161.4,0
UTT_CELL_0077_0116,CELL_0077_0116,UTT,2023-05-22,30.34675,79.09352,1845.5,15.1,154.7,0.427,-0.904,CONIFER_HIGH_FLAMMABILITY,0.51,-0.102,15.9,41.0,2.6725,314.75,1.898,-1.881,0.15,6.125,54.54,0,1,13.7,4161.7,0
UTT_CELL_0122_0028,CELL_0122_0028,UTT,2023-05-22,30.54215,78.63115,1777.7,20.4,174.2,0.101,-0.995,CONIFER_HIGH_FLAMMABILITY,0.458,-0.102,15.9,41.0,2.6725,314.75,1.898,-1.881,0.15,6.125,54.54,0,0,384.7,12619.5,0
UTT_CELL_0131_0143,CELL_0131_0143,UTT,2023-05-22,30.59226,79.22951,2047.2,11.9,179.2,0.014,-1.0,CONIFER_MODERATE_FLAMMABILITY,0.542,-0.102,15.9,41.0,2.6725,314.75,1.898,-1.881,0.15,6.125,54.54,0,0,378.1,22528.6,0
UTT_CELL_0073_0092,CELL_0073_0092,UTT,2023-05-22,30.32684,78.96911,1783.7,22.5,152.7,0.459,-0.889,CONIFER_HIGH_FLAMMABILITY,0.436,-0.102,15.9,41.0,2.6725,314.75,1.898,-1.881,0.15,6.125,54.54,1,1,5.2,2514.3,0
UTT_CELL_0115_0115,CELL_0115_0115,UTT,2023-05-22,30.51804,79.08497,1944.8,28.0,171.8,0.143,-0.99,CONIFER_HIGH_FLAMMABILITY,0.381,-0.102,15.9,41.0,2.6725,314.75,1.898,-1.881,0.15,6.125,54.54,0,0,378.1,10723.5,0
UTT_CELL_0096_0048,CELL_0096_0048,UTT,2023-05-22,30.42678,78.73803,1751.3,27.4,162.7,0.297,-0.955,CONIFER_HIGH_FLAMMABILITY,0.388,-0.102,15.9,41.0,2.6725,314.75,1.898,-1.881,0.15,6.125,54.54,1,1,1.7,2944.3,0
UTT_CELL_0041_0035,CELL_0041_0035,UTT,2023-05-22,30.17763,78.67626,1577.1,13.6,137.8,0.672,-0.741,CONIFER_HIGH_FLAMMABILITY,0.525,-0.102,15.9,41.0,2.6725,314.75,1.898,-1.881,0.15,6.125,54.54,1,1,0.5,3425.1,0
UTT_CELL_0041_0034,CELL_0041_0034,UTT,2023-05-22,30.17754,78.67107,1574.9,13.6,137.8,0.672,-0.741,CONIFER_HIGH_FLAMMABILITY,0.525,-0.102,15.9,41.0,2.6725,314.75,1.898,-1.881,0.15,6.125,54.54,1,1,0.5,2998.6,0
UTT_CELL_0054_0032,CELL_0054_0032,UTT,2023-05-22,30.23596,78.6593,1605.3,31.6,143.6,0.593,-0.805,CONIFER_HIGH_FLAMMABILITY,0.345,-0.102,15.9,41.0,2.6725,314.75,1.898,-1.881,0.15,6.125,54.54,0,2,11.7,1322.1,1
UTT_CELL_0060_0109,CELL_0060_0109,UTT,2023-05-22,30.26956,79.05863,1785.2,33.9,147.0,0.545,-0.839,CONIFER_HIGH_FLAMMABILITY,0.323,-0.102,15.9,41.0,2.6725,314.75,1.898,-1.881,0.15,6.125,54.54,0,0,364.7,1877.9,0
UTT_CELL_0044_0078,CELL_0044_0078,UTT,2023-05-22,30.19492,78.89912,1676.6,20.3,139.5,0.649,-0.76,CONIFER_HIGH_FLAMMABILITY,0.458,-0.102,15.9,41.0,2.6725,314.75,1.898,-1.881,0.15,6.125,54.54,0,1,8.1,4707.8,0
UTT_CELL_0083_0064,CELL_0083_0064,UTT,2023-05-22,30.36958,78.82257,1750.8,6.4,157.0,0.391,-0.921,CONIFER_HIGH_FLAMMABILITY,0.597,-0.102,15.9,41.0,2.6725,314.75,1.898,-1.881,0.15,6.125,54.54,0,0,371.1,4976.9,0
UTT_CELL_0021_0134,CELL_0021_0134,UTT,2023-05-22,30.09553,79.19174,1734.0,28.9,129.6,0.771,-0.637,CONIFER_HIGH_FLAMMABILITY,0.372,-0.102,15.9,41.0,2.6725,314.75,1.898,-1.881,0.15,6.125,54.54,0,0,378.2,15221.5,0
UTT_CELL_0034_0133,CELL_0034_0133,UTT,2023-05-22,30.15409,79.18548,1766.6,8.2,135.4,0.702,-0.712,CONIFER_HIGH_FLAMMABILITY,0.58,-0.102,15.9,41.0,2.6725,314.75,1.898,-1.881,0.15,6.125,54.54,0,0,378.2,8951.5,0
UTT_CELL_0070_0082,CELL_0070_0082,UTT,2023-05-22,30.31249,78.91742,1754.5,26.9,151.2,0.482,-0.876,CONIFER_HIGH_FLAMMABILITY,0.393,-0.102,15.9,41.0,2.6725,314.75,1.898,-1.881,0.15,6.125,54.54,1,1,5.2,4001.5,0
UTT_CELL_0015_0069,CELL_0015_0069,UTT,2023-05-22,30.0634,78.85524,1580.1,33.8,126.3,0.806,-0.592,CONIFER_HIGH_FLAMMABILITY,0.324,-0.102,15.9,41.0,2.6725,314.75,1.898,-1.881,0.15,6.125,54.54,3,3,0.5,3777.1,0
UTT_CELL_0031_0101,CELL_0031_0101,UTT,2023-05-22,30.13816,79.01969,1690.8,14.7,133.8,0.722,-0.692,CONIFER_HIGH_FLAMMABILITY,0.514,-0.102,15.9,41.0,2.6725,314.75,1.898,-1.881,0.15,6.125,54.54,0,0,385.7,3266.3,0
UTT_CELL_0083_0080,CELL_0083_0080,UTT,2023-05-22,30.37094,78.90577,1784.9,6.9,157.1,0.389,-0.921,CONIFER_HIGH_FLAMMABILITY,0.593,-0.102,15.9,41.0,2.6725,314.75,1.898,-1.881,0.15,6.125,54.54,0,0,5.2,6258.4,0
UTT_CELL_0109_0070,CELL_0109_0070,UTT,2023-05-22,30.48733,78.8512,1832.9,33.4,168.7,0.196,-0.981,CONIFER_HIGH_FLAMMABILITY,0.328,-0.102,15.9,41.0,2.6725,314.75,1.898,-1.881,0.15,6.125,54.54,0,0,1.7,11330.2,0
UTT_CELL_0112_0112,CELL_0112_0112,UTT,2023-05-22,30.50428,79.06961,1930.4,31.1,170.4,0.167,-0.986,CONIFER_HIGH_FLAMMABILITY,0.35,-0.102,15.9,41.0,2.6725,314.75,1.898,-1.881,0.15,6.125,54.54,0,0,378.1,9986.4,0
UTT_CELL_0041_0070,CELL_0041_0070,UTT,2023-05-22,30.18072,78.85789,1651.6,14.8,138.1,0.668,-0.744,CONIFER_HIGH_FLAMMABILITY,0.513,-0.102,15.9,41.0,2.6725,314.75,1.898,-1.881,0.15,6.125,54.54,0,3,11.2,3101.9,0
UTT_CELL_0096_0085,CELL_0096_0085,UTT,2023-05-22,30.42997,78.93054,1830.2,28.3,163.0,0.292,-0.956,CONIFER_HIGH_FLAMMABILITY,0.378,-0.102,15.9,41.0,2.6725,314.75,1.898,-1.881,0.15,6.125,54.54,0,0,5.2,10951.0,0
UTT_CELL_0093_0047,CELL_0093_0047,UTT,2023-05-22,30.41316,78.73314,1741.2,23.3,161.3,0.321,-0.947,CONIFER_HIGH_FLAMMABILITY,0.428,-0.102,15.9,41.0,2.6725,314.75,1.898,-1.881,0.15,6.125,54.54,1,1,1.7,4176.7,0
UTT_CELL_0112_0120,CELL_0112_0120,UTT,2023-05-22,30.50489,79.11128,1947.4,30.9,170.5,0.165,-0.986,CONIFER_HIGH_FLAMMABILITY,0.352,-0.102,15.9,41.0,2.6725,314.75,1.898,-1.881,0.15,6.125,54.54,0,0,378.1,8789.9,0
UTT_CELL_0125_0115,CELL_0125_0115,UTT,2023-05-22,30.56313,79.08409,1971.5,12.3,176.3,0.065,-0.998,CONIFER_HIGH_FLAMMABILITY,0.538,-0.102,15.9,41.0,2.6725,314.75,1.898,-1.881,0.15,6.125,54.54,0,0,378.1,15596.5,0
UTT_CELL_0035_0002,CELL_0035_0002,UTT,2023-05-22,30.14744,78.50571,1490.7,11.0,134.7,0.711,-0.703,CONIFER_HIGH_FLAMMABILITY,0.551,-0.102,15.9,41.0,2.6725,314.75,1.898,-1.881,0.15,6.125,54.54,5,6,0.7,1380.9,1
UTT_CELL_0093_0054,CELL_0093_0054,UTT,2023-05-22,30.41379,78.76955,1756.1,23.5,161.4,0.319,-0.948,CONIFER_HIGH_FLAMMABILITY,0.426,-0.102,15.9,41.0,2.6725,314.75,1.898,-1.881,0.15,6.125,54.54,1,1,1.7,2617.2,0
UTT_CELL_0135_0075,CELL_0135_0075,UTT,2023-05-22,30.60498,78.87468,1912.9,17.0,180.5,-0.009,-1.0,CONIFER_HIGH_FLAMMABILITY,0.491,-0.102,15.9,41.0,2.6725,314.75,1.898,-1.881,0.15,6.125,54.54,0,0,1.7,22464.0,0
UTT_CELL_0119_0046,CELL_0119_0046,UTT,2023-05-22,30.53029,78.72521,1808.3,24.4,173.0,0.122,-0.993,CONIFER_HIGH_FLAMMABILITY,0.417,-0.102,15.9,41.0,2.6725,314.75,1.898,-1.881,0.15,6.125,54.54,0,0,1.7,11227.5,0
UTT_CELL_0093_0060,CELL_0093_0060,UTT,2023-05-22,30.41432,78.80076,1768.9,23.7,161.4,0.319,-0.948,CONIFER_HIGH_FLAMMABILITY,0.424,-0.102,15.9,41.0,2.6725,314.75,1.898,-1.881,0.15,6.125,54.54,1,1,1.7,4877.1,0
UTT_CELL_0035_0009,CELL_0035_0009,UTT,2023-05-22,30.14812,78.54202,1505.7,10.7,134.8,0.71,-0.705,CONIFER_HIGH_FLAMMABILITY,0.554,-0.102,15.9,41.0,2.6725,314.75,1.898,-1.881,0.15,6.125,54.54,6,6,0.5,2506.3,1
UTT_CELL_0035_0011,CELL_0035_0011,UTT,2023-05-22,30.14832,78.55239,1509.9,10.6,134.8,0.71,-0.705,CONIFER_HIGH_FLAMMABILITY,0.555,-0.102,15.9,41.0,2.6725,314.75,1.898,-1.881,0.15,6.125,54.54,6,6,6.7,3313.6,0
UTT_CELL_0051_0043,CELL_0051_0043,UTT,2023-05-22,30.22344,78.71673,1620.8,29.0,142.3,0.612,-0.791,CONIFER_HIGH_FLAMMABILITY,0.371,-0.102,15.9,41.0,2.6725,314.75,1.898,-1.881,0.15,6.125,54.54,6,6,385.7,1511.7,0
UTT_CELL_0087_0077,CELL_0087_0077,UTT,2023-05-22,30.38873,78.88979,1789.2,14.3,158.9,0.36,-0.933,CONIFER_HIGH_FLAMMABILITY,0.518,-0.102,15.9,41.0,2.6725,314.75,1.898,-1.881,0.15,6.125,54.54,0,0,5.2,8904.7,0
UTT_CELL_0119_0058,CELL_0119_0058,UTT,2023-05-22,30.53137,78.78771,1833.9,24.1,173.1,0.12,-0.993,CONIFER_HIGH_FLAMMABILITY,0.42,-0.102,15.9,41.0,2.6725,314.75,1.898,-1.881,0.15,6.125,54.54,0,0,1.7,10902.5,0
UTT_CELL_0061_0012,CELL_0061_0012,UTT,2023-05-22,30.26562,78.55468,1581.2,34.0,146.6,0.55,-0.835,CONIFER_HIGH_FLAMMABILITY,0.321,-0.102,15.9,41.0,2.6725,314.75,1.898,-1.881,0.15,6.125,54.54,1,1,366.6,1459.2,0
UTT_CELL_0093_0080,CELL_0093_0080,UTT,2023-05-22,30.41603,78.90481,1811.5,24.2,161.6,0.316,-0.949,CONIFER_HIGH_FLAMMABILITY,0.419,-0.102,15.9,41.0,2.6725,314.75,1.898,-1.881,0.15,6.125,54.54,0,0,5.2,10375.9,0
UTT_CELL_0096_0119,CELL_0096_0119,UTT,2023-05-22,30.43266,79.10746,1902.6,28.9,163.3,0.287,-0.958,CONIFER_HIGH_FLAMMABILITY,0.372,-0.102,15.9,41.0,2.6725,314.75,1.898,-1.881,0.15,6.125,54.54,0,0,378.1,1018.7,0
UTT_CELL_0002_0125,CELL_0002_0125,UTT,2023-05-22,30.00919,79.14666,1664.2,27.8,120.9,0.858,-0.514,CONIFER_HIGH_FLAMMABILITY,0.383,-0.102,15.9,41.0,2.6725,314.75,1.898,-1.881,0.15,6.125,54.54,0,0,381.1,6020.7,0
UTT_CELL_0080_0096,CELL_0080_0096,UTT,2023-05-22,30.35872,78.98925,1810.9,10.2,155.9,0.408,-0.913,CONIFER_HIGH_FLAMMABILITY,0.559,-0.102,15.9,41.0,2.6725,314.75,1.898,-1.881,0.15,6.125,54.54,0,0,5.2,5483.4,0
UTT_CELL_0090_0052,CELL_0090_0052,UTT,2023-05-22,30.40009,78.75946,1743.8,18.7,160.0,0.342,-0.94,CONIFER_HIGH_FLAMMABILITY,0.474,-0.102,15.9,41.0,2.6725,314.75,1.898,-1.881,0.15,6.125,54.54,1,1,385.7,3586.1,0
UTT_CELL_0116_0042,CELL_0116_0042,UTT,2023-05-22,30.5164,78.7047,1791.7,28.4,171.6,0.146,-0.989,CONIFER_HIGH_FLAMMABILITY,0.378,-0.102,15.9,41.0,2.6725,314.75,1.898,-1.881,0.15,6.125,54.54,0,0,1.7,10974.9,0
UTT_CELL_0125_0157,CELL_0125_0157,UTT,2023-05-22,30.56617,79.30296,2060.9,11.0,176.6,0.059,-0.998,CONIFER_MODERATE_FLAMMABILITY,0.551,-0.102,15.9,41.0,2.6725,314.75,1.898,-1.881,0.15,6.125,54.54,0,0,367.2,19160.1,0
UTT_CELL_0015_0131,CELL_0015_0131,UTT,2023-05-22,30.06826,79.17667,1711.6,33.4,126.8,0.801,-0.599,CONIFER_HIGH_FLAMMABILITY,0.328,-0.102,15.9,41.0,2.6725,314.75,1.898,-1.881,0.15,6.125,54.54,0,0,381.1,12032.5,0
UTT_CELL_0129_0039,CELL_0129_0039,UTT,2023-05-22,30.57473,78.68769,1819.9,7.4,177.5,0.044,-0.999,CONIFER_HIGH_FLAMMABILITY,0.587,-0.102,15.9,41.0,2.6725,314.75,1.898,-1.881,0.15,6.125,54.54,0,0,1.7,17473.1,0
UTT_CELL_0132_0083,CELL_0132_0083,UTT,2023-05-22,30.59213,78.91667,1921.9,11.8,179.2,0.014,-1.0,CONIFER_HIGH_FLAMMABILITY,0.543,-0.102,15.9,41.0,2.6725,314.75,1.898,-1.881,0.15,6.125,54.54,0,0,1.7,24306.4,0
UTT_CELL_0032_0015,CELL_0032_0015,UTT,2023-05-22,30.13518,78.57347,1510.5,15.9,133.5,0.725,-0.688,CONIFER_HIGH_FLAMMABILITY,0.502,-0.102,15.9,41.0,2.6725,314.75,1.898,-1.881,0.15,6.125,54.54,1,2,6.7,573.7,0
UTT_CELL_0106_0100,CELL_0106_0100,UTT,2023-05-22,30.47628,79.00767,1888.8,34.0,167.6,0.215,-0.977,CONIFER_HIGH_FLAMMABILITY,0.321,-0.102,15.9,41.0,2.6725,314.75,1.898,-1.881,0.15,6.125,54.54,0,0,378.1,13016.2,0
UTT_CELL_0045_0012,CELL_0045_0012,UTT,2023-05-22,30.19349,78.55647,1538.7,19.7,139.3,0.652,-0.758,CONIFER_HIGH_FLAMMABILITY,0.465,-0.102,15.9,41.0,2.6725,314.75,1.898,-1.881,0.15,6.125,54.54,1,1,366.6,2461.3,1
UTT_CELL_0116_0058,CELL_0116_0058,UTT,2023-05-22,30.51784,78.78802,1825.9,28.0,171.8,0.143,-0.99,CONIFER_HIGH_FLAMMABILITY,0.381,-0.102,15.9,41.0,2.6725,314.75,1.898,-1.881,0.15,6.125,54.54,0,0,1.7,9468.1,0
UTT_CELL_0019_0032,CELL_0019_0032,UTT,2023-05-22,30.07817,78.66303,1512.1,32.3,127.8,0.79,-0.613,CONIFER_HIGH_FLAMMABILITY,0.339,-0.102,15.9,41.0,2.6725,314.75,1.898,-1.881,0.15,6.125,54.54,0,0,364.2,6599.1,0
UTT_CELL_0106_0112,CELL_0106_0112,UTT,2023-05-22,30.47722,79.07015,1914.4,34.0,167.7,0.213,-0.977,CONIFER_HIGH_FLAMMABILITY,0.321,-0.102,15.9,41.0,2.6725,314.75,1.898,-1.881,0.15,6.125,54.54,0,0,378.1,7470.1,0
UTT_CELL_0116_0068,CELL_0116_0068,UTT,2023-05-22,30.51872,78.84009,1847.3,27.8,171.9,0.141,-0.99,CONIFER_HIGH_FLAMMABILITY,0.383,-0.102,15.9,41.0,2.6725,314.75,1.898,-1.881,0.15,6.125,54.54,0,0,1.7,12539.4,0
UTT_CELL_0006_0046,CELL_0006_0046,UTT,2023-05-22,30.02082,78.73694,1507.3,30.5,122.1,0.847,-0.531,CONIFER_HIGH_FLAMMABILITY,0.356,-0.102,15.9,41.0,2.6725,314.75,1.898,-1.881,0.15,6.125,54.54,0,0,385.2,6965.9,0
UTT_CELL_0109_0157,CELL_0109_0157,UTT,2023-05-22,30.49401,79.30421,2018.1,32.7,169.4,0.184,-0.983,CONIFER_MODERATE_FLAMMABILITY,0.334,-0.102,15.9,41.0,2.6725,314.75,1.898,-1.881,0.15,6.125,54.54,0,0,378.7,12122.5,0
UTT_CELL_0087_0049,CELL_0087_0049,UTT,2023-05-22,30.38629,78.74416,1729.4,13.3,158.6,0.365,-0.931,CONIFER_HIGH_FLAMMABILITY,0.528,-0.102,15.9,41.0,2.6725,314.75,1.898,-1.881,0.15,6.125,54.54,0,0,385.7,1651.5,0
UTT_CELL_0009_0088,CELL_0009_0088,UTT,2023-05-22,30.03792,78.95429,1604.5,33.1,123.8,0.831,-0.556,CONIFER_HIGH_FLAMMABILITY,0.33,-0.102,15.9,41.0,2.6725,314.75,1.898,-1.881,0.15,6.125,54.54,0,0,385.7,5276.5,0
UTT_CELL_0074_0058,CELL_0074_0058,UTT,2023-05-22,30.32848,78.79229,1714.0,21.9,152.8,0.457,-0.889,CONIFER_HIGH_FLAMMABILITY,0.443,-0.102,15.9,41.0,2.6725,314.75,1.898,-1.881,0.15,6.125,54.54,0,0,371.1,4691.5,0
UTT_CELL_0006_0053,CELL_0006_0053,UTT,2023-05-22,30.02144,78.77321,1522.1,30.6,122.1,0.847,-0.531,CONIFER_HIGH_FLAMMABILITY,0.355,-0.102,15.9,41.0,2.6725,314.75,1.898,-1.881,0.15,6.125,54.54,2,2,382.7,3609.5,0
UTT_CELL_0019_0050,CELL_0019_0050,UTT,2023-05-22,30.07979,78.75634,1550.4,32.0,128.0,0.788,-0.616,CONIFER_HIGH_FLAMMABILITY,0.341,-0.102,15.9,41.0,2.6725,314.75,1.898,-1.881,0.15,6.125,54.54,0,0,385.7,3819.1,0
UTT_CELL_0019_0051,CELL_0019_0051,UTT,2023-05-22,30.07988,78.76153,1552.5,32.0,128.0,0.788,-0.616,CONIFER_HIGH_FLAMMABILITY,0.341,-0.102,15.9,41.0,2.6725,314.75,1.898,-1.881,0.15,6.125,54.54,0,0,385.7,3433.6,0
UTT_CELL_0038_0124,CELL_0038_0124,UTT,2023-05-22,30.17147,79.13843,1758.3,11.1,137.1,0.681,-0.733,CONIFER_HIGH_FLAMMABILITY,0.55,-0.102,15.9,41.0,2.6725,314.75,1.898,-1.881,0.15,6.125,54.54,0,0,378.2,10137.2,0
UTT_CELL_0003_0023,CELL_0003_0023,UTT,2023-05-22,30.0052,78.6181,1450.4,26.7,120.5,0.862,-0.508,CONIFER_HIGH_FLAMMABILITY,0.394,-0.102,15.9,41.0,2.6725,314.75,1.898,-1.881,0.15,6.125,54.54,0,0,9.1,8130.7,0
UTT_CELL_0097_0028,CELL_0097_0028,UTT,2023-05-22,30.42944,78.63388,1711.2,28.1,162.9,0.294,-0.956,CONIFER_HIGH_FLAMMABILITY,0.38,-0.102,15.9,41.0,2.6725,314.75,1.898,-1.881,0.15,6.125,54.54,0,0,385.2,7537.8,0
UTT_CELL_0129_0097,CELL_0129_0097,UTT,2023-05-22,30.57975,78.98992,1943.8,6.7,178.0,0.035,-0.999,CONIFER_HIGH_FLAMMABILITY,0.595,-0.102,15.9,41.0,2.6725,314.75,1.898,-1.881,0.15,6.125,54.54,0,0,378.1,21918.0,0
UTT_CELL_0018_0103,CELL_0018_0103,UTT,2023-05-23,30.07969,79.03123,1660.3,32.0,128.0,0.788,-0.616,CONIFER_HIGH_FLAMMABILITY,0.349,-0.002,15.399999999999999,53.5,2.625,285.5,2.53,-0.702,1.4,7.2,28.49,0,0,386.7,6359.1,0
UTT_CELL_0089_0023,CELL_0089_0023,UTT,2023-05-23,30.3929,78.60874,1679.2,15.9,159.3,0.353,-0.935,CONIFER_HIGH_FLAMMABILITY,0.51,-0.002,15.399999999999999,53.5,2.625,285.5,2.53,-0.702,1.4,7.2,28.49,0,0,1.7,6949.6,0
UTT_CELL_0032_0073,CELL_0032_0073,UTT,2023-05-23,30.14039,78.87433,1634.0,13.8,134.0,0.719,-0.695,CONIFER_HIGH_FLAMMABILITY,0.531,-0.002,15.399999999999999,53.5,2.625,285.5,2.53,-0.702,1.4,7.2,28.49,0,0,380.7,6333.3,0
UTT_CELL_0043_0129,CELL_0043_0129,UTT,2023-05-23,30.19439,79.16397,1782.2,20.1,139.4,0.651,-0.759,CONIFER_HIGH_FLAMMABILITY,0.468,-0.002,15.399999999999999,53.5,2.625,285.5,2.53,-0.702,1.4,7.2,28.49,0,0,379.2,6329.2,0
UTT_CELL_0044_0104,CELL_0044_0104,UTT,2023-05-23,30.19702,79.03409,1731.8,21.0,139.7,0.647,-0.763,CONIFER_HIGH_FLAMMABILITY,0.459,-0.002,15.399999999999999,53.5,2.625,285.5,2.53,-0.702,1.4,7.2,28.49,0,0,386.7,7370.1,0
UTT_CELL_0081_0018,CELL_0081_0018,UTT,2023-05-23,30.35636,78.58363,1647.3,11.2,155.6,0.413,-0.911,CONIFER_HIGH_FLAMMABILITY,0.557,-0.002,15.399999999999999,53.5,2.625,285.5,2.53,-0.702,1.4,7.2,28.49,0,0,1.7,6231.6,0
UTT_CELL_0128_0033,CELL_0128_0033,UTT,2023-05-23,30.56967,78.65654,1804.4,9.6,177.0,0.052,-0.999,CONIFER_HIGH_FLAMMABILITY,0.573,-0.002,15.399999999999999,53.5,2.625,285.5,2.53,-0.702,1.4,7.2,28.49,0,0,385.7,16495.7,0
UTT_CELL_0047_0034,CELL_0047_0034,UTT,2023-05-23,30.20459,78.67043,1590.9,23.6,140.5,0.636,-0.772,CONIFER_HIGH_FLAMMABILITY,0.433,-0.002,15.399999999999999,53.5,2.625,285.5,2.53,-0.702,1.4,7.2,28.49,1,2,0.5,3895.4,0
UTT_CELL_0127_0069,CELL_0127_0069,UTT,2023-05-23,30.5684,78.84421,1878.7,10.1,176.8,0.056,-0.998,CONIFER_HIGH_FLAMMABILITY,0.568,-0.002,15.399999999999999,53.5,2.625,285.5,2.53,-0.702,1.4,7.2,28.49,0,0,2.7,17219.4,0
UTT_CELL_0065_0139,CELL_0065_0139,UTT,2023-05-23,30.29432,79.21409,1862.2,31.2,149.4,0.509,-0.861,CONIFER_HIGH_FLAMMABILITY,0.357,-0.002,15.399999999999999,53.5,2.625,285.5,2.53,-0.702,1.4,7.2,28.49,0,0,379.2,6983.6,0
UTT_CELL_0114_0077,CELL_0114_0077,UTT,2023-05-23,30.51047,78.88716,1861.1,29.8,171.0,0.156,-0.988,CONIFER_HIGH_FLAMMABILITY,0.371,-0.002,15.399999999999999,53.5,2.625,285.5,2.53,-0.702,1.4,7.2,28.49,0,0,2.7,16072.4,0
UTT_CELL_0031_0012,CELL_0031_0012,UTT,2023-05-23,30.13038,78.55802,1501.4,17.8,133.0,0.731,-0.682,CONIFER_HIGH_FLAMMABILITY,0.491,-0.002,15.399999999999999,53.5,2.625,285.5,2.53,-0.702,1.4,7.2,28.49,4,5,7.7,2105.9,1
UTT_CELL_0087_0125,CELL_0087_0125,UTT,2023-05-23,30.39252,79.13946,1891.3,15.8,159.3,0.353,-0.935,CONIFER_HIGH_FLAMMABILITY,0.511,-0.002,15.399999999999999,53.5,2.625,285.5,2.53,-0.702,1.4,7.2,28.49,0,0,377.1,3180.7,0
UTT_CELL_0102_0063,CELL_0102_0063,UTT,2023-05-23,30.45516,78.81547,1799.3,33.0,165.5,0.25,-0.968,CONIFER_HIGH_FLAMMABILITY,0.339,-0.002,15.399999999999999,53.5,2.625,285.5,2.53,-0.702,1.4,7.2,28.49,0,0,2.7,6211.1,0
UTT_CELL_0053_0002,CELL_0053_0002,UTT,2023-05-23,30.22858,78.50366,1538.6,30.1,142.9,0.603,-0.798,CONIFER_HIGH_FLAMMABILITY,0.368,-0.002,15.399999999999999,53.5,2.625,285.5,2.53,-0.702,1.4,7.2,28.49,1,1,365.7,97.4,0
UTT_CELL_0108_0017,CELL_0108_0017,UTT,2023-05-23,30.47798,78.57542,1717.0,33.9,167.8,0.211,-0.977,CONIFER_HIGH_FLAMMABILITY,0.33,-0.002,15.399999999999999,53.5,2.625,285.5,2.53,-0.702,1.4,7.2,28.49,0,0,385.7,4788.7,0
UTT_CELL_0070_0138,CELL_0070_0138,UTT,2023-05-23,30.3168,79.20848,1873.5,25.7,151.7,0.474,-0.88,CONIFER_HIGH_FLAMMABILITY,0.412,-0.002,15.399999999999999,53.5,2.625,285.5,2.53,-0.702,1.4,7.2,28.49,0,0,379.2,9435.6,0
UTT_CELL_0061_0155,CELL_0061_0155,UTT,2023-05-23,30.27739,79.29756,1885.5,33.4,147.7,0.534,-0.845,CONIFER_HIGH_FLAMMABILITY,0.335,-0.002,15.399999999999999,53.5,2.625,285.5,2.53,-0.702,1.4,7.2,28.49,0,0,381.2,1129.1,0
UTT_CELL_0113_0007,CELL_0113_0007,UTT,2023-05-23,30.49954,78.52281,1708.8,31.9,170.0,0.174,-0.985,CONIFER_HIGH_FLAMMABILITY,0.35,-0.002,15.399999999999999,53.5,2.625,285.5,2.53,-0.702,1.4,7.2,28.49,0,0,385.7,451.0,0
UTT_CELL_0050_0115,CELL_0050_0115,UTT,2023-05-23,30.22492,79.09068,1771.2,29.3,142.5,0.609,-0.793,CONIFER_HIGH_FLAMMABILITY,0.376,-0.002,15.399999999999999,53.5,2.625,285.5,2.53,-0.702,1.4,7.2,28.49,0,0,365.7,4235.5,0
UTT_CELL_0040_0032,CELL_0040_0032,UTT,2023-05-23,30.17284,78.6608,1568.0,11.7,137.3,0.678,-0.735,CONIFER_HIGH_FLAMMABILITY,0.552,-0.002,15.399999999999999,53.5,2.625,285.5,2.53,-0.702,1.4,7.2,28.49,1,1,1.2,1899.2,1
UTT_CELL_0002_0150,CELL_0002_0150,UTT,2023-05-23,30.01095,79.27621,1717.1,28.2,121.1,0.856,-0.517,CONIFER_HIGH_FLAMMABILITY,0.387,-0.002,15.399999999999999,53.5,2.625,285.5,2.53,-0.702,1.4,7.2,28.49,0,0,8.2,10035.2,0
UTT_CELL_0060_0075,CELL_0060_0075,UTT,2023-05-23,30.26682,78.88201,1712.9,34.0,146.7,0.549,-0.836,CONIFER_HIGH_FLAMMABILITY,0.329,-0.002,15.399999999999999,53.5,2.625,285.5,2.53,-0.702,1.4,7.2,28.49,4,5,367.6,3108.4,0
UTT_CELL_0124_0077,CELL_0124_0077,UTT,2023-05-23,30.55556,78.88618,1887.8,15.3,175.6,0.077,-0.997,CONIFER_HIGH_FLAMMABILITY,0.516,-0.002,15.399999999999999,53.5,2.625,285.5,2.53,-0.702,1.4,7.2,28.49,0,0,2.7,19045.1,0
UTT_CELL_0033_0120,CELL_0033_0120,UTT,2023-05-23,30.14863,79.1181,1736.4,10.5,134.9,0.708,-0.706,CONIFER_HIGH_FLAMMABILITY,0.564,-0.002,15.399999999999999,53.5,2.625,285.5,2.53,-0.702,1.4,7.2,28.49,0,0,365.7,13156.6,0
UTT_CELL_0073_0074,CELL_0073_0074,UTT,2023-05-23,30.32535,78.87555,1745.4,23.0,152.5,0.462,-0.887,CONIFER_HIGH_FLAMMABILITY,0.439,-0.002,15.399999999999999,53.5,2.625,285.5,2.53,-0.702,1.4,7.2,28.49,0,0,372.1,4557.6,0
UTT_CELL_0079_0151,CELL_0079_0151,UTT,2023-05-23,30.3583,79.27535,1925.1,10.4,155.8,0.41,-0.912,CONIFER_HIGH_FLAMMABILITY,0.565,-0.002,15.399999999999999,53.5,2.625,285.5,2.53,-0.702,1.4,7.2,28.49,1,1,5.1,2315.7,0
UTT_CELL_0076_0118,CELL_0076_0118,UTT,2023-05-23,30.34239,79.104,1847.0,16.8,154.2,0.435,-0.9,CONIFER_HIGH_FLAMMABILITY,0.501,-0.002,15.399999999999999,53.5,2.625,285.5,2.53,-0.702,1.4,7.2,28.49,0,1,14.7,3997.6,0
UTT_CELL_0094_0097,CELL_0094_0097,UTT,2023-05-23,30.42193,78.99316,1850.4,26.0,162.2,0.306,-0.952,CONIFER_HIGH_FLAMMABILITY,0.409,-0.002,15.399999999999999,53.5,2.625,285.5,2.53,-0.702,1.4,7.2,28.49,0,0,6.2,11135.5,0
UTT_CELL_0046_0130,CELL_0046_0130,UTT,2023-05-23,30.20799,79.16891,1792.4,24.7,140.8,0.632,-0.775,CONIFER_HIGH_FLAMMABILITY,0.422,-0.002,15.399999999999999,53.5,2.625,285.5,2.53,-0.702,1.4,7.2,28.49,0,0,379.2,4985.8,0
UTT_CELL_0029_0137,CELL_0029_0137,UTT,2023-05-23,30.13182,79.20664,1761.8,17.2,133.2,0.729,-0.685,CONIFER_HIGH_FLAMMABILITY,0.497,-0.002,15.399999999999999,53.5,2.625,285.5,2.53,-0.702,1.4,7.2,28.49,0,0,379.2,11098.6,0
UTT_CELL_0029_0149,CELL_0029_0149,UTT,2023-05-23,30.13266,79.26891,1787.2,16.9,133.3,0.728,-0.686,CONIFER_HIGH_FLAMMABILITY,0.5,-0.002,15.399999999999999,53.5,2.625,285.5,2.53,-0.702,1.4,7.2,28.49,0,0,9.1,6437.1,0
WES_CELL_0041_0086,CELL_0041_0086,WES,2023-03-01,11.58192,76.49264,1116.2,28.6,78.2,0.979,0.204,BROADLEAF_HIGH_LITTER,0.173,0.074,29.375,63.0,4.4875,86.5,-4.479,-0.274,1.9000000000000001,1.9000000000000001,37.71,0,0,297.7,2034365.7,0
WES_CELL_0022_0069,CELL_0022_0069,WES,2023-03-01,11.49643,76.41427,1033.6,15.4,69.6,0.937,0.349,BROADLEAF_HIGH_LITTER,0.305,0.074,29.375,63.0,4.4875,86.5,-4.479,-0.274,1.9000000000000001,1.9000000000000001,37.71,0,0,297.7,2044661.9,0
WES_CELL_0108_0078,CELL_0108_0078,WES,2023-03-01,11.88497,76.45755,1284.0,26.0,108.5,0.948,-0.317,BROADLEAF_HIGH_LITTER,0.199,0.074,29.375,63.0,4.4875,86.5,-4.479,-0.274,1.9000000000000001,1.9000000000000001,37.71,0,0,297.7,2001269.3,0
WES_CELL_0059_0082,CELL_0059_0082,WES,2023-03-01,11.66338,76.47472,1157.9,29.2,86.3,0.998,0.065,BROADLEAF_HIGH_LITTER,0.167,0.074,29.375,63.0,4.4875,86.5,-4.479,-0.274,1.9000000000000001,1.9000000000000001,37.71,0,0,297.7,2025558.3,0
WES_CELL_0077_0002,CELL_0077_0002,WES,2023-03-01,11.74641,76.10814,1061.1,13.4,94.6,0.997,-0.08,BROADLEAF_HIGH_LITTER,0.325,0.074,29.375,63.0,4.4875,86.5,-4.479,-0.274,1.9000000000000001,1.9000000000000001,37.71,0,0,297.7,2020773.9,0
WES_CELL_0077_0070,CELL_0077_0070,WES,2023-03-01,11.74503,76.42011,1185.1,12.8,94.5,0.997,-0.078,BROADLEAF_HIGH_LITTER,0.331,0.074,29.375,63.0,4.4875,86.5,-4.479,-0.274,1.9000000000000001,1.9000000000000001,37.71,0,0,297.7,2017141.3,0
WES_CELL_0092_0129,CELL_0092_0129,WES,2023-03-01,11.81135,76.69116,1333.3,32.5,101.1,0.981,-0.193,BROADLEAF_HIGH_LITTER,0.15,0.074,29.375,63.0,4.4875,86.5,-4.479,-0.274,1.9000000000000001,1.9000000000000001,37.71,0,0,297.7,2006995.9,0
WES_CELL_0032_0089,CELL_0032_0089,WES,2023-03-01,11.54117,76.50617,1097.2,15.1,74.1,0.962,0.274,BROADLEAF_HIGH_LITTER,0.308,0.074,29.375,63.0,4.4875,86.5,-4.479,-0.274,1.9000000000000001,1.9000000000000001,37.71,0,0,297.7,2038725.1,0
WES_CELL_0074_0087,CELL_0074_0087,WES,2023-03-01,11.73107,76.49802,1207.8,7.0,93.1,0.999,-0.054,BROADLEAF_HIGH_LITTER,0.389,0.074,29.375,63.0,4.4875,86.5,-4.479,-0.274,1.9000000000000001,1.9000000000000001,37.71,0,0,297.7,2017830.0,0
WES_CELL_0015_0022,CELL_0015_0022,WES,2023-03-01,11.46575,76.1987,928.9,26.1,66.6,0.918,0.397,BROADLEAF_HIGH_LITTER,0.198,0.074,29.375,63.0,4.4875,86.5,-4.479,-0.274,1.9000000000000001,1.9000000000000001,37.71,0,0,297.7,2050572.1,0
WES_CELL_0055_0139,CELL_0055_0139,WES,2023-03-01,11.64385,76.73599,1250.7,32.8,84.4,0.995,0.098,BROADLEAF_HIGH_LITTER,0.15,0.074,29.375,63.0,4.4875,86.5,-4.479,-0.274,1.9000000000000001,1.9000000000000001,37.71,0,0,297.7,2025100.6,0
WES_CELL_0089_0030,CELL_0089_0030,WES,2023-03-01,11.80013,76.23685,1144.8,30.6,100.0,0.985,-0.174,BROADLEAF_HIGH_LITTER,0.153,0.074,29.375,63.0,4.4875,86.5,-4.479,-0.274,1.9000000000000001,1.9000000000000001,37.71,0,0,297.7,2013215.0,1
WES_CELL_0104_0093,CELL_0104_0093,WES,2023-03-01,11.86653,76.52629,1300.4,30.6,106.7,0.958,-0.287,BROADLEAF_HIGH_LITTER,0.153,0.074,29.375,63.0,4.4875,86.5,-4.479,-0.274,1.9000000000000001,1.9000000000000001,37.71,0,0,297.7,2002562.2,0
WES_CELL_0080_0079,CELL_0080_0079,WES,2023-03-01,11.75838,76.46147,1209.6,18.1,95.8,0.995,-0.101,BROADLEAF_HIGH_LITTER,0.278,0.074,29.375,63.0,4.4875,86.5,-4.479,-0.274,1.9000000000000001,1.9000000000000001,37.71,0,0,297.7,2015208.8,0
WES_CELL_0049_0058,CELL_0049_0058,WES,2023-03-01,11.61872,76.36444,1087.0,33.9,81.9,0.99,0.141,BROADLEAF_HIGH_LITTER,0.15,0.074,29.375,63.0,4.4875,86.5,-4.479,-0.274,1.9000000000000001,1.9000000000000001,37.71,0,0,297.7,2031718.3,0
WES_CELL_0004_0148,CELL_0004_0148,WES,2023-03-01,11.41309,76.77581,1128.2,34.0,61.3,0.877,0.48,BROADLEAF_HIGH_LITTER,0.15,0.074,29.375,63.0,4.4875,86.5,-4.479,-0.274,1.9000000000000001,1.9000000000000001,37.71,0,0,297.7,2050268.8,0
WES_CELL_0117_0038,CELL_0117_0038,WES,2023-03-02,11.92655,76.27414,1235.6,10.8,112.7,0.923,-0.386,BROADLEAF_HIGH_LITTER,0.336,-0.124,30.425,38.25,4.762499999999999,83.75,-4.734,-0.518,0.0,1.9000000000000001,79.46,0,0,0.5,14584.2,0
WES_CELL_0039_0150,CELL_0039_0150,WES,2023-03-02,11.57122,76.78597,1227.1,25.7,77.1,0.975,0.223,BROADLEAF_HIGH_LITTER,0.187,-0.124,30.425,38.25,4.762499999999999,83.75,-4.734,-0.518,0.0,1.9000000000000001,79.46,0,0,0.7,18392.5,0
WES_CELL_0105_0099,CELL_0105_0099,WES,2023-03-02,11.8709,76.55385,1314.1,29.7,107.1,0.956,-0.294,BROADLEAF_HIGH_LITTER,0.15,-0.124,30.425,38.25,4.762499999999999,83.75,-4.734,-0.518,0.0,1.9000000000000001,79.46,0,0,0.5,35991.2,0
WES_CELL_0061_0090,CELL_0061_0090,WES,2023-03-02,11.67223,76.51146,1177.9,27.0,87.2,0.999,0.049,BROADLEAF_HIGH_LITTER,0.174,-0.124,30.425,38.25,4.762499999999999,83.75,-4.734,-0.518,0.0,1.9000000000000001,79.46,0,0,0.5,33587.4,0
WES_CELL_0045_0126,CELL_0045_0126,WES,2023-03-02,11.599,76.67612,1199.8,32.1,79.9,0.985,0.175,BROADLEAF_HIGH_LITTER,0.15,-0.124,30.425,38.25,4.762499999999999,83.75,-4.734,-0.518,0.0,1.9000000000000001,79.46,0,0,0.7,27841.8,0
WES_CELL_0027_0086,CELL_0027_0086,WES,2023-03-02,11.51864,76.4923,1078.1,6.2,71.9,0.951,0.311,BROADLEAF_HIGH_LITTER,0.382,-0.124,30.425,38.25,4.762499999999999,83.75,-4.734,-0.518,0.0,1.9000000000000001,79.46,0,0,0.5,42178.4,0
WES_CELL_0009_0049,CELL_0009_0049,WES,2023-03-02,11.43809,76.32232,961.8,32.3,63.8,0.897,0.442,BROADLEAF_HIGH_LITTER,0.15,-0.124,30.425,38.25,4.762499999999999,83.75,-4.734,-0.518,0.0,1.9000000000000001,79.46,0,0,0.5,41308.6,0
WES_CELL_0095_0123,CELL_0095_0123,WES,2023-03-02,11.82507,76.66372,1330.5,33.8,102.5,0.976,-0.216,BROADLEAF_HIGH_LITTER,0.15,-0.124,30.425,38.25,4.762499999999999,83.75,-4.734,-0.518,0.0,1.9000000000000001,79.46,0,0,0.7,32504.6,0
WES_CELL_0107_0075,CELL_0107_0075,WES,2023-03-02,11.88052,76.44375,1275.8,27.3,108.1,0.951,-0.311,BROADLEAF_HIGH_LITTER,0.171,-0.124,30.425,38.25,4.762499999999999,83.75,-4.734,-0.518,0.0,1.9000000000000001,79.46,0,0,0.5,24575.0,0
WES_CELL_0065_0017,CELL_0065_0017,WES,2023-03-02,11.69188,76.17673,1055.8,20.7,89.2,1.0,0.014,BROADLEAF_HIGH_LITTER,0.237,-0.124,30.425,38.25,4.762499999999999,83.75,-4.734,-0.518,0.0,1.9000000000000001,79.46,0,0,0.5,13798.8,0
WES_CELL_0124_0147,CELL_0124_0147,WES,2023-03-02,11.95547,76.77468,1453.2,13.2,115.5,0.903,-0.431,BROADLEAF_HIGH_LITTER,0.312,-0.124,30.425,38.25,4.762499999999999,83.75,-4.734,-0.518,0.0,1.9000000000000001,79.46,0,0,0.7,34821.2,0
WES_CELL_0011_0016,CELL_0011_0016,WES,2023-03-02,11.44778,76.17113,907.1,30.6,64.8,0.905,0.426,BROADLEAF_HIGH_LITTER,0.15,-0.124,30.425,38.25,4.762499999999999,83.75,-4.734,-0.518,0.0,1.9000000000000001,79.46,0,0,0.5,39826.9,0
WES_CELL_0071_0120,CELL_0071_0120,WES,2023-03-02,11.71668,76.6493,1259.7,11.0,91.7,1.0,-0.03,BROADLEAF_HIGH_LITTER,0.334,-0.124,30.425,38.25,4.762499999999999,83.75,-4.734,-0.518,0.0,1.9000000000000001,79.46,0,0,0.7,29870.8,0
WES_CELL_0106_0112,CELL_0106_0112,WES,2023-03-02,11.87508,76.61354,1340.5,28.7,107.5,0.954,-0.301,BROADLEAF_HIGH_LITTER,0.157,-0.124,30.425,38.25,4.762499999999999,83.75,-4.734,-0.518,0.0,1.9000000000000001,79.46,0,0,0.7,40178.0,0
WES_CELL_0051_0008,CELL_0051_0008,WES,2023-03-02,11.62876,76.13519,1001.3,33.9,82.9,0.992,0.124,BROADLEAF_HIGH_LITTER,0.15,-0.124,30.425,38.25,4.762499999999999,83.75,-4.734,-0.518,0.0,1.9000000000000001,79.46,0,0,0.5,22173.1,0
WES_CELL_0042_0119,CELL_0042_0119,WES,2023-03-02,11.58562,76.64395,1179.0,29.5,78.6,0.98,0.198,BROADLEAF_HIGH_LITTER,0.15,-0.124,30.425,38.25,4.762499999999999,83.75,-4.734,-0.518,0.0,1.9000000000000001,79.46,0,0,0.7,31696.5,0
WES_CELL_0061_0010,CELL_0061_0010,WES,2023-03-02,11.67393,76.14455,1032.2,26.5,87.4,0.999,0.045,BROADLEAF_HIGH_LITTER,0.179,-0.124,30.425,38.25,4.762499999999999,83.75,-4.734,-0.518,0.0,1.9000000000000001,79.46,0,0,0.5,17413.6,0
WES_CELL_0046_0079,CELL_0046_0079,WES,2023-03-02,11.60469,76.46066,1117.1,32.8,80.5,0.986,0.165,BROADLEAF_HIGH_LITTER,0.15,-0.124,30.425,38.25,4.762499999999999,83.75,-4.734,-0.518,0.0,1.9000000000000001,79.46,0,0,0.5,32959.6,0
WES_CELL_0007_0146,CELL_0007_0146,WES,2023-03-02,11.42671,76.76673,1132.7,33.5,62.7,0.889,0.459,BROADLEAF_HIGH_LITTER,0.15,-0.124,30.425,38.25,4.762499999999999,83.75,-4.734,-0.518,0.0,1.9000000000000001,79.46,0,0,0.7,32107.9,0
WES_CELL_0115_0036,CELL_0115_0036,WES,2023-03-02,11.91755,76.26492,1226.5,14.5,111.8,0.928,-0.371,BROADLEAF_HIGH_LITTER,0.299,-0.124,30.425,38.25,4.762499999999999,83.75,-4.734,-0.518,0.0,1.9000000000000001,79.46,0,0,0.5,13357.0,0
WES_CELL_0124_0060,CELL_0124_0060,WES,2023-03-02,11.95771,76.3753,1294.7,14.1,115.8,0.9,-0.435,BROADLEAF_HIGH_LITTER,0.303,-0.124,30.425,38.25,4.762499999999999,83.75,-4.734,-0.518,0.0,1.9000000000000001,79.46,0,0,0.5,23222.7,1
WES_CELL_0124_0061,CELL_0124_0061,WES,2023-03-02,11.95769,76.37989,1296.6,14.1,115.8,0.9,-0.435,BROADLEAF_HIGH_LITTER,0.303,-0.124,30.425,38.25,4.762499999999999,83.75,-4.734,-0.518,0.0,1.9000000000000001,79.46,0,0,0.5,23560.0,1
WES_CELL_0001_0064,CELL_0001_0064,WES,2023-03-02,11.40161,76.39088,967.3,33.5,60.2,0.868,0.497,BROADLEAF_HIGH_LITTER,0.15,-0.124,30.425,38.25,4.762499999999999,83.75,-4.734,-0.518,0.0,1.9000000000000001,79.46,0,0,0.5,47434.1,0
WES_CELL_0049_0109,CELL_0049_0109,WES,2023-03-02,11.61752,76.59828,1179.8,33.9,81.8,0.99,0.143,BROADLEAF_HIGH_LITTER,0.15,-0.124,30.425,38.25,4.762499999999999,83.75,-4.734,-0.518,0.0,1.9000000000000001,79.46,0,0,0.7,35746.9,0
WES_CELL_0033_0145,CELL_0033_0145,WES,2023-03-02,11.54425,76.76288,1201.7,16.3,74.4,0.963,0.269,BROADLEAF_HIGH_LITTER,0.281,-0.124,30.425,38.25,4.762499999999999,83.75,-4.734,-0.518,0.0,1.9000000000000001,79.46,0,0,0.7,22277.8,0
WES_CELL_0095_0070,CELL_0095_0070,WES,2023-03-02,11.82639,76.42053,1234.0,33.8,102.6,0.976,-0.218,BROADLEAF_HIGH_LITTER,0.15,-0.124,30.425,38.25,4.762499999999999,83.75,-4.734,-0.518,0.0,1.9000000000000001,79.46,0,0,0.5,20535.0,0
WES_CELL_0038_0017,CELL_0038_0017,WES,2023-03-02,11.56982,76.17622,982.4,25.3,77.0,0.974,0.225,BROADLEAF_HIGH_LITTER,0.191,-0.124,30.425,38.25,4.762499999999999,83.75,-4.734,-0.518,0.0,1.9000000000000001,79.46,0,0,0.5,26479.9,0
WES_CELL_0120_0061,CELL_0120_0061,WES,2023-03-02,11.93961,76.3798,1285.7,6.7,114.0,0.914,-0.407,BROADLEAF_HIGH_LITTER,0.377,-0.124,30.425,38.25,4.762499999999999,83.75,-4.734,-0.518,0.0,1.9000000000000001,79.46,0,0,0.5,22106.5,0
WES_CELL_0023_0026,CELL_0023_0026,WES,2023-03-02,11.50184,76.21719,958.0,13.2,70.2,0.941,0.339,BROADLEAF_HIGH_LITTER,0.312,-0.124,30.425,38.25,4.762499999999999,83.75,-4.734,-0.518,0.0,1.9000000000000001,79.46,0,0,0.5,33217.0,0
WES_CELL_0074_0109,CELL_0074_0109,WES,2023-03-02,11.73052,76.59893,1247.9,6.8,93.1,0.999,-0.054,BROADLEAF_HIGH_LITTER,0.376,-0.124,30.425,38.25,4.762499999999999,83.75,-4.734,-0.518,0.0,1.9000000000000001,79.46,0,0,0.7,35638.7,0
WES_CELL_0095_0080,CELL_0095_0080,WES,2023-03-02,11.82616,76.46641,1252.3,33.8,102.6,0.976,-0.218,BROADLEAF_HIGH_LITTER,0.15,-0.124,30.425,38.25,4.762499999999999,83.75,-4.734,-0.518,0.0,1.9000000000000001,79.46,0,0,0.5,25585.1,0
WES_CELL_0072_0043,CELL_0072_0043,WES,2023-03-02,11.72301,76.29614,1122.3,8.3,92.3,0.999,-0.04,BROADLEAF_HIGH_LITTER,0.361,-0.124,30.425,38.25,4.762499999999999,83.75,-4.734,-0.518,0.0,1.9000000000000001,79.46,0,0,0.5,10787.6,0
WES_CELL_0116_0058,CELL_0116_0058,WES,2023-03-03,11.92159,76.36593,1269.3,12.8,112.2,0.926,-0.378,BROADLEAF_HIGH_LITTER,0.307,-0.194,31.0,29.5,5.7375,85.0,-5.716,-0.5,0.0,1.9000000000000001,96.14,2,2,0.6,4043.9,0
WES_CELL_0099_0121,CELL_0099_0121,WES,2023-03-03,11.84321,76.65465,1337.8,33.7,104.3,0.969,-0.247,BROADLEAF_HIGH_LITTER,0.15,-0.194,31.0,29.5,5.7375,85.0,-5.716,-0.5,0.0,1.9000000000000001,96.14,0,0,0.6,33205.4,0
WES_CELL_0079_0131,CELL_0079_0131,WES,2023-03-03,11.75254,76.69998,1301.5,15.8,95.3,0.996,-0.092,BROADLEAF_HIGH_LITTER,0.277,-0.194,31.0,29.5,5.7375,85.0,-5.716,-0.5,0.0,1.9000000000000001,96.14,0,0,1.7,25389.5,0
WES_CELL_0006_0109,CELL_0006_0109,WES,2023-03-03,11.42316,76.59718,1062.8,33.8,62.3,0.885,0.465,BROADLEAF_HIGH_LITTER,0.15,-0.194,31.0,29.5,5.7375,85.0,-5.716,-0.5,0.0,1.9000000000000001,96.14,0,0,1.7,45023.1,0
WES_CELL_0079_0135,CELL_0079_0135,WES,2023-03-03,11.75243,76.71832,1308.8,15.8,95.2,0.996,-0.091,BROADLEAF_HIGH_LITTER,0.277,-0.194,31.0,29.5,5.7375,85.0,-5.716,-0.5,0.0,1.9000000000000001,96.14,0,0,1.7,23479.4,0
WES_CELL_0096_0079,CELL_0096_0079,WES,2023-03-03,11.83071,76.46185,1253.2,34.0,103.1,0.974,-0.227,BROADLEAF_HIGH_LITTER,0.15,-0.194,31.0,29.5,5.7375,85.0,-5.716,-0.5,0.0,1.9000000000000001,96.14,0,0,0.6,16767.3,0
WES_CELL_0083_0037,CELL_0083_0037,WES,2023-03-03,11.77286,76.26884,1141.3,23.3,97.3,0.992,-0.127,BROADLEAF_HIGH_LITTER,0.202,-0.194,31.0,29.5,5.7375,85.0,-5.716,-0.5,0.0,1.9000000000000001,96.14,1,1,1.2,4643.3,0
WES_CELL_0073_0043,CELL_0073_0043,WES,2023-03-03,11.72753,76.29616,1125.0,6.5,92.8,0.999,-0.049,BROADLEAF_HIGH_LITTER,0.37,-0.194,31.0,29.5,5.7375,85.0,-5.716,-0.5,0.0,1.9000000000000001,96.14,0,0,1.2,10394.0,0
WES_CELL_0103_0033,CELL_0103_0033,WES,2023-03-03,11.86336,76.2509,1188.4,31.2,106.3,0.96,-0.281,BROADLEAF_HIGH_LITTER,0.15,-0.194,31.0,29.5,5.7375,85.0,-5.716,-0.5,0.0,1.9000000000000001,96.14,0,0,1.2,7147.1,0
WES_CELL_0073_0045,CELL_0073_0045,WES,2023-03-03,11.72749,76.30533,1128.6,6.5,92.7,0.999,-0.047,BROADLEAF_HIGH_LITTER,0.37,-0.194,31.0,29.5,5.7375,85.0,-5.716,-0.5,0.0,1.9000000000000001,96.14,0,0,1.2,11065.2,0
WES_CELL_0119_0135,CELL_0119_0135,WES,2023-03-03,11.93322,76.71945,1417.7,8.0,113.3,0.918,-0.396,BROADLEAF_HIGH_LITTER,0.355,-0.194,31.0,29.5,5.7375,85.0,-5.716,-0.5,0.0,1.9000000000000001,96.14,0,0,1.7,35965.9,0
WES_CELL_0076_0109,CELL_0076_0109,WES,2023-03-03,11.73956,76.59898,1253.3,10.6,94.0,0.998,-0.07,BROADLEAF_HIGH_LITTER,0.329,-0.194,31.0,29.5,5.7375,85.0,-5.716,-0.5,0.0,1.9000000000000001,96.14,0,0,0.6,34372.4,0
WES_CELL_0003_0088,CELL_0003_0088,WES,2023-03-03,11.41011,76.50089,1016.4,33.9,61.0,0.875,0.485,BROADLEAF_HIGH_LITTER,0.15,-0.194,31.0,29.5,5.7375,85.0,-5.716,-0.5,0.0,1.9000000000000001,96.14,0,0,1.2,52274.7,0
WES_CELL_0070_0012,CELL_0070_0012,WES,2023-03-03,11.71458,76.15389,1060.3,11.8,91.5,1.0,-0.026,BROADLEAF_HIGH_LITTER,0.317,-0.194,31.0,29.5,5.7375,85.0,-5.716,-0.5,0.0,1.9000000000000001,96.14,0,0,1.2,13289.3,0
WES_CELL_0123_0045,CELL_0123_0045,WES,2023-03-03,11.95352,76.30641,1264.7,12.4,115.4,0.903,-0.429,BROADLEAF_HIGH_LITTER,0.311,-0.194,31.0,29.5,5.7375,85.0,-5.716,-0.5,0.0,1.9000000000000001,96.14,0,0,0.6,7845.3,0
WES_CELL_0073_0070,CELL_0073_0070,WES,2023-03-03,11.72695,76.42002,1174.2,6.7,92.7,0.999,-0.047,BROADLEAF_HIGH_LITTER,0.368,-0.194,31.0,29.5,5.7375,85.0,-5.716,-0.5,0.0,1.9000000000000001,96.14,0,0,1.2,21853.1,0
WES_CELL_0033_0090,CELL_0033_0090,WES,2023-03-03,11.54567,76.51078,1101.7,16.8,74.6,0.964,0.266,BROADLEAF_HIGH_LITTER,0.267,-0.194,31.0,29.5,5.7375,85.0,-5.716,-0.5,0.0,1.9000000000000001,96.14,0,0,1.2,41480.7,1
WES_CELL_0020_0047,CELL_0020_0047,WES,2023-03-03,11.48786,76.31339,988.1,18.7,68.8,0.932,0.362,BROADLEAF_HIGH_LITTER,0.248,-0.194,31.0,29.5,5.7375,85.0,-5.716,-0.5,0.0,1.9000000000000001,96.14,0,0,1.2,35704.9,0
WES_CELL_0076_0127,CELL_0076_0127,WES,2023-03-03,11.73909,76.68155,1286.1,10.4,93.9,0.998,-0.068,BROADLEAF_HIGH_LITTER,0.331,-0.194,31.0,29.5,5.7375,85.0,-5.716,-0.5,0.0,1.9000000000000001,96.14,0,0,1.7,26889.8,0
WES_CELL_0093_0072,CELL_0093_0072,WES,2023-03-03,11.81731,76.42966,1232.2,33.2,101.7,0.979,-0.203,BROADLEAF_HIGH_LITTER,0.15,-0.194,31.0,29.5,5.7375,85.0,-5.716,-0.5,0.0,1.9000000000000001,96.14,0,0,0.6,16453.1,0
WES_CELL_0093_0076,CELL_0093_0076,WES,2023-03-03,11.81721,76.44801,1239.5,33.2,101.7,0.979,-0.203,BROADLEAF_HIGH_LITTER,0.15,-0.194,31.0,29.5,5.7375,85.0,-5.716,-0.5,0.0,1.9000000000000001,96.14,0,0,0.6,17283.2,0
WES_CELL_0017_0008,CELL_0017_0008,WES,2023-03-03,11.47504,76.13457,908.9,23.2,67.5,0.924,0.383,BROADLEAF_HIGH_LITTER,0.203,-0.194,31.0,29.5,5.7375,85.0,-5.716,-0.5,0.0,1.9000000000000001,96.14,0,0,1.2,37874.8,0
WES_CELL_0083_0088,CELL_0083_0088,WES,2023-03-03,11.77173,76.50283,1234.2,22.9,97.2,0.992,-0.125,BROADLEAF_HIGH_LITTER,0.206,-0.194,31.0,29.5,5.7375,85.0,-5.716,-0.5,0.0,1.9000000000000001,96.14,0,0,0.6,24738.4,0
WES_CELL_0033_0111,CELL_0033_0111,WES,2023-03-03,11.54515,76.60704,1139.9,16.6,74.5,0.964,0.267,BROADLEAF_HIGH_LITTER,0.269,-0.194,31.0,29.5,5.7375,85.0,-5.716,-0.5,0.0,1.9000000000000001,96.14,0,0,1.7,37113.5,0
WES_CELL_0120_0036,CELL_0120_0036,WES,2023-03-03,11.94015,76.26502,1240.1,6.9,114.0,0.914,-0.407,BROADLEAF_HIGH_LITTER,0.366,-0.194,31.0,29.5,5.7375,85.0,-5.716,-0.5,0.0,1.9000000000000001,96.14,0,0,0.6,12579.3,0
WES_CELL_0120_0039,CELL_0120_0039,WES,2023-03-03,11.94009,76.2788,1245.6,6.9,114.0,0.914,-0.407,BROADLEAF_HIGH_LITTER,0.366,-0.194,31.0,29.5,5.7375,85.0,-5.716,-0.5,0.0,1.9000000000000001,96.14,0,0,0.6,11073.2,0
WES_CELL_0000_0090,CELL_0000_0090,WES,2023-03-03,11.3965,76.50999,1011.9,33.0,59.6,0.863,0.506,BROADLEAF_HIGH_LITTER,0.15,-0.194,31.0,29.5,5.7375,85.0,-5.716,-0.5,0.0,1.9000000000000001,96.14,0,0,1.2,54091.3,0
WES_CELL_0100_0050,CELL_0100_0050,WES,2023-03-03,11.84944,76.32886,1211.2,33.2,104.9,0.966,-0.257,BROADLEAF_HIGH_LITTER,0.15,-0.194,31.0,29.5,5.7375,85.0,-5.716,-0.5,0.0,1.9000000000000001,96.14,0,0,1.2,11522.6,0
WES_CELL_0120_0054,CELL_0120_0054,WES,2023-03-03,11.93976,76.34766,1272.9,6.7,114.0,0.914,-0.407,BROADLEAF_HIGH_LITTER,0.368,-0.194,31.0,29.5,5.7375,85.0,-5.716,-0.5,0.0,1.9000000000000001,96.14,2,2,0.6,3787.8,0
WES_CELL_0033_0143,CELL_0033_0143,WES,2023-03-03,11.5443,76.75371,1198.1,16.3,74.4,0.963,0.269,BROADLEAF_HIGH_LITTER,0.272,-0.194,31.0,29.5,5.7375,85.0,-5.716,-0.5,0.0,1.9000000000000001,96.14,0,0,1.7,23055.4,0
WES_CELL_0037_0043,CELL_0037_0043,WES,2023-03-03,11.56479,76.29541,1027.0,23.7,76.5,0.972,0.233,BROADLEAF_HIGH_LITTER,0.198,-0.194,31.0,29.5,5.7375,85.0,-5.716,-0.5,0.0,1.9000000000000001,96.14,0,0,1.2,26935.7,0
WES_CELL_0113_0116,CELL_0113_0116,WES,2023-03-03,11.90662,76.63208,1366.8,18.7,110.7,0.935,-0.353,BROADLEAF_HIGH_LITTER,0.248,-0.194,31.0,29.5,5.7375,85.0,-5.716,-0.5,0.0,1.9000000000000001,96.14,0,0,0.6,28774.4,0
WES_CELL_0127_0008,CELL_0127_0008,WES,2023-03-03,11.97234,76.13661,1208.0,19.8,117.2,0.889,-0.457,BROADLEAF_HIGH_LITTER,0.237,-0.194,31.0,29.5,5.7375,85.0,-5.716,-0.5,0.0,1.9000000000000001,96.14,0,0,1.2,22120.0,0
WES_CELL_0000_0114,CELL_0000_0114,WES,2023-03-03,11.39591,76.61994,1055.5,32.9,59.6,0.863,0.506,BROADLEAF_HIGH_LITTER,0.15,-0.194,31.0,29.5,5.7375,85.0,-5.716,-0.5,0.0,1.9000000000000001,96.14,0,0,1.7,45093.0,1
WES_CELL_0000_0115,CELL_0000_0115,WES,2023-03-03,11.39589,76.62452,1057.3,32.9,59.6,0.863,0.506,BROADLEAF_HIGH_LITTER,0.15,-0.194,31.0,29.5,5.7375,85.0,-5.716,-0.5,0.0,1.9000000000000001,96.14,0,0,1.7,44726.7,1
WES_CELL_0000_0116,CELL_0000_0116,WES,2023-03-03,11.39586,76.6291,1059.2,32.9,59.6,0.863,0.506,BROADLEAF_HIGH_LITTER,0.15,-0.194,31.0,29.5,5.7375,85.0,-5.716,-0.5,0.0,1.9000000000000001,96.14,0,0,1.7,44363.4,1
WES_CELL_0000_0117,CELL_0000_0117,WES,2023-03-03,11.39584,76.63368,1061.0,32.9,59.6,0.863,0.506,BROADLEAF_HIGH_LITTER,0.15,-0.194,31.0,29.5,5.7375,85.0,-5.716,-0.5,0.0,1.9000000000000001,96.14,0,0,1.7,44002.8,1
WES_CELL_0070_0090,CELL_0070_0090,WES,2023-03-03,11.71292,76.51168,1202.4,12.5,91.3,1.0,-0.023,BROADLEAF_HIGH_LITTER,0.31,-0.194,31.0,29.5,5.7375,85.0,-5.716,-0.5,0.0,1.9000000000000001,96.14,0,0,0.6,30823.5,0
WES_CELL_0010_0115,CELL_0010_0115,WES,2023-03-03,11.44109,76.62478,1084.6,31.8,64.1,0.9,0.437,BROADLEAF_HIGH_LITTER,0.15,-0.194,31.0,29.5,5.7375,85.0,-5.716,-0.5,0.0,1.9000000000000001,96.14,0,0,1.7,41387.8,0
WES_CELL_0044_0000,CELL_0044_0000,WES,2023-03-03,11.59725,76.09838,967.7,31.8,79.7,0.984,0.179,BROADLEAF_HIGH_LITTER,0.15,-0.194,31.0,29.5,5.7375,85.0,-5.716,-0.5,0.0,1.9000000000000001,96.14,0,0,1.2,27322.4,0
WES_CELL_0063_0149,CELL_0063_0149,WES,2023-03-03,11.67972,76.78208,1290.7,24.7,88.0,0.999,0.035,BROADLEAF_HIGH_LITTER,0.188,-0.194,31.0,29.5,5.7375,85.0,-5.716,-0.5,0.0,1.9000000000000001,96.14,0,0,1.7,14781.8,0
WES_CELL_0087_0039,CELL_0087_0039,WES,2023-03-03,11.79091,76.2781,1155.8,28.5,99.1,0.987,-0.158,BROADLEAF_HIGH_LITTER,0.15,-0.194,31.0,29.5,5.7375,85.0,-5.716,-0.5,0.0,1.9000000000000001,96.14,1,1,1.2,4643.8,0
WES_CELL_0027_0065,CELL_0027_0065,WES,2023-03-03,11.51912,76.39604,1039.9,6.0,71.9,0.951,0.311,BROADLEAF_HIGH_LITTER,0.375,-0.194,31.0,29.5,5.7375,85.0,-5.716,-0.5,0.0,1.9000000000000001,96.14,0,0,1.2,35849.0,0
WES_CELL_0037_0070,CELL_0037_0070,WES,2023-03-03,11.56421,76.41919,1076.2,23.5,76.4,0.972,0.235,BROADLEAF_HIGH_LITTER,0.2,-0.194,31.0,29.5,5.7375,85.0,-5.716,-0.5,0.0,1.9000000000000001,96.14,0,0,1.2,33086.8,1
WES_CELL_0067_0058,CELL_0067_0058,WES,2023-03-03,11.70009,76.36484,1136.0,17.6,90.0,1.0,0.0,BROADLEAF_HIGH_LITTER,0.259,-0.194,31.0,29.5,5.7375,85.0,-5.716,-0.5,0.0,1.9000000000000001,96.14,0,0,1.2,18006.0,0
WES_CELL_0120_0096,CELL_0120_0096,WES,2023-03-03,11.93877,76.54046,1349.5,6.3,113.9,0.914,-0.405,BROADLEAF_HIGH_LITTER,0.372,-0.194,31.0,29.5,5.7375,85.0,-5.716,-0.5,0.0,1.9000000000000001,96.14,0,0,0.6,18177.8,1
WES_CELL_0130_0092,CELL_0130_0092,WES,2023-03-03,11.98408,76.52236,1369.4,23.8,118.4,0.88,-0.476,BROADLEAF_HIGH_LITTER,0.197,-0.194,31.0,29.5,5.7375,85.0,-5.716,-0.5,0.0,1.9000000000000001,96.14,0,0,0.6,16363.0,0
WES_CELL_0024_0036,CELL_0024_0036,WES,2023-03-03,11.50616,76.26305,978.9,11.4,70.6,0.943,0.332,BROADLEAF_HIGH_LITTER,0.321,-0.194,31.0,29.5,5.7375,85.0,-5.716,-0.5,0.0,1.9000000000000001,96.14,0,0,1.2,32785.7,0
WES_CELL_0027_0087,CELL_0027_0087,WES,2023-03-03,11.51862,76.49688,1079.9,6.2,71.9,0.951,0.311,BROADLEAF_HIGH_LITTER,0.373,-0.194,31.0,29.5,5.7375,85.0,-5.716,-0.5,0.0,1.9000000000000001,96.14,0,0,1.2,42523.3,0
WES_CELL_0120_0106,CELL_0120_0106,WES,2023-03-03,11.93852,76.58637,1367.7,6.2,113.9,0.914,-0.405,BROADLEAF_HIGH_LITTER,0.373,-0.194,31.0,29.5,5.7375,85.0,-5.716,-0.5,0.0,1.9000000000000001,96.14,0,0,0.6,23253.2,0
WES_CELL_0110_0115,CELL_0110_0115,WES,2023-03-03,11.89308,76.62741,1356.8,23.5,109.3,0.944,-0.331,BROADLEAF_HIGH_LITTER,0.2,-0.194,31.0,29.5,5.7375,85.0,-5.716,-0.5,0.0,1.9000000000000001,96.14,0,0,0.6,28595.5,0
WES_CELL_0017_0101,CELL_0017_0101,WES,2023-03-03,11.47308,76.5608,1078.2,23.9,67.3,0.923,0.386,BROADLEAF_HIGH_LITTER,0.196,-0.194,31.0,29.5,5.7375,85.0,-5.716,-0.5,0.0,1.9000000000000001,96.14,0,0,1.7,45270.2,0
WES_CELL_0094_0023,CELL_0094_0023,WES,2023-03-03,11.82287,76.20482,1145.7,33.7,102.3,0.977,-0.213,BROADLEAF_HIGH_LITTER,0.15,-0.194,31.0,29.5,5.7375,85.0,-5.716,-0.5,0.0,1.9000000000000001,96.14,1,1,1.2,4388.5,0
WES_CELL_0047_0093,CELL_0047_0093,WES,2023-03-03,11.60888,76.52487,1145.3,33.3,80.9,0.987,0.158,BROADLEAF_HIGH_LITTER,0.15,-0.194,31.0,29.5,5.7375,85.0,-5.716,-0.5,0.0,1.9000000000000001,96.14,0,0,1.2,38347.1,0
WES_CELL_0120_0117,CELL_0120_0117,WES,2023-03-03,11.93823,76.63686,1387.7,6.1,113.8,0.915,-0.404,BROADLEAF_HIGH_LITTER,0.374,-0.194,31.0,29.5,5.7375,85.0,-5.716,-0.5,0.0,1.9000000000000001,96.14,0,0,0.6,28844.0,0
WES_CELL_0024_0057,CELL_0024_0057,WES,2023-03-03,11.50573,76.35931,1017.2,11.6,70.6,0.943,0.332,BROADLEAF_HIGH_LITTER,0.319,-0.194,31.0,29.5,5.7375,85.0,-5.716,-0.5,0.0,1.9000000000000001,96.14,0,0,1.2,35399.7,0
WES_CELL_0104_0027,CELL_0104_0027,WES,2023-03-03,11.868,76.22338,1180.2,30.3,106.8,0.957,-0.289,BROADLEAF_HIGH_LITTER,0.15,-0.194,31.0,29.5,5.7375,85.0,-5.716,-0.5,0.0,1.9000000000000001,96.14,0,0,1.2,7661.2,0
WES_CELL_0124_0019,CELL_0124_0019,WES,2023-03-03,11.95857,76.18706,1220.0,14.5,115.9,0.9,-0.437,BROADLEAF_HIGH_LITTER,0.29,-0.194,31.0,29.5,5.7375,85.0,-5.716,-0.5,0.0,1.9000000000000001,96.14,0,0,1.2,18422.5,0
WES_CELL_0071_0007,CELL_0071_0007,WES,2023-03-03,11.71919,76.13097,1053.9,9.9,91.9,0.999,-0.033,BROADLEAF_HIGH_LITTER,0.336,-0.194,31.0,29.5,5.7375,85.0,-5.716,-0.5,0.0,1.9000000000000001,96.14,0,0,1.2,14856.8,0
WES_CELL_0097_0100,CELL_0097_0100,WES,2023-03-03,11.83471,76.55823,1294.1,34.0,103.5,0.972,-0.233,BROADLEAF_HIGH_LITTER,0.15,-0.194,31.0,29.5,5.7375,85.0,-5.716,-0.5,0.0,1.9000000000000001,96.14,0,0,0.6,24155.4,0
WES_CELL_0074_0057,CELL_0074_0057,WES,2023-03-03,11.73176,76.3604,1153.2,7.3,93.2,0.998,-0.056,BROADLEAF_HIGH_LITTER,0.362,-0.194,31.0,29.5,5.7375,85.0,-5.716,-0.5,0.0,1.9000000000000001,96.14,0,0,1.2,15640.0,0
WES_CELL_0107_0098,CELL_0107_0098,WES,2023-03-03,11.87996,76.54931,1317.7,27.4,108.0,0.951,-0.309,BROADLEAF_HIGH_LITTER,0.161,-0.194,31.0,29.5,5.7375,85.0,-5.716,-0.5,0.0,1.9000000000000001,96.14,0,0,0.6,20847.7,0
WES_CELL_0061_0014,CELL_0061_0014,WES,2023-03-03,11.67386,76.1629,1039.5,26.5,87.4,0.999,0.045,BROADLEAF_HIGH_LITTER,0.17,-0.194,31.0,29.5,5.7375,85.0,-5.716,-0.5,0.0,1.9000000000000001,96.14,0,0,1.2,16298.8,0
WES_CELL_0064_0065,CELL_0064_0065,WES,2023-03-03,11.68637,76.39687,1140.6,22.6,88.6,1.0,0.024,BROADLEAF_HIGH_LITTER,0.209,-0.194,31.0,29.5,5.7375,85.0,-5.716,-0.5,0.0,1.9000000000000001,96.14,0,0,1.2,21765.3,0
WES_CELL_0027_0135,CELL_0027_0135,WES,2023-03-03,11.5174,76.71688,1167.2,6.7,71.7,0.949,0.314,BROADLEAF_HIGH_LITTER,0.368,-0.194,31.0,29.5,5.7375,85.0,-5.716,-0.5,0.0,1.9000000000000001,96.14,0,0,1.7,28112.9,0
WES_CELL_0091_0008,CELL_0091_0008,WES,2023-03-03,11.80959,76.13593,1110.1,32.2,101.0,0.982,-0.191,BROADLEAF_HIGH_LITTER,0.15,-0.194,31.0,29.5,5.7375,85.0,-5.716,-0.5,0.0,1.9000000000000001,96.14,0,0,1.2,11304.7,0
WES_CELL_0007_0145,CELL_0007_0145,WES,2023-03-03,11.42673,76.76215,1130.9,33.5,62.7,0.889,0.459,BROADLEAF_HIGH_LITTER,0.15,-0.194,31.0,29.5,5.7375,85.0,-5.716,-0.5,0.0,1.9000000000000001,96.14,0,0,1.7,32369.1,0
WES_CELL_0130_0148,CELL_0130_0148,WES,2023-03-03,11.98256,76.77945,1471.3,23.3,118.3,0.88,-0.474,BROADLEAF_HIGH_LITTER,0.202,-0.194,31.0,29.5,5.7375,85.0,-5.716,-0.5,0.0,1.9000000000000001,96.14,0,0,1.7,37317.1,0
WES_CELL_0134_0043,CELL_0134_0043,WES,2023-03-03,12.00329,76.29746,1291.0,29.2,120.3,0.863,-0.505,BROADLEAF_HIGH_LITTER,0.15,-0.194,31.0,29.5,5.7375,85.0,-5.716,-0.5,0.0,1.9000000000000001,96.14,0,0,0.6,10159.6,0
WES_CELL_0064_0075,CELL_0064_0075,WES,2023-03-03,11.68615,76.44274,1158.8,22.7,88.6,1.0,0.024,BROADLEAF_HIGH_LITTER,0.208,-0.194,31.0,29.5,5.7375,85.0,-5.716,-0.5,0.0,1.9000000000000001,96.14,0,0,1.2,26087.7,0
WES_CELL_0074_0079,CELL_0074_0079,WES,2023-03-03,11.73126,76.46132,1193.3,7.1,93.1,0.999,-0.054,BROADLEAF_HIGH_LITTER,0.364,-0.194,31.0,29.5,5.7375,85.0,-5.716,-0.5,0.0,1.9000000000000001,96.14,0,0,1.2,26017.8,0
WES_CELL_0064_0087,CELL_0064_0087,WES,2023-03-03,11.68587,76.49778,1180.6,22.7,88.6,1.0,0.024,BROADLEAF_HIGH_LITTER,0.208,-0.194,31.0,29.5,5.7375,85.0,-5.716,-0.5,0.0,1.9000000000000001,96.14,0,0,1.2,31578.7,0
WES_CELL_0031_0051,CELL_0031_0051,WES,2023-03-03,11.5375,76.33195,1025.3,13.6,73.8,0.96,0.279,BROADLEAF_HIGH_LITTER,0.299,-0.194,31.0,29.5,5.7375,85.0,-5.716,-0.5,0.0,1.9000000000000001,96.14,0,0,1.2,31014.4,1
WES_CELL_0081_0033,CELL_0081_0033,WES,2023-03-03,11.7639,76.25045,1128.5,20.1,96.4,0.994,-0.111,BROADLEAF_HIGH_LITTER,0.234,-0.194,31.0,29.5,5.7375,85.0,-5.716,-0.5,0.0,1.9000000000000001,96.14,1,1,1.2,4304.8,0
WES_CELL_0081_0035,CELL_0081_0035,WES,2023-03-03,11.76386,76.25962,1132.2,20.1,96.4,0.994,-0.111,BROADLEAF_HIGH_LITTER,0.234,-0.194,31.0,29.5,5.7375,85.0,-5.716,-0.5,0.0,1.9000000000000001,96.14,1,1,1.2,4750.2,0
WES_CELL_0024_0111,CELL_0024_0111,WES,2023-03-03,11.50447,76.60681,1115.4,12.1,70.4,0.942,0.335,BROADLEAF_HIGH_LITTER,0.314,-0.194,31.0,29.5,5.7375,85.0,-5.716,-0.5,0.0,1.9000000000000001,96.14,0,0,1.7,39111.5,0
WES_CELL_0121_0022,CELL_0121_0022,WES,2023-03-03,11.94495,76.20077,1217.3,8.9,114.5,0.91,-0.415,BROADLEAF_HIGH_LITTER,0.346,-0.194,31.0,29.5,5.7375,85.0,-5.716,-0.5,0.0,1.9000000000000001,96.14,0,0,1.2,16550.1,0
WES_CELL_0087_0139,CELL_0087_0139,WES,2023-03-03,11.78848,76.7369,1337.8,27.9,98.8,0.988,-0.153,BROADLEAF_HIGH_LITTER,0.156,-0.194,31.0,29.5,5.7375,85.0,-5.716,-0.5,0.0,1.9000000000000001,96.14,0,0,1.7,23457.1,0
WES_CELL_0107_0131,CELL_0107_0131,WES,2023-03-03,11.87909,76.70076,1377.8,27.7,107.9,0.952,-0.307,BROADLEAF_HIGH_LITTER,0.158,-0.194,31.0,29.5,5.7375,85.0,-5.716,-0.5,0.0,1.9000000000000001,96.14,0,0,1.7,32858.7,0
WES_CELL_0001_0080,CELL_0001_0080,WES,2023-03-03,11.40125,76.46419,996.4,33.5,60.1,0.867,0.498,BROADLEAF_HIGH_LITTER,0.15,-0.194,31.0,29.5,5.7375,85.0,-5.716,-0.5,0.0,1.9000000000000001,96.14,0,0,1.2,50961.2,0
WES_CELL_0064_0112,CELL_0064_0112,WES,2023-03-03,11.68525,76.61243,1226.1,23.0,88.5,1.0,0.026,BROADLEAF_HIGH_LITTER,0.205,-0.194,31.0,29.5,5.7375,85.0,-5.716,-0.5,0.0,1.9000000000000001,96.14,0,0,1.7,33622.5,0
WES_CELL_0124_0088,CELL_0124_0088,WES,2023-03-03,11.95705,76.50384,1345.8,13.9,115.7,0.901,-0.434,BROADLEAF_HIGH_LITTER,0.296,-0.194,31.0,29.5,5.7375,85.0,-5.716,-0.5,0.0,1.9000000000000001,96.14,0,0,0.6,14011.0,0
WES_CELL_0084_0108,CELL_0084_0108,WES,2023-03-03,11.77575,76.5946,1273.3,24.2,97.6,0.991,-0.132,BROADLEAF_HIGH_LITTER,0.193,-0.194,31.0,29.5,5.7375,85.0,-5.716,-0.5,0.0,1.9000000000000001,96.14,0,0,0.6,31318.7,0
WES_CELL_0081_0062,CELL_0081_0062,WES,2023-03-03,11.76329,76.3835,1181.4,19.9,96.3,0.994,-0.11,BROADLEAF_HIGH_LITTER,0.236,-0.194,31.0,29.5,5.7375,85.0,-5.716,-0.5,0.0,1.9000000000000001,96.14,0,0,1.2,16736.4,0
WES_CELL_0101_0059,CELL_0101_0059,WES,2023-03-03,11.85376,76.37018,1230.3,32.7,105.4,0.964,-0.266,BROADLEAF_HIGH_LITTER,0.15,-0.194,31.0,29.5,5.7375,85.0,-5.716,-0.5,0.0,1.9000000000000001,96.14,0,0,0.6,11389.1,0
WES_CELL_0101_0063,CELL_0101_0063,WES,2023-03-03,11.85368,76.38854,1237.6,32.7,105.4,0.964,-0.266,BROADLEAF_HIGH_LITTER,0.15,-0.194,31.0,29.5,5.7375,85.0,-5.716,-0.5,0.0,1.9000000000000001,96.14,0,0,0.6,11433.5,0
WES_CELL_0064_0130,CELL_0064_0130,WES,2023-03-03,11.68477,76.69497,1258.9,23.1,88.5,1.0,0.026,BROADLEAF_HIGH_LITTER,0.204,-0.194,31.0,29.5,5.7375,85.0,-5.716,-0.5,0.0,1.9000000000000001,96.14,0,0,1.7,24464.7,0
WES_CELL_0131_0051,CELL_0131_0051,WES,2023-03-03,11.98955,76.33413,1297.4,25.5,119.0,0.875,-0.485,BROADLEAF_HIGH_LITTER,0.18,-0.194,31.0,29.5,5.7375,85.0,-5.716,-0.5,0.0,1.9000000000000001,96.14,0,0,0.6,5910.0,0
WES_CELL_0025_0000,CELL_0025_0000,WES,2023-03-03,11.51135,76.09805,916.0,9.3,71.1,0.946,0.324,BROADLEAF_HIGH_LITTER,0.342,-0.194,31.0,29.5,5.7375,85.0,-5.716,-0.5,0.0,1.9000000000000001,96.14,0,0,1.2,35617.4,0
WES_CELL_0108_0020,CELL_0108_0020,WES,2023-03-03,11.88622,76.19133,1178.3,25.6,108.6,0.948,-0.319,BROADLEAF_HIGH_LITTER,0.179,-0.194,31.0,29.5,5.7375,85.0,-5.716,-0.5,0.0,1.9000000000000001,96.14,0,0,1.2,10808.7,0
WES_CELL_0001_0117,CELL_0001_0117,WES,2023-03-03,11.40036,76.63371,1063.7,33.4,60.0,0.866,0.5,BROADLEAF_HIGH_LITTER,0.15,-0.194,31.0,29.5,5.7375,85.0,-5.716,-0.5,0.0,1.9000000000000001,96.14,0,0,1.7,43648.9,1
WES_CELL_0038_0052,CELL_0038_0052,WES,2023-03-03,11.56912,76.33669,1046.2,25.1,76.9,0.974,0.227,BROADLEAF_HIGH_LITTER,0.184,-0.194,31.0,29.5,5.7375,85.0,-5.716,-0.5,0.0,1.9000000000000001,96.14,0,0,1.2,27940.1,0
WES_CELL_0035_0005,CELL_0035_0005,WES,2023-03-03,11.55648,76.12115,952.3,20.9,75.6,0.969,0.249,BROADLEAF_HIGH_LITTER,0.226,-0.194,31.0,29.5,5.7375,85.0,-5.716,-0.5,0.0,1.9000000000000001,96.14,0,0,1.2,29992.5,0
WES_CELL_0031_0110,CELL_0031_0110,WES,2023-03-03,11.53613,76.60241,1132.6,13.0,73.6,0.959,0.282,BROADLEAF_HIGH_LITTER,0.305,-0.194,31.0,29.5,5.7375,85.0,-5.716,-0.5,0.0,1.9000000000000001,96.14,0,0,1.7,37983.0,0
WES_CELL_0131_0071,CELL_0131_0071,WES,2023-03-03,11.9891,76.42596,1333.8,25.4,118.9,0.875,-0.483,BROADLEAF_HIGH_LITTER,0.181,-0.194,31.0,29.5,5.7375,85.0,-5.716,-0.5,0.0,1.9000000000000001,96.14,0,0,0.6,6448.8,0
WES_CELL_0078_0043,CELL_0078_0043,WES,2023-03-03,11.75014,76.29627,1138.6,14.9,95.0,0.996,-0.087,BROADLEAF_HIGH_LITTER,0.286,-0.194,31.0,29.5,5.7375,85.0,-5.716,-0.5,0.0,1.9000000000000001,96.14,0,0,1.2,8596.0,0
WES_CELL_0094_0139,CELL_0094_0139,WES,2023-03-03,11.82011,76.7371,1356.9,33.5,102.0,0.978,-0.208,BROADLEAF_HIGH_LITTER,0.15,-0.194,31.0,29.5,5.7375,85.0,-5.716,-0.5,0.0,1.9000000000000001,96.14,0,0,1.7,25498.6,0
WES_CELL_0071_0100,CELL_0071_0100,WES,2023-03-03,11.71719,76.55757,1223.3,10.8,91.7,1.0,-0.03,BROADLEAF_HIGH_LITTER,0.327,-0.194,31.0,29.5,5.7375,85.0,-5.716,-0.5,0.0,1.9000000000000001,96.14,0,0,0.6,33200.1,0
WES_CELL_0018_0072,CELL_0018_0072,WES,2023-03-03,11.47828,76.42792,1028.1,22.1,67.8,0.926,0.378,BROADLEAF_HIGH_LITTER,0.214,-0.194,31.0,29.5,5.7375,85.0,-5.716,-0.5,0.0,1.9000000000000001,96.14,0,0,1.2,41544.8,0
WES_CELL_0051_0111,CELL_0051_0111,WES,2023-03-03,11.62651,76.60751,1188.9,34.0,82.7,0.992,0.127,BROADLEAF_HIGH_LITTER,0.15,-0.194,31.0,29.5,5.7375,85.0,-5.716,-0.5,0.0,1.9000000000000001,96.14,0,0,1.7,34570.9,0
WES_CELL_0101_0094,CELL_0101_0094,WES,2023-03-03,11.85294,76.5308,1294.1,32.8,105.3,0.965,-0.264,BROADLEAF_HIGH_LITTER,0.15,-0.194,31.0,29.5,5.7375,85.0,-5.716,-0.5,0.0,1.9000000000000001,96.14,0,0,0.6,20499.5,0
WES_CELL_0078_0059,CELL_0078_0059,WES,2023-03-03,11.7498,76.36967,1167.7,14.7,95.0,0.996,-0.087,BROADLEAF_HIGH_LITTER,0.288,-0.194,31.0,29.5,5.7375,85.0,-5.716,-0.5,0.0,1.9000000000000001,96.14,0,0,1.2,15724.2,0
WES_CELL_0098_0056,CELL_0098_0056,WES,2023-03-03,11.84027,76.35635,1216.7,33.8,104.0,0.97,-0.242,BROADLEAF_HIGH_LITTER,0.15,-0.194,31.0,29.5,5.7375,85.0,-5.716,-0.5,0.0,1.9000000000000001,96.14,0,0,0.6,13072.1,0
WES_CELL_0105_0002,CELL_0105_0002,WES,2023-03-03,11.87299,76.10865,1137.3,29.2,107.3,0.955,-0.297,BROADLEAF_HIGH_LITTER,0.15,-0.194,31.0,29.5,5.7375,85.0,-5.716,-0.5,0.0,1.9000000000000001,96.14,0,0,1.2,16401.8,0
WES_CELL_0031_0135,CELL_0031_0135,WES,2023-03-03,11.53548,76.71699,1178.1,12.8,73.5,0.959,0.284,BROADLEAF_HIGH_LITTER,0.307,-0.194,31.0,29.5,5.7375,85.0,-5.716,-0.5,0.0,1.9000000000000001,96.14,0,0,1.7,26900.3,0
WES_CELL_0031_0137,CELL_0031_0137,WES,2023-03-03,11.53543,76.72616,1181.7,12.8,73.5,0.959,0.284,BROADLEAF_HIGH_LITTER,0.307,-0.194,31.0,29.5,5.7375,85.0,-5.716,-0.5,0.0,1.9000000000000001,96.14,0,0,1.7,26078.4,0
WES_CELL_0081_0122,CELL_0081_0122,WES,2023-03-03,11.76182,76.65875,1290.6,19.4,96.2,0.994,-0.108,BROADLEAF_HIGH_LITTER,0.241,-0.194,31.0,29.5,5.7375,85.0,-5.716,-0.5,0.0,1.9000000000000001,96.14,0,0,1.7,30049.9,0
WES_CELL_0091_0122,CELL_0091_0122,WES,2023-03-03,11.80702,76.65902,1317.8,31.8,100.7,0.983,-0.186,BROADLEAF_HIGH_LITTER,0.15,-0.194,31.0,29.5,5.7375,85.0,-5.716,-0.5,0.0,1.9000000000000001,96.14,0,0,1.7,31987.0,0
WES_CELL_0048_0093,CELL_0048_0093,WES,2023-03-03,11.6134,76.5249,1148.0,33.7,81.3,0.988,0.151,BROADLEAF_HIGH_LITTER,0.15,-0.194,31.0,29.5,5.7375,85.0,-5.716,-0.5,0.0,1.9000000000000001,96.14,0,0,1.2,38073.4,0
WES_CELL_0061_0142,CELL_0061_0142,WES,2023-03-03,11.67088,76.74992,1272.5,27.3,87.1,0.999,0.051,BROADLEAF_HIGH_LITTER,0.162,-0.194,31.0,29.5,5.7375,85.0,-5.716,-0.5,0.0,1.9000000000000001,96.14,0,0,1.7,18347.4,0
WES_CELL_0038_0105,CELL_0038_0105,WES,2023-03-03,11.5679,76.57966,1142.6,24.7,76.8,0.974,0.228,BROADLEAF_HIGH_LITTER,0.188,-0.194,31.0,29.5,5.7375,85.0,-5.716,-0.5,0.0,1.9000000000000001,96.14,0,0,1.7,39090.8,0
WES_CELL_0065_0044,CELL_0065_0044,WES,2023-03-03,11.69135,76.30058,1105.0,20.8,89.1,1.0,0.016,BROADLEAF_HIGH_LITTER,0.227,-0.194,31.0,29.5,5.7375,85.0,-5.716,-0.5,0.0,1.9000000000000001,96.14,0,0,1.2,13992.5,0
WES_CELL_0008_0119,CELL_0008_0119,WES,2023-03-03,11.43195,76.64306,1086.4,33.0,63.2,0.893,0.451,BROADLEAF_HIGH_LITTER,0.15,-0.194,31.0,29.5,5.7375,85.0,-5.716,-0.5,0.0,1.9000000000000001,96.14,0,0,1.7,40497.1,0
WES_CELL_0035_0058,CELL_0035_0058,WES,2023-03-03,11.55543,76.36413,1048.9,20.5,75.5,0.968,0.25,BROADLEAF_HIGH_LITTER,0.23,-0.194,31.0,29.5,5.7375,85.0,-5.716,-0.5,0.0,1.9000000000000001,96.14,0,0,1.2,30617.4,0
WES_CELL_0075_0044,CELL_0075_0044,WES,2023-03-03,11.73655,76.30079,1132.2,9.3,93.7,0.998,-0.065,BROADLEAF_HIGH_LITTER,0.342,-0.194,31.0,29.5,5.7375,85.0,-5.716,-0.5,0.0,1.9000000000000001,96.14,0,0,1.2,9990.4,0
WES_CELL_0131_0128,CELL_0131_0128,WES,2023-03-03,11.98765,76.68766,1437.7,25.0,118.8,0.876,-0.482,BROADLEAF_HIGH_LITTER,0.185,-0.194,31.0,29.5,5.7375,85.0,-5.716,-0.5,0.0,1.9000000000000001,96.14,0,0,0.6,34592.3,0
WES_CELL_0075_0050,CELL_0075_0050,WES,2023-03-03,11.73643,76.32831,1143.2,9.3,93.6,0.998,-0.063,BROADLEAF_HIGH_LITTER,0.342,-0.194,31.0,29.5,5.7375,85.0,-5.716,-0.5,0.0,1.9000000000000001,96.14,0,0,1.2,12343.6,0
WES_CELL_0105_0038,CELL_0105_0038,WES,2023-03-03,11.8723,76.27389,1202.9,29.4,107.2,0.955,-0.296,BROADLEAF_HIGH_LITTER,0.15,-0.194,31.0,29.5,5.7375,85.0,-5.716,-0.5,0.0,1.9000000000000001,96.14,0,0,1.2,8950.7,0
WES_CELL_0035_0066,CELL_0035_0066,WES,2023-03-03,11.55526,76.40081,1063.5,20.4,75.5,0.968,0.25,BROADLEAF_HIGH_LITTER,0.231,-0.194,31.0,29.5,5.7375,85.0,-5.716,-0.5,0.0,1.9000000000000001,96.14,0,0,1.2,32705.1,0
WES_CELL_0078_0103,CELL_0078_0103,WES,2023-03-03,11.74875,76.57151,1247.9,14.3,94.9,0.996,-0.085,BROADLEAF_HIGH_LITTER,0.292,-0.194,31.0,29.5,5.7375,85.0,-5.716,-0.5,0.0,1.9000000000000001,96.14,0,0,0.6,31510.3,0
WES_CELL_0088_0101,CELL_0088_0101,WES,2023-03-03,11.79401,76.56259,1271.4,29.3,99.4,0.987,-0.163,BROADLEAF_HIGH_LITTER,0.15,-0.194,31.0,29.5,5.7375,85.0,-5.716,-0.5,0.0,1.9000000000000001,96.14,0,0,0.6,27300.0,0
WES_CELL_0088_0106,CELL_0088_0106,WES,2023-03-03,11.79388,76.58553,1280.5,29.2,99.4,0.987,-0.163,BROADLEAF_HIGH_LITTER,0.15,-0.194,31.0,29.5,5.7375,85.0,-5.716,-0.5,0.0,1.9000000000000001,96.14,0,0,0.6,29271.9,0
WES_CELL_0018_0135,CELL_0018_0135,WES,2023-03-03,11.47672,76.71663,1142.7,22.6,67.7,0.925,0.379,BROADLEAF_HIGH_LITTER,0.209,-0.194,31.0,29.5,5.7375,85.0,-5.716,-0.5,0.0,1.9000000000000001,96.14,0,0,1.7,31143.0,0
WES_CELL_0115_0046,CELL_0115_0046,WES,2023-03-03,11.91733,76.31082,1244.7,14.6,111.7,0.929,-0.37,BROADLEAF_HIGH_LITTER,0.289,-0.194,31.0,29.5,5.7375,85.0,-5.716,-0.5,0.0,1.9000000000000001,96.14,0,0,0.6,8572.4,0
WES_CELL_0058_0120,CELL_0058_0120,WES,2023-03-03,11.65792,76.64896,1224.3,30.4,85.8,0.997,0.073,BROADLEAF_HIGH_LITTER,0.15,-0.194,31.0,29.5,5.7375,85.0,-5.716,-0.5,0.0,1.9000000000000001,96.14,0,0,1.7,29609.3,0
WES_CELL_0128_0099,CELL_0128_0099,WES,2023-03-03,11.97486,76.55444,1376.7,20.7,117.5,0.887,-0.462,BROADLEAF_HIGH_LITTER,0.228,-0.194,31.0,29.5,5.7375,85.0,-5.716,-0.5,0.0,1.9000000000000001,96.14,0,0,0.6,19737.5,0
WES_CELL_0092_0014,CELL_0092_0014,WES,2023-03-03,11.814,76.16348,1123.8,32.8,101.4,0.98,-0.198,BROADLEAF_HIGH_LITTER,0.15,-0.194,31.0,29.5,5.7375,85.0,-5.716,-0.5,0.0,1.9000000000000001,96.14,0,0,1.2,8337.9,0
WES_CELL_0095_0065,CELL_0095_0065,WES,2023-03-03,11.82651,76.39758,1224.9,33.9,102.7,0.976,-0.22,BROADLEAF_HIGH_LITTER,0.15,-0.194,31.0,29.5,5.7375,85.0,-5.716,-0.5,0.0,1.9000000000000001,96.14,0,0,0.6,14554.4,0
WES_CELL_0048_0138,CELL_0048_0138,WES,2023-03-03,11.61224,76.73121,1229.8,33.6,81.2,0.988,0.153,BROADLEAF_HIGH_LITTER,0.15,-0.194,31.0,29.5,5.7375,85.0,-5.716,-0.5,0.0,1.9000000000000001,96.14,0,0,1.7,21573.2,0
WES_CELL_0038_0149,CELL_0038_0149,WES,2023-03-03,11.56673,76.78136,1222.6,24.3,76.7,0.973,0.23,BROADLEAF_HIGH_LITTER,0.192,-0.194,31.0,29.5,5.7375,85.0,-5.716,-0.5,0.0,1.9000000000000001,96.14,0,0,1.7,19104.0,0
WES_CELL_0038_0150,CELL_0038_0150,WES,2023-03-03,11.5667,76.78594,1224.4,24.3,76.7,0.973,0.23,BROADLEAF_HIGH_LITTER,0.192,-0.194,31.0,29.5,5.7375,85.0,-5.716,-0.5,0.0,1.9000000000000001,96.14,0,0,1.7,18713.2,0
WES_CELL_0045_0098,CELL_0045_0098,WES,2023-03-03,11.59972,76.54775,1148.9,32.2,80.0,0.985,0.174,BROADLEAF_HIGH_LITTER,0.15,-0.194,31.0,29.5,5.7375,85.0,-5.716,-0.5,0.0,1.9000000000000001,96.14,0,0,1.2,41027.9,0
WES_CELL_0122_0018,CELL_0122_0018,WES,2023-03-03,11.94955,76.18242,1212.7,10.8,115.0,0.906,-0.423,BROADLEAF_HIGH_LITTER,0.327,-0.194,31.0,29.5,5.7375,85.0,-5.716,-0.5,0.0,1.9000000000000001,96.14,0,0,1.2,17641.8,0
WES_CELL_0072_0042,CELL_0072_0042,WES,2023-03-03,11.72303,76.29155,1120.4,8.3,92.3,0.999,-0.04,BROADLEAF_HIGH_LITTER,0.352,-0.194,31.0,29.5,5.7375,85.0,-5.716,-0.5,0.0,1.9000000000000001,96.14,0,0,1.2,10485.6,0
WES_CELL_0005_0128,CELL_0005_0128,WES,2023-03-03,11.41815,76.68421,1094.6,34.0,61.8,0.881,0.473,BROADLEAF_HIGH_LITTER,0.15,-0.194,31.0,29.5,5.7375,85.0,-5.716,-0.5,0.0,1.9000000000000001,96.14,0,0,1.7,38339.0,0
WES_CELL_0039_0013,CELL_0039_0013,WES,2023-03-03,11.57442,76.1579,977.8,26.6,77.4,0.976,0.218,BROADLEAF_HIGH_LITTER,0.169,-0.194,31.0,29.5,5.7375,85.0,-5.716,-0.5,0.0,1.9000000000000001,96.14,0,0,1.2,26590.9,0
WES_CELL_0115_0085,CELL_0115_0085,WES,2023-03-03,11.91644,76.48985,1315.8,14.9,111.6,0.93,-0.368,BROADLEAF_HIGH_LITTER,0.286,-0.194,31.0,29.5,5.7375,85.0,-5.716,-0.5,0.0,1.9000000000000001,96.14,0,0,0.6,13212.0,0
WES_CELL_0105_0093,CELL_0105_0093,WES,2023-03-03,11.87105,76.52632,1303.2,29.6,107.1,0.956,-0.294,BROADLEAF_HIGH_LITTER,0.15,-0.194,31.0,29.5,5.7375,85.0,-5.716,-0.5,0.0,1.9000000000000001,96.14,0,0,0.6,19014.5,0
WES_CELL_0102_0044,CELL_0102_0044,WES,2023-03-03,11.85861,76.30137,1205.7,32.0,105.9,0.962,-0.274,BROADLEAF_HIGH_LITTER,0.15,-0.194,31.0,29.5,5.7375,85.0,-5.716,-0.5,0.0,1.9000000000000001,96.14,0,0,1.2,9602.6,0
WES_CELL_0059_0009,CELL_0059_0009,WES,2023-03-03,11.66491,76.13993,1024.9,28.9,86.5,0.998,0.061,BROADLEAF_HIGH_LITTER,0.15,-0.194,31.0,29.5,5.7375,85.0,-5.716,-0.5,0.0,1.9000000000000001,96.14,0,0,1.2,18525.6,0
WES_CELL_0095_0100,CELL_0095_0100,WES,2023-03-03,11.82567,76.55818,1288.7,33.8,102.6,0.976,-0.218,BROADLEAF_HIGH_LITTER,0.15,-0.194,31.0,29.5,5.7375,85.0,-5.716,-0.5,0.0,1.9000000000000001,96.14,0,0,0.6,24724.6,0
WES_CELL_0082_0056,CELL_0082_0056,WES,2023-03-03,11.76794,76.35599,1173.2,21.6,96.8,0.993,-0.118,BROADLEAF_HIGH_LITTER,0.219,-0.194,31.0,29.5,5.7375,85.0,-5.716,-0.5,0.0,1.9000000000000001,96.14,0,0,1.2,13652.5,0
WES_CELL_0075_0112,CELL_0075_0112,WES,2023-03-03,11.73497,76.61272,1256.1,8.7,93.5,0.998,-0.061,BROADLEAF_HIGH_LITTER,0.348,-0.194,31.0,29.5,5.7375,85.0,-5.716,-0.5,0.0,1.9000000000000001,96.14,0,0,1.7,34225.1,0
WES_CELL_0128_0142,CELL_0128_0142,WES,2023-03-03,11.97369,76.75184,1455.0,20.3,117.4,0.888,-0.46,BROADLEAF_HIGH_LITTER,0.232,-0.194,31.0,29.5,5.7375,85.0,-5.716,-0.5,0.0,1.9000000000000001,96.14,0,0,1.7,37789.4,0
WES_CELL_0072_0073,CELL_0072_0073,WES,2023-03-03,11.72236,76.43375,1176.9,8.6,92.2,0.999,-0.038,BROADLEAF_HIGH_LITTER,0.349,-0.194,31.0,29.5,5.7375,85.0,-5.716,-0.5,0.0,1.9000000000000001,96.14,0,0,1.2,23458.2,0
WES_CELL_0059_0029,CELL_0059_0029,WES,2023-03-03,11.66453,76.23166,1061.4,29.0,86.5,0.998,0.061,BROADLEAF_HIGH_LITTER,0.15,-0.194,31.0,29.5,5.7375,85.0,-5.716,-0.5,0.0,1.9000000000000001,96.14,0,0,1.2,15096.2,0
WES_CELL_0065_0133,CELL_0065_0133,WES,2023-03-03,11.68921,76.70876,1267.0,21.6,88.9,1.0,0.019,BROADLEAF_HIGH_LITTER,0.219,-0.194,31.0,29.5,5.7375,85.0,-5.716,-0.5,0.0,1.9000000000000001,96.14,0,0,1.7,22964.8,0
WES_CELL_0075_0133,CELL_0075_0133,WES,2023-03-03,11.73441,76.70904,1294.3,8.4,93.4,0.998,-0.059,BROADLEAF_HIGH_LITTER,0.351,-0.194,31.0,29.5,5.7375,85.0,-5.716,-0.5,0.0,1.9000000000000001,96.14,0,0,1.7,23811.4,0
WES_CELL_0079_0030,CELL_0079_0030,WES,2023-03-03,11.75492,76.23664,1117.6,16.8,95.5,0.995,-0.096,BROADLEAF_HIGH_LITTER,0.267,-0.194,31.0,29.5,5.7375,85.0,-5.716,-0.5,0.0,1.9000000000000001,96.14,0,0,1.2,5049.7,0
WES_CELL_0009_0062,CELL_0009_0062,WES,2023-03-03,11.43781,76.3819,985.4,32.3,63.8,0.897,0.442,BROADLEAF_HIGH_LITTER,0.15,-0.194,31.0,29.5,5.7375,85.0,-5.716,-0.5,0.0,1.9000000000000001,96.14,0,0,1.2,43327.9,0
WES_CELL_0002_0121,CELL_0002_0121,WES,2023-03-03,11.40477,76.65206,1073.7,33.7,60.5,0.87,0.492,BROADLEAF_HIGH_LITTER,0.15,-0.194,31.0,29.5,5.7375,85.0,-5.716,-0.5,0.0,1.9000000000000001,96.14,0,0,1.7,41862.2,1
WES_CELL_0002_0122,CELL_0002_0122,WES,2023-03-03,11.40475,76.65664,1075.5,33.7,60.5,0.87,0.492,BROADLEAF_HIGH_LITTER,0.15,-0.194,31.0,29.5,5.7375,85.0,-5.716,-0.5,0.0,1.9000000000000001,96.14,0,0,1.7,41511.1,1
WES_CELL_0102_0082,CELL_0102_0082,WES,2023-03-03,11.85775,76.47576,1275.0,32.1,105.8,0.962,-0.272,BROADLEAF_HIGH_LITTER,0.15,-0.194,31.0,29.5,5.7375,85.0,-5.716,-0.5,0.0,1.9000000000000001,96.14,0,0,0.6,15421.9,0
WES_CELL_0082_0091,CELL_0082_0091,WES,2023-03-03,11.76713,76.51656,1236.9,21.3,96.7,0.993,-0.117,BROADLEAF_HIGH_LITTER,0.222,-0.194,31.0,29.5,5.7375,85.0,-5.716,-0.5,0.0,1.9000000000000001,96.14,0,0,0.6,26035.2,0
WES_CELL_0089_0038,CELL_0089_0038,WES,2023-03-03,11.79997,76.27356,1159.4,30.6,100.0,0.985,-0.174,BROADLEAF_HIGH_LITTER,0.15,-0.194,31.0,29.5,5.7375,85.0,-5.716,-0.5,0.0,1.9000000000000001,96.14,1,1,1.2,4017.9,0
WES_CELL_0062_0108,CELL_0062_0108,WES,2023-03-03,11.67631,76.59403,1213.4,25.8,87.6,0.999,0.042,BROADLEAF_HIGH_LITTER,0.177,-0.194,31.0,29.5,5.7375,85.0,-5.716,-0.5,0.0,1.9000000000000001,96.14,0,0,1.7,35645.4,0
WES_CELL_0042_0121,CELL_0042_0121,WES,2023-03-03,11.58557,76.65311,1182.6,29.5,78.6,0.98,0.198,BROADLEAF_HIGH_LITTER,0.15,-0.194,31.0,29.5,5.7375,85.0,-5.716,-0.5,0.0,1.9000000000000001,96.14,0,0,1.7,30733.4,0
WES_CELL_0022_0131,CELL_0022_0131,WES,2023-03-03,11.49491,76.69841,1146.3,16.0,69.5,0.937,0.35,BROADLEAF_HIGH_LITTER,0.275,-0.194,31.0,29.5,5.7375,85.0,-5.716,-0.5,0.0,1.9000000000000001,96.14,0,0,1.7,31278.4,0
WES_CELL_0105_0150,CELL_0105_0150,WES,2023-03-03,11.86951,76.78789,1406.9,30.0,107.0,0.956,-0.292,BROADLEAF_HIGH_LITTER,0.15,-0.194,31.0,29.5,5.7375,85.0,-5.716,-0.5,0.0,1.9000000000000001,96.14,0,0,1.7,25804.2,0
WES_CELL_0062_0117,CELL_0062_0117,WES,2023-03-03,11.67608,76.63531,1229.8,25.9,87.6,0.999,0.042,BROADLEAF_HIGH_LITTER,0.176,-0.194,31.0,29.5,5.7375,85.0,-5.716,-0.5,0.0,1.9000000000000001,96.14,0,0,1.7,31064.0,0
WES_CELL_0032_0130,CELL_0032_0130,WES,2023-03-03,11.54013,76.6941,1171.7,14.7,74.0,0.961,0.276,BROADLEAF_HIGH_LITTER,0.288,-0.194,31.0,29.5,5.7375,85.0,-5.716,-0.5,0.0,1.9000000000000001,96.14,0,0,1.7,28742.3,0
WES_CELL_0016_0033,CELL_0016_0033,WES,2023-03-03,11.47006,76.24914,951.7,24.8,67.0,0.921,0.391,BROADLEAF_HIGH_LITTER,0.187,-0.194,31.0,29.5,5.7375,85.0,-5.716,-0.5,0.0,1.9000000000000001,96.14,0,0,1.2,36692.5,0
WES_CELL_0032_0135,CELL_0032_0135,WES,2023-03-03,11.54,76.71702,1180.8,14.6,74.0,0.961,0.276,BROADLEAF_HIGH_LITTER,0.289,-0.194,31.0,29.5,5.7375,85.0,-5.716,-0.5,0.0,1.9000000000000001,96.14,0,0,1.7,26612.1,0
WES_CELL_0092_0111,CELL_0092_0111,WES,2023-03-03,11.81183,76.60858,1300.5,32.6,101.2,0.981,-0.194,BROADLEAF_HIGH_LITTER,0.15,-0.194,31.0,29.5,5.7375,85.0,-5.716,-0.5,0.0,1.9000000000000001,96.14,0,0,0.6,30226.9,0
WES_CELL_0059_0079,CELL_0059_0079,WES,2023-03-03,11.66345,76.46097,1152.5,29.2,86.3,0.998,0.065,BROADLEAF_HIGH_LITTER,0.15,-0.194,31.0,29.5,5.7375,85.0,-5.716,-0.5,0.0,1.9000000000000001,96.14,0,0,1.2,29105.8,0
WES_CELL_0046_0038,CELL_0046_0038,WES,2023-03-03,11.60558,76.27267,1042.4,33.0,80.6,0.987,0.163,BROADLEAF_HIGH_LITTER,0.15,-0.194,31.0,29.5,5.7375,85.0,-5.716,-0.5,0.0,1.9000000000000001,96.14,0,0,1.2,21978.5,0
WES_CELL_0016_0058,CELL_0016_0058,WES,2023-03-03,11.46954,76.36372,997.2,25.0,67.0,0.921,0.391,BROADLEAF_HIGH_LITTER,0.185,-0.194,31.0,29.5,5.7375,85.0,-5.716,-0.5,0.0,1.9000000000000001,96.14,0,0,1.2,39313.2,0
WES_CELL_0096_0029,CELL_0096_0029,WES,2023-03-03,11.83179,76.2324,1162.0,34.0,103.2,0.974,-0.228,BROADLEAF_HIGH_LITTER,0.15,-0.194,31.0,29.5,5.7375,85.0,-5.716,-0.5,0.0,1.9000000000000001,96.14,1,1,1.2,3527.0,0
WES_CELL_0072_0145,CELL_0072_0145,WES,2023-03-03,11.72051,76.76399,1307.9,9.4,92.1,0.999,-0.037,BROADLEAF_HIGH_LITTER,0.341,-0.194,31.0,29.5,5.7375,85.0,-5.716,-0.5,0.0,1.9000000000000001,96.14,0,0,1.7,17524.5,0
WES_CELL_0109_0079,CELL_0109_0079,WES,2023-03-03,11.88947,76.46216,1288.5,24.6,108.9,0.946,-0.324,BROADLEAF_HIGH_LITTER,0.189,-0.194,31.0,29.5,5.7375,85.0,-5.716,-0.5,0.0,1.9000000000000001,96.14,0,0,0.6,11948.4,0
WES_CELL_0092_0140,CELL_0092_0140,WES,2023-03-03,11.81105,76.74163,1353.3,32.4,101.1,0.981,-0.193,BROADLEAF_HIGH_LITTER,0.15,-0.194,31.0,29.5,5.7375,85.0,-5.716,-0.5,0.0,1.9000000000000001,96.14,0,0,1.7,24477.3,0
WES_CELL_0122_0129,CELL_0122_0129,WES,2023-03-03,11.94694,76.692,1415.0,9.7,114.7,0.909,-0.418,BROADLEAF_HIGH_LITTER,0.338,-0.194,31.0,29.5,5.7375,85.0,-5.716,-0.5,0.0,1.9000000000000001,96.14,0,0,0.6,34910.8,0
WES_CELL_0079_0097,CELL_0079_0097,WES,2023-03-03,11.75343,76.54401,1239.7,16.2,95.3,0.996,-0.092,BROADLEAF_HIGH_LITTER,0.273,-0.194,31.0,29.5,5.7375,85.0,-5.716,-0.5,0.0,1.9000000000000001,96.14,0,0,0.6,29107.4,0
WES_CELL_0112_0145,CELL_0112_0145,WES,2023-03-03,11.9013,76.76515,1416.8,20.7,110.1,0.939,-0.344,BROADLEAF_HIGH_LITTER,0.228,-0.194,31.0,29.5,5.7375,85.0,-5.716,-0.5,0.0,1.9000000000000001,96.14,0,0,1.7,30138.6,0
WES_CELL_0089_0114,CELL_0089_0114,WES,2023-03-03,11.79819,76.62226,1297.8,30.2,99.8,0.985,-0.17,BROADLEAF_HIGH_LITTER,0.15,-0.194,31.0,29.5,5.7375,85.0,-5.716,-0.5,0.0,1.9000000000000001,96.14,0,0,0.6,32320.8,0
WES_CELL_0019_0145,CELL_0019_0145,WES,2023-03-03,11.48097,76.76249,1163.6,21.2,68.1,0.928,0.373,BROADLEAF_HIGH_LITTER,0.223,-0.194,31.0,29.5,5.7375,85.0,-5.716,-0.5,0.0,1.9000000000000001,96.14,0,0,1.7,27403.6,0
WES_CELL_0006_0100,CELL_0006_0100,WES,2023-03-04,11.42338,76.55595,1046.4,33.7,62.3,0.885,0.465,BROADLEAF_HIGH_LITTER,0.15,-0.124,31.174999999999997,38.25,5.2925,82.0,-5.241,-0.737,0.0,1.9000000000000001,83.79,0,0,0.6,7227.4,0
WES_CELL_0000_0001,CELL_0000_0001,WES,2023-03-04,11.39831,76.10219,849.9,33.2,59.8,0.864,0.503,BROADLEAF_HIGH_LITTER,0.15,-0.124,31.174999999999997,38.25,5.2925,82.0,-5.241,-0.737,0.0,1.9000000000000001,83.79,0,0,0.5,29774.7,0
WES_CELL_0126_0056,CELL_0126_0056,WES,2023-03-04,11.96684,76.35698,1292.9,17.7,116.7,0.893,-0.449,BROADLEAF_HIGH_LITTER,0.255,-0.124,31.174999999999997,38.25,5.2925,82.0,-5.241,-0.737,0.0,1.9000000000000001,83.79,2,2,1.6,2428.6,0
WES_CELL_0086_0080,CELL_0086_0080,WES,2023-03-04,11.78548,76.4662,1227.8,27.1,98.5,0.989,-0.148,BROADLEAF_HIGH_LITTER,0.161,-0.124,31.174999999999997,38.25,5.2925,82.0,-5.241,-0.737,0.0,1.9000000000000001,83.79,0,0,0.6,19137.7,0
WES_CELL_0000_0014,CELL_0000_0014,WES,2023-03-04,11.39808,76.16176,873.6,33.2,59.8,0.864,0.503,BROADLEAF_HIGH_LITTER,0.15,-0.124,31.174999999999997,38.25,5.2925,82.0,-5.241,-0.737,0.0,1.9000000000000001,83.79,0,0,0.5,24351.8,0
WES_CELL_0113_0020,CELL_0113_0020,WES,2023-03-04,11.90882,76.19143,1191.9,17.9,110.9,0.934,-0.357,BROADLEAF_HIGH_LITTER,0.253,-0.124,31.174999999999997,38.25,5.2925,82.0,-5.241,-0.737,0.0,1.9000000000000001,83.79,0,0,2.2,13069.4,0
WES_CELL_0106_0074,CELL_0106_0074,WES,2023-03-04,11.87603,76.43914,1271.3,28.5,107.6,0.953,-0.302,BROADLEAF_HIGH_LITTER,0.15,-0.124,31.174999999999997,38.25,5.2925,82.0,-5.241,-0.737,0.0,1.9000000000000001,83.79,0,0,1.6,11208.7,0
WES_CELL_0113_0022,CELL_0113_0022,WES,2023-03-04,11.90878,76.20061,1195.5,17.9,110.9,0.934,-0.357,BROADLEAF_HIGH_LITTER,0.253,-0.124,31.174999999999997,38.25,5.2925,82.0,-5.241,-0.737,0.0,1.9000000000000001,83.79,0,0,2.2,12702.4,0
WES_CELL_0113_0024,CELL_0113_0024,WES,2023-03-04,11.90875,76.20979,1199.2,17.9,110.9,0.934,-0.357,BROADLEAF_HIGH_LITTER,0.253,-0.124,31.174999999999997,38.25,5.2925,82.0,-5.241,-0.737,0.0,1.9000000000000001,83.79,0,0,2.2,12408.5,0
WES_CELL_0106_0078,CELL_0106_0078,WES,2023-03-04,11.87593,76.4575,1278.6,28.5,107.6,0.953,-0.302,BROADLEAF_HIGH_LITTER,0.15,-0.124,31.174999999999997,38.25,5.2925,82.0,-5.241,-0.737,0.0,1.9000000000000001,83.79,0,0,0.6,11743.6,0
WES_CELL_0013_0068,CELL_0013_0068,WES,2023-03-04,11.45576,76.40948,1007.3,28.8,65.6,0.911,0.413,BROADLEAF_HIGH_LITTER,0.15,-0.124,31.174999999999997,38.25,5.2925,82.0,-5.241,-0.737,0.0,1.9000000000000001,83.79,0,0,0.6,12239.5,0
WES_CELL_0040_0011,CELL_0040_0011,WES,2023-03-04,11.57897,76.14875,976.9,27.9,77.9,0.978,0.21,BROADLEAF_HIGH_LITTER,0.153,-0.124,31.174999999999997,38.25,5.2925,82.0,-5.241,-0.737,0.0,1.9000000000000001,83.79,0,0,0.5,20946.7,0
WES_CELL_0093_0043,CELL_0093_0043,WES,2023-03-04,11.81795,76.29658,1179.4,33.3,101.8,0.979,-0.204,BROADLEAF_HIGH_LITTER,0.15,-0.124,31.174999999999997,38.25,5.2925,82.0,-5.241,-0.737,0.0,1.9000000000000001,83.79,0,0,2.2,6855.9,0
WES_CELL_0073_0053,CELL_0073_0053,WES,2023-03-04,11.72732,76.34203,1143.2,6.5,92.7,0.999,-0.047,BROADLEAF_HIGH_LITTER,0.367,-0.124,31.174999999999997,38.25,5.2925,82.0,-5.241,-0.737,0.0,1.9000000000000001,83.79,0,0,2.2,14170.7,0
WES_CELL_0126_0084,CELL_0126_0084,WES,2023-03-04,11.96619,76.48553,1343.9,17.5,116.6,0.894,-0.448,BROADLEAF_HIGH_LITTER,0.257,-0.124,31.174999999999997,38.25,5.2925,82.0,-5.241,-0.737,0.0,1.9000000000000001,83.79,0,0,0.6,6783.3,0
WES_CELL_0006_0134,CELL_0006_0134,WES,2023-03-04,11.42251,76.71173,1108.2,33.8,62.3,0.885,0.465,BROADLEAF_HIGH_LITTER,0.15,-0.124,31.174999999999997,38.25,5.2925,82.0,-5.241,-0.737,0.0,1.9000000000000001,83.79,0,0,0.6,6297.9,0
WES_CELL_0086_0103,CELL_0086_0103,WES,2023-03-04,11.78491,76.57172,1269.6,26.9,98.5,0.989,-0.148,BROADLEAF_HIGH_LITTER,0.163,-0.124,31.174999999999997,38.25,5.2925,82.0,-5.241,-0.737,0.0,1.9000000000000001,83.79,0,0,0.6,17630.6,0
WES_CELL_0086_0109,CELL_0086_0109,WES,2023-03-04,11.78476,76.59924,1280.6,26.9,98.5,0.989,-0.148,BROADLEAF_HIGH_LITTER,0.163,-0.124,31.174999999999997,38.25,5.2925,82.0,-5.241,-0.737,0.0,1.9000000000000001,83.79,0,0,0.6,18480.5,0
WES_CELL_0126_0096,CELL_0126_0096,WES,2023-03-04,11.96589,76.54062,1365.8,17.4,116.6,0.894,-0.448,BROADLEAF_HIGH_LITTER,0.258,-0.124,31.174999999999997,38.25,5.2925,82.0,-5.241,-0.737,0.0,1.9000000000000001,83.79,1,1,0.6,2789.4,0
WES_CELL_0020_0048,CELL_0020_0048,WES,2023-03-04,11.48784,76.31797,989.9,18.7,68.8,0.932,0.362,BROADLEAF_HIGH_LITTER,0.245,-0.124,31.174999999999997,38.25,5.2925,82.0,-5.241,-0.737,0.0,1.9000000000000001,83.79,0,0,0.5,5570.3,0
WES_CELL_0066_0132,CELL_0066_0132,WES,2023-03-04,11.69375,76.7042,1267.9,20.0,89.4,1.0,0.01,BROADLEAF_HIGH_LITTER,0.232,-0.124,31.174999999999997,38.25,5.2925,82.0,-5.241,-0.737,0.0,1.9000000000000001,83.79,0,0,0.6,14685.8,0
WES_CELL_0020_0051,CELL_0020_0051,WES,2023-03-04,11.48777,76.33172,995.4,18.7,68.8,0.932,0.362,BROADLEAF_HIGH_LITTER,0.245,-0.124,31.174999999999997,38.25,5.2925,82.0,-5.241,-0.737,0.0,1.9000000000000001,83.79,0,0,0.5,5340.3,0
WES_CELL_0027_0001,CELL_0027_0001,WES,2023-03-04,11.52038,76.10267,923.3,6.5,72.0,0.951,0.309,BROADLEAF_HIGH_LITTER,0.367,-0.124,31.174999999999997,38.25,5.2925,82.0,-5.241,-0.737,0.0,1.9000000000000001,83.79,0,0,0.5,25566.3,0
WES_CELL_0053_0094,CELL_0053_0094,WES,2023-03-04,11.63598,76.52961,1163.4,33.5,83.6,0.994,0.111,BROADLEAF_HIGH_LITTER,0.15,-0.124,31.174999999999997,38.25,5.2925,82.0,-5.241,-0.737,0.0,1.9000000000000001,83.79,0,0,0.6,10489.0,0
WES_CELL_0080_0033,CELL_0080_0033,WES,2023-03-04,11.75938,76.25043,1125.8,18.5,95.9,0.995,-0.103,BROADLEAF_HIGH_LITTER,0.247,-0.124,31.174999999999997,38.25,5.2925,82.0,-5.241,-0.737,0.0,1.9000000000000001,83.79,1,1,2.2,4779.4,0
WES_CELL_0073_0090,CELL_0073_0090,WES,2023-03-04,11.72648,76.51175,1210.6,6.9,92.6,0.999,-0.045,BROADLEAF_HIGH_LITTER,0.363,-0.124,31.174999999999997,38.25,5.2925,82.0,-5.241,-0.737,0.0,1.9000000000000001,83.79,0,0,0.6,20298.4,0
WES_CELL_0120_0021,CELL_0120_0021,WES,2023-03-04,11.94045,76.19616,1212.7,7.0,114.0,0.914,-0.407,BROADLEAF_HIGH_LITTER,0.362,-0.124,31.174999999999997,38.25,5.2925,82.0,-5.241,-0.737,0.0,1.9000000000000001,83.79,0,0,2.2,16203.2,0
WES_CELL_0060_0046,CELL_0060_0046,WES,2023-03-04,11.6687,76.30965,1095.1,27.9,86.9,0.999,0.054,BROADLEAF_HIGH_LITTER,0.153,-0.124,31.174999999999997,38.25,5.2925,82.0,-5.241,-0.737,0.0,1.9000000000000001,83.79,0,0,0.5,14959.6,0
WES_CELL_0100_0049,CELL_0100_0049,WES,2023-03-04,11.84946,76.32427,1209.4,33.2,104.9,0.966,-0.257,BROADLEAF_HIGH_LITTER,0.15,-0.124,31.174999999999997,38.25,5.2925,82.0,-5.241,-0.737,0.0,1.9000000000000001,83.79,0,0,2.2,11077.3,1
WES_CELL_0067_0019,CELL_0067_0019,WES,2023-03-04,11.70089,76.18595,1064.9,17.3,90.1,1.0,-0.002,BROADLEAF_HIGH_LITTER,0.259,-0.124,31.174999999999997,38.25,5.2925,82.0,-5.241,-0.737,0.0,1.9000000000000001,83.79,0,0,2.2,12434.1,0
WES_CELL_0133_0095,CELL_0133_0095,WES,2023-03-04,11.99756,76.53621,1383.0,27.8,119.8,0.868,-0.497,BROADLEAF_HIGH_LITTER,0.154,-0.124,31.174999999999997,38.25,5.2925,82.0,-5.241,-0.737,0.0,1.9000000000000001,83.79,0,0,0.6,6327.0,0
WES_CELL_0053_0131,CELL_0053_0131,WES,2023-03-04,11.63502,76.69926,1230.7,33.6,83.5,0.994,0.113,BROADLEAF_HIGH_LITTER,0.15,-0.124,31.174999999999997,38.25,5.2925,82.0,-5.241,-0.737,0.0,1.9000000000000001,83.79,0,0,0.6,19721.5,0
WES_CELL_0000_0107,CELL_0000_0107,WES,2023-03-04,11.39609,76.58787,1042.8,32.9,59.6,0.863,0.506,BROADLEAF_HIGH_LITTER,0.15,-0.124,31.174999999999997,38.25,5.2925,82.0,-5.241,-0.737,0.0,1.9000000000000001,83.79,10,10,0.6,2791.3,0
WES_CELL_0093_0121,CELL_0093_0121,WES,2023-03-04,11.81609,76.65448,1321.4,33.1,101.6,0.98,-0.201,BROADLEAF_HIGH_LITTER,0.15,-0.124,31.174999999999997,38.25,5.2925,82.0,-5.241,-0.737,0.0,1.9000000000000001,83.79,0,0,0.5,17277.5,0
WES_CELL_0067_0029,CELL_0067_0029,WES,2023-03-04,11.70069,76.23182,1083.1,17.4,90.1,1.0,-0.002,BROADLEAF_HIGH_LITTER,0.258,-0.124,31.174999999999997,38.25,5.2925,82.0,-5.241,-0.737,0.0,1.9000000000000001,83.79,0,0,2.2,11085.6,0
WES_CELL_0060_0088,CELL_0060_0088,WES,2023-03-04,11.66776,76.50226,1171.6,28.2,86.8,0.998,0.056,BROADLEAF_HIGH_LITTER,0.15,-0.124,31.174999999999997,38.25,5.2925,82.0,-5.241,-0.737,0.0,1.9000000000000001,83.79,0,0,0.6,13803.8,0
WES_CELL_0020_0106,CELL_0020_0106,WES,2023-03-04,11.48652,76.58379,1095.4,19.2,68.7,0.932,0.363,BROADLEAF_HIGH_LITTER,0.24,-0.124,31.174999999999997,38.25,5.2925,82.0,-5.241,-0.737,0.0,1.9000000000000001,83.79,0,0,0.6,10391.4,0
WES_CELL_0107_0021,CELL_0107_0021,WES,2023-03-04,11.88168,76.1959,1177.4,27.0,108.2,0.95,-0.312,BROADLEAF_HIGH_LITTER,0.162,-0.124,31.174999999999997,38.25,5.2925,82.0,-5.241,-0.737,0.0,1.9000000000000001,83.79,0,0,2.2,10126.9,0
WES_CELL_0000_0116,CELL_0000_0116,WES,2023-03-04,11.39586,76.6291,1059.2,32.9,59.6,0.863,0.506,BROADLEAF_HIGH_LITTER,0.15,-0.124,31.174999999999997,38.25,5.2925,82.0,-5.241,-0.737,0.0,1.9000000000000001,83.79,12,12,0.6,321.3,1
WES_CELL_0000_0117,CELL_0000_0117,WES,2023-03-04,11.39584,76.63368,1061.0,32.9,59.6,0.863,0.506,BROADLEAF_HIGH_LITTER,0.15,-0.124,31.174999999999997,38.25,5.2925,82.0,-5.241,-0.737,0.0,1.9000000000000001,83.79,12,12,0.6,257.0,1
WES_CELL_0000_0118,CELL_0000_0118,WES,2023-03-04,11.39581,76.63827,1062.8,32.9,59.6,0.863,0.506,BROADLEAF_HIGH_LITTER,0.15,-0.124,31.174999999999997,38.25,5.2925,82.0,-5.241,-0.737,0.0,1.9000000000000001,83.79,12,12,0.6,665.9,1
WES_CELL_0000_0119,CELL_0000_0119,WES,2023-03-04,11.39579,76.64285,1064.6,32.9,59.6,0.863,0.506,BROADLEAF_HIGH_LITTER,0.15,-0.124,31.174999999999997,38.25,5.2925,82.0,-5.241,-0.737,0.0,1.9000000000000001,83.79,12,12,0.6,1156.8,0
WES_CELL_0040_0103,CELL_0040_0103,WES,2023-03-04,11.57699,76.57055,1144.4,27.4,77.7,0.977,0.213,BROADLEAF_HIGH_LITTER,0.158,-0.124,31.174999999999997,38.25,5.2925,82.0,-5.241,-0.737,0.0,1.9000000000000001,83.79,0,0,0.6,7711.8,0
WES_CELL_0007_0071,CELL_0007_0071,WES,2023-03-04,11.42858,76.42309,996.4,33.4,62.9,0.89,0.456,BROADLEAF_HIGH_LITTER,0.15,-0.124,31.174999999999997,38.25,5.2925,82.0,-5.241,-0.737,0.0,1.9000000000000001,83.79,0,0,0.6,15199.1,0
WES_CELL_0014_0017,CELL_0014_0017,WES,2023-03-04,11.46132,76.17577,917.1,27.4,66.1,0.914,0.405,BROADLEAF_HIGH_LITTER,0.158,-0.124,31.174999999999997,38.25,5.2925,82.0,-5.241,-0.737,0.0,1.9000000000000001,83.79,0,0,0.5,19262.4,0
WES_CELL_0093_0144,CELL_0093_0144,WES,2023-03-04,11.81545,76.76001,1363.3,33.0,101.5,0.98,-0.199,BROADLEAF_HIGH_LITTER,0.15,-0.124,31.174999999999997,38.25,5.2925,82.0,-5.241,-0.737,0.0,1.9000000000000001,83.79,0,0,0.5,6349.1,0
WES_CELL_0007_0081,CELL_0007_0081,WES,2023-03-04,11.42835,76.46891,1014.6,33.4,62.8,0.889,0.457,BROADLEAF_HIGH_LITTER,0.15,-0.124,31.174999999999997,38.25,5.2925,82.0,-5.241,-0.737,0.0,1.9000000000000001,83.79,0,0,0.6,13569.1,0
WES_CELL_0127_0036,CELL_0127_0036,WES,2023-03-04,11.97179,76.26517,1259.1,19.6,117.2,0.889,-0.457,BROADLEAF_HIGH_LITTER,0.236,-0.124,31.174999999999997,38.25,5.2925,82.0,-5.241,-0.737,0.0,1.9000000000000001,83.79,0,0,1.6,12502.8,0
WES_CELL_0087_0054,CELL_0087_0054,WES,2023-03-04,11.79059,76.34693,1183.1,28.4,99.1,0.987,-0.158,BROADLEAF_HIGH_LITTER,0.15,-0.124,31.174999999999997,38.25,5.2925,82.0,-5.241,-0.737,0.0,1.9000000000000001,83.79,0,0,2.2,12210.8,0
WES_CELL_0047_0073,CELL_0047_0073,WES,2023-03-04,11.60935,76.43317,1108.9,33.3,80.9,0.987,0.158,BROADLEAF_HIGH_LITTER,0.15,-0.124,31.174999999999997,38.25,5.2925,82.0,-5.241,-0.737,0.0,1.9000000000000001,83.79,0,0,0.6,5068.8,0
WES_CELL_0027_0082,CELL_0027_0082,WES,2023-03-04,11.51873,76.47397,1070.8,6.2,71.9,0.951,0.311,BROADLEAF_HIGH_LITTER,0.37,-0.124,31.174999999999997,38.25,5.2925,82.0,-5.241,-0.737,0.0,1.9000000000000001,83.79,1,1,0.6,4825.4,0
WES_CELL_0007_0093,CELL_0007_0093,WES,2023-03-04,11.42807,76.5239,1036.4,33.4,62.8,0.889,0.457,BROADLEAF_HIGH_LITTER,0.15,-0.124,31.174999999999997,38.25,5.2925,82.0,-5.241,-0.737,0.0,1.9000000000000001,83.79,0,0,0.6,10656.9,0
WES_CELL_0067_0070,CELL_0067_0070,WES,2023-03-04,11.69982,76.41988,1157.8,17.7,90.0,1.0,0.0,BROADLEAF_HIGH_LITTER,0.255,-0.124,31.174999999999997,38.25,5.2925,82.0,-5.241,-0.737,0.0,1.9000000000000001,83.79,0,0,0.6,14912.3,0
WES_CELL_0107_0056,CELL_0107_0056,WES,2023-03-04,11.88095,76.35655,1241.2,27.2,108.1,0.951,-0.311,BROADLEAF_HIGH_LITTER,0.16,-0.124,31.174999999999997,38.25,5.2925,82.0,-5.241,-0.737,0.0,1.9000000000000001,83.79,0,0,1.6,8662.9,0
WES_CELL_0027_0095,CELL_0027_0095,WES,2023-03-04,11.51843,76.53355,1094.5,6.3,71.8,0.95,0.312,BROADLEAF_HIGH_LITTER,0.369,-0.124,31.174999999999997,38.25,5.2925,82.0,-5.241,-0.737,0.0,1.9000000000000001,83.79,1,1,0.6,3857.9,0
WES_CELL_0114_0009,CELL_0114_0009,WES,2023-03-04,11.91355,76.14095,1174.5,16.1,111.4,0.931,-0.365,BROADLEAF_HIGH_LITTER,0.271,-0.124,31.174999999999997,38.25,5.2925,82.0,-5.241,-0.737,0.0,1.9000000000000001,83.79,0,0,2.2,16499.9,0
WES_CELL_0074_0034,CELL_0074_0034,WES,2023-03-04,11.73224,76.25489,1111.3,7.5,93.2,0.998,-0.056,BROADLEAF_HIGH_LITTER,0.357,-0.124,31.174999999999997,38.25,5.2925,82.0,-5.241,-0.737,0.0,1.9000000000000001,83.79,0,0,2.2,7813.2,0
WES_CELL_0100_0129,CELL_0100_0129,WES,2023-03-04,11.84751,76.69138,1355.1,33.4,104.8,0.967,-0.255,BROADLEAF_HIGH_LITTER,0.15,-0.124,31.174999999999997,38.25,5.2925,82.0,-5.241,-0.737,0.0,1.9000000000000001,83.79,0,0,0.5,14691.5,0
WES_CELL_0074_0042,CELL_0074_0042,WES,2023-03-04,11.73208,76.29159,1125.9,7.5,93.2,0.998,-0.056,BROADLEAF_HIGH_LITTER,0.357,-0.124,31.174999999999997,38.25,5.2925,82.0,-5.241,-0.737,0.0,1.9000000000000001,83.79,0,0,2.2,9683.6,0
WES_CELL_0134_0021,CELL_0134_0021,WES,2023-03-04,12.00374,76.19644,1250.8,29.3,120.4,0.863,-0.506,BROADLEAF_HIGH_LITTER,0.15,-0.124,31.174999999999997,38.25,5.2925,82.0,-5.241,-0.737,0.0,1.9000000000000001,83.79,0,0,1.6,20672.6,0
WES_CELL_0080_0149,CELL_0080_0149,WES,2023-03-04,11.75656,76.78257,1337.0,17.4,95.7,0.995,-0.099,BROADLEAF_HIGH_LITTER,0.258,-0.124,31.174999999999997,38.25,5.2925,82.0,-5.241,-0.737,0.0,1.9000000000000001,83.79,7,7,0.6,3542.8,0
WES_CELL_0014_0084,CELL_0014_0084,WES,2023-03-04,11.45992,76.48283,1039.1,27.7,66.0,0.914,0.407,BROADLEAF_HIGH_LITTER,0.155,-0.124,31.174999999999997,38.25,5.2925,82.0,-5.241,-0.737,0.0,1.9000000000000001,83.79,0,0,0.6,9754.5,0
WES_CELL_0007_0141,CELL_0007_0141,WES,2023-03-04,11.42684,76.74382,1123.6,33.5,62.7,0.889,0.459,BROADLEAF_HIGH_LITTER,0.15,-0.124,31.174999999999997,38.25,5.2925,82.0,-5.241,-0.737,0.0,1.9000000000000001,83.79,0,0,0.6,9867.3,0
WES_CELL_0061_0018,CELL_0061_0018,WES,2023-03-04,11.67378,76.18124,1046.8,26.5,87.4,0.999,0.045,BROADLEAF_HIGH_LITTER,0.167,-0.124,31.174999999999997,38.25,5.2925,82.0,-5.241,-0.737,0.0,1.9000000000000001,83.79,0,0,2.2,15374.2,0
WES_CELL_0054_0072,CELL_0054_0072,WES,2023-03-04,11.64101,76.42875,1126.1,33.1,84.1,0.995,0.103,BROADLEAF_HIGH_LITTER,0.15,-0.124,31.174999999999997,38.25,5.2925,82.0,-5.241,-0.737,0.0,1.9000000000000001,83.79,0,0,0.6,8434.1,0
WES_CELL_0067_0122,CELL_0067_0122,WES,2023-03-04,11.69854,76.65837,1252.5,18.2,89.9,1.0,0.002,BROADLEAF_HIGH_LITTER,0.25,-0.124,31.174999999999997,38.25,5.2925,82.0,-5.241,-0.737,0.0,1.9000000000000001,83.79,0,0,0.6,18710.1,0
WES_CELL_0061_0023,CELL_0061_0023,WES,2023-03-04,11.67369,76.20418,1055.9,26.5,87.4,0.999,0.045,BROADLEAF_HIGH_LITTER,0.167,-0.124,31.174999999999997,38.25,5.2925,82.0,-5.241,-0.737,0.0,1.9000000000000001,83.79,0,0,2.2,14540.6,0
WES_CELL_0034_0088,CELL_0034_0088,WES,2023-03-04,11.55024,76.50163,1100.8,18.6,75.0,0.966,0.259,BROADLEAF_HIGH_LITTER,0.246,-0.124,31.174999999999997,38.25,5.2925,82.0,-5.241,-0.737,0.0,1.9000000000000001,83.79,1,1,0.6,1150.1,0
WES_CELL_0047_0137,CELL_0047_0137,WES,2023-03-04,11.60774,76.7266,1225.3,33.2,80.8,0.987,0.16,BROADLEAF_HIGH_LITTER,0.15,-0.124,31.174999999999997,38.25,5.2925,82.0,-5.241,-0.737,0.0,1.9000000000000001,83.79,0,0,0.6,20685.3,0
WES_CELL_0134_0053,CELL_0134_0053,WES,2023-03-04,12.00307,76.34338,1309.2,29.2,120.3,0.863,-0.505,BROADLEAF_HIGH_LITTER,0.15,-0.124,31.174999999999997,38.25,5.2925,82.0,-5.241,-0.737,0.0,1.9000000000000001,83.79,0,0,1.6,6246.2,0
WES_CELL_0021_0048,CELL_0021_0048,WES,2023-03-04,11.49236,76.31799,992.6,17.0,69.2,0.935,0.355,BROADLEAF_HIGH_LITTER,0.262,-0.124,31.174999999999997,38.25,5.2925,82.0,-5.241,-0.737,0.0,1.9000000000000001,83.79,0,0,0.5,5091.2,0
WES_CELL_0114_0069,CELL_0114_0069,WES,2023-03-04,11.9123,76.41638,1283.9,16.5,111.2,0.932,-0.362,BROADLEAF_HIGH_LITTER,0.267,-0.124,31.174999999999997,38.25,5.2925,82.0,-5.241,-0.737,0.0,1.9000000000000001,83.79,0,0,1.6,6491.8,0
WES_CELL_0134_0062,CELL_0134_0062,WES,2023-03-04,12.00287,76.38471,1325.6,29.1,120.3,0.863,-0.505,BROADLEAF_HIGH_LITTER,0.15,-0.124,31.174999999999997,38.25,5.2925,82.0,-5.241,-0.737,0.0,1.9000000000000001,83.79,0,0,1.6,5064.4,0
WES_CELL_0014_0116,CELL_0014_0116,WES,2023-03-04,11.45914,76.62946,1097.3,27.9,65.9,0.913,0.408,BROADLEAF_HIGH_LITTER,0.153,-0.124,31.174999999999997,38.25,5.2925,82.0,-5.241,-0.737,0.0,1.9000000000000001,83.79,0,0,0.6,6420.2,0
WES_CELL_0087_0152,CELL_0087_0152,WES,2023-03-04,11.7881,76.79653,1361.5,27.8,98.8,0.988,-0.153,BROADLEAF_HIGH_LITTER,0.154,-0.124,31.174999999999997,38.25,5.2925,82.0,-5.241,-0.737,0.0,1.9000000000000001,83.79,7,7,0.5,1287.6,0
WES_CELL_0008_0030,CELL_0008_0030,WES,2023-03-04,11.43395,76.23523,924.5,32.8,63.4,0.894,0.448,BROADLEAF_HIGH_LITTER,0.15,-0.124,31.174999999999997,38.25,5.2925,82.0,-5.241,-0.737,0.0,1.9000000000000001,83.79,0,0,0.5,15636.9,0
WES_CELL_0074_0108,CELL_0074_0108,WES,2023-03-04,11.73055,76.59434,1246.1,6.8,93.1,0.999,-0.054,BROADLEAF_HIGH_LITTER,0.364,-0.124,31.174999999999997,38.25,5.2925,82.0,-5.241,-0.737,0.0,1.9000000000000001,83.79,0,0,0.6,22781.2,0
WES_CELL_0094_0101,CELL_0094_0101,WES,2023-03-04,11.82113,76.56275,1287.8,33.5,102.1,0.978,-0.21,BROADLEAF_HIGH_LITTER,0.15,-0.124,31.174999999999997,38.25,5.2925,82.0,-5.241,-0.737,0.0,1.9000000000000001,83.79,0,0,0.6,13496.1,0
WES_CELL_0034_0122,CELL_0034_0122,WES,2023-03-04,11.54939,76.65749,1162.6,18.3,74.9,0.965,0.261,BROADLEAF_HIGH_LITTER,0.249,-0.124,31.174999999999997,38.25,5.2925,82.0,-5.241,-0.737,0.0,1.9000000000000001,83.79,0,0,0.6,15847.0,0
WES_CELL_0054_0117,CELL_0054_0117,WES,2023-03-04,11.63992,76.63509,1208.0,33.2,84.0,0.995,0.105,BROADLEAF_HIGH_LITTER,0.15,-0.124,31.174999999999997,38.25,5.2925,82.0,-5.241,-0.737,0.0,1.9000000000000001,83.79,0,0,0.6,17557.4,0
WES_CELL_0008_0037,CELL_0008_0037,WES,2023-03-04,11.43381,76.26731,937.2,32.8,63.4,0.894,0.448,BROADLEAF_HIGH_LITTER,0.15,-0.124,31.174999999999997,38.25,5.2925,82.0,-5.241,-0.737,0.0,1.9000000000000001,83.79,0,0,0.5,13441.3,0
WES_CELL_0074_0117,CELL_0074_0117,WES,2023-03-04,11.73031,76.63563,1262.4,6.7,93.0,0.999,-0.052,BROADLEAF_HIGH_LITTER,0.365,-0.124,31.174999999999997,38.25,5.2925,82.0,-5.241,-0.737,0.0,1.9000000000000001,83.79,0,0,0.5,19795.9,0
WES_CELL_0094_0110,CELL_0094_0110,WES,2023-03-04,11.8209,76.60404,1304.2,33.5,102.1,0.978,-0.21,BROADLEAF_HIGH_LITTER,0.15,-0.124,31.174999999999997,38.25,5.2925,82.0,-5.241,-0.737,0.0,1.9000000000000001,83.79,0,0,0.6,15028.7,0
WES_CELL_0001_0104,CELL_0001_0104,WES,2023-03-04,11.40068,76.57415,1040.1,33.4,60.1,0.867,0.498,BROADLEAF_HIGH_LITTER,0.15,-0.124,31.174999999999997,38.25,5.2925,82.0,-5.241,-0.737,0.0,1.9000000000000001,83.79,3,3,0.6,4389.1,0
WES_CELL_0081_0074,CELL_0081_0074,WES,2023-03-04,11.76302,76.43855,1203.2,19.8,96.3,0.994,-0.11,BROADLEAF_HIGH_LITTER,0.234,-0.124,31.174999999999997,38.25,5.2925,82.0,-5.241,-0.737,0.0,1.9000000000000001,83.79,0,0,0.6,22018.1,0
WES_CELL_0094_0123,CELL_0094_0123,WES,2023-03-04,11.82055,76.66369,1327.8,33.5,102.1,0.978,-0.21,BROADLEAF_HIGH_LITTER,0.15,-0.124,31.174999999999997,38.25,5.2925,82.0,-5.241,-0.737,0.0,1.9000000000000001,83.79,0,0,0.5,16405.1,0
WES_CELL_0134_0108,CELL_0134_0108,WES,2023-03-04,12.00175,76.59592,1409.4,28.9,120.2,0.864,-0.503,BROADLEAF_HIGH_LITTER,0.15,-0.124,31.174999999999997,38.25,5.2925,82.0,-5.241,-0.737,0.0,1.9000000000000001,83.79,0,0,0.6,9101.6,0
WES_CELL_0114_0119,CELL_0114_0119,WES,2023-03-04,11.91106,76.64588,1375.0,17.0,111.1,0.933,-0.36,BROADLEAF_HIGH_LITTER,0.262,-0.124,31.174999999999997,38.25,5.2925,82.0,-5.241,-0.737,0.0,1.9000000000000001,83.79,0,0,0.6,12089.0,0
WES_CELL_0059_0126,CELL_0059_0126,WES,2023-03-04,11.66228,76.6765,1238.0,29.5,86.2,0.998,0.066,BROADLEAF_HIGH_LITTER,0.15,-0.124,31.174999999999997,38.25,5.2925,82.0,-5.241,-0.737,0.0,1.9000000000000001,83.79,0,0,0.6,19279.0,0
WES_CELL_0015_0008,CELL_0015_0008,WES,2023-03-04,11.466,76.13454,903.4,26.0,66.6,0.918,0.397,BROADLEAF_HIGH_LITTER,0.172,-0.124,31.174999999999997,38.25,5.2925,82.0,-5.241,-0.737,0.0,1.9000000000000001,83.79,0,0,0.5,23299.4,0
WES_CELL_0001_0117,CELL_0001_0117,WES,2023-03-04,11.40036,76.63371,1063.7,33.4,60.0,0.866,0.5,BROADLEAF_HIGH_LITTER,0.15,-0.124,31.174999999999997,38.25,5.2925,82.0,-5.241,-0.737,0.0,1.9000000000000001,83.79,12,12,0.6,281.6,1
WES_CELL_0061_0093,CELL_0061_0093,WES,2023-03-04,11.67216,76.52522,1183.4,27.0,87.2,0.999,0.049,BROADLEAF_HIGH_LITTER,0.162,-0.124,31.174999999999997,38.25,5.2925,82.0,-5.241,-0.737,0.0,1.9000000000000001,83.79,0,0,0.6,14372.9,0
WES_CELL_0054_0147,CELL_0054_0147,WES,2023-03-04,11.6391,76.77265,1262.5,33.3,83.9,0.994,0.106,BROADLEAF_HIGH_LITTER,0.15,-0.124,31.174999999999997,38.25,5.2925,82.0,-5.241,-0.737,0.0,1.9000000000000001,83.79,0,0,0.6,15614.6,0
WES_CELL_0094_0138,CELL_0094_0138,WES,2023-03-04,11.82014,76.73251,1355.1,33.5,102.0,0.978,-0.208,BROADLEAF_HIGH_LITTER,0.15,-0.124,31.174999999999997,38.25,5.2925,82.0,-5.241,-0.737,0.0,1.9000000000000001,83.79,0,0,0.5,9228.8,0
WES_CELL_0048_0055,CELL_0048_0055,WES,2023-03-04,11.61427,76.35066,1078.8,33.7,81.4,0.989,0.15,BROADLEAF_HIGH_LITTER,0.15,-0.124,31.174999999999997,38.25,5.2925,82.0,-5.241,-0.737,0.0,1.9000000000000001,83.79,0,0,0.5,8932.0,0
WES_CELL_0088_0040,CELL_0088_0040,WES,2023-03-04,11.79541,76.28271,1160.3,29.6,99.5,0.986,-0.165,BROADLEAF_HIGH_LITTER,0.15,-0.124,31.174999999999997,38.25,5.2925,82.0,-5.241,-0.737,0.0,1.9000000000000001,83.79,0,0,2.2,5064.6,0
WES_CELL_0074_0152,CELL_0074_0152,WES,2023-03-04,11.72935,76.79615,1326.1,6.3,92.9,0.999,-0.051,BROADLEAF_HIGH_LITTER,0.369,-0.124,31.174999999999997,38.25,5.2925,82.0,-5.241,-0.737,0.0,1.9000000000000001,83.79,0,0,0.6,5262.9,0
WES_CELL_0028_0070,CELL_0028_0070,WES,2023-03-04,11.52353,76.41899,1051.7,7.8,72.4,0.953,0.302,BROADLEAF_HIGH_LITTER,0.354,-0.124,31.174999999999997,38.25,5.2925,82.0,-5.241,-0.737,0.0,1.9000000000000001,83.79,1,1,0.6,4659.7,0
WES_CELL_0128_0032,CELL_0128_0032,WES,2023-03-04,11.9764,76.24683,1254.6,21.2,117.6,0.886,-0.463,BROADLEAF_HIGH_LITTER,0.22,-0.124,31.174999999999997,38.25,5.2925,82.0,-5.241,-0.737,0.0,1.9000000000000001,83.79,0,0,1.6,14588.8,0
WES_CELL_0061_0114,CELL_0061_0114,WES,2023-03-04,11.67163,76.62152,1221.6,27.1,87.2,0.999,0.049,BROADLEAF_HIGH_LITTER,0.161,-0.124,31.174999999999997,38.25,5.2925,82.0,-5.241,-0.737,0.0,1.9000000000000001,83.79,0,0,0.6,18873.8,0
WES_CELL_0114_0145,CELL_0114_0145,WES,2023-03-04,11.91033,76.76521,1422.3,17.3,111.0,0.934,-0.358,BROADLEAF_HIGH_LITTER,0.259,-0.124,31.174999999999997,38.25,5.2925,82.0,-5.241,-0.737,0.0,1.9000000000000001,83.79,0,0,0.5,14763.3,0
WES_CELL_0068_0063,CELL_0068_0063,WES,2023-03-04,11.7045,76.38779,1147.8,15.9,90.5,1.0,-0.009,BROADLEAF_HIGH_LITTER,0.273,-0.124,31.174999999999997,38.25,5.2925,82.0,-5.241,-0.737,0.0,1.9000000000000001,83.79,0,0,0.6,15852.5,0
WES_CELL_0088_0055,CELL_0088_0055,WES,2023-03-04,11.79509,76.35154,1187.7,29.5,99.5,0.986,-0.165,BROADLEAF_HIGH_LITTER,0.15,-0.124,31.174999999999997,38.25,5.2925,82.0,-5.241,-0.737,0.0,1.9000000000000001,83.79,0,0,2.2,12687.5,0
WES_CELL_0134_0140,CELL_0134_0140,WES,2023-03-04,12.00087,76.74284,1467.7,28.6,120.1,0.865,-0.502,BROADLEAF_HIGH_LITTER,0.15,-0.124,31.174999999999997,38.25,5.2925,82.0,-5.241,-0.737,0.0,1.9000000000000001,83.79,0,0,0.6,8538.5,0
WES_CELL_0061_0120,CELL_0061_0120,WES,2023-03-04,11.67148,76.64904,1232.5,27.2,87.1,0.999,0.051,BROADLEAF_HIGH_LITTER,0.16,-0.124,31.174999999999997,38.25,5.2925,82.0,-5.241,-0.737,0.0,1.9000000000000001,83.79,0,0,0.6,20998.5,1
WES_CELL_0061_0121,CELL_0061_0121,WES,2023-03-04,11.67145,76.65362,1234.3,27.2,87.1,0.999,0.051,BROADLEAF_HIGH_LITTER,0.16,-0.124,31.174999999999997,38.25,5.2925,82.0,-5.241,-0.737,0.0,1.9000000000000001,83.79,0,0,0.6,20690.1,1
WES_CELL_0001_0145,CELL_0001_0145,WES,2023-03-04,11.39962,76.76198,1114.6,33.3,60.0,0.866,0.5,BROADLEAF_HIGH_LITTER,0.15,-0.124,31.174999999999997,38.25,5.2925,82.0,-5.241,-0.737,0.0,1.9000000000000001,83.79,0,0,0.6,11650.2,0
WES_CELL_0055_0024,CELL_0055_0024,WES,2023-03-04,11.64654,76.20865,1041.4,32.4,84.7,0.996,0.092,BROADLEAF_HIGH_LITTER,0.15,-0.124,31.174999999999997,38.25,5.2925,82.0,-5.241,-0.737,0.0,1.9000000000000001,83.79,0,0,2.2,17374.2,0
WES_CELL_0121_0117,CELL_0121_0117,WES,2023-03-04,11.94275,76.63689,1390.4,8.0,114.3,0.911,-0.412,BROADLEAF_HIGH_LITTER,0.352,-0.124,31.174999999999997,38.25,5.2925,82.0,-5.241,-0.737,0.0,1.9000000000000001,83.79,0,0,0.6,10634.7,0
WES_CELL_0035_0049,CELL_0035_0049,WES,2023-03-04,11.55563,76.32287,1032.5,20.6,75.6,0.969,0.249,BROADLEAF_HIGH_LITTER,0.226,-0.124,31.174999999999997,38.25,5.2925,82.0,-5.241,-0.737,0.0,1.9000000000000001,83.79,1,1,0.5,2437.1,0
WES_CELL_0041_0153,CELL_0041_0153,WES,2023-03-04,11.58018,76.79978,1238.0,28.2,78.0,0.978,0.208,BROADLEAF_HIGH_LITTER,0.15,-0.124,31.174999999999997,38.25,5.2925,82.0,-5.241,-0.737,0.0,1.9000000000000001,83.79,0,0,0.6,15058.5,0
WES_CELL_0068_0094,CELL_0068_0094,WES,2023-03-04,11.70378,76.52998,1204.3,16.2,90.4,1.0,-0.007,BROADLEAF_HIGH_LITTER,0.27,-0.124,31.174999999999997,38.25,5.2925,82.0,-5.241,-0.737,0.0,1.9000000000000001,83.79,0,0,0.6,17920.7,0
WES_CELL_0101_0138,CELL_0101_0138,WES,2023-03-04,11.85178,76.73271,1374.2,32.9,105.2,0.965,-0.262,BROADLEAF_HIGH_LITTER,0.15,-0.124,31.174999999999997,38.25,5.2925,82.0,-5.241,-0.737,0.0,1.9000000000000001,83.79,0,0,0.5,11267.1,0
WES_CELL_0088_0095,CELL_0088_0095,WES,2023-03-04,11.79416,76.53507,1260.5,29.3,99.4,0.987,-0.163,BROADLEAF_HIGH_LITTER,0.15,-0.124,31.174999999999997,38.25,5.2925,82.0,-5.241,-0.737,0.0,1.9000000000000001,83.79,0,0,0.6,16287.9,0
WES_CELL_0048_0112,CELL_0048_0112,WES,2023-03-04,11.61293,76.61201,1182.6,33.6,81.3,0.988,0.151,BROADLEAF_HIGH_LITTER,0.15,-0.124,31.174999999999997,38.25,5.2925,82.0,-5.241,-0.737,0.0,1.9000000000000001,83.79,0,0,0.6,13725.2,0
WES_CELL_0115_0035,CELL_0115_0035,WES,2023-03-04,11.91757,76.26033,1224.7,14.5,111.8,0.928,-0.371,BROADLEAF_HIGH_LITTER,0.287,-0.124,31.174999999999997,38.25,5.2925,82.0,-5.241,-0.737,0.0,1.9000000000000001,83.79,0,0,2.2,13251.9,0
WES_CELL_0015_0075,CELL_0015_0075,WES,2023-03-04,11.46465,76.4416,1025.4,26.4,66.5,0.917,0.399,BROADLEAF_HIGH_LITTER,0.168,-0.124,31.174999999999997,38.25,5.2925,82.0,-5.241,-0.737,0.0,1.9000000000000001,83.79,0,0,0.6,11435.0,0
WES_CELL_0108_0091,CELL_0108_0091,WES,2023-03-04,11.88466,76.51721,1307.7,26.1,108.5,0.948,-0.317,BROADLEAF_HIGH_LITTER,0.171,-0.124,31.174999999999997,38.25,5.2925,82.0,-5.241,-0.737,0.0,1.9000000000000001,83.79,0,0,0.6,6769.5,0
WES_CELL_0002_0033,CELL_0002_0033,WES,2023-03-04,11.40677,76.24886,913.6,33.8,60.7,0.872,0.489,BROADLEAF_HIGH_LITTER,0.15,-0.124,31.174999999999997,38.25,5.2925,82.0,-5.241,-0.737,0.0,1.9000000000000001,83.79,0,0,0.5,17074.2,0
WES_CELL_0048_0129,CELL_0048_0129,WES,2023-03-04,11.61248,76.68995,1213.5,33.6,81.2,0.988,0.153,BROADLEAF_HIGH_LITTER,0.15,-0.124,31.174999999999997,38.25,5.2925,82.0,-5.241,-0.737,0.0,1.9000000000000001,83.79,0,0,0.6,21427.5,0
WES_CELL_0115_0051,CELL_0115_0051,WES,2023-03-04,11.91723,76.33378,1253.8,14.6,111.7,0.929,-0.37,BROADLEAF_HIGH_LITTER,0.286,-0.124,31.174999999999997,38.25,5.2925,82.0,-5.241,-0.737,0.0,1.9000000000000001,83.79,0,0,1.6,6503.9,0
WES_CELL_0015_0094,CELL_0015_0094,WES,2023-03-04,11.46421,76.52868,1060.0,26.6,66.4,0.916,0.4,BROADLEAF_HIGH_LITTER,0.166,-0.124,31.174999999999997,38.25,5.2925,82.0,-5.241,-0.737,0.0,1.9000000000000001,83.79,0,0,0.6,9065.3,0
WES_CELL_0095_0063,CELL_0095_0063,WES,2023-03-04,11.82655,76.3884,1221.3,33.9,102.7,0.976,-0.22,BROADLEAF_HIGH_LITTER,0.15,-0.124,31.174999999999997,38.25,5.2925,82.0,-5.241,-0.737,0.0,1.9000000000000001,83.79,0,0,1.6,14429.5,0
WES_CELL_0002_0052,CELL_0002_0052,WES,2023-03-04,11.40638,76.33592,948.2,33.8,60.6,0.871,0.491,BROADLEAF_HIGH_LITTER,0.15,-0.124,31.174999999999997,38.25,5.2925,82.0,-5.241,-0.737,0.0,1.9000000000000001,83.79,0,0,0.5,14379.4,0
WES_CELL_0055_0089,CELL_0055_0089,WES,2023-03-04,11.64514,76.50673,1159.8,32.6,84.5,0.995,0.096,BROADLEAF_HIGH_LITTER,0.15,-0.124,31.174999999999997,38.25,5.2925,82.0,-5.241,-0.737,0.0,1.9000000000000001,83.79,0,0,0.6,11272.8,0
WES_CELL_0075_0093,CELL_0075_0093,WES,2023-03-04,11.73544,76.52557,1221.5,8.9,93.5,0.998,-0.061,BROADLEAF_HIGH_LITTER,0.343,-0.124,31.174999999999997,38.25,5.2925,82.0,-5.241,-0.737,0.0,1.9000000000000001,83.79,0,0,0.6,21365.9,0
WES_CELL_0115_0079,CELL_0115_0079,WES,2023-03-04,11.91659,76.46231,1304.9,14.9,111.7,0.929,-0.37,BROADLEAF_HIGH_LITTER,0.283,-0.124,31.174999999999997,38.25,5.2925,82.0,-5.241,-0.737,0.0,1.9000000000000001,83.79,0,0,0.6,9148.7,0
WES_CELL_0128_0131,CELL_0128_0131,WES,2023-03-04,11.97401,76.70135,1434.9,20.4,117.4,0.888,-0.46,BROADLEAF_HIGH_LITTER,0.228,-0.124,31.174999999999997,38.25,5.2925,82.0,-5.241,-0.737,0.0,1.9000000000000001,83.79,0,0,0.6,13191.5,0
WES_CELL_0069_0004,CELL_0069_0004,WES,2023-03-04,11.71021,76.11717,1043.0,13.6,91.0,1.0,-0.017,BROADLEAF_HIGH_LITTER,0.296,-0.124,31.174999999999997,38.25,5.2925,82.0,-5.241,-0.737,0.0,1.9000000000000001,83.79,0,0,2.2,16680.1,0
WES_CELL_0069_0005,CELL_0069_0005,WES,2023-03-04,11.71019,76.12176,1044.8,13.6,91.0,1.0,-0.017,BROADLEAF_HIGH_LITTER,0.296,-0.124,31.174999999999997,38.25,5.2925,82.0,-5.241,-0.737,0.0,1.9000000000000001,83.79,0,0,2.2,16277.0,0
WES_CELL_0095_0099,CELL_0095_0099,WES,2023-03-04,11.8257,76.5536,1286.9,33.8,102.6,0.976,-0.218,BROADLEAF_HIGH_LITTER,0.15,-0.124,31.174999999999997,38.25,5.2925,82.0,-5.241,-0.737,0.0,1.9000000000000001,83.79,0,0,0.6,12848.2,0
WES_CELL_0022_0078,CELL_0022_0078,WES,2023-03-04,11.49622,76.45552,1049.9,15.4,69.6,0.937,0.349,BROADLEAF_HIGH_LITTER,0.278,-0.124,31.174999999999997,38.25,5.2925,82.0,-5.241,-0.737,0.0,1.9000000000000001,83.79,0,0,0.6,7983.2,0
WES_CELL_0062_0063,CELL_0062_0063,WES,2023-03-04,11.67738,76.38766,1131.5,25.5,87.7,0.999,0.04,BROADLEAF_HIGH_LITTER,0.177,-0.124,31.174999999999997,38.25,5.2925,82.0,-5.241,-0.737,0.0,1.9000000000000001,83.79,0,0,0.6,12944.4,0
WES_CELL_0122_0041,CELL_0122_0041,WES,2023-03-04,11.94909,76.28802,1254.7,10.6,114.9,0.907,-0.421,BROADLEAF_HIGH_LITTER,0.326,-0.124,31.174999999999997,38.25,5.2925,82.0,-5.241,-0.737,0.0,1.9000000000000001,83.79,0,0,1.6,9919.5,0
WES_CELL_0062_0066,CELL_0062_0066,WES,2023-03-04,11.67731,76.40142,1137.0,25.5,87.7,0.999,0.04,BROADLEAF_HIGH_LITTER,0.177,-0.124,31.174999999999997,38.25,5.2925,82.0,-5.241,-0.737,0.0,1.9000000000000001,83.79,0,0,0.6,12592.6,0
WES_CELL_0095_0107,CELL_0095_0107,WES,2023-03-04,11.82549,76.5903,1301.4,33.8,102.5,0.976,-0.216,BROADLEAF_HIGH_LITTER,0.15,-0.124,31.174999999999997,38.25,5.2925,82.0,-5.241,-0.737,0.0,1.9000000000000001,83.79,0,0,0.6,13912.5,0
WES_CELL_0069_0017,CELL_0069_0017,WES,2023-03-04,11.70997,76.17681,1066.7,13.7,91.0,1.0,-0.017,BROADLEAF_HIGH_LITTER,0.295,-0.124,31.174999999999997,38.25,5.2925,82.0,-5.241,-0.737,0.0,1.9000000000000001,83.79,0,0,2.2,12081.3,0
WES_CELL_0102_0057,CELL_0102_0057,WES,2023-03-04,11.85833,76.36103,1229.4,32.1,105.8,0.962,-0.272,BROADLEAF_HIGH_LITTER,0.15,-0.124,31.174999999999997,38.25,5.2925,82.0,-5.241,-0.737,0.0,1.9000000000000001,83.79,0,0,1.6,11007.6,0
WES_CELL_0015_0148,CELL_0015_0148,WES,2023-03-04,11.46281,76.77612,1158.1,27.0,66.3,0.916,0.402,BROADLEAF_HIGH_LITTER,0.162,-0.124,31.174999999999997,38.25,5.2925,82.0,-5.241,-0.737,0.0,1.9000000000000001,83.79,0,0,0.6,13642.3,0
WES_CELL_0095_0118,CELL_0095_0118,WES,2023-03-04,11.82521,76.64077,1321.4,33.8,102.5,0.976,-0.216,BROADLEAF_HIGH_LITTER,0.15,-0.124,31.174999999999997,38.25,5.2925,82.0,-5.241,-0.737,0.0,1.9000000000000001,83.79,0,0,0.6,16939.8,0
WES_CELL_0109_0012,CELL_0109_0012,WES,2023-03-04,11.89089,76.15463,1166.4,24.2,109.1,0.945,-0.327,BROADLEAF_HIGH_LITTER,0.19,-0.124,31.174999999999997,38.25,5.2925,82.0,-5.241,-0.737,0.0,1.9000000000000001,83.79,0,0,2.2,13609.0,0
WES_CELL_0095_0123,CELL_0095_0123,WES,2023-03-04,11.82507,76.66372,1330.5,33.8,102.5,0.976,-0.216,BROADLEAF_HIGH_LITTER,0.15,-0.124,31.174999999999997,38.25,5.2925,82.0,-5.241,-0.737,0.0,1.9000000000000001,83.79,0,0,0.5,16540.4,0
WES_CELL_0042_0101,CELL_0042_0101,WES,2023-03-04,11.58608,76.56143,1146.2,29.6,78.6,0.98,0.198,BROADLEAF_HIGH_LITTER,0.15,-0.124,31.174999999999997,38.25,5.2925,82.0,-5.241,-0.737,0.0,1.9000000000000001,83.79,0,0,0.6,7436.1,0
WES_CELL_0095_0134,CELL_0095_0134,WES,2023-03-04,11.82477,76.71419,1350.5,33.8,102.5,0.976,-0.216,BROADLEAF_HIGH_LITTER,0.15,-0.124,31.174999999999997,38.25,5.2925,82.0,-5.241,-0.737,0.0,1.9000000000000001,83.79,0,0,0.5,11281.5,0
WES_CELL_0016_0027,CELL_0016_0027,WES,2023-03-04,11.47017,76.22164,940.8,24.8,67.0,0.921,0.391,BROADLEAF_HIGH_LITTER,0.184,-0.124,31.174999999999997,38.25,5.2925,82.0,-5.241,-0.737,0.0,1.9000000000000001,83.79,0,0,0.5,14301.7,0
WES_CELL_0016_0029,CELL_0016_0029,WES,2023-03-04,11.47013,76.23081,944.4,24.8,67.0,0.921,0.391,BROADLEAF_HIGH_LITTER,0.184,-0.124,31.174999999999997,38.25,5.2925,82.0,-5.241,-0.737,0.0,1.9000000000000001,83.79,0,0,0.5,13438.8,0
WES_CELL_0062_0119,CELL_0062_0119,WES,2023-03-04,11.67602,76.64448,1233.4,25.9,87.6,0.999,0.042,BROADLEAF_HIGH_LITTER,0.173,-0.124,31.174999999999997,38.25,5.2925,82.0,-5.241,-0.737,0.0,1.9000000000000001,83.79,0,0,0.6,20978.6,1
WES_CELL_0062_0120,CELL_0062_0120,WES,2023-03-04,11.676,76.64906,1235.2,25.9,87.6,0.999,0.042,BROADLEAF_HIGH_LITTER,0.173,-0.124,31.174999999999997,38.25,5.2925,82.0,-5.241,-0.737,0.0,1.9000000000000001,83.79,0,0,0.6,20841.7,1
WES_CELL_0062_0121,CELL_0062_0121,WES,2023-03-04,11.67597,76.65365,1237.0,25.9,87.6,0.999,0.042,BROADLEAF_HIGH_LITTER,0.173,-0.124,31.174999999999997,38.25,5.2925,82.0,-5.241,-0.737,0.0,1.9000000000000001,83.79,0,0,0.6,20412.8,1
WES_CELL_0016_0037,CELL_0016_0037,WES,2023-03-04,11.46998,76.26747,959.0,24.8,67.0,0.921,0.391,BROADLEAF_HIGH_LITTER,0.184,-0.124,31.174999999999997,38.25,5.2925,82.0,-5.241,-0.737,0.0,1.9000000000000001,83.79,0,0,0.5,10274.4,0
WES_CELL_0062_0123,CELL_0062_0123,WES,2023-03-04,11.67592,76.66282,1240.7,25.9,87.6,0.999,0.042,BROADLEAF_HIGH_LITTER,0.173,-0.124,31.174999999999997,38.25,5.2925,82.0,-5.241,-0.737,0.0,1.9000000000000001,83.79,0,0,0.6,19566.4,0
WES_CELL_0122_0107,CELL_0122_0107,WES,2023-03-04,11.94753,76.59101,1374.9,10.0,114.8,0.908,-0.419,BROADLEAF_HIGH_LITTER,0.332,-0.124,31.174999999999997,38.25,5.2925,82.0,-5.241,-0.737,0.0,1.9000000000000001,83.79,0,0,0.6,5590.9,0
WES_CELL_0096_0018,CELL_0096_0018,WES,2023-03-04,11.83201,76.18192,1142.0,34.0,103.2,0.974,-0.228,BROADLEAF_HIGH_LITTER,0.15,-0.124,31.174999999999997,38.25,5.2925,82.0,-5.241,-0.737,0.0,1.9000000000000001,83.79,0,0,2.2,7083.5,0
WES_CELL_0096_0034,CELL_0096_0034,WES,2023-03-04,11.83169,76.25535,1171.2,34.0,103.2,0.974,-0.228,BROADLEAF_HIGH_LITTER,0.15,-0.124,31.174999999999997,38.25,5.2925,82.0,-5.241,-0.737,0.0,1.9000000000000001,83.79,1,1,2.2,4005.5,0
WES_CELL_0003_0021,CELL_0003_0021,WES,2023-03-04,11.41151,76.19389,894.5,34.0,61.2,0.876,0.482,BROADLEAF_HIGH_LITTER,0.15,-0.124,31.174999999999997,38.25,5.2925,82.0,-5.241,-0.737,0.0,1.9000000000000001,83.79,0,0,0.5,20668.1,0
WES_CELL_0036_0065,CELL_0036_0065,WES,2023-03-04,11.5598,76.39624,1064.4,22.0,76.0,0.97,0.242,BROADLEAF_HIGH_LITTER,0.212,-0.124,31.174999999999997,38.25,5.2925,82.0,-5.241,-0.737,0.0,1.9000000000000001,83.79,1,1,0.6,2764.1,0
WES_CELL_0043_0012,CELL_0043_0012,WES,2023-03-04,11.59252,76.15339,986.9,31.0,79.3,0.983,0.186,BROADLEAF_HIGH_LITTER,0.15,-0.124,31.174999999999997,38.25,5.2925,82.0,-5.241,-0.737,0.0,1.9000000000000001,83.79,0,0,0.5,20848.6,0
WES_CELL_0003_0036,CELL_0003_0036,WES,2023-03-04,11.41123,76.26263,921.8,34.0,61.1,0.875,0.483,BROADLEAF_HIGH_LITTER,0.15,-0.124,31.174999999999997,38.25,5.2925,82.0,-5.241,-0.737,0.0,1.9000000000000001,83.79,0,0,0.5,15860.3,0
WES_CELL_0076_0067,CELL_0076_0067,WES,2023-03-04,11.74057,76.40632,1176.9,11.0,94.1,0.997,-0.071,BROADLEAF_HIGH_LITTER,0.322,-0.124,31.174999999999997,38.25,5.2925,82.0,-5.241,-0.737,0.0,1.9000000000000001,83.79,0,0,0.6,19499.1,0
WES_CELL_0096_0067,CELL_0096_0067,WES,2023-03-04,11.83098,76.40678,1231.3,34.0,103.1,0.974,-0.227,BROADLEAF_HIGH_LITTER,0.15,-0.124,31.174999999999997,38.25,5.2925,82.0,-5.241,-0.737,0.0,1.9000000000000001,83.79,0,0,1.6,14260.2,0
WES_CELL_0096_0068,CELL_0096_0068,WES,2023-03-04,11.83096,76.41137,1233.1,34.0,103.1,0.974,-0.227,BROADLEAF_HIGH_LITTER,0.15,-0.124,31.174999999999997,38.25,5.2925,82.0,-5.241,-0.737,0.0,1.9000000000000001,83.79,0,0,1.6,14386.8,0
WES_CELL_0076_0075,CELL_0076_0075,WES,2023-03-04,11.74039,76.44302,1191.4,10.9,94.0,0.998,-0.07,BROADLEAF_HIGH_LITTER,0.323,-0.124,31.174999999999997,38.25,5.2925,82.0,-5.241,-0.737,0.0,1.9000000000000001,83.79,0,0,0.6,19575.6,0
WES_CELL_0010_0006,CELL_0010_0006,WES,2023-03-04,11.44343,76.12528,886.2,31.4,64.3,0.901,0.434,BROADLEAF_HIGH_LITTER,0.15,-0.124,31.174999999999997,38.25,5.2925,82.0,-5.241,-0.737,0.0,1.9000000000000001,83.79,0,0,0.5,25183.3,0
WES_CELL_0123_0014,CELL_0123_0014,WES,2023-03-04,11.95415,76.16408,1208.1,12.7,115.4,0.903,-0.429,BROADLEAF_HIGH_LITTER,0.305,-0.124,31.174999999999997,38.25,5.2925,82.0,-5.241,-0.737,0.0,1.9000000000000001,83.79,0,0,2.2,18904.3,0
WES_CELL_0069_0144,CELL_0069_0144,WES,2023-03-04,11.70698,76.75932,1297.9,14.9,90.7,1.0,-0.012,BROADLEAF_HIGH_LITTER,0.283,-0.124,31.174999999999997,38.25,5.2925,82.0,-5.241,-0.737,0.0,1.9000000000000001,83.79,0,0,0.6,9329.8,0
WES_CELL_0043_0056,CELL_0043_0056,WES,2023-03-04,11.59164,76.35514,1067.0,30.8,79.2,0.982,0.187,BROADLEAF_HIGH_LITTER,0.15,-0.124,31.174999999999997,38.25,5.2925,82.0,-5.241,-0.737,0.0,1.9000000000000001,83.79,0,0,0.5,6681.4,0
WES_CELL_0083_0043,CELL_0083_0043,WES,2023-03-04,11.77274,76.29637,1152.2,23.2,97.3,0.992,-0.127,BROADLEAF_HIGH_LITTER,0.2,-0.124,31.174999999999997,38.25,5.2925,82.0,-5.241,-0.737,0.0,1.9000000000000001,83.79,0,0,2.2,7234.5,0
WES_CELL_0083_0053,CELL_0083_0053,WES,2023-03-04,11.77253,76.34225,1170.4,23.1,97.3,0.992,-0.127,BROADLEAF_HIGH_LITTER,0.201,-0.124,31.174999999999997,38.25,5.2925,82.0,-5.241,-0.737,0.0,1.9000000000000001,83.79,0,0,2.2,12047.3,0
WES_CELL_0076_0110,CELL_0076_0110,WES,2023-03-04,11.73954,76.60357,1255.1,10.6,94.0,0.998,-0.07,BROADLEAF_HIGH_LITTER,0.326,-0.124,31.174999999999997,38.25,5.2925,82.0,-5.241,-0.737,0.0,1.9000000000000001,83.79,0,0,0.5,22993.7,0
WES_CELL_0070_0011,CELL_0070_0011,WES,2023-03-04,11.7146,76.1493,1058.5,11.8,91.5,1.0,-0.026,BROADLEAF_HIGH_LITTER,0.314,-0.124,31.174999999999997,38.25,5.2925,82.0,-5.241,-0.737,0.0,1.9000000000000001,83.79,0,0,2.2,13647.8,0
WES_CELL_0103_0050,CELL_0103_0050,WES,2023-03-04,11.863,76.32892,1219.4,31.3,106.3,0.96,-0.281,BROADLEAF_HIGH_LITTER,0.15,-0.124,31.174999999999997,38.25,5.2925,82.0,-5.241,-0.737,0.0,1.9000000000000001,83.79,0,0,1.6,11662.1,1
WES_CELL_0109_0152,CELL_0109_0152,WES,2023-03-04,11.88753,76.79718,1421.4,25.2,108.8,0.947,-0.322,BROADLEAF_HIGH_LITTER,0.18,-0.124,31.174999999999997,38.25,5.2925,82.0,-5.241,-0.737,0.0,1.9000000000000001,83.79,0,0,0.5,11411.4,0
WES_CELL_0103_0056,CELL_0103_0056,WES,2023-03-04,11.86287,76.35646,1230.3,31.3,106.3,0.96,-0.281,BROADLEAF_HIGH_LITTER,0.15,-0.124,31.174999999999997,38.25,5.2925,82.0,-5.241,-0.737,0.0,1.9000000000000001,83.79,0,0,1.6,10611.5,0
WES_CELL_0129_0148,CELL_0129_0148,WES,2023-03-04,11.97804,76.77942,1468.6,21.8,117.8,0.885,-0.466,BROADLEAF_HIGH_LITTER,0.214,-0.124,31.174999999999997,38.25,5.2925,82.0,-5.241,-0.737,0.0,1.9000000000000001,83.79,0,0,0.6,10852.4,0
WES_CELL_0116_0112,CELL_0116_0112,WES,2023-03-04,11.92028,76.6138,1367.7,13.4,112.0,0.927,-0.375,BROADLEAF_HIGH_LITTER,0.298,-0.124,31.174999999999997,38.25,5.2925,82.0,-5.241,-0.737,0.0,1.9000000000000001,83.79,0,0,0.6,8384.3,0
WES_CELL_0036_0147,CELL_0036_0147,WES,2023-03-04,11.55775,76.77213,1213.5,21.3,75.8,0.969,0.245,BROADLEAF_HIGH_LITTER,0.219,-0.124,31.174999999999997,38.25,5.2925,82.0,-5.241,-0.737,0.0,1.9000000000000001,83.79,0,0,0.6,16020.7,0
WES_CELL_0103_0069,CELL_0103_0069,WES,2023-03-04,11.86258,76.41612,1254.0,31.3,106.3,0.96,-0.281,BROADLEAF_HIGH_LITTER,0.15,-0.124,31.174999999999997,38.25,5.2925,82.0,-5.241,-0.737,0.0,1.9000000000000001,83.79,0,0,1.6,11226.1,0
WES_CELL_0050_0043,CELL_0050_0043,WES,2023-03-04,11.62356,76.29568,1062.4,34.0,82.4,0.991,0.132,BROADLEAF_HIGH_LITTER,0.15,-0.124,31.174999999999997,38.25,5.2925,82.0,-5.241,-0.737,0.0,1.9000000000000001,83.79,0,0,0.5,10554.6,0
WES_CELL_0076_0137,CELL_0076_0137,WES,2023-03-04,11.73882,76.72741,1304.3,10.3,93.9,0.998,-0.068,BROADLEAF_HIGH_LITTER,0.329,-0.124,31.174999999999997,38.25,5.2925,82.0,-5.241,-0.737,0.0,1.9000000000000001,83.79,0,0,0.6,9864.7,0
WES_CELL_0126_0046,CELL_0126_0046,WES,2023-03-04,11.96706,76.31106,1274.7,17.8,116.7,0.893,-0.449,BROADLEAF_HIGH_LITTER,0.254,-0.124,31.174999999999997,38.25,5.2925,82.0,-5.241,-0.737,0.0,1.9000000000000001,83.79,0,0,1.6,7383.5,0
WES_CELL_0003_0118,CELL_0003_0118,WES,2023-03-04,11.40937,76.63834,1071.0,33.9,60.9,0.874,0.486,BROADLEAF_HIGH_LITTER,0.15,-0.124,31.174999999999997,38.25,5.2925,82.0,-5.241,-0.737,0.0,1.9000000000000001,83.79,12,12,0.6,1398.2,1
WES_CELL_0003_0119,CELL_0003_0119,WES,2023-03-04,11.40935,76.64293,1072.8,33.9,60.9,0.874,0.486,BROADLEAF_HIGH_LITTER,0.15,-0.124,31.174999999999997,38.25,5.2925,82.0,-5.241,-0.737,0.0,1.9000000000000001,83.79,12,12,0.6,1094.2,1
WES_CELL_0103_0084,CELL_0103_0084,WES,2023-03-04,11.86223,76.48496,1281.3,31.4,106.2,0.96,-0.279,BROADLEAF_HIGH_LITTER,0.15,-0.124,31.174999999999997,38.25,5.2925,82.0,-5.241,-0.737,0.0,1.9000000000000001,83.79,0,0,0.6,10716.2,0
WES_CELL_0043_0111,CELL_0043_0111,WES,2023-03-04,11.59035,76.6073,1167.1,30.5,79.0,0.982,0.191,BROADLEAF_HIGH_LITTER,0.15,-0.124,31.174999999999997,38.25,5.2925,82.0,-5.241,-0.737,0.0,1.9000000000000001,83.79,0,0,0.6,12020.1,0
WES_CELL_0103_0088,CELL_0103_0088,WES,2023-03-04,11.86213,76.50332,1288.6,31.4,106.2,0.96,-0.279,BROADLEAF_HIGH_LITTER,0.15,-0.124,31.174999999999997,38.25,5.2925,82.0,-5.241,-0.737,0.0,1.9000000000000001,83.79,0,0,0.6,9684.2,0
WES_CELL_0130_0028,CELL_0130_0028,WES,2023-03-04,11.98552,76.2285,1252.7,24.3,118.6,0.878,-0.479,BROADLEAF_HIGH_LITTER,0.189,-0.124,31.174999999999997,38.25,5.2925,82.0,-5.241,-0.737,0.0,1.9000000000000001,83.79,0,0,1.6,16760.5,0
WES_CELL_0083_0098,CELL_0083_0098,WES,2023-03-04,11.77148,76.5487,1252.4,22.8,97.1,0.992,-0.124,BROADLEAF_HIGH_LITTER,0.204,-0.124,31.174999999999997,38.25,5.2925,82.0,-5.241,-0.737,0.0,1.9000000000000001,83.79,0,0,0.6,18810.0,0
WES_CELL_0063_0120,CELL_0063_0120,WES,2023-03-04,11.68052,76.64909,1237.9,24.5,88.1,0.999,0.033,BROADLEAF_HIGH_LITTER,0.187,-0.124,31.174999999999997,38.25,5.2925,82.0,-5.241,-0.737,0.0,1.9000000000000001,83.79,0,0,0.6,20578.7,1
WES_CELL_0097_0004,CELL_0097_0004,WES,2023-03-04,11.83679,76.11768,1119.1,34.0,103.7,0.972,-0.237,BROADLEAF_HIGH_LITTER,0.15,-0.124,31.174999999999997,38.25,5.2925,82.0,-5.241,-0.737,0.0,1.9000000000000001,83.79,0,0,2.2,13884.2,0
WES_CELL_0057_0020,CELL_0057_0020,WES,2023-03-04,11.65566,76.19034,1039.5,30.9,85.6,0.997,0.077,BROADLEAF_HIGH_LITTER,0.15,-0.124,31.174999999999997,38.25,5.2925,82.0,-5.241,-0.737,0.0,1.9000000000000001,83.79,0,0,2.2,16893.7,0
WES_CELL_0010_0091,CELL_0010_0091,WES,2023-03-04,11.44168,76.51481,1040.9,31.7,64.2,0.9,0.435,BROADLEAF_HIGH_LITTER,0.15,-0.124,31.174999999999997,38.25,5.2925,82.0,-5.241,-0.737,0.0,1.9000000000000001,83.79,0,0,0.6,11330.4,0
WES_CELL_0110_0058,CELL_0110_0058,WES,2023-03-04,11.89447,76.3658,1253.0,23.0,109.4,0.943,-0.332,BROADLEAF_HIGH_LITTER,0.202,-0.124,31.174999999999997,38.25,5.2925,82.0,-5.241,-0.737,0.0,1.9000000000000001,83.79,0,0,1.6,6965.6,0
WES_CELL_0057_0028,CELL_0057_0028,WES,2023-03-04,11.65551,76.22703,1054.1,30.9,85.6,0.997,0.077,BROADLEAF_HIGH_LITTER,0.15,-0.124,31.174999999999997,38.25,5.2925,82.0,-5.241,-0.737,0.0,1.9000000000000001,83.79,0,0,2.2,16125.2,0
WES_CELL_0077_0025,CELL_0077_0025,WES,2023-03-04,11.74598,76.21367,1103.1,13.2,94.6,0.997,-0.08,BROADLEAF_HIGH_LITTER,0.3,-0.124,31.174999999999997,38.25,5.2925,82.0,-5.241,-0.737,0.0,1.9000000000000001,83.79,0,0,2.2,6589.4,0
WES_CELL_0110_0069,CELL_0110_0069,WES,2023-03-04,11.89422,76.41629,1273.0,23.1,109.4,0.943,-0.332,BROADLEAF_HIGH_LITTER,0.201,-0.124,31.174999999999997,38.25,5.2925,82.0,-5.241,-0.737,0.0,1.9000000000000001,83.79,0,0,1.6,8099.1,0
WES_CELL_0017_0057,CELL_0017_0057,WES,2023-03-04,11.47409,76.35916,998.1,23.5,67.4,0.923,0.384,BROADLEAF_HIGH_LITTER,0.197,-0.124,31.174999999999997,38.25,5.2925,82.0,-5.241,-0.737,0.0,1.9000000000000001,83.79,0,0,0.5,7471.4,0
WES_CELL_0077_0046,CELL_0077_0046,WES,2023-03-04,11.74555,76.31001,1141.3,13.0,94.6,0.997,-0.08,BROADLEAF_HIGH_LITTER,0.302,-0.124,31.174999999999997,38.25,5.2925,82.0,-5.241,-0.737,0.0,1.9000000000000001,83.79,0,0,2.2,10104.5,0
WES_CELL_0110_0089,CELL_0110_0089,WES,2023-03-04,11.89375,76.50808,1309.5,23.3,109.4,0.943,-0.332,BROADLEAF_HIGH_LITTER,0.199,-0.124,31.174999999999997,38.25,5.2925,82.0,-5.241,-0.737,0.0,1.9000000000000001,83.79,0,0,0.6,6377.7,0
WES_CELL_0010_0133,CELL_0010_0133,WES,2023-03-04,11.44062,76.70725,1117.3,31.9,64.1,0.9,0.437,BROADLEAF_HIGH_LITTER,0.15,-0.124,31.174999999999997,38.25,5.2925,82.0,-5.241,-0.737,0.0,1.9000000000000001,83.79,0,0,0.6,6710.8,0
WES_CELL_0103_0149,CELL_0103_0149,WES,2023-03-04,11.8605,76.78324,1399.6,31.7,106.1,0.961,-0.277,BROADLEAF_HIGH_LITTER,0.15,-0.124,31.174999999999997,38.25,5.2925,82.0,-5.241,-0.737,0.0,1.9000000000000001,83.79,0,0,0.5,8881.5,0
WES_CELL_0037_0074,CELL_0037_0074,WES,2023-03-04,11.56412,76.43753,1083.5,23.5,76.4,0.972,0.235,BROADLEAF_HIGH_LITTER,0.197,-0.124,31.174999999999997,38.25,5.2925,82.0,-5.241,-0.737,0.0,1.9000000000000001,83.79,1,1,0.6,1897.1,1
WES_CELL_0010_0136,CELL_0010_0136,WES,2023-03-04,11.44054,76.721,1122.7,31.9,64.1,0.9,0.437,BROADLEAF_HIGH_LITTER,0.15,-0.124,31.174999999999997,38.25,5.2925,82.0,-5.241,-0.737,0.0,1.9000000000000001,83.79,0,0,0.6,8014.3,0
WES_CELL_0037_0078,CELL_0037_0078,WES,2023-03-04,11.56403,76.45586,1090.8,23.5,76.4,0.972,0.235,BROADLEAF_HIGH_LITTER,0.197,-0.124,31.174999999999997,38.25,5.2925,82.0,-5.241,-0.737,0.0,1.9000000000000001,83.79,1,1,0.6,3929.8,0
WES_CELL_0030_0134,CELL_0030_0134,WES,2023-03-04,11.53099,76.71238,1173.5,10.9,73.1,0.957,0.291,BROADLEAF_HIGH_LITTER,0.323,-0.124,31.174999999999997,38.25,5.2925,82.0,-5.241,-0.737,0.0,1.9000000000000001,83.79,0,0,0.6,15100.0,0
WES_CELL_0010_0145,CELL_0010_0145,WES,2023-03-04,11.44029,76.76223,1139.1,31.9,64.0,0.899,0.438,BROADLEAF_HIGH_LITTER,0.15,-0.124,31.174999999999997,38.25,5.2925,82.0,-5.241,-0.737,0.0,1.9000000000000001,83.79,0,0,0.6,12236.9,0
WES_CELL_0064_0023,CELL_0064_0023,WES,2023-03-04,11.68725,76.20423,1064.0,22.3,88.7,1.0,0.023,BROADLEAF_HIGH_LITTER,0.209,-0.124,31.174999999999997,38.25,5.2925,82.0,-5.241,-0.737,0.0,1.9000000000000001,83.79,0,0,2.2,13088.1,0
WES_CELL_0010_0150,CELL_0010_0150,WES,2023-03-04,11.44015,76.78514,1148.1,31.9,64.0,0.899,0.438,BROADLEAF_HIGH_LITTER,0.15,-0.124,31.174999999999997,38.25,5.2925,82.0,-5.241,-0.737,0.0,1.9000000000000001,83.79,0,0,0.6,13288.1,0
WES_CELL_0037_0089,CELL_0037_0089,WES,2023-03-04,11.56377,76.50629,1110.8,23.4,76.4,0.972,0.235,BROADLEAF_HIGH_LITTER,0.198,-0.124,31.174999999999997,38.25,5.2925,82.0,-5.241,-0.737,0.0,1.9000000000000001,83.79,1,1,0.6,2267.0,0
WES_CELL_0004_0056,CELL_0004_0056,WES,2023-03-04,11.41534,76.35429,960.9,34.0,61.5,0.879,0.477,BROADLEAF_HIGH_LITTER,0.15,-0.124,31.174999999999997,38.25,5.2925,82.0,-5.241,-0.737,0.0,1.9000000000000001,83.79,0,0,0.5,13597.6,0
WES_CELL_0050_0141,CELL_0050_0141,WES,2023-03-04,11.62119,76.74502,1240.7,34.0,82.1,0.991,0.137,BROADLEAF_HIGH_LITTER,0.15,-0.124,31.174999999999997,38.25,5.2925,82.0,-5.241,-0.737,0.0,1.9000000000000001,83.79,0,0,0.6,18483.1,0
WES_CELL_0064_0036,CELL_0064_0036,WES,2023-03-04,11.68699,76.26386,1087.7,22.4,88.7,1.0,0.023,BROADLEAF_HIGH_LITTER,0.208,-0.124,31.174999999999997,38.25,5.2925,82.0,-5.241,-0.737,0.0,1.9000000000000001,83.79,0,0,2.2,12928.5,0
WES_CELL_0117_0079,CELL_0117_0079,WES,2023-03-04,11.92563,76.46235,1310.3,11.2,112.6,0.923,-0.384,BROADLEAF_HIGH_LITTER,0.32,-0.124,31.174999999999997,38.25,5.2925,82.0,-5.241,-0.737,0.0,1.9000000000000001,83.79,0,0,0.6,8900.9,0
WES_CELL_0090_0145,CELL_0090_0145,WES,2023-03-04,11.80186,76.76451,1356.9,30.9,100.2,0.984,-0.177,BROADLEAF_HIGH_LITTER,0.15,-0.124,31.174999999999997,38.25,5.2925,82.0,-5.241,-0.737,0.0,1.9000000000000001,83.79,0,0,0.5,5144.5,0
WES_CELL_0004_0081,CELL_0004_0081,WES,2023-03-04,11.41479,76.46885,1006.4,34.0,61.5,0.879,0.477,BROADLEAF_HIGH_LITTER,0.15,-0.124,31.174999999999997,38.25,5.2925,82.0,-5.241,-0.737,0.0,1.9000000000000001,83.79,0,0,0.6,14999.2,0
WES_CELL_0011_0028,CELL_0011_0028,WES,2023-03-04,11.44755,76.22612,929.0,30.6,64.8,0.905,0.426,BROADLEAF_HIGH_LITTER,0.15,-0.124,31.174999999999997,38.25,5.2925,82.0,-5.241,-0.737,0.0,1.9000000000000001,83.79,0,0,0.5,15345.1,0
WES_CELL_0124_0035,CELL_0124_0035,WES,2023-03-04,11.95825,76.26052,1249.2,14.4,115.8,0.9,-0.435,BROADLEAF_HIGH_LITTER,0.288,-0.124,31.174999999999997,38.25,5.2925,82.0,-5.241,-0.737,0.0,1.9000000000000001,83.79,0,0,1.6,12924.1,0
WES_CELL_0057_0113,CELL_0057_0113,WES,2023-03-04,11.65358,76.61683,1208.9,31.3,85.4,0.997,0.08,BROADLEAF_HIGH_LITTER,0.15,-0.124,31.174999999999997,38.25,5.2925,82.0,-5.241,-0.737,0.0,1.9000000000000001,83.79,0,0,0.6,17047.6,0
WES_CELL_0104_0046,CELL_0104_0046,WES,2023-03-04,11.86761,76.31059,1214.8,30.4,106.8,0.957,-0.289,BROADLEAF_HIGH_LITTER,0.15,-0.124,31.174999999999997,38.25,5.2925,82.0,-5.241,-0.737,0.0,1.9000000000000001,83.79,0,0,2.2,11032.0,0
WES_CELL_0077_0108,CELL_0077_0108,WES,2023-03-04,11.74411,76.59442,1254.2,12.4,94.4,0.997,-0.077,BROADLEAF_HIGH_LITTER,0.308,-0.124,31.174999999999997,38.25,5.2925,82.0,-5.241,-0.737,0.0,1.9000000000000001,83.79,0,0,0.6,22617.6,0
WES_CELL_0051_0016,CELL_0051_0016,WES,2023-03-04,11.62861,76.17188,1015.9,33.9,82.9,0.992,0.124,BROADLEAF_HIGH_LITTER,0.15,-0.124,31.174999999999997,38.25,5.2925,82.0,-5.241,-0.737,0.0,1.9000000000000001,83.79,0,0,2.2,20408.0,0
WES_CELL_0031_0027,CELL_0031_0027,WES,2023-03-04,11.53799,76.22193,981.6,13.8,73.8,0.96,0.279,BROADLEAF_HIGH_LITTER,0.294,-0.124,31.174999999999997,38.25,5.2925,82.0,-5.241,-0.737,0.0,1.9000000000000001,83.79,0,0,0.5,12271.9,0
WES_CELL_0130_0142,CELL_0130_0142,WES,2023-03-04,11.98273,76.7519,1460.4,23.4,118.3,0.88,-0.474,BROADLEAF_HIGH_LITTER,0.198,-0.124,31.174999999999997,38.25,5.2925,82.0,-5.241,-0.737,0.0,1.9000000000000001,83.79,0,0,0.6,10301.3,0
WES_CELL_0064_0079,CELL_0064_0079,WES,2023-03-04,11.68606,76.46108,1166.1,22.7,88.6,1.0,0.024,BROADLEAF_HIGH_LITTER,0.205,-0.124,31.174999999999997,38.25,5.2925,82.0,-5.241,-0.737,0.0,1.9000000000000001,83.79,0,0,0.6,14122.1,0
WES_CELL_0044_0098,CELL_0044_0098,WES,2023-03-04,11.5952,76.54772,1146.2,31.4,79.5,0.983,0.182,BROADLEAF_HIGH_LITTER,0.15,-0.124,31.174999999999997,38.25,5.2925,82.0,-5.241,-0.737,0.0,1.9000000000000001,83.79,0,0,0.6,7118.5,0
WES_CELL_0064_0095,CELL_0064_0095,WES,2023-03-04,11.68567,76.53446,1195.2,22.8,88.6,1.0,0.024,BROADLEAF_HIGH_LITTER,0.204,-0.124,31.174999999999997,38.25,5.2925,82.0,-5.241,-0.737,0.0,1.9000000000000001,83.79,0,0,0.6,16007.4,0
WES_CELL_0038_0009,CELL_0038_0009,WES,2023-03-04,11.56997,76.13954,967.8,25.3,77.0,0.974,0.225,BROADLEAF_HIGH_LITTER,0.179,-0.124,31.174999999999997,38.25,5.2925,82.0,-5.241,-0.737,0.0,1.9000000000000001,83.79,0,0,0.5,21746.9,0
WES_CELL_0031_0068,CELL_0031_0068,WES,2023-03-04,11.53713,76.40989,1056.2,13.5,73.7,0.96,0.281,BROADLEAF_HIGH_LITTER,0.297,-0.124,31.174999999999997,38.25,5.2925,82.0,-5.241,-0.737,0.0,1.9000000000000001,83.79,1,1,0.6,3359.4,0
WES_CELL_0084_0099,CELL_0084_0099,WES,2023-03-04,11.77598,76.55332,1256.9,24.3,97.6,0.991,-0.132,BROADLEAF_HIGH_LITTER,0.189,-0.124,31.174999999999997,38.25,5.2925,82.0,-5.241,-0.737,0.0,1.9000000000000001,83.79,0,0,0.6,18342.3,0
WES_CELL_0024_0133,CELL_0024_0133,WES,2023-03-04,11.5039,76.70763,1155.4,12.4,70.4,0.942,0.335,BROADLEAF_HIGH_LITTER,0.308,-0.124,31.174999999999997,38.25,5.2925,82.0,-5.241,-0.737,0.0,1.9000000000000001,83.79,0,0,0.6,12159.5,0
WES_CELL_0124_0097,CELL_0124_0097,WES,2023-03-04,11.95683,76.54516,1362.2,13.8,115.7,0.901,-0.434,BROADLEAF_HIGH_LITTER,0.294,-0.124,31.174999999999997,38.25,5.2925,82.0,-5.241,-0.737,0.0,1.9000000000000001,83.79,1,1,0.6,1838.6,0
WES_CELL_0018_0040,CELL_0018_0040,WES,2023-03-04,11.47896,76.28126,969.9,21.9,67.9,0.927,0.376,BROADLEAF_HIGH_LITTER,0.213,-0.124,31.174999999999997,38.25,5.2925,82.0,-5.241,-0.737,0.0,1.9000000000000001,83.79,0,0,0.5,8498.8,0
WES_CELL_0131_0051,CELL_0131_0051,WES,2023-03-04,11.98955,76.33413,1297.4,25.5,119.0,0.875,-0.485,BROADLEAF_HIGH_LITTER,0.177,-0.124,31.174999999999997,38.25,5.2925,82.0,-5.241,-0.737,0.0,1.9000000000000001,83.79,0,0,1.6,5910.0,0
WES_CELL_0064_0134,CELL_0064_0134,WES,2023-03-04,11.68466,76.71332,1266.1,23.2,88.5,1.0,0.026,BROADLEAF_HIGH_LITTER,0.2,-0.124,31.174999999999997,38.25,5.2925,82.0,-5.241,-0.737,0.0,1.9000000000000001,83.79,0,0,0.6,14577.9,0
WES_CELL_0124_0113,CELL_0124_0113,WES,2023-03-04,11.95641,76.61861,1391.3,13.6,115.6,0.902,-0.432,BROADLEAF_HIGH_LITTER,0.296,-0.124,31.174999999999997,38.25,5.2925,82.0,-5.241,-0.737,0.0,1.9000000000000001,83.79,0,0,0.6,8776.9,0
WES_CELL_0038_0046,CELL_0038_0046,WES,2023-03-04,11.56925,76.30918,1035.2,25.1,76.9,0.974,0.227,BROADLEAF_HIGH_LITTER,0.181,-0.124,31.174999999999997,38.25,5.2925,82.0,-5.241,-0.737,0.0,1.9000000000000001,83.79,1,1,0.5,4516.9,0
WES_CELL_0084_0133,CELL_0084_0133,WES,2023-03-04,11.77508,76.70929,1318.8,24.0,97.5,0.991,-0.131,BROADLEAF_HIGH_LITTER,0.192,-0.124,31.174999999999997,38.25,5.2925,82.0,-5.241,-0.737,0.0,1.9000000000000001,83.79,0,0,0.5,10799.3,0
WES_CELL_0078_0038,CELL_0078_0038,WES,2023-03-04,11.75024,76.27333,1129.5,14.9,95.0,0.996,-0.087,BROADLEAF_HIGH_LITTER,0.283,-0.124,31.174999999999997,38.25,5.2925,82.0,-5.241,-0.737,0.0,1.9000000000000001,83.79,0,0,2.2,6851.9,0
WES_CELL_0131_0068,CELL_0131_0068,WES,2023-03-04,11.98917,76.41219,1328.4,25.4,118.9,0.875,-0.483,BROADLEAF_HIGH_LITTER,0.178,-0.124,31.174999999999997,38.25,5.2925,82.0,-5.241,-0.737,0.0,1.9000000000000001,83.79,0,0,1.6,5228.8,0
WES_CELL_0011_0118,CELL_0011_0118,WES,2023-03-04,11.44553,76.63855,1092.7,31.0,64.6,0.903,0.429,BROADLEAF_HIGH_LITTER,0.15,-0.124,31.174999999999997,38.25,5.2925,82.0,-5.241,-0.737,0.0,1.9000000000000001,83.79,2,2,0.6,4646.7,0
WES_CELL_0084_0147,CELL_0084_0147,WES,2023-03-04,11.77469,76.77351,1344.2,23.8,97.5,0.991,-0.131,BROADLEAF_HIGH_LITTER,0.194,-0.124,31.174999999999997,38.25,5.2925,82.0,-5.241,-0.737,0.0,1.9000000000000001,83.79,7,7,0.5,3731.2,0
WES_CELL_0045_0011,CELL_0045_0011,WES,2023-03-04,11.60158,76.14884,990.5,32.4,80.2,0.985,0.17,BROADLEAF_HIGH_LITTER,0.15,-0.124,31.174999999999997,38.25,5.2925,82.0,-5.241,-0.737,0.0,1.9000000000000001,83.79,0,0,0.5,21648.3,0
WES_CELL_0131_0086,CELL_0131_0086,WES,2023-03-04,11.98874,76.49483,1361.2,25.3,118.9,0.875,-0.483,BROADLEAF_HIGH_LITTER,0.179,-0.124,31.174999999999997,38.25,5.2925,82.0,-5.241,-0.737,0.0,1.9000000000000001,83.79,0,0,0.6,7398.0,0
WES_CELL_0038_0074,CELL_0038_0074,WES,2023-03-04,11.56864,76.43755,1086.2,24.9,76.9,0.974,0.227,BROADLEAF_HIGH_LITTER,0.183,-0.124,31.174999999999997,38.25,5.2925,82.0,-5.241,-0.737,0.0,1.9000000000000001,83.79,1,1,0.6,1925.9,1
WES_CELL_0091_0111,CELL_0091_0111,WES,2023-03-04,11.80731,76.60855,1297.8,31.9,100.7,0.983,-0.186,BROADLEAF_HIGH_LITTER,0.15,-0.124,31.174999999999997,38.25,5.2925,82.0,-5.241,-0.737,0.0,1.9000000000000001,83.79,0,0,0.6,16598.6,0
WES_CELL_0011_0143,CELL_0011_0143,WES,2023-03-04,11.44487,76.7531,1138.2,31.1,64.5,0.903,0.431,BROADLEAF_HIGH_LITTER,0.15,-0.124,31.174999999999997,38.25,5.2925,82.0,-5.241,-0.737,0.0,1.9000000000000001,83.79,0,0,0.6,11454.0,0
WES_CELL_0078_0068,CELL_0078_0068,WES,2023-03-04,11.74959,76.41096,1184.1,14.7,95.0,0.996,-0.087,BROADLEAF_HIGH_LITTER,0.285,-0.124,31.174999999999997,38.25,5.2925,82.0,-5.241,-0.737,0.0,1.9000000000000001,83.79,0,0,2.2,20077.8,0
WES_CELL_0131_0100,CELL_0131_0100,WES,2023-03-04,11.98839,76.55911,1386.7,25.2,118.8,0.876,-0.482,BROADLEAF_HIGH_LITTER,0.18,-0.124,31.174999999999997,38.25,5.2925,82.0,-5.241,-0.737,0.0,1.9000000000000001,83.79,0,0,0.6,5651.6,0
WES_CELL_0051_0133,CELL_0051_0133,WES,2023-03-04,11.62593,76.70837,1228.9,34.0,82.6,0.992,0.129,BROADLEAF_HIGH_LITTER,0.15,-0.124,31.174999999999997,38.25,5.2925,82.0,-5.241,-0.737,0.0,1.9000000000000001,83.79,0,0,0.6,19945.6,0
WES_CELL_0111_0114,CELL_0111_0114,WES,2023-03-04,11.89763,76.62285,1357.7,22.0,109.8,0.941,-0.339,BROADLEAF_HIGH_LITTER,0.212,-0.124,31.174999999999997,38.25,5.2925,82.0,-5.241,-0.737,0.0,1.9000000000000001,83.79,0,0,0.6,10260.1,0
WES_CELL_0071_0130,CELL_0071_0130,WES,2023-03-04,11.71641,76.69517,1277.9,11.1,91.6,1.0,-0.028,BROADLEAF_HIGH_LITTER,0.321,-0.124,31.174999999999997,38.25,5.2925,82.0,-5.241,-0.737,0.0,1.9000000000000001,83.79,0,0,0.6,14170.7,0
WES_CELL_0065_0039,CELL_0065_0039,WES,2023-03-04,11.69145,76.27764,1095.9,20.8,89.1,1.0,0.016,BROADLEAF_HIGH_LITTER,0.224,-0.124,31.174999999999997,38.25,5.2925,82.0,-5.241,-0.737,0.0,1.9000000000000001,83.79,0,0,2.2,12894.5,0
WES_CELL_0078_0086,CELL_0078_0086,WES,2023-03-04,11.74917,76.49353,1216.9,14.5,94.9,0.996,-0.085,BROADLEAF_HIGH_LITTER,0.287,-0.124,31.174999999999997,38.25,5.2925,82.0,-5.241,-0.737,0.0,1.9000000000000001,83.79,0,0,0.6,21912.9,0
WES_CELL_0058_0098,CELL_0058_0098,WES,2023-03-04,11.65848,76.54807,1184.3,30.3,85.8,0.997,0.073,BROADLEAF_HIGH_LITTER,0.15,-0.124,31.174999999999997,38.25,5.2925,82.0,-5.241,-0.737,0.0,1.9000000000000001,83.79,0,0,0.6,13445.1,0
WES_CELL_0098_0083,CELL_0098_0083,WES,2023-03-04,11.83965,76.48025,1265.9,33.9,104.0,0.97,-0.242,BROADLEAF_HIGH_LITTER,0.15,-0.124,31.174999999999997,38.25,5.2925,82.0,-5.241,-0.737,0.0,1.9000000000000001,83.79,0,0,0.6,13099.8,0
WES_CELL_0118_0077,CELL_0118_0077,WES,2023-03-04,11.9302,76.4532,1309.4,9.3,113.0,0.921,-0.391,BROADLEAF_HIGH_LITTER,0.339,-0.124,31.174999999999997,38.25,5.2925,82.0,-5.241,-0.737,0.0,1.9000000000000001,83.79,0,0,1.6,8868.2,0
WES_CELL_0005_0072,CELL_0005_0072,WES,2023-03-04,11.41951,76.42763,992.8,33.9,62.0,0.883,0.469,BROADLEAF_HIGH_LITTER,0.15,-0.124,31.174999999999997,38.25,5.2925,82.0,-5.241,-0.737,0.0,1.9000000000000001,83.79,0,0,0.6,16221.8,0
WES_CELL_0045_0060,CELL_0045_0060,WES,2023-03-04,11.6006,76.37352,1079.8,32.3,80.1,0.985,0.172,BROADLEAF_HIGH_LITTER,0.15,-0.124,31.174999999999997,38.25,5.2925,82.0,-5.241,-0.737,0.0,1.9000000000000001,83.79,0,0,0.6,6509.6,0
WES_CELL_0125_0033,CELL_0125_0033,WES,2023-03-04,11.96281,76.25136,1248.2,16.2,116.3,0.896,-0.443,BROADLEAF_HIGH_LITTER,0.27,-0.124,31.174999999999997,38.25,5.2925,82.0,-5.241,-0.737,0.0,1.9000000000000001,83.79,0,0,1.6,13951.7,0
WES_CELL_0032_0025,CELL_0032_0025,WES,2023-03-04,11.54254,76.21278,980.6,15.6,74.3,0.963,0.271,BROADLEAF_HIGH_LITTER,0.276,-0.124,31.174999999999997,38.25,5.2925,82.0,-5.241,-0.737,0.0,1.9000000000000001,83.79,0,0,0.5,13305.8,0
WES_CELL_0065_0066,CELL_0065_0066,WES,2023-03-04,11.69087,76.40148,1145.1,21.0,89.1,1.0,0.016,BROADLEAF_HIGH_LITTER,0.222,-0.124,31.174999999999997,38.25,5.2925,82.0,-5.241,-0.737,0.0,1.9000000000000001,83.79,0,0,0.6,14077.6,0
WES_CELL_0058_0121,CELL_0058_0121,WES,2023-03-04,11.65789,76.65354,1226.2,30.4,85.8,0.997,0.073,BROADLEAF_HIGH_LITTER,0.15,-0.124,31.174999999999997,38.25,5.2925,82.0,-5.241,-0.737,0.0,1.9000000000000001,83.79,0,0,0.6,20399.3,0
WES_CELL_0018_0140,CELL_0018_0140,WES,2023-03-04,11.47659,76.73955,1151.8,22.7,67.7,0.925,0.379,BROADLEAF_HIGH_LITTER,0.205,-0.124,31.174999999999997,38.25,5.2925,82.0,-5.241,-0.737,0.0,1.9000000000000001,83.79,0,0,0.6,11989.3,0
WES_CELL_0018_0142,CELL_0018_0142,WES,2023-03-04,11.47653,76.74871,1155.4,22.7,67.7,0.925,0.379,BROADLEAF_HIGH_LITTER,0.205,-0.124,31.174999999999997,38.25,5.2925,82.0,-5.241,-0.737,0.0,1.9000000000000001,83.79,0,0,0.6,12777.6,0
WES_CELL_0072_0023,CELL_0072_0023,WES,2023-03-04,11.72341,76.20439,1085.8,8.2,92.3,0.999,-0.04,BROADLEAF_HIGH_LITTER,0.35,-0.124,31.174999999999997,38.25,5.2925,82.0,-5.241,-0.737,0.0,1.9000000000000001,83.79,0,0,2.2,9297.0,0
WES_CELL_0085_0074,CELL_0085_0074,WES,2023-03-04,11.7811,76.43864,1214.1,25.8,98.1,0.99,-0.141,BROADLEAF_HIGH_LITTER,0.174,-0.124,31.174999999999997,38.25,5.2925,82.0,-5.241,-0.737,0.0,1.9000000000000001,83.79,0,0,1.6,20572.3,0
WES_CELL_0032_0056,CELL_0032_0056,WES,2023-03-04,11.54192,76.3549,1037.1,15.4,74.2,0.962,0.272,BROADLEAF_HIGH_LITTER,0.278,-0.124,31.174999999999997,38.25,5.2925,82.0,-5.241,-0.737,0.0,1.9000000000000001,83.79,1,1,0.5,2578.0,0
WES_CELL_0072_0042,CELL_0072_0042,WES,2023-03-04,11.72303,76.29155,1120.4,8.3,92.3,0.999,-0.04,BROADLEAF_HIGH_LITTER,0.349,-0.124,31.174999999999997,38.25,5.2925,82.0,-5.241,-0.737,0.0,1.9000000000000001,83.79,0,0,2.2,10485.6,0
WES_CELL_0072_0047,CELL_0072_0047,WES,2023-03-04,11.72293,76.31449,1129.6,8.4,92.3,0.999,-0.04,BROADLEAF_HIGH_LITTER,0.348,-0.124,31.174999999999997,38.25,5.2925,82.0,-5.241,-0.737,0.0,1.9000000000000001,83.79,0,0,2.2,12135.0,0
WES_CELL_0098_0142,CELL_0098_0142,WES,2023-03-04,11.83811,76.75098,1373.3,33.9,103.8,0.971,-0.239,BROADLEAF_HIGH_LITTER,0.15,-0.124,31.174999999999997,38.25,5.2925,82.0,-5.241,-0.737,0.0,1.9000000000000001,83.79,0,0,0.5,8756.5,0
WES_CELL_0039_0015,CELL_0039_0015,WES,2023-03-04,11.57438,76.16707,981.5,26.6,77.4,0.976,0.218,BROADLEAF_HIGH_LITTER,0.166,-0.124,31.174999999999997,38.25,5.2925,82.0,-5.241,-0.737,0.0,1.9000000000000001,83.79,0,0,0.5,18850.3,0
WES_CELL_0085_0105,CELL_0085_0105,WES,2023-03-04,11.78035,76.58087,1270.6,25.6,98.0,0.99,-0.139,BROADLEAF_HIGH_LITTER,0.176,-0.124,31.174999999999997,38.25,5.2925,82.0,-5.241,-0.737,0.0,1.9000000000000001,83.79,0,0,0.6,18346.1,0
WES_CELL_0039_0022,CELL_0039_0022,WES,2023-03-04,11.57425,76.19916,994.2,26.6,77.4,0.976,0.218,BROADLEAF_HIGH_LITTER,0.166,-0.124,31.174999999999997,38.25,5.2925,82.0,-5.241,-0.737,0.0,1.9000000000000001,83.79,0,0,0.5,15397.6,0
WES_CELL_0045_0123,CELL_0045_0123,WES,2023-03-04,11.59908,76.66236,1194.4,32.1,79.9,0.985,0.175,BROADLEAF_HIGH_LITTER,0.15,-0.124,31.174999999999997,38.25,5.2925,82.0,-5.241,-0.737,0.0,1.9000000000000001,83.79,0,0,0.6,18038.6,0
WES_CELL_0085_0109,CELL_0085_0109,WES,2023-03-04,11.78024,76.59922,1277.8,25.6,98.0,0.99,-0.139,BROADLEAF_HIGH_LITTER,0.176,-0.124,31.174999999999997,38.25,5.2925,82.0,-5.241,-0.737,0.0,1.9000000000000001,83.79,0,0,0.6,18950.4,0
WES_CELL_0012_0090,CELL_0012_0090,WES,2023-03-04,11.45074,76.51027,1044.6,30.0,65.1,0.907,0.421,BROADLEAF_HIGH_LITTER,0.15,-0.124,31.174999999999997,38.25,5.2925,82.0,-5.241,-0.737,0.0,1.9000000000000001,83.79,0,0,0.6,10309.8,0
WES_CELL_0032_0083,CELL_0032_0083,WES,2023-03-04,11.54131,76.47867,1086.3,15.1,74.1,0.962,0.274,BROADLEAF_HIGH_LITTER,0.281,-0.124,31.174999999999997,38.25,5.2925,82.0,-5.241,-0.737,0.0,1.9000000000000001,83.79,1,1,0.6,3444.1,0
WES_CELL_0045_0128,CELL_0045_0128,WES,2023-03-04,11.59895,76.68529,1203.5,32.1,79.9,0.985,0.175,BROADLEAF_HIGH_LITTER,0.15,-0.124,31.174999999999997,38.25,5.2925,82.0,-5.241,-0.737,0.0,1.9000000000000001,83.79,0,0,0.6,20444.2,0
WES_CELL_0059_0023,CELL_0059_0023,WES,2023-03-04,11.66465,76.20414,1050.4,28.9,86.5,0.998,0.061,BROADLEAF_HIGH_LITTER,0.15,-0.124,31.174999999999997,38.25,5.2925,82.0,-5.241,-0.737,0.0,1.9000000000000001,83.79,0,0,2.2,15514.6,0
WES_CELL_0099_0016,CELL_0099_0016,WES,2023-03-04,11.84561,76.1728,1146.5,33.5,104.6,0.968,-0.252,BROADLEAF_HIGH_LITTER,0.15,-0.124,31.174999999999997,38.25,5.2925,82.0,-5.241,-0.737,0.0,1.9000000000000001,83.79,0,0,2.2,8748.2,0
WES_CELL_0059_0035,CELL_0059_0035,WES,2023-03-04,11.66441,76.25917,1072.3,29.0,86.4,0.998,0.063,BROADLEAF_HIGH_LITTER,0.15,-0.124,31.174999999999997,38.25,5.2925,82.0,-5.241,-0.737,0.0,1.9000000000000001,83.79,0,0,2.2,15289.1,0
WES_CELL_0099_0023,CELL_0099_0023,WES,2023-03-04,11.84548,76.20492,1159.3,33.5,104.5,0.968,-0.25,BROADLEAF_HIGH_LITTER,0.15,-0.124,31.174999999999997,38.25,5.2925,82.0,-5.241,-0.737,0.0,1.9000000000000001,83.79,0,0,2.2,6163.3,0
WES_CELL_0065_0141,CELL_0065_0141,WES,2023-03-04,11.68899,76.74545,1281.6,21.7,88.9,1.0,0.019,BROADLEAF_HIGH_LITTER,0.215,-0.124,31.174999999999997,38.25,5.2925,82.0,-5.241,-0.737,0.0,1.9000000000000001,83.79,0,0,0.6,11850.7,0
WES_CELL_0059_0053,CELL_0059_0053,WES,2023-03-04,11.66404,76.34173,1105.1,29.1,86.4,0.998,0.063,BROADLEAF_HIGH_LITTER,0.15,-0.124,31.174999999999997,38.25,5.2925,82.0,-5.241,-0.737,0.0,1.9000000000000001,83.79,0,0,0.6,14003.8,0
WES_CELL_0026_0022,CELL_0026_0022,WES,2023-03-04,11.51548,76.19891,958.9,7.6,71.5,0.948,0.317,BROADLEAF_HIGH_LITTER,0.356,-0.124,31.174999999999997,38.25,5.2925,82.0,-5.241,-0.737,0.0,1.9000000000000001,83.79,0,0,0.5,14996.7,0
WES_CELL_0119_0036,CELL_0119_0036,WES,2023-03-04,11.93563,76.265,1237.4,7.0,113.6,0.916,-0.4,BROADLEAF_HIGH_LITTER,0.362,-0.124,31.174999999999997,38.25,5.2925,82.0,-5.241,-0.737,0.0,1.9000000000000001,83.79,0,0,1.6,12669.9,0
WES_CELL_0026_0026,CELL_0026_0026,WES,2023-03-04,11.5154,76.21725,966.1,7.6,71.5,0.948,0.317,BROADLEAF_HIGH_LITTER,0.356,-0.124,31.174999999999997,38.25,5.2925,82.0,-5.241,-0.737,0.0,1.9000000000000001,83.79,0,0,0.5,12989.9,1
WES_CELL_0099_0050,CELL_0099_0050,WES,2023-03-04,11.84492,76.32884,1208.5,33.6,104.5,0.968,-0.25,BROADLEAF_HIGH_LITTER,0.15,-0.124,31.174999999999997,38.25,5.2925,82.0,-5.241,-0.737,0.0,1.9000000000000001,83.79,0,0,2.2,11292.1,1
WES_CELL_0066_0015,CELL_0066_0015,WES,2023-03-04,11.69644,76.16758,1054.9,19.0,89.6,1.0,0.007,BROADLEAF_HIGH_LITTER,0.242,-0.124,31.174999999999997,38.25,5.2925,82.0,-5.241,-0.737,0.0,1.9000000000000001,83.79,0,0,2.2,13899.0,0
WES_CELL_0066_0018,CELL_0066_0018,WES,2023-03-04,11.69638,76.18134,1060.4,19.0,89.6,1.0,0.007,BROADLEAF_HIGH_LITTER,0.242,-0.124,31.174999999999997,38.25,5.2925,82.0,-5.241,-0.737,0.0,1.9000000000000001,83.79,0,0,2.2,13114.7,0
WES_CELL_0099_0058,CELL_0099_0058,WES,2023-03-04,11.84475,76.36555,1223.1,33.6,104.5,0.968,-0.25,BROADLEAF_HIGH_LITTER,0.15,-0.124,31.174999999999997,38.25,5.2925,82.0,-5.241,-0.737,0.0,1.9000000000000001,83.79,0,0,1.6,12432.6,0
WES_CELL_0026_0040,CELL_0026_0040,WES,2023-03-04,11.51512,76.28143,991.6,7.7,71.5,0.948,0.317,BROADLEAF_HIGH_LITTER,0.355,-0.124,31.174999999999997,38.25,5.2925,82.0,-5.241,-0.737,0.0,1.9000000000000001,83.79,0,0,0.5,6116.4,1
WES_CELL_0059_0089,CELL_0059_0089,WES,2023-03-04,11.66322,76.50683,1170.7,29.3,86.3,0.998,0.065,BROADLEAF_HIGH_LITTER,0.15,-0.124,31.174999999999997,38.25,5.2925,82.0,-5.241,-0.737,0.0,1.9000000000000001,83.79,0,0,0.6,13278.9,0
WES_CELL_0112_0121,CELL_0112_0121,WES,2023-03-04,11.90196,76.655,1373.2,20.4,110.2,0.938,-0.345,BROADLEAF_HIGH_LITTER,0.228,-0.124,31.174999999999997,38.25,5.2925,82.0,-5.241,-0.737,0.0,1.9000000000000001,83.79,0,0,0.6,13356.9,0
WES_CELL_0112_0123,CELL_0112_0123,WES,2023-03-04,11.90191,76.66418,1376.8,20.4,110.2,0.938,-0.345,BROADLEAF_HIGH_LITTER,0.228,-0.124,31.174999999999997,38.25,5.2925,82.0,-5.241,-0.737,0.0,1.9000000000000001,83.79,0,0,0.6,14326.9,0
WES_CELL_0033_0005,CELL_0033_0005,WES,2023-03-04,11.54743,76.12111,946.9,17.5,74.7,0.965,0.264,BROADLEAF_HIGH_LITTER,0.257,-0.124,31.174999999999997,38.25,5.2925,82.0,-5.241,-0.737,0.0,1.9000000000000001,83.79,0,0,0.5,23496.0,0
WES_CELL_0013_0014,CELL_0013_0014,WES,2023-03-04,11.45685,76.162,908.9,28.5,65.7,0.911,0.412,BROADLEAF_HIGH_LITTER,0.15,-0.124,31.174999999999997,38.25,5.2925,82.0,-5.241,-0.737,0.0,1.9000000000000001,83.79,0,0,0.5,20856.5,0
WES_CELL_0066_0050,CELL_0066_0050,WES,2023-03-04,11.69574,76.32812,1118.7,19.3,89.6,1.0,0.007,BROADLEAF_HIGH_LITTER,0.239,-0.124,31.174999999999997,38.25,5.2925,82.0,-5.241,-0.737,0.0,1.9000000000000001,83.79,0,0,2.2,15377.6,0
WES_CELL_0099_0090,CELL_0099_0090,WES,2023-03-04,11.844,76.5124,1281.4,33.6,104.4,0.969,-0.249,BROADLEAF_HIGH_LITTER,0.15,-0.124,31.174999999999997,38.25,5.2925,82.0,-5.241,-0.737,0.0,1.9000000000000001,83.79,0,0,0.6,11203.9,0
WES_CELL_0112_0140,CELL_0112_0140,WES,2023-03-04,11.90144,76.7422,1407.7,20.6,110.1,0.939,-0.344,BROADLEAF_HIGH_LITTER,0.226,-0.124,31.174999999999997,38.25,5.2925,82.0,-5.241,-0.737,0.0,1.9000000000000001,83.79,0,0,0.5,14986.1,0
WES_CELL_0013_0031,CELL_0013_0031,WES,2023-03-04,11.45653,76.23991,939.9,28.6,65.7,0.911,0.412,BROADLEAF_HIGH_LITTER,0.15,-0.124,31.174999999999997,38.25,5.2925,82.0,-5.241,-0.737,0.0,1.9000000000000001,83.79,0,0,0.5,13532.2,0
WES_CELL_0112_0153,CELL_0112_0153,WES,2023-03-04,11.90106,76.80186,1431.4,20.8,110.1,0.939,-0.344,BROADLEAF_HIGH_LITTER,0.224,-0.124,31.174999999999997,38.25,5.2925,82.0,-5.241,-0.737,0.0,1.9000000000000001,83.79,0,0,0.5,12844.4,0
WES_CELL_0019_0140,CELL_0019_0140,WES,2023-03-04,11.48111,76.73958,1154.5,21.1,68.1,0.928,0.373,BROADLEAF_HIGH_LITTER,0.221,-0.124,31.174999999999997,38.25,5.2925,82.0,-5.241,-0.737,0.0,1.9000000000000001,83.79,0,0,0.6,12322.5,0
WES_CELL_0066_0072,CELL_0066_0072,WES,2023-03-04,11.69526,76.42903,1158.8,19.4,89.5,1.0,0.009,BROADLEAF_HIGH_LITTER,0.238,-0.124,31.174999999999997,38.25,5.2925,82.0,-5.241,-0.737,0.0,1.9000000000000001,83.79,0,0,0.6,14436.5,0
WES_CELL_0106_0059,CELL_0106_0059,WES,2023-03-04,11.87637,76.3703,1243.9,28.4,107.6,0.953,-0.302,BROADLEAF_HIGH_LITTER,0.15,-0.124,31.174999999999997,38.25,5.2925,82.0,-5.241,-0.737,0.0,1.9000000000000001,83.79,0,0,1.6,8887.6,0
WES_CELL_0049_0006,CELL_0049_0006,WES,2023-03-05,11.61975,76.12598,992.2,33.9,82.0,0.99,0.139,BROADLEAF_HIGH_LITTER,0.15,-0.066,31.3,45.5,4.7525,83.75,-4.724,-0.517,0.0,1.9000000000000001,73.99,0,0,0.7,15338.5,0
WES_CELL_0008_0049,CELL_0008_0049,WES,2023-03-05,11.43357,76.3223,959.1,32.9,63.4,0.894,0.448,BROADLEAF_HIGH_LITTER,0.15,-0.066,31.3,45.5,4.7525,83.75,-4.724,-0.517,0.0,1.9000000000000001,73.99,0,0,0.7,10400.7,0
WES_CELL_0028_0042,CELL_0028_0042,WES,2023-03-05,11.52413,76.29063,1000.7,8.1,72.4,0.953,0.302,BROADLEAF_HIGH_LITTER,0.349,-0.066,31.3,45.5,4.7525,83.75,-4.724,-0.517,0.0,1.9000000000000001,73.99,2,2,0.7,1474.7,0
WES_CELL_0039_0141,CELL_0039_0141,WES,2023-03-05,11.57147,76.74471,1210.8,25.8,77.1,0.975,0.223,BROADLEAF_HIGH_LITTER,0.172,-0.066,31.3,45.5,4.7525,83.75,-4.724,-0.517,0.0,1.9000000000000001,73.99,0,0,0.7,15198.5,0
WES_CELL_0006_0104,CELL_0006_0104,WES,2023-03-05,11.42328,76.57428,1053.7,33.8,62.3,0.885,0.465,BROADLEAF_HIGH_LITTER,0.15,-0.066,31.3,45.5,4.7525,83.75,-4.724,-0.517,0.0,1.9000000000000001,73.99,0,0,1.6,5544.7,0
WES_CELL_0081_0082,CELL_0081_0082,WES,2023-03-05,11.76283,76.47525,1217.8,19.7,96.3,0.994,-0.11,BROADLEAF_HIGH_LITTER,0.234,-0.066,31.3,45.5,4.7525,83.75,-4.724,-0.517,0.0,1.9000000000000001,73.99,0,0,0.7,18768.7,0
WES_CELL_0074_0142,CELL_0074_0142,WES,2023-03-05,11.72964,76.75029,1307.9,6.4,93.0,0.999,-0.052,BROADLEAF_HIGH_LITTER,0.366,-0.066,31.3,45.5,4.7525,83.75,-4.724,-0.517,0.0,1.9000000000000001,73.99,0,0,1.6,8202.6,0
WES_CELL_0043_0055,CELL_0043_0055,WES,2023-03-05,11.59166,76.35055,1065.2,30.8,79.2,0.982,0.187,BROADLEAF_HIGH_LITTER,0.15,-0.066,31.3,45.5,4.7525,83.75,-4.724,-0.517,0.0,1.9000000000000001,73.99,0,0,1.1,6509.2,0
WES_CELL_0039_0032,CELL_0039_0032,WES,2023-03-05,11.57405,76.24501,1012.4,26.5,77.4,0.976,0.218,BROADLEAF_HIGH_LITTER,0.165,-0.066,31.3,45.5,4.7525,83.75,-4.724,-0.517,0.0,1.9000000000000001,73.99,0,0,0.7,7068.7,0
WES_CELL_0044_0032,CELL_0044_0032,WES,2023-03-05,11.59666,76.24511,1026.0,31.7,79.7,0.984,0.179,BROADLEAF_HIGH_LITTER,0.15,-0.066,31.3,45.5,4.7525,83.75,-4.724,-0.517,0.0,1.9000000000000001,73.99,0,0,0.7,9402.0,0
WES_CELL_0117_0061,CELL_0117_0061,WES,2023-03-05,11.92605,76.37973,1277.5,11.0,112.6,0.923,-0.384,BROADLEAF_HIGH_LITTER,0.321,-0.066,31.3,45.5,4.7525,83.75,-4.724,-0.517,0.0,1.9000000000000001,73.99,2,2,2.6,3344.1,0
WES_CELL_0106_0093,CELL_0106_0093,WES,2023-03-05,11.87557,76.52634,1305.9,28.6,107.6,0.953,-0.302,BROADLEAF_HIGH_LITTER,0.15,-0.066,31.3,45.5,4.7525,83.75,-4.724,-0.517,0.0,1.9000000000000001,73.99,0,0,1.6,7420.5,0
WES_CELL_0054_0044,CELL_0054_0044,WES,2023-03-05,11.64162,76.30035,1075.1,33.0,84.2,0.995,0.101,BROADLEAF_HIGH_LITTER,0.15,-0.066,31.3,45.5,4.7525,83.75,-4.724,-0.517,0.0,1.9000000000000001,73.99,0,0,1.1,12267.0,0
WES_CELL_0040_0025,CELL_0040_0025,WES,2023-03-05,11.57871,76.21294,1002.4,27.8,77.9,0.978,0.21,BROADLEAF_HIGH_LITTER,0.152,-0.066,31.3,45.5,4.7525,83.75,-4.724,-0.517,0.0,1.9000000000000001,73.99,0,0,0.7,6928.7,0
WES_CELL_0065_0144,CELL_0065_0144,WES,2023-03-05,11.6889,76.7592,1287.0,21.7,88.9,1.0,0.019,BROADLEAF_HIGH_LITTER,0.213,-0.066,31.3,45.5,4.7525,83.75,-4.724,-0.517,0.0,1.9000000000000001,73.99,0,0,1.6,11025.6,1
WES_CELL_0114_0026,CELL_0114_0026,WES,2023-03-05,11.91323,76.21899,1205.5,16.2,111.3,0.932,-0.363,BROADLEAF_HIGH_LITTER,0.268,-0.066,31.3,45.5,4.7525,83.75,-4.724,-0.517,0.0,1.9000000000000001,73.99,0,0,3.2,12687.6,0
WES_CELL_0042_0110,CELL_0042_0110,WES,2023-03-05,11.58586,76.60269,1162.6,29.6,78.6,0.98,0.198,BROADLEAF_HIGH_LITTER,0.15,-0.066,31.3,45.5,4.7525,83.75,-4.724,-0.517,0.0,1.9000000000000001,73.99,0,0,0.7,10690.6,0
WES_CELL_0082_0096,CELL_0082_0096,WES,2023-03-05,11.76701,76.5395,1246.0,21.2,96.7,0.993,-0.117,BROADLEAF_HIGH_LITTER,0.218,-0.066,31.3,45.5,4.7525,83.75,-4.724,-0.517,0.0,1.9000000000000001,73.99,0,0,0.7,15423.2,0
WES_CELL_0125_0135,CELL_0125_0135,WES,2023-03-05,11.96034,76.71962,1434.1,15.2,116.0,0.899,-0.438,BROADLEAF_HIGH_LITTER,0.278,-0.066,31.3,45.5,4.7525,83.75,-4.724,-0.517,0.0,1.9000000000000001,73.99,0,0,1.6,13634.7,0
WES_CELL_0029_0072,CELL_0029_0072,WES,2023-03-05,11.528,76.42817,1058.1,9.7,72.8,0.955,0.296,BROADLEAF_HIGH_LITTER,0.334,-0.066,31.3,45.5,4.7525,83.75,-4.724,-0.517,0.0,1.9000000000000001,73.99,3,3,1.6,4246.5,0
WES_CELL_0047_0120,CELL_0047_0120,WES,2023-03-05,11.6082,76.64866,1194.4,33.2,80.8,0.987,0.16,BROADLEAF_HIGH_LITTER,0.15,-0.066,31.3,45.5,4.7525,83.75,-4.724,-0.517,0.0,1.9000000000000001,73.99,0,0,0.7,6989.0,0
WES_CELL_0017_0134,CELL_0017_0134,WES,2023-03-05,11.47223,76.71203,1138.1,24.1,67.2,0.922,0.388,BROADLEAF_HIGH_LITTER,0.189,-0.066,31.3,45.5,4.7525,83.75,-4.724,-0.517,0.0,1.9000000000000001,73.99,0,0,1.6,9486.4,1
WES_CELL_0044_0074,CELL_0044_0074,WES,2023-03-05,11.59576,76.43769,1102.5,31.5,79.6,0.984,0.181,BROADLEAF_HIGH_LITTER,0.15,-0.066,31.3,45.5,4.7525,83.75,-4.724,-0.517,0.0,1.9000000000000001,73.99,3,3,0.7,2932.2,0
WES_CELL_0027_0006,CELL_0027_0006,WES,2023-03-05,11.52029,76.12559,932.4,6.5,72.0,0.951,0.309,BROADLEAF_HIGH_LITTER,0.365,-0.066,31.3,45.5,4.7525,83.75,-4.724,-0.517,0.0,1.9000000000000001,73.99,0,0,0.7,10244.5,0
WES_CELL_0057_0130,CELL_0057_0130,WES,2023-03-05,11.65313,76.69478,1239.8,31.4,85.3,0.997,0.082,BROADLEAF_HIGH_LITTER,0.15,-0.066,31.3,45.5,4.7525,83.75,-4.724,-0.517,0.0,1.9000000000000001,73.99,0,0,0.7,5084.4,0
WES_CELL_0006_0060,CELL_0006_0060,WES,2023-03-05,11.4243,76.37267,973.6,33.7,62.4,0.886,0.463,BROADLEAF_HIGH_LITTER,0.15,-0.066,31.3,45.5,4.7525,83.75,-4.724,-0.517,0.0,1.9000000000000001,73.99,0,0,1.1,13165.1,0
WES_CELL_0006_0070,CELL_0006_0070,WES,2023-03-05,11.42408,76.41849,991.8,33.7,62.4,0.886,0.463,BROADLEAF_HIGH_LITTER,0.15,-0.066,31.3,45.5,4.7525,83.75,-4.724,-0.517,0.0,1.9000000000000001,73.99,0,0,1.1,15658.1,0
WES_CELL_0010_0102,CELL_0010_0102,WES,2023-03-05,11.44141,76.56521,1060.9,31.7,64.1,0.9,0.437,BROADLEAF_HIGH_LITTER,0.15,-0.066,31.3,45.5,4.7525,83.75,-4.724,-0.517,0.0,1.9000000000000001,73.99,0,0,1.6,7661.6,0
WES_CELL_0030_0097,CELL_0030_0097,WES,2023-03-05,11.53194,76.54279,1106.3,11.3,73.2,0.957,0.289,BROADLEAF_HIGH_LITTER,0.318,-0.066,31.3,45.5,4.7525,83.75,-4.724,-0.517,0.0,1.9000000000000001,73.99,1,1,1.6,3904.8,0
WES_CELL_0116_0042,CELL_0116_0042,WES,2023-03-05,11.92194,76.29248,1240.2,12.7,112.2,0.926,-0.378,BROADLEAF_HIGH_LITTER,0.303,-0.066,31.3,45.5,4.7525,83.75,-4.724,-0.517,0.0,1.9000000000000001,73.99,0,0,0.7,7665.2,0
WES_CELL_0001_0088,CELL_0001_0088,WES,2023-03-05,11.40106,76.50085,1011.0,33.4,60.1,0.867,0.498,BROADLEAF_HIGH_LITTER,0.15,-0.066,31.3,45.5,4.7525,83.75,-4.724,-0.517,0.0,1.9000000000000001,73.99,0,0,1.6,12445.5,0
WES_CELL_0003_0048,CELL_0003_0048,WES,2023-03-05,11.41099,76.31762,943.6,34.0,61.1,0.875,0.483,BROADLEAF_HIGH_LITTER,0.15,-0.066,31.3,45.5,4.7525,83.75,-4.724,-0.517,0.0,1.9000000000000001,73.99,0,0,0.7,12496.3,0
WES_CELL_0132_0025,CELL_0132_0025,WES,2023-03-06,11.99462,76.21476,1252.7,27.0,119.5,0.87,-0.492,BROADLEAF_HIGH_LITTER,0.157,-0.13,31.525000000000002,37.5,4.005,89.0,-4.004,-0.07,0.0,1.9,76.31,0,0,3.6,18457.9,0
WES_CELL_0123_0007,CELL_0123_0007,WES,2023-03-06,11.95428,76.13194,1195.3,12.7,115.4,0.903,-0.429,BROADLEAF_HIGH_LITTER,0.3,-0.13,31.525000000000002,37.5,4.005,89.0,-4.004,-0.07,0.0,1.9,76.31,0,0,4.2,20703.5,0
WES_CELL_0033_0048,CELL_0033_0048,WES,2023-03-06,11.5466,76.31825,1025.3,17.2,74.7,0.965,0.264,BROADLEAF_HIGH_LITTER,0.255,-0.13,31.525000000000002,37.5,4.005,89.0,-4.004,-0.07,0.0,1.9,76.31,1,1,2.1,1977.5,0
WES_CELL_0057_0067,CELL_0057_0067,WES,2023-03-06,11.65469,76.40589,1125.2,31.1,85.5,0.997,0.078,BROADLEAF_HIGH_LITTER,0.15,-0.13,31.525000000000002,37.5,4.005,89.0,-4.004,-0.07,0.0,1.9,76.31,0,0,2.6,10033.8,0
WES_CELL_0000_0013,CELL_0000_0013,WES,2023-03-06,11.3981,76.15718,871.7,33.2,59.8,0.864,0.503,BROADLEAF_HIGH_LITTER,0.15,-0.13,31.525000000000002,37.5,4.005,89.0,-4.004,-0.07,0.0,1.9,76.31,0,0,1.7,14763.0,0
WES_CELL_0071_0090,CELL_0071_0090,WES,2023-03-06,11.71744,76.51171,1205.1,10.7,91.7,1.0,-0.03,BROADLEAF_HIGH_LITTER,0.32,-0.13,31.525000000000002,37.5,4.005,89.0,-4.004,-0.07,0.0,1.9,76.31,0,0,1.7,15569.7,0
WES_CELL_0084_0010,CELL_0084_0010,WES,2023-03-06,11.77791,76.14498,1094.7,24.9,97.8,0.991,-0.136,BROADLEAF_HIGH_LITTER,0.178,-0.13,31.525000000000002,37.5,4.005,89.0,-4.004,-0.07,0.0,1.9,76.31,0,0,4.2,10554.2,0
WES_CELL_0091_0084,CELL_0091_0084,WES,2023-03-06,11.80799,76.48467,1248.7,32.0,100.8,0.982,-0.187,BROADLEAF_HIGH_LITTER,0.15,-0.13,31.525000000000002,37.5,4.005,89.0,-4.004,-0.07,0.0,1.9,76.31,0,0,2.6,16014.9,0
WES_CELL_0079_0014,CELL_0079_0014,WES,2023-03-06,11.75523,76.16324,1088.4,16.9,95.5,0.995,-0.096,BROADLEAF_HIGH_LITTER,0.258,-0.13,31.525000000000002,37.5,4.005,89.0,-4.004,-0.07,0.0,1.9,76.31,0,0,4.2,9635.6,0
WES_CELL_0094_0137,CELL_0094_0137,WES,2023-03-06,11.82017,76.72792,1353.3,33.5,102.0,0.978,-0.208,BROADLEAF_HIGH_LITTER,0.15,-0.13,31.525000000000002,37.5,4.005,89.0,-4.004,-0.07,0.0,1.9,76.31,0,0,2.2,9685.2,0
WES_CELL_0027_0087,CELL_0027_0087,WES,2023-03-06,11.51862,76.49688,1079.9,6.2,71.9,0.951,0.311,BROADLEAF_HIGH_LITTER,0.365,-0.13,31.525000000000002,37.5,4.005,89.0,-4.004,-0.07,0.0,1.9,76.31,1,1,2.6,3114.1,0
WES_CELL_0044_0031,CELL_0044_0031,WES,2023-03-06,11.59668,76.24053,1024.2,31.7,79.7,0.984,0.179,BROADLEAF_HIGH_LITTER,0.15,-0.13,31.525000000000002,37.5,4.005,89.0,-4.004,-0.07,0.0,1.9,76.31,0,0,1.7,9252.4,0
WES_CELL_0075_0118,CELL_0075_0118,WES,2023-03-06,11.73481,76.64024,1267.0,8.6,93.5,0.998,-0.061,BROADLEAF_HIGH_LITTER,0.341,-0.13,31.525000000000002,37.5,4.005,89.0,-4.004,-0.07,0.0,1.9,76.31,0,0,1.7,6318.2,0
WES_CELL_0133_0153,CELL_0133_0153,WES,2023-03-06,11.99597,76.80249,1488.6,27.4,119.6,0.869,-0.494,BROADLEAF_HIGH_LITTER,0.153,-0.13,31.525000000000002,37.5,4.005,89.0,-4.004,-0.07,0.0,1.9,76.31,0,0,2.6,9526.1,0
WES_CELL_0058_0056,CELL_0058_0056,WES,2023-03-06,11.65945,76.35546,1107.9,30.1,85.9,0.997,0.071,BROADLEAF_HIGH_LITTER,0.15,-0.13,31.525000000000002,37.5,4.005,89.0,-4.004,-0.07,0.0,1.9,76.31,0,0,2.6,12684.5,0
WES_CELL_0028_0070,CELL_0028_0070,WES,2023-03-06,11.52353,76.41899,1051.7,7.8,72.4,0.953,0.302,BROADLEAF_HIGH_LITTER,0.349,-0.13,31.525000000000002,37.5,4.005,89.0,-4.004,-0.07,0.0,1.9,76.31,1,1,2.6,4659.7,1
WES_CELL_0130_0108,CELL_0130_0108,WES,2023-03-06,11.98367,76.59581,1398.5,23.7,118.4,0.88,-0.476,BROADLEAF_HIGH_LITTER,0.19,-0.13,31.525000000000002,37.5,4.005,89.0,-4.004,-0.07,0.0,1.9,76.31,0,0,2.6,7717.2,1
WES_CELL_0002_0108,CELL_0002_0108,WES,2023-03-06,11.4051,76.5925,1050.1,33.7,60.5,0.87,0.492,BROADLEAF_HIGH_LITTER,0.15,-0.13,31.525000000000002,37.5,4.005,89.0,-4.004,-0.07,0.0,1.9,76.31,14,14,2.6,2708.7,0
WES_CELL_0011_0133,CELL_0011_0133,WES,2023-03-06,11.44514,76.70728,1120.0,31.1,64.5,0.903,0.431,BROADLEAF_HIGH_LITTER,0.15,-0.13,31.525000000000002,37.5,4.005,89.0,-4.004,-0.07,0.0,1.9,76.31,1,1,0.7,3194.6,0
WES_CELL_0134_0009,CELL_0134_0009,WES,2023-03-06,12.00397,76.14133,1228.9,29.4,120.4,0.863,-0.506,BROADLEAF_HIGH_LITTER,0.15,-0.13,31.525000000000002,37.5,4.005,89.0,-4.004,-0.07,0.0,1.9,76.31,0,0,4.2,24983.2,0
WES_CELL_0019_0056,CELL_0019_0056,WES,2023-03-06,11.48315,76.35462,1001.7,20.4,68.3,0.929,0.37,BROADLEAF_HIGH_LITTER,0.223,-0.13,31.525000000000002,37.5,4.005,89.0,-4.004,-0.07,0.0,1.9,76.31,0,0,2.1,6348.5,0
WES_CELL_0117_0071,CELL_0117_0071,WES,2023-03-06,11.92582,76.42563,1295.7,11.1,112.6,0.923,-0.384,BROADLEAF_HIGH_LITTER,0.316,-0.13,31.525000000000002,37.5,4.005,89.0,-4.004,-0.07,0.0,1.9,76.31,0,0,3.6,6300.7,0
WES_CELL_0096_0106,CELL_0096_0106,WES,2023-03-06,11.83004,76.58574,1302.3,34.0,103.0,0.974,-0.225,BROADLEAF_HIGH_LITTER,0.15,-0.13,31.525000000000002,37.5,4.005,89.0,-4.004,-0.07,0.0,1.9,76.31,0,0,2.6,13252.4,0
WES_CELL_0124_0021,CELL_0124_0021,WES,2023-03-06,11.95853,76.19624,1223.6,14.5,115.9,0.9,-0.437,BROADLEAF_HIGH_LITTER,0.282,-0.13,31.525000000000002,37.5,4.005,89.0,-4.004,-0.07,0.0,1.9,76.31,0,0,1.7,18133.9,0
WES_CELL_0077_0095,CELL_0077_0095,WES,2023-03-06,11.74443,76.53479,1230.6,12.6,94.4,0.997,-0.077,BROADLEAF_HIGH_LITTER,0.301,-0.13,31.525000000000002,37.5,4.005,89.0,-4.004,-0.07,0.0,1.9,76.31,0,0,1.7,14403.0,0
WES_CELL_0124_0026,CELL_0124_0026,WES,2023-03-06,11.95843,76.21919,1232.7,14.4,115.8,0.9,-0.435,BROADLEAF_HIGH_LITTER,0.283,-0.13,31.525000000000002,37.5,4.005,89.0,-4.004,-0.07,0.0,1.9,76.31,0,0,1.7,16124.4,0
WES_CELL_0066_0128,CELL_0066_0128,WES,2023-03-06,11.69386,76.68586,1260.7,19.9,89.4,1.0,0.01,BROADLEAF_HIGH_LITTER,0.228,-0.13,31.525000000000002,37.5,4.005,89.0,-4.004,-0.07,0.0,1.9,76.31,7,7,1.7,3963.1,0
WES_CELL_0042_0113,CELL_0042_0113,WES,2023-03-06,11.58578,76.61644,1168.0,29.5,78.6,0.98,0.198,BROADLEAF_HIGH_LITTER,0.15,-0.13,31.525000000000002,37.5,4.005,89.0,-4.004,-0.07,0.0,1.9,76.31,0,0,1.7,10080.8,0
WES_CELL_0116_0111,CELL_0116_0111,WES,2023-03-06,11.92031,76.60921,1365.9,13.4,112.0,0.927,-0.375,BROADLEAF_HIGH_LITTER,0.293,-0.13,31.525000000000002,37.5,4.005,89.0,-4.004,-0.07,0.0,1.9,76.31,0,0,2.6,7894.3,0
WES_CELL_0021_0152,CELL_0021_0152,WES,2023-03-06,11.48981,76.79462,1181.7,17.9,69.0,0.934,0.358,BROADLEAF_HIGH_LITTER,0.248,-0.13,31.525000000000002,37.5,4.005,89.0,-4.004,-0.07,0.0,1.9,76.31,0,0,0.7,9342.0,0
WES_CELL_0074_0066,CELL_0074_0066,WES,2023-03-06,11.73156,76.40169,1169.6,7.2,93.2,0.998,-0.056,BROADLEAF_HIGH_LITTER,0.355,-0.13,31.525000000000002,37.5,4.005,89.0,-4.004,-0.07,0.0,1.9,76.31,0,0,1.7,14992.6,0
WES_CELL_0107_0106,CELL_0107_0106,WES,2023-03-06,11.87976,76.58603,1332.3,27.5,108.0,0.951,-0.309,BROADLEAF_HIGH_LITTER,0.152,-0.13,31.525000000000002,37.5,4.005,89.0,-4.004,-0.07,0.0,1.9,76.31,0,0,2.6,8410.3,0
WES_CELL_0026_0042,CELL_0026_0042,WES,2023-03-06,11.51508,76.29059,995.3,7.7,71.5,0.948,0.317,BROADLEAF_HIGH_LITTER,0.35,-0.13,31.525000000000002,37.5,4.005,89.0,-4.004,-0.07,0.0,1.9,76.31,1,1,1.7,1250.2,0
WES_CELL_0039_0089,CELL_0039_0089,WES,2023-03-06,11.57281,76.50634,1116.2,26.2,77.3,0.976,0.22,BROADLEAF_HIGH_LITTER,0.165,-0.13,31.525000000000002,37.5,4.005,89.0,-4.004,-0.07,0.0,1.9,76.31,1,1,2.6,3260.6,0
WES_CELL_0123_0089,CELL_0123_0089,WES,2023-03-06,11.95251,76.50841,1344.9,12.0,115.3,0.904,-0.427,BROADLEAF_HIGH_LITTER,0.307,-0.13,31.525000000000002,37.5,4.005,89.0,-4.004,-0.07,0.0,1.9,76.31,1,1,2.6,3855.8,0
WES_CELL_0051_0042,CELL_0051_0042,WES,2023-03-06,11.6281,76.29111,1063.3,33.9,82.8,0.992,0.125,BROADLEAF_HIGH_LITTER,0.15,-0.13,31.525000000000002,37.5,4.005,89.0,-4.004,-0.07,0.0,1.9,76.31,0,0,2.1,11218.8,0
WES_CELL_0082_0007,CELL_0082_0007,WES,2023-03-06,11.76892,76.13117,1083.8,21.9,96.9,0.993,-0.12,BROADLEAF_HIGH_LITTER,0.208,-0.13,31.525000000000002,37.5,4.005,89.0,-4.004,-0.07,0.0,1.9,76.31,0,0,4.2,12293.8,0
WES_CELL_0001_0067,CELL_0001_0067,WES,2023-03-06,11.40154,76.40463,972.8,33.5,60.2,0.868,0.497,BROADLEAF_HIGH_LITTER,0.15,-0.13,31.525000000000002,37.5,4.005,89.0,-4.004,-0.07,0.0,1.9,76.31,0,0,2.1,16926.7,0
WES_CELL_0083_0112,CELL_0083_0112,WES,2023-03-06,11.77112,76.61293,1277.8,22.7,97.1,0.992,-0.124,BROADLEAF_HIGH_LITTER,0.2,-0.13,31.525000000000002,37.5,4.005,89.0,-4.004,-0.07,0.0,1.9,76.31,0,0,1.7,10960.6,0
WES_CELL_0009_0117,CELL_0009_0117,WES,2023-03-06,11.43652,76.63392,1085.5,32.5,63.7,0.896,0.443,BROADLEAF_HIGH_LITTER,0.15,-0.13,31.525000000000002,37.5,4.005,89.0,-4.004,-0.07,0.0,1.9,76.31,12,12,1.7,2915.5,0
WES_CELL_0083_0116,CELL_0083_0116,WES,2023-03-06,11.77102,76.63128,1285.1,22.6,97.1,0.992,-0.124,BROADLEAF_HIGH_LITTER,0.201,-0.13,31.525000000000002,37.5,4.005,89.0,-4.004,-0.07,0.0,1.9,76.31,0,0,1.7,10436.3,0
WES_CELL_0019_0117,CELL_0019_0117,WES,2023-03-06,11.48172,76.63418,1112.7,20.9,68.2,0.928,0.371,BROADLEAF_HIGH_LITTER,0.218,-0.13,31.525000000000002,37.5,4.005,89.0,-4.004,-0.07,0.0,1.9,76.31,0,0,1.7,7865.7,1
WES_CELL_0057_0027,CELL_0057_0027,WES,2023-03-06,11.65553,76.22244,1052.3,30.9,85.6,0.997,0.077,BROADLEAF_HIGH_LITTER,0.15,-0.13,31.525000000000002,37.5,4.005,89.0,-4.004,-0.07,0.0,1.9,76.31,0,0,1.7,15442.7,0
WES_CELL_0093_0120,CELL_0093_0120,WES,2023-03-06,11.81611,76.6499,1319.6,33.1,101.6,0.98,-0.201,BROADLEAF_HIGH_LITTER,0.15,-0.13,31.525000000000002,37.5,4.005,89.0,-4.004,-0.07,0.0,1.9,76.31,0,0,1.7,15240.8,0
WES_CELL_0075_0085,CELL_0075_0085,WES,2023-03-06,11.73564,76.48887,1206.9,8.9,93.6,0.998,-0.063,BROADLEAF_HIGH_LITTER,0.338,-0.13,31.525000000000002,37.5,4.005,89.0,-4.004,-0.07,0.0,1.9,76.31,0,0,1.7,18609.1,0
WES_CELL_0117_0145,CELL_0117_0145,WES,2023-03-06,11.92389,76.76529,1430.5,11.9,112.4,0.925,-0.381,BROADLEAF_HIGH_LITTER,0.308,-0.13,31.525000000000002,37.5,4.005,89.0,-4.004,-0.07,0.0,1.9,76.31,0,0,2.1,16178.1,0
WES_CELL_0114_0095,CELL_0114_0095,WES,2023-03-06,11.91168,76.53572,1331.3,16.8,111.2,0.932,-0.362,BROADLEAF_HIGH_LITTER,0.259,-0.13,31.525000000000002,37.5,4.005,89.0,-4.004,-0.07,0.0,1.9,76.31,1,1,2.6,3283.8,0
WES_CELL_0103_0132,CELL_0103_0132,WES,2023-03-06,11.86098,76.70523,1368.7,31.6,106.1,0.961,-0.277,BROADLEAF_HIGH_LITTER,0.15,-0.13,31.525000000000002,37.5,4.005,89.0,-4.004,-0.07,0.0,1.9,76.31,0,0,2.2,14247.6,0
WES_CELL_0023_0045,CELL_0023_0045,WES,2023-03-08,11.50146,76.30428,992.6,13.4,70.1,0.94,0.34,BROADLEAF_HIGH_LITTER,0.304,-0.11,30.775000000000002,40.0,4.8925,80.75,-4.829,-0.786,0.0,1.9000000000000001,79.06,2,2,3.7,3243.5,0
WES_CELL_0079_0132,CELL_0079_0132,WES,2023-03-08,11.75251,76.70456,1303.3,15.8,95.3,0.996,-0.092,BROADLEAF_HIGH_LITTER,0.28,-0.11,30.775000000000002,40.0,4.8925,80.75,-4.829,-0.786,0.0,1.9000000000000001,79.06,0,0,2.7,9139.6,1
WES_CELL_0106_0075,CELL_0106_0075,WES,2023-03-08,11.876,76.44373,1273.1,28.5,107.6,0.953,-0.302,BROADLEAF_HIGH_LITTER,0.153,-0.11,30.775000000000002,40.0,4.8925,80.75,-4.829,-0.786,0.0,1.9000000000000001,79.06,0,0,5.6,11528.2,0
WES_CELL_0016_0112,CELL_0016_0112,WES,2023-03-08,11.46828,76.61119,1095.4,25.4,66.8,0.919,0.394,BROADLEAF_HIGH_LITTER,0.184,-0.11,30.775000000000002,40.0,4.8925,80.75,-4.829,-0.786,0.0,1.9000000000000001,79.06,1,1,1.7,2786.5,1
WES_CELL_0099_0132,CELL_0099_0132,WES,2023-03-08,11.84291,76.70512,1357.8,33.7,104.3,0.969,-0.247,BROADLEAF_HIGH_LITTER,0.15,-0.11,30.775000000000002,40.0,4.8925,80.75,-4.829,-0.786,0.0,1.9000000000000001,79.06,0,0,4.2,13117.6,0
WES_CELL_0086_0086,CELL_0086_0086,WES,2023-03-08,11.78533,76.49372,1238.7,27.1,98.5,0.989,-0.148,BROADLEAF_HIGH_LITTER,0.167,-0.11,30.775000000000002,40.0,4.8925,80.75,-4.829,-0.786,0.0,1.9000000000000001,79.06,0,0,4.6,18036.9,0
WES_CELL_0033_0059,CELL_0033_0059,WES,2023-03-08,11.54637,76.36867,1045.3,17.1,74.6,0.964,0.266,BROADLEAF_HIGH_LITTER,0.267,-0.11,30.775000000000002,40.0,4.8925,80.75,-4.829,-0.786,0.0,1.9000000000000001,79.06,1,1,4.1,4183.8,0
WES_CELL_0079_0143,CELL_0079_0143,WES,2023-03-08,11.75221,76.75502,1323.3,15.7,95.2,0.996,-0.091,BROADLEAF_HIGH_LITTER,0.281,-0.11,30.775000000000002,40.0,4.8925,80.75,-4.829,-0.786,0.0,1.9000000000000001,79.06,0,0,4.6,6461.5,0
WES_CELL_0083_0039,CELL_0083_0039,WES,2023-03-08,11.77282,76.27802,1144.9,23.2,97.3,0.992,-0.127,BROADLEAF_HIGH_LITTER,0.206,-0.11,30.775000000000002,40.0,4.8925,80.75,-4.829,-0.786,0.0,1.9000000000000001,79.06,0,0,6.2,5453.8,0
WES_CELL_0023_0076,CELL_0023_0076,WES,2023-03-08,11.50079,76.44637,1049.0,13.6,70.1,0.94,0.34,BROADLEAF_HIGH_LITTER,0.302,-0.11,30.775000000000002,40.0,4.8925,80.75,-4.829,-0.786,0.0,1.9000000000000001,79.06,2,2,1.7,3827.2,0
WES_CELL_0003_0086,CELL_0003_0086,WES,2023-03-08,11.41015,76.49173,1012.8,33.9,61.0,0.875,0.485,BROADLEAF_HIGH_LITTER,0.15,-0.11,30.775000000000002,40.0,4.8925,80.75,-4.829,-0.786,0.0,1.9000000000000001,79.06,0,0,4.6,13573.4,0
WES_CELL_0093_0051,CELL_0093_0051,WES,2023-03-08,11.81778,76.33329,1194.0,33.2,101.8,0.979,-0.204,BROADLEAF_HIGH_LITTER,0.15,-0.11,30.775000000000002,40.0,4.8925,80.75,-4.829,-0.786,0.0,1.9000000000000001,79.06,2,2,3.7,3002.1,0
WES_CELL_0133_0044,CELL_0133_0044,WES,2023-03-08,11.99875,76.30203,1290.1,28.1,119.9,0.867,-0.498,BROADLEAF_HIGH_LITTER,0.157,-0.11,30.775000000000002,40.0,4.8925,80.75,-4.829,-0.786,0.0,1.9000000000000001,79.06,0,0,5.6,9471.0,0
WES_CELL_0040_0035,CELL_0040_0035,WES,2023-03-08,11.57851,76.25879,1020.6,27.8,77.9,0.978,0.21,BROADLEAF_HIGH_LITTER,0.16,-0.11,30.775000000000002,40.0,4.8925,80.75,-4.829,-0.786,0.0,1.9000000000000001,79.06,0,0,3.7,7213.5,0
WES_CELL_0106_0113,CELL_0106_0113,WES,2023-03-08,11.87506,76.61813,1342.3,28.7,107.5,0.954,-0.301,BROADLEAF_HIGH_LITTER,0.151,-0.11,30.775000000000002,40.0,4.8925,80.75,-4.829,-0.786,0.0,1.9000000000000001,79.06,0,0,4.6,11238.6,0
WES_CELL_0106_0117,CELL_0106_0117,WES,2023-03-08,11.87495,76.63648,1349.6,28.7,107.5,0.954,-0.301,BROADLEAF_HIGH_LITTER,0.151,-0.11,30.775000000000002,40.0,4.8925,80.75,-4.829,-0.786,0.0,1.9000000000000001,79.06,0,0,1.7,12648.2,0
WES_CELL_0027_0003,CELL_0027_0003,WES,2023-03-08,11.52034,76.11183,926.9,6.5,72.0,0.951,0.309,BROADLEAF_HIGH_LITTER,0.373,-0.11,30.775000000000002,40.0,4.8925,80.75,-4.829,-0.786,0.0,1.9000000000000001,79.06,0,0,3.7,11770.2,1
WES_CELL_0090_0029,CELL_0090_0029,WES,2023-03-08,11.80467,76.23228,1145.7,31.5,100.5,0.983,-0.182,BROADLEAF_HIGH_LITTER,0.15,-0.11,30.775000000000002,40.0,4.8925,80.75,-4.829,-0.786,0.0,1.9000000000000001,79.06,1,1,6.2,736.1,0
WES_CELL_0043_0099,CELL_0043_0099,WES,2023-03-08,11.59065,76.55228,1145.3,30.6,79.1,0.982,0.189,BROADLEAF_HIGH_LITTER,0.15,-0.11,30.775000000000002,40.0,4.8925,80.75,-4.829,-0.786,0.0,1.9000000000000001,79.06,0,0,4.6,7049.1,0
WES_CELL_0050_0051,CELL_0050_0051,WES,2023-03-08,11.62339,76.33236,1077.0,34.0,82.3,0.991,0.134,BROADLEAF_HIGH_LITTER,0.15,-0.11,30.775000000000002,40.0,4.8925,80.75,-4.829,-0.786,0.0,1.9000000000000001,79.06,0,0,4.1,9714.0,0
WES_CELL_0056_0153,CELL_0056_0153,WES,2023-03-08,11.64797,76.80021,1278.9,32.2,84.8,0.996,0.091,BROADLEAF_HIGH_LITTER,0.15,-0.11,30.775000000000002,40.0,4.8925,80.75,-4.829,-0.786,0.0,1.9000000000000001,79.06,0,0,2.7,6592.2,0
WES_CELL_0126_0137,CELL_0126_0137,WES,2023-03-08,11.9648,76.72883,1440.4,16.9,116.5,0.895,-0.446,BROADLEAF_HIGH_LITTER,0.269,-0.11,30.775000000000002,40.0,4.8925,80.75,-4.829,-0.786,0.0,1.9000000000000001,79.06,0,0,4.6,12823.3,0
WES_CELL_0063_0115,CELL_0063_0115,WES,2023-03-08,11.68065,76.62616,1228.9,24.5,88.1,0.999,0.033,BROADLEAF_HIGH_LITTER,0.193,-0.11,30.775000000000002,40.0,4.8925,80.75,-4.829,-0.786,0.0,1.9000000000000001,79.06,7,7,3.7,2260.4,0
WES_CELL_0013_0137,CELL_0013_0137,WES,2023-03-08,11.45407,76.72566,1132.7,29.2,65.4,0.909,0.416,BROADLEAF_HIGH_LITTER,0.15,-0.11,30.775000000000002,40.0,4.8925,80.75,-4.829,-0.786,0.0,1.9000000000000001,79.06,1,1,2.7,2635.2,0
WES_CELL_0110_0051,CELL_0110_0051,WES,2023-03-08,11.89462,76.33367,1240.2,23.0,109.5,0.943,-0.334,BROADLEAF_HIGH_LITTER,0.208,-0.11,30.775000000000002,40.0,4.8925,80.75,-4.829,-0.786,0.0,1.9000000000000001,79.06,1,1,3.7,3512.2,0
WES_CELL_0093_0112,CELL_0093_0112,WES,2023-03-08,11.81632,76.61319,1305.1,33.1,101.6,0.98,-0.201,BROADLEAF_HIGH_LITTER,0.15,-0.11,30.775000000000002,40.0,4.8925,80.75,-4.829,-0.786,0.0,1.9000000000000001,79.06,0,0,3.7,15766.0,0
WES_CELL_0113_0105,CELL_0113_0105,WES,2023-03-08,11.90691,76.58159,1346.8,18.6,110.7,0.935,-0.353,BROADLEAF_HIGH_LITTER,0.252,-0.11,30.775000000000002,40.0,4.8925,80.75,-4.829,-0.786,0.0,1.9000000000000001,79.06,0,0,4.6,5859.6,0
WES_CELL_0093_0123,CELL_0093_0123,WES,2023-03-08,11.81603,76.66366,1325.1,33.1,101.6,0.98,-0.201,BROADLEAF_HIGH_LITTER,0.15,-0.11,30.775000000000002,40.0,4.8925,80.75,-4.829,-0.786,0.0,1.9000000000000001,79.06,0,0,3.7,15302.1,0
WES_CELL_0017_0055,CELL_0017_0055,WES,2023-03-08,11.47413,76.34999,994.5,23.5,67.4,0.923,0.384,BROADLEAF_HIGH_LITTER,0.203,-0.11,30.775000000000002,40.0,4.8925,80.75,-4.829,-0.786,0.0,1.9000000000000001,79.06,0,0,4.1,7125.0,0
WES_CELL_0000_0116,CELL_0000_0116,WES,2023-03-08,11.39586,76.6291,1059.2,32.9,59.6,0.863,0.506,BROADLEAF_HIGH_LITTER,0.15,-0.11,30.775000000000002,40.0,4.8925,80.75,-4.829,-0.786,0.0,1.9000000000000001,79.06,19,19,4.6,321.3,0
WES_CELL_0014_0009,CELL_0014_0009,WES,2023-03-08,11.46146,76.1391,902.5,27.3,66.1,0.914,0.405,BROADLEAF_HIGH_LITTER,0.165,-0.11,30.775000000000002,40.0,4.8925,80.75,-4.829,-0.786,0.0,1.9000000000000001,79.06,0,0,3.7,10658.3,0
WES_CELL_0040_0105,CELL_0040_0105,WES,2023-03-08,11.57694,76.57971,1148.1,27.3,77.7,0.977,0.213,BROADLEAF_HIGH_LITTER,0.165,-0.11,30.775000000000002,40.0,4.8925,80.75,-4.829,-0.786,0.0,1.9000000000000001,79.06,0,0,4.6,8616.0,0
WES_CELL_0024_0017,CELL_0024_0017,WES,2023-03-08,11.50653,76.17596,944.3,11.3,70.7,0.944,0.331,BROADLEAF_HIGH_LITTER,0.325,-0.11,30.775000000000002,40.0,4.8925,80.75,-4.829,-0.786,0.0,1.9000000000000001,79.06,1,1,3.7,4774.2,0
WES_CELL_0074_0001,CELL_0074_0001,WES,2023-03-08,11.73286,76.1035,1051.1,7.8,93.3,0.998,-0.058,BROADLEAF_HIGH_LITTER,0.36,-0.11,30.775000000000002,40.0,4.8925,80.75,-4.829,-0.786,0.0,1.9000000000000001,79.06,0,0,3.7,12388.0,0
WES_CELL_0083_0151,CELL_0083_0151,WES,2023-03-08,11.77006,76.79183,1348.8,22.3,97.0,0.993,-0.122,BROADLEAF_HIGH_LITTER,0.215,-0.11,30.775000000000002,40.0,4.8925,80.75,-4.829,-0.786,0.0,1.9000000000000001,79.06,7,7,4.6,1937.2,0
WES_CELL_0054_0013,CELL_0054_0013,WES,2023-03-08,11.64223,76.15818,1018.6,32.9,84.2,0.995,0.101,BROADLEAF_HIGH_LITTER,0.15,-0.11,30.775000000000002,40.0,4.8925,80.75,-4.829,-0.786,0.0,1.9000000000000001,79.06,0,0,3.7,15447.6,0
WES_CELL_0093_0152,CELL_0093_0152,WES,2023-03-08,11.81522,76.79671,1377.8,33.0,101.5,0.98,-0.199,BROADLEAF_HIGH_LITTER,0.15,-0.11,30.775000000000002,40.0,4.8925,80.75,-4.829,-0.786,0.0,1.9000000000000001,79.06,7,7,4.1,3674.8,0
WES_CELL_0113_0144,CELL_0113_0144,WES,2023-03-08,11.90584,76.76059,1417.7,19.0,110.6,0.936,-0.352,BROADLEAF_HIGH_LITTER,0.248,-0.11,30.775000000000002,40.0,4.8925,80.75,-4.829,-0.786,0.0,1.9000000000000001,79.06,0,0,4.1,14491.0,0
WES_CELL_0000_0138,CELL_0000_0138,WES,2023-03-08,11.39528,76.72989,1099.1,32.9,59.5,0.862,0.508,BROADLEAF_HIGH_LITTER,0.15,-0.11,30.775000000000002,40.0,4.8925,80.75,-4.829,-0.786,0.0,1.9000000000000001,79.06,0,0,4.6,8159.3,0
WES_CELL_0127_0044,CELL_0127_0044,WES,2023-03-08,11.97162,76.3019,1273.7,19.5,117.2,0.889,-0.457,BROADLEAF_HIGH_LITTER,0.243,-0.11,30.775000000000002,40.0,4.8925,80.75,-4.829,-0.786,0.0,1.9000000000000001,79.06,0,0,5.6,8468.2,0
WES_CELL_0034_0031,CELL_0034_0031,WES,2023-03-08,11.55147,76.24033,997.0,19.0,75.1,0.966,0.257,BROADLEAF_HIGH_LITTER,0.248,-0.11,30.775000000000002,40.0,4.8925,80.75,-4.829,-0.786,0.0,1.9000000000000001,79.06,1,1,3.7,4619.3,0
WES_CELL_0080_0119,CELL_0080_0119,WES,2023-03-08,11.75738,76.64496,1282.4,17.7,95.7,0.995,-0.099,BROADLEAF_HIGH_LITTER,0.261,-0.11,30.775000000000002,40.0,4.8925,80.75,-4.829,-0.786,0.0,1.9000000000000001,79.06,0,0,3.7,8742.7,0
WES_CELL_0044_0040,CELL_0044_0040,WES,2023-03-08,11.5965,76.2818,1040.6,31.7,79.6,0.984,0.181,BROADLEAF_HIGH_LITTER,0.15,-0.11,30.775000000000002,40.0,4.8925,80.75,-4.829,-0.786,0.0,1.9000000000000001,79.06,0,0,4.1,8769.9,0
WES_CELL_0080_0130,CELL_0080_0130,WES,2023-03-08,11.75709,76.69542,1302.4,17.6,95.7,0.995,-0.099,BROADLEAF_HIGH_LITTER,0.262,-0.11,30.775000000000002,40.0,4.8925,80.75,-4.829,-0.786,0.0,1.9000000000000001,79.06,0,0,3.7,10019.7,0
WES_CELL_0037_0100,CELL_0037_0100,WES,2023-03-08,11.5635,76.55672,1130.8,23.3,76.4,0.972,0.235,BROADLEAF_HIGH_LITTER,0.205,-0.11,30.775000000000002,40.0,4.8925,80.75,-4.829,-0.786,0.0,1.9000000000000001,79.06,0,0,4.6,5675.8,0
WES_CELL_0031_0005,CELL_0031_0005,WES,2023-03-08,11.53839,76.12107,941.5,14.0,73.8,0.96,0.279,BROADLEAF_HIGH_LITTER,0.298,-0.11,30.775000000000002,40.0,4.8925,80.75,-4.829,-0.786,0.0,1.9000000000000001,79.06,0,0,3.7,11008.6,0
WES_CELL_0011_0013,CELL_0011_0013,WES,2023-03-08,11.44783,76.15738,901.7,30.6,64.8,0.905,0.426,BROADLEAF_HIGH_LITTER,0.15,-0.11,30.775000000000002,40.0,4.8925,80.75,-4.829,-0.786,0.0,1.9000000000000001,79.06,0,0,3.7,10151.1,0
WES_CELL_0084_0048,CELL_0084_0048,WES,2023-03-08,11.77716,76.31933,1164.0,24.6,97.7,0.991,-0.134,BROADLEAF_HIGH_LITTER,0.192,-0.11,30.775000000000002,40.0,4.8925,80.75,-4.829,-0.786,0.0,1.9000000000000001,79.06,0,0,3.7,7475.5,0
WES_CELL_0067_0111,CELL_0067_0111,WES,2023-03-08,11.69883,76.60792,1232.5,18.1,89.9,1.0,0.002,BROADLEAF_HIGH_LITTER,0.257,-0.11,30.775000000000002,40.0,4.8925,80.75,-4.829,-0.786,0.0,1.9000000000000001,79.06,1,1,3.7,4843.4,0
WES_CELL_0114_0043,CELL_0114_0043,WES,2023-03-08,11.91288,76.29703,1236.5,16.3,111.3,0.932,-0.363,BROADLEAF_HIGH_LITTER,0.275,-0.11,30.775000000000002,40.0,4.8925,80.75,-4.829,-0.786,0.0,1.9000000000000001,79.06,0,0,3.7,6545.2,0
WES_CELL_0007_0142,CELL_0007_0142,WES,2023-03-08,11.42681,76.74841,1125.5,33.5,62.7,0.889,0.459,BROADLEAF_HIGH_LITTER,0.15,-0.11,30.775000000000002,40.0,4.8925,80.75,-4.829,-0.786,0.0,1.9000000000000001,79.06,0,0,2.7,6569.8,0
WES_CELL_0127_0101,CELL_0127_0101,WES,2023-03-08,11.97029,76.5636,1377.6,19.0,117.0,0.891,-0.454,BROADLEAF_HIGH_LITTER,0.248,-0.11,30.775000000000002,40.0,4.8925,80.75,-4.829,-0.786,0.0,1.9000000000000001,79.06,2,2,1.7,4010.4,0
WES_CELL_0001_0055,CELL_0001_0055,WES,2023-03-08,11.4018,76.34965,950.9,33.5,60.2,0.868,0.497,BROADLEAF_HIGH_LITTER,0.15,-0.11,30.775000000000002,40.0,4.8925,80.75,-4.829,-0.786,0.0,1.9000000000000001,79.06,0,0,3.7,14964.0,0
WES_CELL_0087_0124,CELL_0087_0124,WES,2023-03-08,11.78889,76.66809,1310.6,28.0,98.9,0.988,-0.155,BROADLEAF_HIGH_LITTER,0.158,-0.11,30.775000000000002,40.0,4.8925,80.75,-4.829,-0.786,0.0,1.9000000000000001,79.06,0,0,3.7,12374.2,0
WES_CELL_0028_0002,CELL_0028_0002,WES,2023-03-08,11.52488,76.10727,927.8,8.4,72.5,0.954,0.301,BROADLEAF_HIGH_LITTER,0.354,-0.11,30.775000000000002,40.0,4.8925,80.75,-4.829,-0.786,0.0,1.9000000000000001,79.06,0,0,3.7,12304.6,1
WES_CELL_0028_0003,CELL_0028_0003,WES,2023-03-08,11.52486,76.11185,929.7,8.4,72.5,0.954,0.301,BROADLEAF_HIGH_LITTER,0.354,-0.11,30.775000000000002,40.0,4.8925,80.75,-4.829,-0.786,0.0,1.9000000000000001,79.06,0,0,3.7,11797.1,1
WES_CELL_0127_0122,CELL_0127_0122,WES,2023-03-08,11.96973,76.66,1415.8,18.8,117.0,0.891,-0.454,BROADLEAF_HIGH_LITTER,0.25,-0.11,30.775000000000002,40.0,4.8925,80.75,-4.829,-0.786,0.0,1.9000000000000001,79.06,0,0,1.7,7046.6,0
WES_CELL_0134_0070,CELL_0134_0070,WES,2023-03-08,12.00269,76.42144,1340.2,29.1,120.3,0.863,-0.505,BROADLEAF_HIGH_LITTER,0.15,-0.11,30.775000000000002,40.0,4.8925,80.75,-4.829,-0.786,0.0,1.9000000000000001,79.06,0,0,3.7,5123.3,0
WES_CELL_0018_0020,CELL_0018_0020,WES,2023-03-08,11.47935,76.18959,933.4,21.7,67.9,0.927,0.376,BROADLEAF_HIGH_LITTER,0.221,-0.11,30.775000000000002,40.0,4.8925,80.75,-4.829,-0.786,0.0,1.9000000000000001,79.06,0,0,3.7,5176.0,0
WES_CELL_0011_0075,CELL_0011_0075,WES,2023-03-08,11.44657,76.44151,1014.5,30.8,64.7,0.904,0.427,BROADLEAF_HIGH_LITTER,0.15,-0.11,30.775000000000002,40.0,4.8925,80.75,-4.829,-0.786,0.0,1.9000000000000001,79.06,0,0,1.7,8834.4,1
WES_CELL_0011_0076,CELL_0011_0076,WES,2023-03-08,11.44655,76.44609,1016.4,30.8,64.7,0.904,0.427,BROADLEAF_HIGH_LITTER,0.15,-0.11,30.775000000000002,40.0,4.8925,80.75,-4.829,-0.786,0.0,1.9000000000000001,79.06,0,0,1.7,8993.9,1
WES_CELL_0124_0086,CELL_0124_0086,WES,2023-03-08,11.9571,76.49466,1342.1,13.9,115.7,0.901,-0.434,BROADLEAF_HIGH_LITTER,0.299,-0.11,30.775000000000002,40.0,4.8925,80.75,-4.829,-0.786,0.0,1.9000000000000001,79.06,0,0,4.6,5464.4,0
WES_CELL_0097_0151,CELL_0097_0151,WES,2023-03-08,11.83333,76.79224,1386.9,34.0,103.3,0.973,-0.23,BROADLEAF_HIGH_LITTER,0.15,-0.11,30.775000000000002,40.0,4.8925,80.75,-4.829,-0.786,0.0,1.9000000000000001,79.06,0,0,4.1,5709.2,0
WES_CELL_0064_0115,CELL_0064_0115,WES,2023-03-08,11.68517,76.62619,1231.6,23.0,88.5,1.0,0.026,BROADLEAF_HIGH_LITTER,0.208,-0.11,30.775000000000002,40.0,4.8925,80.75,-4.829,-0.786,0.0,1.9000000000000001,79.06,7,7,3.7,2370.4,0
WES_CELL_0011_0092,CELL_0011_0092,WES,2023-03-08,11.44617,76.51941,1045.5,30.9,64.6,0.903,0.429,BROADLEAF_HIGH_LITTER,0.15,-0.11,30.775000000000002,40.0,4.8925,80.75,-4.829,-0.786,0.0,1.9000000000000001,79.06,0,0,4.6,10871.1,0
WES_CELL_0008_0057,CELL_0008_0057,WES,2023-03-08,11.4334,76.35896,973.6,32.9,63.3,0.893,0.449,BROADLEAF_HIGH_LITTER,0.15,-0.11,30.775000000000002,40.0,4.8925,80.75,-4.829,-0.786,0.0,1.9000000000000001,79.06,0,0,4.1,11749.1,0
WES_CELL_0011_0110,CELL_0011_0110,WES,2023-03-08,11.44573,76.60189,1078.2,31.0,64.6,0.903,0.429,BROADLEAF_HIGH_LITTER,0.15,-0.11,30.775000000000002,40.0,4.8925,80.75,-4.829,-0.786,0.0,1.9000000000000001,79.06,0,0,1.7,5220.2,0
WES_CELL_0091_0080,CELL_0091_0080,WES,2023-03-08,11.80808,76.46632,1241.4,32.0,100.8,0.982,-0.187,BROADLEAF_HIGH_LITTER,0.15,-0.11,30.775000000000002,40.0,4.8925,80.75,-4.829,-0.786,0.0,1.9000000000000001,79.06,0,0,3.7,15976.2,0
WES_CELL_0038_0058,CELL_0038_0058,WES,2023-03-08,11.569,76.3642,1057.1,25.0,76.9,0.974,0.227,BROADLEAF_HIGH_LITTER,0.188,-0.11,30.775000000000002,40.0,4.8925,80.75,-4.829,-0.786,0.0,1.9000000000000001,79.06,0,0,4.1,5090.6,0
WES_CELL_0025_0022,CELL_0025_0022,WES,2023-03-08,11.51096,76.19889,956.1,9.4,71.1,0.946,0.324,BROADLEAF_HIGH_LITTER,0.344,-0.11,30.775000000000002,40.0,4.8925,80.75,-4.829,-0.786,0.0,1.9000000000000001,79.06,1,1,3.7,2186.2,0
WES_CELL_0111_0090,CELL_0111_0090,WES,2023-03-08,11.89824,76.5127,1314.0,21.7,109.8,0.941,-0.339,BROADLEAF_HIGH_LITTER,0.221,-0.11,30.775000000000002,40.0,4.8925,80.75,-4.829,-0.786,0.0,1.9000000000000001,79.06,0,0,4.6,5676.6,0
WES_CELL_0008_0081,CELL_0008_0081,WES,2023-03-08,11.43287,76.46894,1017.3,32.9,63.3,0.893,0.449,BROADLEAF_HIGH_LITTER,0.15,-0.11,30.775000000000002,40.0,4.8925,80.75,-4.829,-0.786,0.0,1.9000000000000001,79.06,0,0,1.7,11414.0,0
WES_CELL_0124_0142,CELL_0124_0142,WES,2023-03-08,11.95562,76.75173,1444.1,13.3,115.6,0.902,-0.432,BROADLEAF_HIGH_LITTER,0.305,-0.11,30.775000000000002,40.0,4.8925,80.75,-4.829,-0.786,0.0,1.9000000000000001,79.06,0,0,4.6,13291.8,0
WES_CELL_0025_0030,CELL_0025_0030,WES,2023-03-08,11.5108,76.23557,970.7,9.5,71.1,0.946,0.324,BROADLEAF_HIGH_LITTER,0.343,-0.11,30.775000000000002,40.0,4.8925,80.75,-4.829,-0.786,0.0,1.9000000000000001,79.06,2,2,3.7,2070.4,0
WES_CELL_0088_0063,CELL_0088_0063,WES,2023-03-08,11.79491,76.38824,1202.2,29.5,99.5,0.986,-0.165,BROADLEAF_HIGH_LITTER,0.15,-0.11,30.775000000000002,40.0,4.8925,80.75,-4.829,-0.786,0.0,1.9000000000000001,79.06,0,0,3.7,8720.8,0
WES_CELL_0068_0079,CELL_0068_0079,WES,2023-03-08,11.70414,76.46118,1177.0,16.1,90.4,1.0,-0.007,BROADLEAF_HIGH_LITTER,0.277,-0.11,30.775000000000002,40.0,4.8925,80.75,-4.829,-0.786,0.0,1.9000000000000001,79.06,0,0,3.7,15164.4,0
WES_CELL_0025_0050,CELL_0025_0050,WES,2023-03-08,11.5104,76.32724,1007.1,9.7,71.0,0.946,0.326,BROADLEAF_HIGH_LITTER,0.341,-0.11,30.775000000000002,40.0,4.8925,80.75,-4.829,-0.786,0.0,1.9000000000000001,79.06,1,1,4.1,2887.3,0
WES_CELL_0125_0011,CELL_0125_0011,WES,2023-03-08,11.96325,76.15034,1208.1,16.3,116.3,0.896,-0.443,BROADLEAF_HIGH_LITTER,0.275,-0.11,30.775000000000002,40.0,4.8925,80.75,-4.829,-0.786,0.0,1.9000000000000001,79.06,0,0,6.2,20493.6,0
WES_CELL_0068_0092,CELL_0068_0092,WES,2023-03-08,11.70383,76.5208,1200.6,16.2,90.4,1.0,-0.007,BROADLEAF_HIGH_LITTER,0.276,-0.11,30.775000000000002,40.0,4.8925,80.75,-4.829,-0.786,0.0,1.9000000000000001,79.06,0,0,3.7,14225.7,0
WES_CELL_0075_0038,CELL_0075_0038,WES,2023-03-08,11.73668,76.27326,1121.3,9.4,93.7,0.998,-0.065,BROADLEAF_HIGH_LITTER,0.344,-0.11,30.775000000000002,40.0,4.8925,80.75,-4.829,-0.786,0.0,1.9000000000000001,79.06,0,0,6.2,8119.5,0
WES_CELL_0125_0020,CELL_0125_0020,WES,2023-03-08,11.96307,76.19167,1224.5,16.3,116.3,0.896,-0.443,BROADLEAF_HIGH_LITTER,0.275,-0.11,30.775000000000002,40.0,4.8925,80.75,-4.829,-0.786,0.0,1.9000000000000001,79.06,0,0,6.2,18754.4,0
WES_CELL_0118_0081,CELL_0118_0081,WES,2023-03-08,11.9301,76.47156,1316.7,9.3,113.0,0.921,-0.391,BROADLEAF_HIGH_LITTER,0.345,-0.11,30.775000000000002,40.0,4.8925,80.75,-4.829,-0.786,0.0,1.9000000000000001,79.06,0,0,4.6,7809.4,0
WES_CELL_0072_0000,CELL_0072_0000,WES,2023-03-08,11.72384,76.09888,1043.9,8.0,92.4,0.999,-0.042,BROADLEAF_HIGH_LITTER,0.358,-0.11,30.775000000000002,40.0,4.8925,80.75,-4.829,-0.786,0.0,1.9000000000000001,79.06,0,0,3.7,12560.2,0
WES_CELL_0085_0047,CELL_0085_0047,WES,2023-03-08,11.7817,76.31477,1164.9,26.0,98.2,0.99,-0.143,BROADLEAF_HIGH_LITTER,0.178,-0.11,30.775000000000002,40.0,4.8925,80.75,-4.829,-0.786,0.0,1.9000000000000001,79.06,0,0,3.7,7054.4,0
WES_CELL_0118_0086,CELL_0118_0086,WES,2023-03-08,11.92998,76.49451,1325.8,9.4,113.0,0.921,-0.391,BROADLEAF_HIGH_LITTER,0.344,-0.11,30.775000000000002,40.0,4.8925,80.75,-4.829,-0.786,0.0,1.9000000000000001,79.06,0,0,4.6,5308.2,0
WES_CELL_0101_0149,CELL_0101_0149,WES,2023-03-08,11.85146,76.78318,1394.2,33.0,105.1,0.965,-0.261,BROADLEAF_HIGH_LITTER,0.15,-0.11,30.775000000000002,40.0,4.8925,80.75,-4.829,-0.786,0.0,1.9000000000000001,79.06,0,0,4.1,7955.2,0
WES_CELL_0038_0123,CELL_0038_0123,WES,2023-03-08,11.56744,76.66218,1175.3,24.5,76.7,0.973,0.23,BROADLEAF_HIGH_LITTER,0.193,-0.11,30.775000000000002,40.0,4.8925,80.75,-4.829,-0.786,0.0,1.9000000000000001,79.06,0,0,1.7,10105.9,0
WES_CELL_0098_0105,CELL_0098_0105,WES,2023-03-08,11.8391,76.5812,1305.9,33.9,103.9,0.971,-0.24,BROADLEAF_HIGH_LITTER,0.15,-0.11,30.775000000000002,40.0,4.8925,80.75,-4.829,-0.786,0.0,1.9000000000000001,79.06,0,0,4.6,12131.1,0
WES_CELL_0008_0144,CELL_0008_0144,WES,2023-03-08,11.43128,76.7576,1131.8,33.1,63.1,0.892,0.452,BROADLEAF_HIGH_LITTER,0.15,-0.11,30.775000000000002,40.0,4.8925,80.75,-4.829,-0.786,0.0,1.9000000000000001,79.06,0,0,2.7,6895.2,0
WES_CELL_0062_0022,CELL_0062_0022,WES,2023-03-08,11.67823,76.19961,1056.8,25.2,87.8,0.999,0.038,BROADLEAF_HIGH_LITTER,0.186,-0.11,30.775000000000002,40.0,4.8925,80.75,-4.829,-0.786,0.0,1.9000000000000001,79.06,0,0,6.2,14195.0,0
WES_CELL_0125_0053,CELL_0125_0053,WES,2023-03-08,11.96239,76.34318,1284.7,16.0,116.2,0.897,-0.442,BROADLEAF_HIGH_LITTER,0.278,-0.11,30.775000000000002,40.0,4.8925,80.75,-4.829,-0.786,0.0,1.9000000000000001,79.06,2,2,5.6,3781.2,0
WES_CELL_0008_0153,CELL_0008_0153,WES,2023-03-08,11.43103,76.79883,1148.2,33.1,63.1,0.892,0.452,BROADLEAF_HIGH_LITTER,0.15,-0.11,30.775000000000002,40.0,4.8925,80.75,-4.829,-0.786,0.0,1.9000000000000001,79.06,0,0,3.7,5235.6,0
WES_CELL_0085_0079,CELL_0085_0079,WES,2023-03-08,11.78098,76.46158,1223.2,25.8,98.1,0.99,-0.141,BROADLEAF_HIGH_LITTER,0.18,-0.11,30.775000000000002,40.0,4.8925,80.75,-4.829,-0.786,0.0,1.9000000000000001,79.06,0,0,3.7,16502.8,0
WES_CELL_0055_0093,CELL_0055_0093,WES,2023-03-08,11.64504,76.52507,1167.1,32.6,84.5,0.995,0.096,BROADLEAF_HIGH_LITTER,0.15,-0.11,30.775000000000002,40.0,4.8925,80.75,-4.829,-0.786,0.0,1.9000000000000001,79.06,0,0,4.6,11387.7,0
WES_CELL_0105_0073,CELL_0105_0073,WES,2023-03-08,11.87153,76.43453,1266.7,29.5,107.2,0.955,-0.296,BROADLEAF_HIGH_LITTER,0.15,-0.11,30.775000000000002,40.0,4.8925,80.75,-4.829,-0.786,0.0,1.9000000000000001,79.06,0,0,5.6,11314.9,0
WES_CELL_0068_0153,CELL_0068_0153,WES,2023-03-08,11.7022,76.80056,1311.5,16.8,90.2,1.0,-0.003,BROADLEAF_HIGH_LITTER,0.27,-0.11,30.775000000000002,40.0,4.8925,80.75,-4.829,-0.786,0.0,1.9000000000000001,79.06,1,1,2.7,4779.3,0
WES_CELL_0095_0095,CELL_0095_0095,WES,2023-03-08,11.8258,76.53524,1279.6,33.8,102.6,0.976,-0.218,BROADLEAF_HIGH_LITTER,0.15,-0.11,30.775000000000002,40.0,4.8925,80.75,-4.829,-0.786,0.0,1.9000000000000001,79.06,0,0,4.6,12778.6,0
WES_CELL_0095_0098,CELL_0095_0098,WES,2023-03-08,11.82572,76.54901,1285.0,33.8,102.6,0.976,-0.218,BROADLEAF_HIGH_LITTER,0.15,-0.11,30.775000000000002,40.0,4.8925,80.75,-4.829,-0.786,0.0,1.9000000000000001,79.06,0,0,4.6,12800.5,0
WES_CELL_0082_0054,CELL_0082_0054,WES,2023-03-08,11.76799,76.34682,1169.5,21.6,96.8,0.993,-0.118,BROADLEAF_HIGH_LITTER,0.222,-0.11,30.775000000000002,40.0,4.8925,80.75,-4.829,-0.786,0.0,1.9000000000000001,79.06,0,0,3.7,8728.2,0
WES_CELL_0075_0110,CELL_0075_0110,WES,2023-03-08,11.73502,76.60354,1252.4,8.7,93.5,0.998,-0.061,BROADLEAF_HIGH_LITTER,0.351,-0.11,30.775000000000002,40.0,4.8925,80.75,-4.829,-0.786,0.0,1.9000000000000001,79.06,0,0,3.7,7896.4,0
WES_CELL_0092_0054,CELL_0092_0054,WES,2023-03-08,11.81319,76.34704,1196.7,32.7,101.3,0.981,-0.196,BROADLEAF_HIGH_LITTER,0.15,-0.11,30.775000000000002,40.0,4.8925,80.75,-4.829,-0.786,0.0,1.9000000000000001,79.06,2,2,3.7,4088.4,0
WES_CELL_0015_0144,CELL_0015_0144,WES,2023-03-08,11.46292,76.75779,1150.9,26.9,66.3,0.916,0.402,BROADLEAF_HIGH_LITTER,0.169,-0.11,30.775000000000002,40.0,4.8925,80.75,-4.829,-0.786,0.0,1.9000000000000001,79.06,0,0,2.7,5212.0,0
WES_CELL_0002_0100,CELL_0002_0100,WES,2023-03-08,11.4053,76.55585,1035.5,33.7,60.5,0.87,0.492,BROADLEAF_HIGH_LITTER,0.15,-0.11,30.775000000000002,40.0,4.8925,80.75,-4.829,-0.786,0.0,1.9000000000000001,79.06,0,0,4.6,6484.3,0
WES_CELL_0022_0094,CELL_0022_0094,WES,2023-03-08,11.49585,76.52885,1079.0,15.6,69.6,0.937,0.349,BROADLEAF_HIGH_LITTER,0.282,-0.11,30.775000000000002,40.0,4.8925,80.75,-4.829,-0.786,0.0,1.9000000000000001,79.06,0,0,4.6,5716.3,0
WES_CELL_0125_0115,CELL_0125_0115,WES,2023-03-08,11.96088,76.62782,1397.7,15.4,116.1,0.898,-0.44,BROADLEAF_HIGH_LITTER,0.284,-0.11,30.775000000000002,40.0,4.8925,80.75,-4.829,-0.786,0.0,1.9000000000000001,79.06,1,1,1.7,4086.2,0
WES_CELL_0039_0048,CELL_0039_0048,WES,2023-03-08,11.57373,76.31837,1041.6,26.4,77.4,0.976,0.218,BROADLEAF_HIGH_LITTER,0.174,-0.11,30.775000000000002,40.0,4.8925,80.75,-4.829,-0.786,0.0,1.9000000000000001,79.06,1,1,4.1,4483.3,0
WES_CELL_0026_0003,CELL_0026_0003,WES,2023-03-08,11.51582,76.11182,924.2,7.4,71.6,0.949,0.316,BROADLEAF_HIGH_LITTER,0.364,-0.11,30.775000000000002,40.0,4.8925,80.75,-4.829,-0.786,0.0,1.9000000000000001,79.06,0,0,3.7,11764.5,1
WES_CELL_0026_0017,CELL_0026_0017,WES,2023-03-08,11.51557,76.17599,949.7,7.5,71.6,0.949,0.316,BROADLEAF_HIGH_LITTER,0.363,-0.11,30.775000000000002,40.0,4.8925,80.75,-4.829,-0.786,0.0,1.9000000000000001,79.06,1,1,3.7,4641.6,0
WES_CELL_0036_0013,CELL_0036_0013,WES,2023-03-08,11.56085,76.15784,969.6,22.4,76.1,0.971,0.24,BROADLEAF_HIGH_LITTER,0.214,-0.11,30.775000000000002,40.0,4.8925,80.75,-4.829,-0.786,0.0,1.9000000000000001,79.06,0,0,3.7,8279.6,0
WES_CELL_0016_0031,CELL_0016_0031,WES,2023-03-08,11.4701,76.23997,948.0,24.8,67.0,0.921,0.391,BROADLEAF_HIGH_LITTER,0.19,-0.11,30.775000000000002,40.0,4.8925,80.75,-4.829,-0.786,0.0,1.9000000000000001,79.06,0,0,3.7,5706.6,0
WES_CELL_0086_0009,CELL_0086_0009,WES,2023-03-08,11.78697,76.14043,1098.4,27.5,98.7,0.988,-0.151,BROADLEAF_HIGH_LITTER,0.163,-0.11,30.775000000000002,40.0,4.8925,80.75,-4.829,-0.786,0.0,1.9000000000000001,79.06,0,0,6.2,10862.5,0
WES_CELL_0119_0047,CELL_0119_0047,WES,2023-03-08,11.9354,76.3155,1257.4,7.1,113.5,0.917,-0.399,BROADLEAF_HIGH_LITTER,0.367,-0.11,30.775000000000002,40.0,4.8925,80.75,-4.829,-0.786,0.0,1.9000000000000001,79.06,0,0,5.6,7264.1,0
WES_CELL_0006_0057,CELL_0006_0057,WES,2023-03-08,11.42436,76.35892,968.2,33.7,62.4,0.886,0.463,BROADLEAF_HIGH_LITTER,0.15,-0.11,30.775000000000002,40.0,4.8925,80.75,-4.829,-0.786,0.0,1.9000000000000001,79.06,0,0,4.1,12722.1,0
WES_CELL_0069_0083,CELL_0069_0083,WES,2023-03-08,11.70856,76.47955,1187.0,14.3,90.9,1.0,-0.016,BROADLEAF_HIGH_LITTER,0.295,-0.11,30.775000000000002,40.0,4.8925,80.75,-4.829,-0.786,0.0,1.9000000000000001,79.06,0,0,3.7,16099.5,0
WES_CELL_0132_0109,CELL_0132_0109,WES,2023-03-08,11.99268,76.60046,1405.8,26.5,119.3,0.872,-0.489,BROADLEAF_HIGH_LITTER,0.173,-0.11,30.775000000000002,40.0,4.8925,80.75,-4.829,-0.786,0.0,1.9000000000000001,79.06,1,1,1.7,1211.5,0
WES_CELL_0026_0052,CELL_0026_0052,WES,2023-03-08,11.51488,76.33643,1013.5,7.8,71.5,0.948,0.317,BROADLEAF_HIGH_LITTER,0.36,-0.11,30.775000000000002,40.0,4.8925,80.75,-4.829,-0.786,0.0,1.9000000000000001,79.06,1,1,4.1,2372.5,0
WES_CELL_0092_0130,CELL_0092_0130,WES,2023-03-08,11.81132,76.69575,1335.1,32.5,101.1,0.981,-0.193,BROADLEAF_HIGH_LITTER,0.15,-0.11,30.775000000000002,40.0,4.8925,80.75,-4.829,-0.786,0.0,1.9000000000000001,79.06,0,0,4.2,12702.3,0
WES_CELL_0066_0043,CELL_0066_0043,WES,2023-03-08,11.69589,76.29601,1105.9,19.2,89.6,1.0,0.007,BROADLEAF_HIGH_LITTER,0.246,-0.11,30.775000000000002,40.0,4.8925,80.75,-4.829,-0.786,0.0,1.9000000000000001,79.06,0,0,6.2,13303.6,0
WES_CELL_0089_0086,CELL_0089_0086,WES,2023-03-08,11.7989,76.4938,1246.9,30.3,99.9,0.985,-0.172,BROADLEAF_HIGH_LITTER,0.15,-0.11,30.775000000000002,40.0,4.8925,80.75,-4.829,-0.786,0.0,1.9000000000000001,79.06,0,0,4.6,16600.2,0
WES_CELL_0099_0084,CELL_0099_0084,WES,2023-03-08,11.84415,76.48486,1270.4,33.6,104.4,0.969,-0.249,BROADLEAF_HIGH_LITTER,0.15,-0.11,30.775000000000002,40.0,4.8925,80.75,-4.829,-0.786,0.0,1.9000000000000001,79.06,0,0,4.6,12409.5,0
WES_CELL_0119_0077,CELL_0119_0077,WES,2023-03-08,11.93472,76.45322,1312.1,7.4,113.5,0.917,-0.399,BROADLEAF_HIGH_LITTER,0.364,-0.11,30.775000000000002,40.0,4.8925,80.75,-4.829,-0.786,0.0,1.9000000000000001,79.06,0,0,5.6,8721.0,0
WES_CELL_0019_0121,CELL_0019_0121,WES,2023-03-08,11.48161,76.65251,1120.0,21.0,68.2,0.928,0.371,BROADLEAF_HIGH_LITTER,0.228,-0.11,30.775000000000002,40.0,4.8925,80.75,-4.829,-0.786,0.0,1.9000000000000001,79.06,1,1,1.7,2205.5,0
WES_CELL_0116_0033,CELL_0116_0033,WES,2023-03-08,11.92213,76.25117,1223.7,12.6,112.2,0.926,-0.378,BROADLEAF_HIGH_LITTER,0.312,-0.11,30.775000000000002,40.0,4.8925,80.75,-4.829,-0.786,0.0,1.9000000000000001,79.06,0,0,3.7,10827.4,0
WES_CELL_0112_0149,CELL_0112_0149,WES,2023-03-08,11.90118,76.7835,1424.1,20.7,110.1,0.939,-0.344,BROADLEAF_HIGH_LITTER,0.231,-0.11,30.775000000000002,40.0,4.8925,80.75,-4.829,-0.786,0.0,1.9000000000000001,79.06,0,0,4.1,13190.2,0
WES_CELL_0083_0008,CELL_0083_0008,WES,2023-03-08,11.77343,76.13578,1088.4,23.4,97.3,0.992,-0.127,BROADLEAF_HIGH_LITTER,0.204,-0.11,30.775000000000002,40.0,4.8925,80.75,-4.829,-0.786,0.0,1.9000000000000001,79.06,0,0,6.2,11666.2,0
WES_CELL_0046_0077,CELL_0046_0077,WES,2023-03-08,11.60474,76.45149,1113.4,32.9,80.5,0.986,0.165,BROADLEAF_HIGH_LITTER,0.15,-0.11,30.775000000000002,40.0,4.8925,80.75,-4.829,-0.786,0.0,1.9000000000000001,79.06,2,2,3.7,4171.4,0
WES_CELL_0099_0108,CELL_0099_0108,WES,2023-03-08,11.84355,76.595,1314.1,33.7,104.4,0.969,-0.249,BROADLEAF_HIGH_LITTER,0.15,-0.11,30.775000000000002,40.0,4.8925,80.75,-4.829,-0.786,0.0,1.9000000000000001,79.06,0,0,4.6,12338.9,0
WES_CELL_0013_0045,CELL_0013_0045,WES,2023-03-08,11.45625,76.30407,965.4,28.7,65.6,0.911,0.413,BROADLEAF_HIGH_LITTER,0.151,-0.11,30.775000000000002,40.0,4.8925,80.75,-4.829,-0.786,0.0,1.9000000000000001,79.06,0,0,3.7,7265.3,0
WES_CELL_0133_0005,CELL_0133_0005,WES,2023-03-09,11.99952,76.12294,1218.9,28.3,120.0,0.866,-0.5,BROADLEAF_HIGH_LITTER,0.158,-0.098,30.575000000000003,41.5,4.5275,79.0,-4.444,-0.864,0.0,0.0,75.25,0,0,7.2,25490.7,0
WES_CELL_0064_0008,CELL_0064_0008,WES,2023-03-09,11.68753,76.13543,1036.7,22.2,88.8,1.0,0.021,BROADLEAF_HIGH_LITTER,0.219,-0.098,30.575000000000003,41.5,4.5275,79.0,-4.444,-0.864,0.0,0.0,75.25,0,0,7.2,16882.1,0
WES_CELL_0052_0067,CELL_0052_0067,WES,2023-03-09,11.63209,76.40578,1111.6,33.8,83.2,0.993,0.118,BROADLEAF_HIGH_LITTER,0.15,-0.098,30.575000000000003,41.5,4.5275,79.0,-4.444,-0.864,0.0,0.0,75.25,0,0,5.6,7571.4,0
WES_CELL_0017_0085,CELL_0017_0085,WES,2023-03-09,11.47346,76.48748,1049.1,23.7,67.3,0.923,0.386,BROADLEAF_HIGH_LITTER,0.204,-0.098,30.575000000000003,41.5,4.5275,79.0,-4.444,-0.864,0.0,0.0,75.25,0,0,0.6,5524.7,0
WES_CELL_0072_0078,CELL_0072_0078,WES,2023-03-09,11.72224,76.45669,1186.0,8.7,92.2,0.999,-0.038,BROADLEAF_HIGH_LITTER,0.354,-0.098,30.575000000000003,41.5,4.5275,79.0,-4.444,-0.864,0.0,0.0,75.25,0,0,4.7,17084.7,0
WES_CELL_0129_0027,CELL_0129_0027,WES,2023-03-09,11.98102,76.22389,1248.2,22.8,118.1,0.882,-0.471,BROADLEAF_HIGH_LITTER,0.213,-0.098,30.575000000000003,41.5,4.5275,79.0,-4.444,-0.864,0.0,0.0,75.25,0,0,6.6,17182.4,0
WES_CELL_0016_0022,CELL_0016_0022,WES,2023-03-09,11.47027,76.19872,931.7,24.7,67.0,0.921,0.391,BROADLEAF_HIGH_LITTER,0.194,-0.098,30.575000000000003,41.5,4.5275,79.0,-4.444,-0.864,0.0,0.0,75.25,0,0,4.7,5549.4,0
WES_CELL_0066_0006,CELL_0066_0006,WES,2023-03-09,11.69661,76.12629,1038.5,18.9,89.7,1.0,0.005,BROADLEAF_HIGH_LITTER,0.252,-0.098,30.575000000000003,41.5,4.5275,79.0,-4.444,-0.864,0.0,0.0,75.25,0,0,4.7,16830.0,0
WES_CELL_0114_0039,CELL_0114_0039,WES,2023-03-09,11.91296,76.27867,1229.2,16.3,111.3,0.932,-0.363,BROADLEAF_HIGH_LITTER,0.278,-0.098,30.575000000000003,41.5,4.5275,79.0,-4.444,-0.864,0.0,0.0,75.25,0,0,4.7,7846.1,0
WES_CELL_0109_0042,CELL_0109_0042,WES,2023-03-09,11.8903,76.29233,1221.1,24.4,109.0,0.946,-0.326,BROADLEAF_HIGH_LITTER,0.197,-0.098,30.575000000000003,41.5,4.5275,79.0,-4.444,-0.864,0.0,0.0,75.25,0,0,4.7,5052.1,0
WES_CELL_0067_0112,CELL_0067_0112,WES,2023-03-09,11.69881,76.61251,1234.3,18.1,89.9,1.0,0.002,BROADLEAF_HIGH_LITTER,0.26,-0.098,30.575000000000003,41.5,4.5275,79.0,-4.444,-0.864,0.0,0.0,75.25,4,4,4.7,4399.7,0
WES_CELL_0032_0001,CELL_0032_0001,WES,2023-03-09,11.54298,76.10275,936.9,15.8,74.3,0.963,0.271,BROADLEAF_HIGH_LITTER,0.283,-0.098,30.575000000000003,41.5,4.5275,79.0,-4.444,-0.864,0.0,0.0,75.25,6,6,0.6,2175.2,0
WES_CELL_0039_0079,CELL_0039_0079,WES,2023-03-09,11.57305,76.4605,1098.0,26.2,77.3,0.976,0.22,BROADLEAF_HIGH_LITTER,0.179,-0.098,30.575000000000003,41.5,4.5275,79.0,-4.444,-0.864,0.0,0.0,75.25,3,3,4.7,2444.8,0
WES_CELL_0127_0096,CELL_0127_0096,WES,2023-03-09,11.97041,76.54064,1368.5,19.1,117.0,0.891,-0.454,BROADLEAF_HIGH_LITTER,0.25,-0.098,30.575000000000003,41.5,4.5275,79.0,-4.444,-0.864,0.0,0.0,75.25,1,1,5.6,3291.0,0
WES_CELL_0031_0032,CELL_0031_0032,WES,2023-03-09,11.53789,76.24485,990.7,13.8,73.8,0.96,0.279,BROADLEAF_HIGH_LITTER,0.303,-0.098,30.575000000000003,41.5,4.5275,79.0,-4.444,-0.864,0.0,0.0,75.25,2,2,4.7,3829.5,0
WES_CELL_0095_0031,CELL_0095_0031,WES,2023-03-09,11.82723,76.24156,1163.0,33.9,102.7,0.976,-0.22,BROADLEAF_HIGH_LITTER,0.15,-0.098,30.575000000000003,41.5,4.5275,79.0,-4.444,-0.864,0.0,0.0,75.25,0,1,7.2,3013.7,0
WES_CELL_0012_0151,CELL_0012_0151,WES,2023-03-09,11.44917,76.78978,1155.4,30.3,64.9,0.906,0.424,BROADLEAF_HIGH_LITTER,0.15,-0.098,30.575000000000003,41.5,4.5275,79.0,-4.444,-0.864,0.0,0.0,75.25,0,0,4.7,7447.0,0
WES_CELL_0001_0053,CELL_0001_0053,WES,2023-03-09,11.40184,76.34048,947.3,33.5,60.2,0.868,0.497,BROADLEAF_HIGH_LITTER,0.15,-0.098,30.575000000000003,41.5,4.5275,79.0,-4.444,-0.864,0.0,0.0,75.25,0,0,0.6,12330.9,0
WES_CELL_0102_0123,CELL_0102_0123,WES,2023-03-09,11.85671,76.66391,1349.6,32.3,105.7,0.963,-0.271,BROADLEAF_HIGH_LITTER,0.15,-0.098,30.575000000000003,41.5,4.5275,79.0,-4.444,-0.864,0.0,0.0,75.25,0,0,0.6,12534.2,0
WES_CELL_0047_0022,CELL_0047_0022,WES,2023-03-09,11.61041,76.19932,1016.0,33.4,81.0,0.988,0.156,BROADLEAF_HIGH_LITTER,0.15,-0.098,30.575000000000003,41.5,4.5275,79.0,-4.444,-0.864,0.0,0.0,75.25,0,0,4.7,10626.6,0
WES_CELL_0076_0037,CELL_0076_0037,WES,2023-03-09,11.74122,76.2687,1122.2,11.3,94.1,0.997,-0.071,BROADLEAF_HIGH_LITTER,0.328,-0.098,30.575000000000003,41.5,4.5275,79.0,-4.444,-0.864,0.0,0.0,75.25,0,0,7.2,7434.1,0
WES_CELL_0065_0069,CELL_0065_0069,WES,2023-03-09,11.69081,76.41524,1150.6,21.0,89.1,1.0,0.016,BROADLEAF_HIGH_LITTER,0.231,-0.098,30.575000000000003,41.5,4.5275,79.0,-4.444,-0.864,0.0,0.0,75.25,0,0,4.7,13730.2,0
WES_CELL_0016_0071,CELL_0016_0071,WES,2023-03-09,11.46926,76.4233,1020.9,25.1,66.9,0.92,0.392,BROADLEAF_HIGH_LITTER,0.19,-0.098,30.575000000000003,41.5,4.5275,79.0,-4.444,-0.864,0.0,0.0,75.25,3,3,0.6,3155.7,0
WES_CELL_0088_0123,CELL_0088_0123,WES,2023-03-09,11.79343,76.66353,1311.5,29.1,99.3,0.987,-0.162,BROADLEAF_HIGH_LITTER,0.15,-0.098,30.575000000000003,41.5,4.5275,79.0,-4.444,-0.864,0.0,0.0,75.25,0,0,0.6,6442.5,0
WES_CELL_0121_0033,CELL_0121_0033,WES,2023-03-09,11.94473,76.25127,1237.3,8.8,114.5,0.91,-0.415,BROADLEAF_HIGH_LITTER,0.353,-0.098,30.575000000000003,41.5,4.5275,79.0,-4.444,-0.864,0.0,0.0,75.25,0,0,4.7,12493.1,0
WES_CELL_0063_0146,CELL_0063_0146,WES,2023-03-09,11.67981,76.76832,1285.2,24.7,88.0,0.999,0.035,BROADLEAF_HIGH_LITTER,0.194,-0.098,30.575000000000003,41.5,4.5275,79.0,-4.444,-0.864,0.0,0.0,75.25,1,1,3.7,1594.3,1
WES_CELL_0063_0147,CELL_0063_0147,WES,2023-03-09,11.67978,76.7729,1287.0,24.7,88.0,0.999,0.035,BROADLEAF_HIGH_LITTER,0.194,-0.098,30.575000000000003,41.5,4.5275,79.0,-4.444,-0.864,0.0,0.0,75.25,1,1,3.7,1963.7,1
WES_CELL_0079_0116,CELL_0079_0116,WES,2023-03-09,11.75294,76.63117,1274.2,16.0,95.3,0.996,-0.092,BROADLEAF_HIGH_LITTER,0.281,-0.098,30.575000000000003,41.5,4.5275,79.0,-4.444,-0.864,0.0,0.0,75.25,0,0,0.6,7954.7,0
WES_CELL_0004_0019,CELL_0004_0019,WES,2023-03-09,11.41607,76.18475,893.5,34.0,61.6,0.88,0.476,BROADLEAF_HIGH_LITTER,0.15,-0.098,30.575000000000003,41.5,4.5275,79.0,-4.444,-0.864,0.0,0.0,75.25,0,0,2.7,11604.1,0
WES_CELL_0102_0032,CELL_0102_0032,WES,2023-03-09,11.85886,76.24629,1183.8,32.0,105.9,0.962,-0.274,BROADLEAF_HIGH_LITTER,0.15,-0.098,30.575000000000003,41.5,4.5275,79.0,-4.444,-0.864,0.0,0.0,75.25,0,0,7.2,6563.0,0
WES_CELL_0110_0082,CELL_0110_0082,WES,2023-03-09,11.89392,76.47595,1296.7,23.2,109.4,0.943,-0.332,BROADLEAF_HIGH_LITTER,0.209,-0.098,30.575000000000003,41.5,4.5275,79.0,-4.444,-0.864,0.0,0.0,75.25,0,0,5.6,8907.1,0
WES_CELL_0027_0065,CELL_0027_0065,WES,2023-03-09,11.51912,76.39604,1039.9,6.0,71.9,0.951,0.311,BROADLEAF_HIGH_LITTER,0.381,-0.098,30.575000000000003,41.5,4.5275,79.0,-4.444,-0.864,0.0,0.0,75.25,2,2,2.7,2583.9,0
WES_CELL_0047_0059,CELL_0047_0059,WES,2023-03-10,11.60966,76.36898,1083.4,33.4,81.0,0.988,0.156,BROADLEAF_HIGH_LITTER,0.15,-0.09,30.725,42.5,3.9675000000000002,75.75,-3.845,-0.977,0.0,0.0,71.19,0,0,6.6,7532.5,0
WES_CELL_0039_0140,CELL_0039_0140,WES,2023-03-10,11.5715,76.74013,1209.0,25.8,77.2,0.975,0.222,BROADLEAF_HIGH_LITTER,0.181,-0.09,30.725,42.5,3.9675000000000002,75.75,-3.845,-0.977,0.0,0.0,71.19,0,0,4.7,11313.8,0
WES_CELL_0031_0104,CELL_0031_0104,WES,2023-03-10,11.53629,76.5749,1121.7,13.1,73.6,0.959,0.282,BROADLEAF_HIGH_LITTER,0.308,-0.09,30.725,42.5,3.9675000000000002,75.75,-3.845,-0.977,0.0,0.0,71.19,0,0,6.6,7293.1,0
WES_CELL_0069_0013,CELL_0069_0013,WES,2023-03-10,11.71004,76.15846,1059.4,13.7,91.0,1.0,-0.017,BROADLEAF_HIGH_LITTER,0.302,-0.09,30.725,42.5,3.9675000000000002,75.75,-3.845,-0.977,0.0,0.0,71.19,0,0,8.2,13316.1,0
WES_CELL_0041_0102,CELL_0041_0102,WES,2023-03-10,11.58154,76.56599,1145.3,28.5,78.2,0.979,0.204,BROADLEAF_HIGH_LITTER,0.154,-0.09,30.725,42.5,3.9675000000000002,75.75,-3.845,-0.977,0.0,0.0,71.19,0,0,6.6,7541.5,0
WES_CELL_0045_0127,CELL_0045_0127,WES,2023-03-10,11.59897,76.6807,1201.7,32.1,79.9,0.985,0.175,BROADLEAF_HIGH_LITTER,0.15,-0.09,30.725,42.5,3.9675000000000002,75.75,-3.845,-0.977,0.0,0.0,71.19,0,0,5.7,8704.5,0
WES_CELL_0123_0029,CELL_0123_0029,WES,2023-03-10,11.95385,76.23295,1235.5,12.6,115.4,0.903,-0.429,BROADLEAF_HIGH_LITTER,0.313,-0.09,30.725,42.5,3.9675000000000002,75.75,-3.845,-0.977,0.0,0.0,71.19,0,0,5.7,14650.4,0
WES_CELL_0067_0078,CELL_0067_0078,WES,2023-03-10,11.69964,76.45657,1172.4,17.8,90.0,1.0,0.0,BROADLEAF_HIGH_LITTER,0.261,-0.09,30.725,42.5,3.9675000000000002,75.75,-3.845,-0.977,0.0,0.0,71.19,0,0,5.7,14594.2,0
WES_CELL_0025_0025,CELL_0025_0025,WES,2023-03-10,11.5109,76.21265,961.6,9.5,71.1,0.946,0.324,BROADLEAF_HIGH_LITTER,0.344,-0.09,30.725,42.5,3.9675000000000002,75.75,-3.845,-0.977,0.0,0.0,71.19,1,1,5.7,843.2,0
WES_CELL_0043_0071,CELL_0043_0071,WES,2023-03-10,11.59131,76.42391,1094.4,30.7,79.1,0.982,0.189,BROADLEAF_HIGH_LITTER,0.15,-0.09,30.725,42.5,3.9675000000000002,75.75,-3.845,-0.977,0.0,0.0,71.19,3,3,6.6,2892.4,0
WES_CELL_0007_0112,CELL_0007_0112,WES,2023-03-10,11.4276,76.61096,1070.9,33.5,62.8,0.889,0.457,BROADLEAF_HIGH_LITTER,0.15,-0.09,30.725,42.5,3.9675000000000002,75.75,-3.845,-0.977,0.0,0.0,71.19,18,18,6.6,3593.9,0
WES_CELL_0038_0076,CELL_0038_0076,WES,2023-03-10,11.5686,76.44672,1089.8,24.9,76.9,0.974,0.227,BROADLEAF_HIGH_LITTER,0.19,-0.09,30.725,42.5,3.9675000000000002,75.75,-3.845,-0.977,0.0,0.0,71.19,3,3,5.7,869.7,1
WES_CELL_0097_0079,CELL_0097_0079,WES,2023-03-10,11.83522,76.46187,1255.9,34.0,103.5,0.972,-0.233,BROADLEAF_HIGH_LITTER,0.15,-0.09,30.725,42.5,3.9675000000000002,75.75,-3.845,-0.977,0.0,0.0,71.19,0,0,6.6,14649.0,0
WES_CELL_0045_0026,CELL_0045_0026,WES,2023-03-10,11.6013,76.21762,1017.8,32.4,80.1,0.985,0.172,BROADLEAF_HIGH_LITTER,0.15,-0.09,30.725,42.5,3.9675000000000002,75.75,-3.845,-0.977,0.0,0.0,71.19,0,0,5.7,9414.6,0
WES_CELL_0045_0033,CELL_0045_0033,WES,2023-03-10,11.60116,76.24972,1030.6,32.4,80.1,0.985,0.172,BROADLEAF_HIGH_LITTER,0.15,-0.09,30.725,42.5,3.9675000000000002,75.75,-3.845,-0.977,0.0,0.0,71.19,0,0,5.7,9918.0,0
WES_CELL_0040_0037,CELL_0040_0037,WES,2023-03-10,11.57847,76.26796,1024.3,27.7,77.8,0.977,0.211,BROADLEAF_HIGH_LITTER,0.162,-0.09,30.725,42.5,3.9675000000000002,75.75,-3.845,-0.977,0.0,0.0,71.19,0,0,5.7,6952.4,0
WES_CELL_0130_0135,CELL_0130_0135,WES,2023-03-10,11.98293,76.71977,1447.7,23.5,118.3,0.88,-0.474,BROADLEAF_HIGH_LITTER,0.204,-0.09,30.725,42.5,3.9675000000000002,75.75,-3.845,-0.977,0.0,0.0,71.19,0,0,6.6,11329.9,0
WES_CELL_0104_0045,CELL_0104_0045,WES,2023-03-10,11.86763,76.306,1213.0,30.4,106.8,0.957,-0.289,BROADLEAF_HIGH_LITTER,0.15,-0.09,30.725,42.5,3.9675000000000002,75.75,-3.845,-0.977,0.0,0.0,71.19,3,3,5.7,2597.6,0
WES_CELL_0085_0032,CELL_0085_0032,WES,2023-03-10,11.78201,76.24594,1137.6,26.1,98.2,0.99,-0.143,BROADLEAF_HIGH_LITTER,0.178,-0.09,30.725,42.5,3.9675000000000002,75.75,-3.845,-0.977,0.0,0.0,71.19,0,1,8.2,2253.9,0
WES_CELL_0002_0014,CELL_0002_0014,WES,2023-03-10,11.40712,76.1618,879.0,33.8,60.7,0.872,0.489,BROADLEAF_HIGH_LITTER,0.15,-0.09,30.725,42.5,3.9675000000000002,75.75,-3.845,-0.977,0.0,0.0,71.19,0,0,3.7,10877.3,0
WES_CELL_0077_0116,CELL_0077_0116,WES,2023-03-10,11.7439,76.63112,1268.8,12.4,94.4,0.997,-0.077,BROADLEAF_HIGH_LITTER,0.315,-0.09,30.725,42.5,3.9675000000000002,75.75,-3.845,-0.977,0.0,0.0,71.19,0,0,5.7,7484.8,0
WES_CELL_0047_0132,CELL_0047_0132,WES,2023-03-10,11.60788,76.70368,1216.2,33.2,80.8,0.987,0.16,BROADLEAF_HIGH_LITTER,0.15,-0.09,30.725,42.5,3.9675000000000002,75.75,-3.845,-0.977,0.0,0.0,71.19,0,0,5.7,9156.1,0
WES_CELL_0065_0064,CELL_0065_0064,WES,2023-03-10,11.69092,76.39231,1141.5,21.0,89.1,1.0,0.016,BROADLEAF_HIGH_LITTER,0.229,-0.09,30.725,42.5,3.9675000000000002,75.75,-3.845,-0.977,0.0,0.0,71.19,0,0,6.6,14270.6,0
WES_CELL_0017_0034,CELL_0017_0034,WES,2023-03-10,11.47456,76.25374,956.2,23.4,67.5,0.924,0.383,BROADLEAF_HIGH_LITTER,0.205,-0.09,30.725,42.5,3.9675000000000002,75.75,-3.845,-0.977,0.0,0.0,71.19,0,0,5.7,5501.1,0
WES_CELL_0056_0045,CELL_0056_0045,WES,2023-03-10,11.65064,76.30497,1082.4,31.8,85.1,0.996,0.085,BROADLEAF_HIGH_LITTER,0.15,-0.09,30.725,42.5,3.9675000000000002,75.75,-3.845,-0.977,0.0,0.0,71.19,0,0,6.1,13099.1,0
WES_CELL_0077_0015,CELL_0077_0015,WES,2023-03-10,11.74617,76.16779,1084.8,13.3,94.6,0.997,-0.08,BROADLEAF_HIGH_LITTER,0.306,-0.09,30.725,42.5,3.9675000000000002,75.75,-3.845,-0.977,0.0,0.0,71.19,0,0,8.2,9792.2,0
WES_CELL_0066_0048,CELL_0066_0048,WES,2023-03-10,11.69579,76.31895,1115.0,19.2,89.6,1.0,0.007,BROADLEAF_HIGH_LITTER,0.247,-0.09,30.725,42.5,3.9675000000000002,75.75,-3.845,-0.977,0.0,0.0,71.19,0,0,8.2,14726.9,0
WES_CELL_0072_0023,CELL_0072_0023,WES,2023-03-10,11.72341,76.20439,1085.8,8.2,92.3,0.999,-0.04,BROADLEAF_HIGH_LITTER,0.357,-0.09,30.725,42.5,3.9675000000000002,75.75,-3.845,-0.977,0.0,0.0,71.19,0,0,8.2,9297.0,0
WES_CELL_0015_0101,CELL_0015_0101,WES,2023-03-10,11.46404,76.56075,1072.7,26.6,66.4,0.916,0.4,BROADLEAF_HIGH_LITTER,0.173,-0.09,30.725,42.5,3.9675000000000002,75.75,-3.845,-0.977,0.0,0.0,71.19,0,0,1.6,5396.6,1
WES_CELL_0009_0131,CELL_0009_0131,WES,2023-03-10,11.43615,76.69806,1110.9,32.5,63.6,0.896,0.445,BROADLEAF_HIGH_LITTER,0.15,-0.09,30.725,42.5,3.9675000000000002,75.75,-3.845,-0.977,0.0,0.0,71.19,1,1,4.7,4429.0,0
WES_CELL_0085_0088,CELL_0085_0088,WES,2023-03-10,11.78077,76.50288,1239.6,25.7,98.1,0.99,-0.141,BROADLEAF_HIGH_LITTER,0.182,-0.09,30.725,42.5,3.9675000000000002,75.75,-3.845,-0.977,0.0,0.0,71.19,0,0,6.6,18260.1,0
WES_CELL_0006_0098,CELL_0006_0098,WES,2023-03-10,11.42343,76.54678,1042.8,33.7,62.3,0.885,0.465,BROADLEAF_HIGH_LITTER,0.15,-0.09,30.725,42.5,3.9675000000000002,75.75,-3.845,-0.977,0.0,0.0,71.19,0,0,6.6,8129.3,0
WES_CELL_0000_0132,CELL_0000_0132,WES,2023-03-11,11.39545,76.7024,1088.2,32.9,59.5,0.862,0.508,BROADLEAF_HIGH_LITTER,0.15,-0.096,31.55,41.75,3.915,72.75,-3.739,-1.161,0.0,0.0,72.23,0,0,7.6,5162.0,0
WES_CELL_0037_0069,CELL_0037_0069,WES,2023-03-11,11.56423,76.4146,1074.4,23.5,76.4,0.972,0.235,BROADLEAF_HIGH_LITTER,0.192,-0.096,31.55,41.75,3.915,72.75,-3.739,-1.161,0.0,0.0,72.23,5,6,7.6,667.7,1
WES_CELL_0029_0022,CELL_0029_0022,WES,2023-03-11,11.52904,76.19897,967.0,10.1,72.9,0.956,0.294,BROADLEAF_HIGH_LITTER,0.326,-0.096,31.55,41.75,3.915,72.75,-3.739,-1.161,0.0,0.0,72.23,1,1,6.7,2512.2,0
WES_CELL_0130_0084,CELL_0130_0084,WES,2023-03-11,11.98427,76.48563,1354.8,23.9,118.4,0.88,-0.476,BROADLEAF_HIGH_LITTER,0.188,-0.096,31.55,41.75,3.915,72.75,-3.739,-1.161,0.0,0.0,72.23,0,0,7.6,7825.0,0
WES_CELL_0012_0083,CELL_0012_0083,WES,2023-03-11,11.45091,76.4782,1031.8,29.9,65.1,0.907,0.421,BROADLEAF_HIGH_LITTER,0.15,-0.096,31.55,41.75,3.915,72.75,-3.739,-1.161,0.0,0.0,72.23,3,3,2.6,3729.0,0
WES_CELL_0029_0153,CELL_0029_0153,WES,2023-03-11,11.52594,76.79943,1205.3,8.8,72.6,0.954,0.299,BROADLEAF_HIGH_LITTER,0.339,-0.096,31.55,41.75,3.915,72.75,-3.739,-1.161,0.0,0.0,72.23,0,0,5.7,11310.9,0
WES_CELL_0020_0006,CELL_0020_0006,WES,2023-03-11,11.48864,76.12546,913.4,18.4,68.9,0.933,0.36,BROADLEAF_HIGH_LITTER,0.243,-0.096,31.55,41.75,3.915,72.75,-3.739,-1.161,0.0,0.0,72.23,6,6,2.2,3385.0,0
WES_CELL_0126_0068,CELL_0126_0068,WES,2023-03-11,11.96657,76.41207,1314.8,17.6,116.7,0.893,-0.449,BROADLEAF_HIGH_LITTER,0.251,-0.096,31.55,41.75,3.915,72.75,-3.739,-1.161,0.0,0.0,72.23,0,2,8.6,3996.8,0
WES_CELL_0036_0120,CELL_0036_0120,WES,2023-03-11,11.55848,76.64837,1164.4,21.6,75.8,0.969,0.245,BROADLEAF_HIGH_LITTER,0.211,-0.096,31.55,41.75,3.915,72.75,-3.739,-1.161,0.0,0.0,72.23,0,0,4.7,8740.7,0
WES_CELL_0123_0036,CELL_0123_0036,WES,2023-03-11,11.95371,76.26509,1248.3,12.5,115.4,0.903,-0.429,BROADLEAF_HIGH_LITTER,0.302,-0.096,31.55,41.75,3.915,72.75,-3.739,-1.161,0.0,0.0,72.23,0,0,6.7,12287.2,0
WES_CELL_0119_0140,CELL_0119_0140,WES,2023-03-11,11.93308,76.7424,1426.8,8.1,113.3,0.918,-0.396,BROADLEAF_HIGH_LITTER,0.346,-0.096,31.55,41.75,3.915,72.75,-3.739,-1.161,0.0,0.0,72.23,0,0,7.6,15908.3,0
WES_CELL_0084_0028,CELL_0084_0028,WES,2023-03-11,11.77757,76.22757,1127.6,24.8,97.8,0.991,-0.136,BROADLEAF_HIGH_LITTER,0.179,-0.096,31.55,41.75,3.915,72.75,-3.739,-1.161,0.0,0.0,72.23,0,1,9.2,2758.8,0
WES_CELL_0086_0102,CELL_0086_0102,WES,2023-03-11,11.78494,76.56713,1267.8,26.9,98.5,0.989,-0.148,BROADLEAF_HIGH_LITTER,0.158,-0.096,31.55,41.75,3.915,72.75,-3.739,-1.161,0.0,0.0,72.23,0,0,6.7,14755.0,0
WES_CELL_0107_0073,CELL_0107_0073,WES,2023-03-11,11.88057,76.43457,1272.2,27.3,108.1,0.951,-0.311,BROADLEAF_HIGH_LITTER,0.154,-0.096,31.55,41.75,3.915,72.75,-3.739,-1.161,0.0,0.0,72.23,0,0,8.6,10500.4,0
WES_CELL_0076_0114,CELL_0076_0114,WES,2023-03-11,11.73943,76.62192,1262.4,10.5,93.9,0.998,-0.068,BROADLEAF_HIGH_LITTER,0.322,-0.096,31.55,41.75,3.915,72.75,-3.739,-1.161,0.0,0.0,72.23,0,0,6.7,7317.1,0
WES_CELL_0109_0025,CELL_0109_0025,WES,2023-03-11,11.89064,76.2143,1190.1,24.3,109.1,0.945,-0.327,BROADLEAF_HIGH_LITTER,0.184,-0.096,31.55,41.75,3.915,72.75,-3.739,-1.161,0.0,0.0,72.23,0,0,9.2,10337.7,0
WES_CELL_0127_0071,CELL_0127_0071,WES,2023-03-11,11.97102,76.42587,1323.0,19.3,117.1,0.89,-0.456,BROADLEAF_HIGH_LITTER,0.234,-0.096,31.55,41.75,3.915,72.75,-3.739,-1.161,0.0,0.0,72.23,0,0,8.6,5605.8,0
WES_CELL_0018_0091,CELL_0018_0091,WES,2023-03-11,11.47784,76.515,1062.7,22.3,67.8,0.926,0.378,BROADLEAF_HIGH_LITTER,0.204,-0.096,31.55,41.75,3.915,72.75,-3.739,-1.161,0.0,0.0,72.23,0,0,0.5,5108.6,0
WES_CELL_0046_0006,CELL_0046_0006,WES,2023-03-11,11.60619,76.12593,984.1,33.0,80.6,0.987,0.163,BROADLEAF_HIGH_LITTER,0.15,-0.096,31.55,41.75,3.915,72.75,-3.739,-1.161,0.0,0.0,72.23,0,0,2.6,9237.9,0
WES_CELL_0075_0151,CELL_0075_0151,WES,2023-03-11,11.7339,76.7916,1327.0,8.2,93.4,0.998,-0.059,BROADLEAF_HIGH_LITTER,0.345,-0.096,31.55,41.75,3.915,72.75,-3.739,-1.161,0.0,0.0,72.23,0,1,7.6,4946.5,0
WES_CELL_0125_0133,CELL_0125_0133,WES,2023-03-11,11.96039,76.71044,1430.4,15.2,116.0,0.899,-0.438,BROADLEAF_HIGH_LITTER,0.275,-0.096,31.55,41.75,3.915,72.75,-3.739,-1.161,0.0,0.0,72.23,0,0,4.7,12740.3,0
WES_CELL_0022_0124,CELL_0022_0124,WES,2023-03-11,11.49509,76.66634,1133.6,15.9,69.5,0.937,0.35,BROADLEAF_HIGH_LITTER,0.268,-0.096,31.55,41.75,3.915,72.75,-3.739,-1.161,0.0,0.0,72.23,1,1,4.7,4040.6,0
WES_CELL_0127_0082,CELL_0127_0082,WES,2023-03-11,11.97076,76.47637,1343.0,19.2,117.1,0.89,-0.456,BROADLEAF_HIGH_LITTER,0.235,-0.096,31.55,41.75,3.915,72.75,-3.739,-1.161,0.0,0.0,72.23,0,0,7.6,7918.7,0
WES_CELL_0105_0016,CELL_0105_0016,WES,2023-03-11,11.87274,76.17291,1162.8,29.3,107.3,0.955,-0.297,BROADLEAF_HIGH_LITTER,0.15,-0.096,31.55,41.75,3.915,72.75,-3.739,-1.161,0.0,0.0,72.23,0,0,9.2,10752.9,0
WES_CELL_0086_0125,CELL_0086_0125,WES,2023-03-11,11.78434,76.67265,1309.7,26.8,98.4,0.989,-0.146,BROADLEAF_HIGH_LITTER,0.159,-0.096,31.55,41.75,3.915,72.75,-3.739,-1.161,0.0,0.0,72.23,0,0,2.6,5014.7,0
WES_CELL_0100_0020,CELL_0100_0020,WES,2023-03-11,11.85005,76.19117,1156.5,33.1,105.0,0.966,-0.259,BROADLEAF_HIGH_LITTER,0.15,-0.096,31.55,41.75,3.915,72.75,-3.739,-1.161,0.0,0.0,72.23,0,0,9.2,7526.5,0
WES_CELL_0014_0081,CELL_0014_0081,WES,2023-03-11,11.45999,76.46908,1033.6,27.7,66.0,0.914,0.407,BROADLEAF_HIGH_LITTER,0.15,-0.096,31.55,41.75,3.915,72.75,-3.739,-1.161,0.0,0.0,72.23,3,3,2.6,3014.1,1
WES_CELL_0111_0121,CELL_0111_0121,WES,2023-03-11,11.89744,76.65497,1370.5,22.0,109.7,0.941,-0.337,BROADLEAF_HIGH_LITTER,0.207,-0.096,31.55,41.75,3.915,72.75,-3.739,-1.161,0.0,0.0,72.23,0,0,4.7,11343.8,0
WES_CELL_0046_0023,CELL_0046_0023,WES,2023-03-11,11.60587,76.20388,1015.1,33.0,80.6,0.987,0.163,BROADLEAF_HIGH_LITTER,0.15,-0.096,31.55,41.75,3.915,72.75,-3.739,-1.161,0.0,0.0,72.23,0,0,6.7,10042.2,0
WES_CELL_0058_0097,CELL_0058_0097,WES,2023-03-11,11.6585,76.54349,1182.5,30.3,85.9,0.997,0.071,BROADLEAF_HIGH_LITTER,0.15,-0.096,31.55,41.75,3.915,72.75,-3.739,-1.161,0.0,0.0,72.23,0,0,6.7,11618.5,0
WES_CELL_0094_0058,CELL_0094_0058,WES,2023-03-11,11.82214,76.36544,1209.5,33.6,102.2,0.977,-0.211,BROADLEAF_HIGH_LITTER,0.15,-0.096,31.55,41.75,3.915,72.75,-3.739,-1.161,0.0,0.0,72.23,1,1,6.7,4915.7,0
WES_CELL_0065_0043,CELL_0065_0043,WES,2023-03-11,11.69137,76.29599,1103.2,20.8,89.1,1.0,0.016,BROADLEAF_HIGH_LITTER,0.219,-0.096,31.55,41.75,3.915,72.75,-3.739,-1.161,0.0,0.0,72.23,0,0,9.2,13742.3,0
WES_CELL_0023_0111,CELL_0023_0111,WES,2023-03-11,11.49995,76.60678,1112.7,14.0,70.0,0.94,0.342,BROADLEAF_HIGH_LITTER,0.287,-0.096,31.55,41.75,3.915,72.75,-3.739,-1.161,0.0,0.0,72.23,2,2,2.6,3480.8,0
WES_CELL_0096_0007,CELL_0096_0007,WES,2023-03-11,11.83221,76.13143,1121.9,34.0,103.2,0.974,-0.228,BROADLEAF_HIGH_LITTER,0.15,-0.096,31.55,41.75,3.915,72.75,-3.739,-1.161,0.0,0.0,72.23,0,0,9.2,12276.3,0
WES_CELL_0027_0143,CELL_0027_0143,WES,2023-03-11,11.51718,76.75355,1181.7,6.8,71.7,0.949,0.314,BROADLEAF_HIGH_LITTER,0.359,-0.096,31.55,41.75,3.915,72.75,-3.739,-1.161,0.0,0.0,72.23,0,0,5.7,6686.1,0
WES_CELL_0000_0080,CELL_0000_0080,WES,2023-03-11,11.39673,76.46417,993.7,33.0,59.7,0.863,0.505,BROADLEAF_HIGH_LITTER,0.15,-0.096,31.55,41.75,3.915,72.75,-3.739,-1.161,0.0,0.0,72.23,0,0,2.6,6064.3,0
WES_CELL_0010_0076,CELL_0010_0076,WES,2023-03-11,11.44202,76.44607,1013.6,31.6,64.2,0.9,0.435,BROADLEAF_HIGH_LITTER,0.15,-0.096,31.55,41.75,3.915,72.75,-3.739,-1.161,0.0,0.0,72.23,3,3,2.6,650.2,0
WES_CELL_0079_0077,CELL_0079_0077,WES,2023-03-11,11.75391,76.45227,1203.3,16.4,95.4,0.996,-0.094,BROADLEAF_HIGH_LITTER,0.263,-0.096,31.55,41.75,3.915,72.75,-3.739,-1.161,0.0,0.0,72.23,0,0,6.7,17135.4,0
WES_CELL_0122_0112,CELL_0122_0112,WES,2023-03-11,11.9474,76.61396,1384.0,9.9,114.7,0.909,-0.418,BROADLEAF_HIGH_LITTER,0.328,-0.096,31.55,41.75,3.915,72.75,-3.739,-1.161,0.0,0.0,72.23,1,1,4.7,4252.7,0
WES_CELL_0084_0080,CELL_0084_0080,WES,2023-03-11,11.77644,76.46615,1222.3,24.4,97.6,0.991,-0.132,BROADLEAF_HIGH_LITTER,0.183,-0.096,31.55,41.75,3.915,72.75,-3.739,-1.161,0.0,0.0,72.23,0,0,6.7,17177.3,0
WES_CELL_0107_0123,CELL_0107_0123,WES,2023-03-11,11.87931,76.66404,1363.2,27.6,107.9,0.952,-0.307,BROADLEAF_HIGH_LITTER,0.151,-0.096,31.55,41.75,3.915,72.75,-3.739,-1.161,0.0,0.0,72.23,0,0,4.7,13578.4,0
WES_CELL_0130_0040,CELL_0130_0040,WES,2023-03-11,11.98527,76.2836,1274.6,24.2,118.5,0.879,-0.477,BROADLEAF_HIGH_LITTER,0.185,-0.096,31.55,41.75,3.915,72.75,-3.739,-1.161,0.0,0.0,72.23,0,0,8.6,10797.7,0
WES_CELL_0132_0116,CELL_0132_0116,WES,2023-03-11,11.99249,76.6326,1418.5,26.4,119.2,0.873,-0.488,BROADLEAF_HIGH_LITTER,0.163,-0.096,31.55,41.75,3.915,72.75,-3.739,-1.161,0.0,0.0,72.23,1,1,4.7,4037.1,0
WES_CELL_0079_0091,CELL_0079_0091,WES,2023-03-11,11.75357,76.51649,1228.7,16.2,95.4,0.996,-0.094,BROADLEAF_HIGH_LITTER,0.265,-0.096,31.55,41.75,3.915,72.75,-3.739,-1.161,0.0,0.0,72.23,0,0,6.7,16668.3,0
WES_CELL_0010_0094,CELL_0010_0094,WES,2023-03-11,11.44161,76.52855,1046.4,31.7,64.2,0.9,0.435,BROADLEAF_HIGH_LITTER,0.15,-0.096,31.55,41.75,3.915,72.75,-3.739,-1.161,0.0,0.0,72.23,1,1,0.5,4270.9,0
WES_CELL_0036_0069,CELL_0036_0069,WES,2023-03-11,11.55971,76.41458,1071.7,22.0,76.0,0.97,0.242,BROADLEAF_HIGH_LITTER,0.207,-0.096,31.55,41.75,3.915,72.75,-3.739,-1.161,0.0,0.0,72.23,5,6,7.6,916.4,1
WES_CELL_0030_0100,CELL_0030_0100,WES,2023-03-11,11.53186,76.55654,1111.7,11.3,73.2,0.957,0.289,BROADLEAF_HIGH_LITTER,0.314,-0.096,31.55,41.75,3.915,72.75,-3.739,-1.161,0.0,0.0,72.23,0,0,7.6,5370.5,0
WES_CELL_0082_0034,CELL_0082_0034,WES,2023-03-11,11.7684,76.25506,1133.1,21.7,96.8,0.993,-0.118,BROADLEAF_HIGH_LITTER,0.21,-0.096,31.55,41.75,3.915,72.75,-3.739,-1.161,0.0,0.0,72.23,0,1,9.2,4059.5,0
WES_CELL_0068_0026,CELL_0068_0026,WES,2023-03-12,11.70527,76.21807,1080.4,15.6,90.5,1.0,-0.009,BROADLEAF_HIGH_LITTER,0.267,-0.04,31.8,48.75,4.532500000000001,77.25,-4.421,-1.0,0.0,0.0,70.55,0,0,10.2,10775.0,0
WES_CELL_0106_0064,CELL_0106_0064,WES,2023-03-12,11.87626,76.39324,1253.1,28.4,107.6,0.953,-0.302,BROADLEAF_HIGH_LITTER,0.15,-0.04,31.8,48.75,4.532500000000001,77.25,-4.421,-1.0,0.0,0.0,70.55,0,0,7.7,7274.1,0
WES_CELL_0111_0062,CELL_0111_0062,WES,2023-03-12,11.8989,76.38418,1263.0,21.5,109.9,0.94,-0.34,BROADLEAF_HIGH_LITTER,0.208,-0.04,31.8,48.75,4.532500000000001,77.25,-4.421,-1.0,0.0,0.0,70.55,0,0,9.6,6390.6,0
WES_CELL_0024_0149,CELL_0024_0149,WES,2023-03-12,11.50346,76.78096,1184.5,12.5,70.3,0.941,0.337,BROADLEAF_HIGH_LITTER,0.298,-0.04,31.8,48.75,4.532500000000001,77.25,-4.421,-1.0,0.0,0.0,70.55,0,0,6.7,8339.4,0
WES_CELL_0051_0090,CELL_0051_0090,WES,2023-03-12,11.62703,76.51122,1150.7,34.0,82.7,0.992,0.127,BROADLEAF_HIGH_LITTER,0.15,-0.04,31.8,48.75,4.532500000000001,77.25,-4.421,-1.0,0.0,0.0,70.55,0,0,8.6,9260.3,0
WES_CELL_0076_0082,CELL_0076_0082,WES,2023-03-12,11.74023,76.47513,1204.2,10.9,94.0,0.998,-0.07,BROADLEAF_HIGH_LITTER,0.314,-0.04,31.8,48.75,4.532500000000001,77.25,-4.421,-1.0,0.0,0.0,70.55,0,0,1.1,19304.5,0
WES_CELL_0069_0136,CELL_0069_0136,WES,2023-03-12,11.7072,76.72263,1283.4,14.8,90.7,1.0,-0.012,BROADLEAF_HIGH_LITTER,0.275,-0.04,31.8,48.75,4.532500000000001,77.25,-4.421,-1.0,0.0,0.0,70.55,1,1,6.7,4434.7,0
WES_CELL_0043_0048,CELL_0043_0048,WES,2023-03-12,11.59181,76.31846,1052.5,30.8,79.2,0.982,0.187,BROADLEAF_HIGH_LITTER,0.15,-0.04,31.8,48.75,4.532500000000001,77.25,-4.421,-1.0,0.0,0.0,70.55,0,0,8.1,6400.4,0
WES_CELL_0033_0054,CELL_0033_0054,WES,2023-03-12,11.54648,76.34575,1036.2,17.2,74.6,0.964,0.266,BROADLEAF_HIGH_LITTER,0.251,-0.04,31.8,48.75,4.532500000000001,77.25,-4.421,-1.0,0.0,0.0,70.55,0,1,8.1,1886.0,1
WES_CELL_0033_0055,CELL_0033_0055,WES,2023-03-12,11.54646,76.35034,1038.0,17.1,74.6,0.964,0.266,BROADLEAF_HIGH_LITTER,0.252,-0.04,31.8,48.75,4.532500000000001,77.25,-4.421,-1.0,0.0,0.0,70.55,0,1,8.1,2304.6,1
WES_CELL_0099_0134,CELL_0099_0134,WES,2023-03-12,11.84285,76.7143,1361.4,33.7,104.3,0.969,-0.247,BROADLEAF_HIGH_LITTER,0.15,-0.04,31.8,48.75,4.532500000000001,77.25,-4.421,-1.0,0.0,0.0,70.55,0,0,3.6,10308.1,0
WES_CELL_0059_0151,CELL_0059_0151,WES,2023-03-12,11.66159,76.79113,1283.4,29.6,86.2,0.998,0.066,BROADLEAF_HIGH_LITTER,0.15,-0.04,31.8,48.75,4.532500000000001,77.25,-4.421,-1.0,0.0,0.0,70.55,3,3,2.6,3143.8,0
WES_CELL_0134_0123,CELL_0134_0123,WES,2023-03-12,12.00135,76.66479,1436.7,28.8,120.1,0.865,-0.502,BROADLEAF_HIGH_LITTER,0.15,-0.04,31.8,48.75,4.532500000000001,77.25,-4.421,-1.0,0.0,0.0,70.55,0,0,5.7,7742.6,0
WES_CELL_0118_0030,CELL_0118_0030,WES,2023-03-12,11.93123,76.23744,1223.7,8.9,113.1,0.92,-0.392,BROADLEAF_HIGH_LITTER,0.334,-0.04,31.8,48.75,4.532500000000001,77.25,-4.421,-1.0,0.0,0.0,70.55,0,0,7.7,12653.1,0
WES_CELL_0128_0031,CELL_0128_0031,WES,2023-03-12,11.97642,76.24223,1252.7,21.2,117.6,0.886,-0.463,BROADLEAF_HIGH_LITTER,0.211,-0.04,31.8,48.75,4.532500000000001,77.25,-4.421,-1.0,0.0,0.0,70.55,0,0,9.6,15093.9,0
WES_CELL_0094_0151,CELL_0094_0151,WES,2023-03-12,11.81977,76.79215,1378.7,33.4,102.0,0.978,-0.208,BROADLEAF_HIGH_LITTER,0.15,-0.04,31.8,48.75,4.532500000000001,77.25,-4.421,-1.0,0.0,0.0,70.55,0,6,8.1,4360.8,0
WES_CELL_0020_0030,CELL_0020_0030,WES,2023-03-12,11.4882,76.23547,957.1,18.5,68.8,0.932,0.362,BROADLEAF_HIGH_LITTER,0.238,-0.04,31.8,48.75,4.532500000000001,77.25,-4.421,-1.0,0.0,0.0,70.55,0,1,7.7,3701.5,0
WES_CELL_0035_0026,CELL_0035_0026,WES,2023-03-12,11.55609,76.21743,990.6,20.7,75.6,0.969,0.249,BROADLEAF_HIGH_LITTER,0.216,-0.04,31.8,48.75,4.532500000000001,77.25,-4.421,-1.0,0.0,0.0,70.55,0,1,7.7,4396.7,0
WES_CELL_0124_0147,CELL_0124_0147,WES,2023-03-12,11.95547,76.77468,1453.2,13.2,115.5,0.903,-0.431,BROADLEAF_HIGH_LITTER,0.291,-0.04,31.8,48.75,4.532500000000001,77.25,-4.421,-1.0,0.0,0.0,70.55,0,0,8.6,13280.2,0
WES_CELL_0063_0074,CELL_0063_0074,WES,2023-03-12,11.68165,76.43813,1154.2,24.1,88.2,1.0,0.031,BROADLEAF_HIGH_LITTER,0.182,-0.04,31.8,48.75,4.532500000000001,77.25,-4.421,-1.0,0.0,0.0,70.55,0,0,7.7,12463.4,0
WES_CELL_0076_0121,CELL_0076_0121,WES,2023-03-12,11.73925,76.65403,1275.2,10.4,93.9,0.998,-0.068,BROADLEAF_HIGH_LITTER,0.319,-0.04,31.8,48.75,4.532500000000001,77.25,-4.421,-1.0,0.0,0.0,70.55,0,0,3.6,5561.2,0
WES_CELL_0030_0045,CELL_0030_0045,WES,2023-03-12,11.53311,76.30443,1011.6,11.8,73.3,0.958,0.287,BROADLEAF_HIGH_LITTER,0.305,-0.04,31.8,48.75,4.532500000000001,77.25,-4.421,-1.0,0.0,0.0,70.55,0,2,8.1,3127.7,0
WES_CELL_0115_0012,CELL_0115_0012,WES,2023-03-12,11.91802,76.15474,1182.7,14.3,111.8,0.928,-0.371,BROADLEAF_HIGH_LITTER,0.28,-0.04,31.8,48.75,4.532500000000001,77.25,-4.421,-1.0,0.0,0.0,70.55,0,0,10.2,15953.6,0
WES_CELL_0025_0054,CELL_0025_0054,WES,2023-03-12,11.51031,76.34558,1014.4,9.7,71.0,0.946,0.326,BROADLEAF_HIGH_LITTER,0.326,-0.04,31.8,48.75,4.532500000000001,77.25,-4.421,-1.0,0.0,0.0,70.55,0,1,8.1,3189.1,0
WES_CELL_0012_0008,CELL_0012_0008,WES,2023-03-12,11.45244,76.13448,895.3,29.6,65.2,0.908,0.419,BROADLEAF_HIGH_LITTER,0.15,-0.04,31.8,48.75,4.532500000000001,77.25,-4.421,-1.0,0.0,0.0,70.55,0,0,3.2,7501.7,0
WES_CELL_0055_0051,CELL_0055_0051,WES,2023-03-12,11.646,76.33247,1090.6,32.5,84.6,0.996,0.094,BROADLEAF_HIGH_LITTER,0.15,-0.04,31.8,48.75,4.532500000000001,77.25,-4.421,-1.0,0.0,0.0,70.55,0,0,8.1,12222.9,0
WES_CELL_0023_0119,CELL_0023_0119,WES,2023-03-12,11.49975,76.64345,1127.2,14.0,70.0,0.94,0.342,BROADLEAF_HIGH_LITTER,0.283,-0.04,31.8,48.75,4.532500000000001,77.25,-4.421,-1.0,0.0,0.0,70.55,1,1,5.7,2371.0,1
WES_CELL_0073_0099,CELL_0073_0099,WES,2023-03-12,11.72626,76.55304,1227.0,7.0,92.6,0.999,-0.045,BROADLEAF_HIGH_LITTER,0.353,-0.04,31.8,48.75,4.532500000000001,77.25,-4.421,-1.0,0.0,0.0,70.55,0,0,7.7,11652.5,0
WES_CELL_0050_0061,CELL_0050_0061,WES,2023-03-12,11.62318,76.37822,1095.2,34.0,82.3,0.991,0.134,BROADLEAF_HIGH_LITTER,0.15,-0.04,31.8,48.75,4.532500000000001,77.25,-4.421,-1.0,0.0,0.0,70.55,0,0,0.7,7778.4,0
WES_CELL_0070_0054,CELL_0070_0054,WES,2023-03-12,11.71374,76.34655,1136.9,12.2,91.4,1.0,-0.024,BROADLEAF_HIGH_LITTER,0.301,-0.04,31.8,48.75,4.532500000000001,77.25,-4.421,-1.0,0.0,0.0,70.55,0,0,7.7,14629.2,0
WES_CELL_0027_0022,CELL_0027_0022,WES,2023-03-12,11.52,76.19893,961.6,6.3,72.0,0.951,0.309,BROADLEAF_HIGH_LITTER,0.36,-0.04,31.8,48.75,4.532500000000001,77.25,-4.421,-1.0,0.0,0.0,70.55,0,1,7.7,2130.3,0
WES_CELL_0013_0134,CELL_0013_0134,WES,2023-03-12,11.45415,76.71192,1127.3,29.2,65.4,0.909,0.416,BROADLEAF_HIGH_LITTER,0.15,-0.04,31.8,48.75,4.532500000000001,77.25,-4.421,-1.0,0.0,0.0,70.55,1,1,6.7,2150.0,0
WES_CELL_0120_0040,CELL_0120_0040,WES,2023-03-12,11.94007,76.28339,1247.4,6.8,114.0,0.914,-0.407,BROADLEAF_HIGH_LITTER,0.355,-0.04,31.8,48.75,4.532500000000001,77.25,-4.421,-1.0,0.0,0.0,70.55,0,0,7.7,9908.7,0
WES_CELL_0050_0070,CELL_0050_0070,WES,2023-03-12,11.62298,76.41949,1111.6,34.0,82.3,0.991,0.134,BROADLEAF_HIGH_LITTER,0.15,-0.04,31.8,48.75,4.532500000000001,77.25,-4.421,-1.0,0.0,0.0,70.55,0,0,7.7,6324.0,0
WES_CELL_0113_0096,CELL_0113_0096,WES,2023-03-12,11.90713,76.54029,1330.4,18.5,110.7,0.935,-0.353,BROADLEAF_HIGH_LITTER,0.238,-0.04,31.8,48.75,4.532500000000001,77.25,-4.421,-1.0,0.0,0.0,70.55,0,1,8.6,3734.7,0
WES_CELL_0003_0141,CELL_0003_0141,WES,2023-03-12,11.40876,76.74371,1112.7,33.9,60.9,0.874,0.486,BROADLEAF_HIGH_LITTER,0.15,-0.04,31.8,48.75,4.532500000000001,77.25,-4.421,-1.0,0.0,0.0,70.55,0,0,6.7,8001.2,0
WES_CELL_0128_0090,CELL_0128_0090,WES,2023-03-12,11.97508,76.51312,1360.3,20.8,117.5,0.887,-0.462,BROADLEAF_HIGH_LITTER,0.215,-0.04,31.8,48.75,4.532500000000001,77.25,-4.421,-1.0,0.0,0.0,70.55,0,1,8.6,4914.4,0
WES_CELL_0008_0141,CELL_0008_0141,WES,2023-03-12,11.43136,76.74385,1126.4,33.1,63.1,0.892,0.452,BROADLEAF_HIGH_LITTER,0.15,-0.04,31.8,48.75,4.532500000000001,77.25,-4.421,-1.0,0.0,0.0,70.55,0,0,6.7,5861.7,0
WES_CELL_0053_0131,CELL_0053_0131,WES,2023-03-12,11.63502,76.69926,1230.7,33.6,83.5,0.994,0.113,BROADLEAF_HIGH_LITTER,0.15,-0.04,31.8,48.75,4.532500000000001,77.25,-4.421,-1.0,0.0,0.0,70.55,0,0,7.7,6683.5,0
WES_CELL_0090_0067,CELL_0090_0067,WES,2023-03-12,11.80386,76.40664,1215.0,31.3,100.4,0.984,-0.181,BROADLEAF_HIGH_LITTER,0.15,-0.04,31.8,48.75,4.532500000000001,77.25,-4.421,-1.0,0.0,0.0,70.55,0,0,7.7,9907.2,0
WES_CELL_0048_0139,CELL_0048_0139,WES,2023-03-12,11.61221,76.7358,1231.6,33.6,81.2,0.988,0.153,BROADLEAF_HIGH_LITTER,0.15,-0.04,31.8,48.75,4.532500000000001,77.25,-4.421,-1.0,0.0,0.0,70.55,0,0,2.6,8101.1,0
WES_CELL_0073_0134,CELL_0073_0134,WES,2023-03-12,11.72534,76.71357,1290.6,7.4,92.5,0.999,-0.044,BROADLEAF_HIGH_LITTER,0.349,-0.04,31.8,48.75,4.532500000000001,77.25,-4.421,-1.0,0.0,0.0,70.55,1,1,3.6,3058.5,0
WES_CELL_0060_0088,CELL_0060_0088,WES,2023-03-12,11.66776,76.50226,1171.6,28.2,86.8,0.998,0.056,BROADLEAF_HIGH_LITTER,0.15,-0.04,31.8,48.75,4.532500000000001,77.25,-4.421,-1.0,0.0,0.0,70.55,0,0,1.1,12694.0,0
WES_CELL_0052_0043,CELL_0052_0043,WES,2023-03-12,11.6326,76.29572,1067.8,33.8,83.3,0.993,0.117,BROADLEAF_HIGH_LITTER,0.15,-0.04,31.8,48.75,4.532500000000001,77.25,-4.421,-1.0,0.0,0.0,70.55,0,0,8.1,11485.0,0
WES_CELL_0085_0086,CELL_0085_0086,WES,2023-03-12,11.78082,76.4937,1236.0,25.8,98.1,0.99,-0.141,BROADLEAF_HIGH_LITTER,0.165,-0.04,31.8,48.75,4.532500000000001,77.25,-4.421,-1.0,0.0,0.0,70.55,0,0,8.6,18518.2,0
WES_CELL_0080_0090,CELL_0080_0090,WES,2023-03-12,11.75812,76.51193,1229.6,18.0,95.8,0.995,-0.101,BROADLEAF_HIGH_LITTER,0.243,-0.04,31.8,48.75,4.532500000000001,77.25,-4.421,-1.0,0.0,0.0,70.55,0,0,7.7,17360.4,0
WES_CELL_0120_0074,CELL_0120_0074,WES,2023-03-12,11.93931,76.43947,1309.4,6.5,113.9,0.914,-0.405,BROADLEAF_HIGH_LITTER,0.358,-0.04,31.8,48.75,4.532500000000001,77.25,-4.421,-1.0,0.0,0.0,70.55,0,0,9.6,7114.3,0
WES_CELL_0007_0076,CELL_0007_0076,WES,2023-03-12,11.42846,76.446,1005.5,33.4,62.8,0.889,0.457,BROADLEAF_HIGH_LITTER,0.15,-0.04,31.8,48.75,4.532500000000001,77.25,-4.421,-1.0,0.0,0.0,70.55,4,4,3.6,2124.9,0
WES_CELL_0010_0128,CELL_0010_0128,WES,2023-03-12,11.44075,76.68434,1108.2,31.8,64.1,0.9,0.437,BROADLEAF_HIGH_LITTER,0.15,-0.04,31.8,48.75,4.532500000000001,77.25,-4.421,-1.0,0.0,0.0,70.55,1,2,6.7,4763.2,0
WES_CELL_0002_0086,CELL_0002_0086,WES,2023-03-12,11.40563,76.49171,1010.1,33.8,60.6,0.871,0.491,BROADLEAF_HIGH_LITTER,0.15,-0.04,31.8,48.75,4.532500000000001,77.25,-4.421,-1.0,0.0,0.0,70.55,0,0,0.7,6585.4,0
WES_CELL_0062_0063,CELL_0062_0063,WES,2023-03-12,11.67738,76.38766,1131.5,25.5,87.7,0.999,0.04,BROADLEAF_HIGH_LITTER,0.168,-0.04,31.8,48.75,4.532500000000001,77.25,-4.421,-1.0,0.0,0.0,70.55,0,0,8.6,12944.4,0
WES_CELL_0085_0107,CELL_0085_0107,WES,2023-03-12,11.78029,76.59004,1274.2,25.6,98.0,0.99,-0.139,BROADLEAF_HIGH_LITTER,0.167,-0.04,31.8,48.75,4.532500000000001,77.25,-4.421,-1.0,0.0,0.0,70.55,0,0,3.6,12940.0,0
WES_CELL_0044_0029,CELL_0044_0029,WES,2023-03-12,11.59672,76.23136,1020.6,31.7,79.7,0.984,0.179,BROADLEAF_HIGH_LITTER,0.15,-0.04,31.8,48.75,4.532500000000001,77.25,-4.421,-1.0,0.0,0.0,70.55,0,0,7.7,9032.6,0
WES_CELL_0002_0100,CELL_0002_0100,WES,2023-03-12,11.4053,76.55585,1035.5,33.7,60.5,0.87,0.492,BROADLEAF_HIGH_LITTER,0.15,-0.04,31.8,48.75,4.532500000000001,77.25,-4.421,-1.0,0.0,0.0,70.55,0,0,8.6,6484.3,0
WES_CELL_0064_0025,CELL_0064_0025,WES,2023-03-12,11.68721,76.21341,1067.7,22.3,88.7,1.0,0.023,BROADLEAF_HIGH_LITTER,0.2,-0.04,31.8,48.75,4.532500000000001,77.25,-4.421,-1.0,0.0,0.0,70.55,0,0,10.2,12843.4,0
WES_CELL_0029_0040,CELL_0029_0040,WES,2023-03-12,11.52869,76.28149,999.8,10.0,72.9,0.956,0.294,BROADLEAF_HIGH_LITTER,0.323,-0.04,31.8,48.75,4.532500000000001,77.25,-4.421,-1.0,0.0,0.0,70.55,0,1,7.7,1326.1,0
WES_CELL_0052_0084,CELL_0052_0084,WES,2023-03-12,11.6317,76.48373,1142.5,33.8,83.2,0.993,0.118,BROADLEAF_HIGH_LITTER,0.15,-0.04,31.8,48.75,4.532500000000001,77.25,-4.421,-1.0,0.0,0.0,70.55,0,0,1.1,8203.1,0
WES_CELL_0084_0021,CELL_0084_0021,WES,2023-03-12,11.7777,76.19545,1114.8,24.8,97.8,0.991,-0.136,BROADLEAF_HIGH_LITTER,0.175,-0.04,31.8,48.75,4.532500000000001,77.25,-4.421,-1.0,0.0,0.0,70.55,0,0,10.2,5290.9,0
WES_CELL_0112_0065,CELL_0112_0065,WES,2023-03-12,11.90335,76.39797,1271.2,19.9,110.3,0.938,-0.347,BROADLEAF_HIGH_LITTER,0.224,-0.04,31.8,48.75,4.532500000000001,77.25,-4.421,-1.0,0.0,0.0,70.55,0,0,9.6,6275.5,0
WES_CELL_0094_0022,CELL_0094_0022,WES,2023-03-12,11.82289,76.20024,1143.8,33.7,102.3,0.977,-0.213,BROADLEAF_HIGH_LITTER,0.15,-0.04,31.8,48.75,4.532500000000001,77.25,-4.421,-1.0,0.0,0.0,70.55,0,1,10.2,4817.5,0
WES_CELL_0085_0132,CELL_0085_0132,WES,2023-03-12,11.77963,76.70473,1319.7,25.4,98.0,0.99,-0.139,BROADLEAF_HIGH_LITTER,0.169,-0.04,31.8,48.75,4.532500000000001,77.25,-4.421,-1.0,0.0,0.0,70.55,1,1,3.6,3218.4,0
WES_CELL_0075_0139,CELL_0075_0139,WES,2023-03-12,11.73424,76.73656,1305.2,8.4,93.4,0.998,-0.059,BROADLEAF_HIGH_LITTER,0.339,-0.04,31.8,48.75,4.532500000000001,77.25,-4.421,-1.0,0.0,0.0,70.55,1,1,3.6,4168.9,0
WES_CELL_0134_0016,CELL_0134_0016,WES,2023-03-12,12.00384,76.17348,1241.7,29.4,120.4,0.863,-0.506,BROADLEAF_HIGH_LITTER,0.15,-0.04,31.8,48.75,4.532500000000001,77.25,-4.421,-1.0,0.0,0.0,70.55,0,0,9.6,23153.7,0
WES_CELL_0132_0071,CELL_0132_0071,WES,2023-03-12,11.99362,76.42599,1336.6,26.7,119.4,0.871,-0.491,BROADLEAF_HIGH_LITTER,0.156,-0.04,31.8,48.75,4.532500000000001,77.25,-4.421,-1.0,0.0,0.0,70.55,0,0,7.7,6136.6,0
WES_CELL_0115_0133,CELL_0115_0133,WES,2023-03-12,11.91519,76.71016,1403.2,15.4,111.5,0.93,-0.367,BROADLEAF_HIGH_LITTER,0.269,-0.04,31.8,48.75,4.532500000000001,77.25,-4.421,-1.0,0.0,0.0,70.55,0,0,5.7,14522.0,0
WES_CELL_0110_0136,CELL_0110_0136,WES,2023-03-12,11.89251,76.72379,1395.0,23.7,109.3,0.944,-0.331,BROADLEAF_HIGH_LITTER,0.186,-0.04,31.8,48.75,4.532500000000001,77.25,-4.421,-1.0,0.0,0.0,70.55,0,0,8.2,15319.5,0
WES_CELL_0029_0069,CELL_0029_0069,WES,2023-03-12,11.52807,76.41442,1052.6,9.7,72.8,0.955,0.296,BROADLEAF_HIGH_LITTER,0.326,-0.04,31.8,48.75,4.532500000000001,77.25,-4.421,-1.0,0.0,0.0,70.55,4,5,5.7,766.4,1
WES_CELL_0012_0129,CELL_0012_0129,WES,2023-03-12,11.44976,76.68898,1115.5,30.2,65.0,0.906,0.423,BROADLEAF_HIGH_LITTER,0.15,-0.04,31.8,48.75,4.532500000000001,77.25,-4.421,-1.0,0.0,0.0,70.55,1,1,6.7,3675.7,0
WES_CELL_0074_0055,CELL_0074_0055,WES,2023-03-12,11.7318,76.35123,1149.6,7.3,93.2,0.998,-0.056,BROADLEAF_HIGH_LITTER,0.35,-0.04,31.8,48.75,4.532500000000001,77.25,-4.421,-1.0,0.0,0.0,70.55,0,0,7.7,12749.8,0
WES_CELL_0029_0073,CELL_0029_0073,WES,2023-03-12,11.52798,76.43276,1059.9,9.7,72.8,0.955,0.296,BROADLEAF_HIGH_LITTER,0.326,-0.04,31.8,48.75,4.532500000000001,77.25,-4.421,-1.0,0.0,0.0,70.55,5,8,5.7,1447.2,0
WES_CELL_0051_0016,CELL_0051_0016,WES,2023-03-12,11.62861,76.17188,1015.9,33.9,82.9,0.992,0.124,BROADLEAF_HIGH_LITTER,0.15,-0.04,31.8,48.75,4.532500000000001,77.25,-4.421,-1.0,0.0,0.0,70.55,0,0,3.2,13385.9,0
WES_CELL_0095_0153,CELL_0095_0153,WES,2023-03-12,11.82423,76.80136,1385.1,33.7,102.4,0.977,-0.215,BROADLEAF_HIGH_LITTER,0.15,-0.04,31.8,48.75,4.532500000000001,77.25,-4.421,-1.0,0.0,0.0,70.55,0,5,8.1,4424.2,0
WES_CELL_0012_0136,CELL_0012_0136,WES,2023-03-12,11.44958,76.72105,1128.2,30.2,65.0,0.906,0.423,BROADLEAF_HIGH_LITTER,0.15,-0.04,31.8,48.75,4.532500000000001,77.25,-4.421,-1.0,0.0,0.0,70.55,1,1,6.7,2839.3,0
WES_CELL_0041_0025,CELL_0041_0025,WES,2023-03-12,11.58323,76.21296,1005.1,29.0,78.3,0.979,0.203,BROADLEAF_HIGH_LITTER,0.15,-0.04,31.8,48.75,4.532500000000001,77.25,-4.421,-1.0,0.0,0.0,70.55,0,0,7.7,7428.9,0
WES_CELL_0062_0120,CELL_0062_0120,WES,2023-03-12,11.676,76.64906,1235.2,25.9,87.6,0.999,0.042,BROADLEAF_HIGH_LITTER,0.164,-0.04,31.8,48.75,4.532500000000001,77.25,-4.421,-1.0,0.0,0.0,70.55,0,7,7.7,225.1,0
WES_CELL_0049_0076,CELL_0049_0076,WES,2023-03-12,11.61832,76.44697,1119.8,33.9,81.8,0.99,0.143,BROADLEAF_HIGH_LITTER,0.15,-0.04,31.8,48.75,4.532500000000001,77.25,-4.421,-1.0,0.0,0.0,70.55,0,0,1.1,5478.8,0
WES_CELL_0074_0068,CELL_0074_0068,WES,2023-03-12,11.73151,76.41086,1173.3,7.2,93.2,0.998,-0.056,BROADLEAF_HIGH_LITTER,0.351,-0.04,31.8,48.75,4.532500000000001,77.25,-4.421,-1.0,0.0,0.0,70.55,0,0,7.7,15583.2,0
WES_CELL_0026_0037,CELL_0026_0037,WES,2023-03-12,11.51519,76.26767,986.2,7.7,71.5,0.948,0.317,BROADLEAF_HIGH_LITTER,0.346,-0.04,31.8,48.75,4.532500000000001,77.25,-4.421,-1.0,0.0,0.0,70.55,0,1,7.7,1324.4,0
WES_CELL_0066_0022,CELL_0066_0022,WES,2023-03-12,11.69631,76.19969,1067.7,19.0,89.6,1.0,0.007,BROADLEAF_HIGH_LITTER,0.233,-0.04,31.8,48.75,4.532500000000001,77.25,-4.421,-1.0,0.0,0.0,70.55,0,0,10.2,12288.6,0
WES_CELL_0074_0075,CELL_0074_0075,WES,2023-03-12,11.73135,76.44297,1186.0,7.2,93.1,0.999,-0.054,BROADLEAF_HIGH_LITTER,0.351,-0.04,31.8,48.75,4.532500000000001,77.25,-4.421,-1.0,0.0,0.0,70.55,0,0,7.7,17954.8,0
WES_CELL_0006_0053,CELL_0006_0053,WES,2023-03-12,11.42444,76.34059,960.9,33.7,62.4,0.886,0.463,BROADLEAF_HIGH_LITTER,0.15,-0.04,31.8,48.75,4.532500000000001,77.25,-4.421,-1.0,0.0,0.0,70.55,0,0,3.6,11515.0,0
WES_CELL_0064_0086,CELL_0064_0086,WES,2023-03-12,11.68589,76.49319,1178.8,22.7,88.6,1.0,0.024,BROADLEAF_HIGH_LITTER,0.196,-0.04,31.8,48.75,4.532500000000001,77.25,-4.421,-1.0,0.0,0.0,70.55,0,0,1.1,14050.3,0
WES_CELL_0024_0103,CELL_0024_0103,WES,2023-03-12,11.50467,76.57014,1100.9,12.0,70.5,0.943,0.334,BROADLEAF_HIGH_LITTER,0.303,-0.04,31.8,48.75,4.532500000000001,77.25,-4.421,-1.0,0.0,0.0,70.55,1,1,1.1,4578.3,0
WES_CELL_0119_0074,CELL_0119_0074,WES,2023-03-12,11.93479,76.43945,1306.7,7.4,113.5,0.917,-0.399,BROADLEAF_HIGH_LITTER,0.349,-0.04,31.8,48.75,4.532500000000001,77.25,-4.421,-1.0,0.0,0.0,70.55,0,0,9.6,7259.4,0
WES_CELL_0071_0044,CELL_0071_0044,WES,2023-03-12,11.71847,76.3007,1121.4,10.2,91.8,1.0,-0.031,BROADLEAF_HIGH_LITTER,0.321,-0.04,31.8,48.75,4.532500000000001,77.25,-4.421,-1.0,0.0,0.0,70.55,0,0,10.2,11496.1,0
WES_CELL_0034_0112,CELL_0034_0112,WES,2023-03-12,11.54964,76.61165,1144.4,18.4,75.0,0.966,0.259,BROADLEAF_HIGH_LITTER,0.239,-0.04,31.8,48.75,4.532500000000001,77.25,-4.421,-1.0,0.0,0.0,70.55,0,0,5.7,7933.9,0
WES_CELL_0024_0118,CELL_0024_0118,WES,2023-03-12,11.50429,76.63889,1128.1,12.2,70.4,0.942,0.335,BROADLEAF_HIGH_LITTER,0.301,-0.04,31.8,48.75,4.532500000000001,77.25,-4.421,-1.0,0.0,0.0,70.55,1,1,5.7,2642.5,1
WES_CELL_0024_0119,CELL_0024_0119,WES,2023-03-12,11.50427,76.64347,1129.9,12.2,70.4,0.942,0.335,BROADLEAF_HIGH_LITTER,0.301,-0.04,31.8,48.75,4.532500000000001,77.25,-4.421,-1.0,0.0,0.0,70.55,1,1,5.7,2816.5,1
WES_CELL_0124_0079,CELL_0124_0079,WES,2023-03-12,11.95727,76.46252,1329.4,14.0,115.7,0.901,-0.434,BROADLEAF_HIGH_LITTER,0.283,-0.04,31.8,48.75,4.532500000000001,77.25,-4.421,-1.0,0.0,0.0,70.55,0,0,8.6,8912.2,0
WES_CELL_0011_0077,CELL_0011_0077,WES,2023-03-12,11.44652,76.45068,1018.2,30.8,64.7,0.904,0.427,BROADLEAF_HIGH_LITTER,0.15,-0.04,31.8,48.75,4.532500000000001,77.25,-4.421,-1.0,0.0,0.0,70.55,4,4,3.6,679.5,0
WES_CELL_0117_0139,CELL_0117_0139,WES,2023-03-12,11.92407,76.73776,1419.5,11.8,112.4,0.925,-0.381,BROADLEAF_HIGH_LITTER,0.305,-0.04,31.8,48.75,4.532500000000001,77.25,-4.421,-1.0,0.0,0.0,70.55,0,0,5.7,16824.4,0
WES_CELL_0078_0003,CELL_0078_0003,WES,2023-03-12,11.75091,76.11275,1065.6,15.2,95.1,0.996,-0.089,BROADLEAF_HIGH_LITTER,0.271,-0.04,31.8,48.75,4.532500000000001,77.25,-4.421,-1.0,0.0,0.0,70.55,0,0,7.7,12348.1,0
WES_CELL_0079_0111,CELL_0079_0111,WES,2023-03-12,11.75307,76.60823,1265.1,16.0,95.3,0.996,-0.092,BROADLEAF_HIGH_LITTER,0.263,-0.04,31.8,48.75,4.532500000000001,77.25,-4.421,-1.0,0.0,0.0,70.55,0,0,7.7,9325.1,0
WES_CELL_0106_0050,CELL_0106_0050,WES,2023-03-12,11.87656,76.32899,1227.5,28.3,107.7,0.953,-0.304,BROADLEAF_HIGH_LITTER,0.15,-0.04,31.8,48.75,4.532500000000001,77.25,-4.421,-1.0,0.0,0.0,70.55,0,3,7.7,1469.1,0
WES_CELL_0116_0054,CELL_0116_0054,WES,2023-03-12,11.92168,76.34757,1262.0,12.8,112.2,0.926,-0.378,BROADLEAF_HIGH_LITTER,0.295,-0.04,31.8,48.75,4.532500000000001,77.25,-4.421,-1.0,0.0,0.0,70.55,0,0,9.6,5071.5,0
WES_CELL_0006_0099,CELL_0006_0099,WES,2023-03-12,11.4234,76.55137,1044.6,33.7,62.3,0.885,0.465,BROADLEAF_HIGH_LITTER,0.15,-0.04,31.8,48.75,4.532500000000001,77.25,-4.421,-1.0,0.0,0.0,70.55,1,1,1.1,4687.9,0
WES_CELL_0027_0002,CELL_0027_0002,WES,2023-03-13,11.52036,76.10725,925.1,6.5,72.0,0.951,0.309,BROADLEAF_HIGH_LITTER,0.354,-0.008,32.075,52.75,4.095,99.5,-4.039,0.676,0.0,0.0,65.42,6,6,4.6,283.1,0
WES_CELL_0110_0022,CELL_0110_0022,WES,2023-03-13,11.89522,76.20055,1187.4,22.8,109.5,0.943,-0.334,BROADLEAF_HIGH_LITTER,0.191,-0.008,32.075,52.75,4.095,99.5,-4.039,0.676,0.0,0.0,65.42,0,0,11.2,11289.5,0
WES_CELL_0093_0146,CELL_0093_0146,WES,2023-03-13,11.8154,76.76918,1366.9,33.0,101.5,0.98,-0.199,BROADLEAF_HIGH_LITTER,0.15,-0.008,32.075,52.75,4.095,99.5,-4.039,0.676,0.0,0.0,65.42,0,0,9.2,5552.1,0
WES_CELL_0113_0079,CELL_0113_0079,WES,2023-03-13,11.90755,76.46226,1299.4,18.4,110.8,0.935,-0.355,BROADLEAF_HIGH_LITTER,0.235,-0.008,32.075,52.75,4.095,99.5,-4.039,0.676,0.0,0.0,65.42,0,0,9.6,9496.6,0
WES_CELL_0003_0065,CELL_0003_0065,WES,2023-03-13,11.41063,76.39551,974.6,34.0,61.1,0.875,0.483,BROADLEAF_HIGH_LITTER,0.15,-0.008,32.075,52.75,4.095,99.5,-4.039,0.676,0.0,0.0,65.42,0,0,4.6,6568.3,0
WES_CELL_0086_0086,CELL_0086_0086,WES,2023-03-13,11.78533,76.49372,1238.7,27.1,98.5,0.989,-0.148,BROADLEAF_HIGH_LITTER,0.15,-0.008,32.075,52.75,4.095,99.5,-4.039,0.676,0.0,0.0,65.42,0,0,9.6,18036.9,0
WES_CELL_0037_0025,CELL_0037_0025,WES,2023-03-13,11.56515,76.21288,994.2,23.8,76.5,0.972,0.233,BROADLEAF_HIGH_LITTER,0.181,-0.008,32.075,52.75,4.095,99.5,-4.039,0.676,0.0,0.0,65.42,0,0,8.7,5429.7,0
WES_CELL_0120_0045,CELL_0120_0045,WES,2023-03-13,11.93996,76.30634,1256.5,6.8,114.0,0.914,-0.407,BROADLEAF_HIGH_LITTER,0.351,-0.008,32.075,52.75,4.095,99.5,-4.039,0.676,0.0,0.0,65.42,0,0,10.6,8086.7,0
WES_CELL_0121_0021,CELL_0121_0021,WES,2023-03-13,11.94497,76.19618,1215.5,8.9,114.5,0.91,-0.415,BROADLEAF_HIGH_LITTER,0.33,-0.008,32.075,52.75,4.095,99.5,-4.039,0.676,0.0,0.0,65.42,0,0,11.2,16684.5,0
WES_CELL_0121_0087,CELL_0121_0087,WES,2023-03-13,11.94352,76.49918,1335.8,8.3,114.4,0.911,-0.413,BROADLEAF_HIGH_LITTER,0.336,-0.008,32.075,52.75,4.095,99.5,-4.039,0.676,0.0,0.0,65.42,0,1,9.6,4663.6,0
WES_CELL_0016_0130,CELL_0016_0130,WES,2023-03-13,11.46782,76.69367,1128.2,25.5,66.8,0.919,0.394,BROADLEAF_HIGH_LITTER,0.164,-0.008,32.075,52.75,4.095,99.5,-4.039,0.676,0.0,0.0,65.42,0,1,7.7,2136.2,0
WES_CELL_0094_0027,CELL_0094_0027,WES,2023-03-13,11.82279,76.22318,1152.9,33.7,102.3,0.977,-0.213,BROADLEAF_HIGH_LITTER,0.15,-0.008,32.075,52.75,4.095,99.5,-4.039,0.676,0.0,0.0,65.42,0,1,11.2,2941.1,0
WES_CELL_0071_0113,CELL_0071_0113,WES,2023-03-13,11.71686,76.6172,1247.0,10.9,91.7,1.0,-0.03,BROADLEAF_HIGH_LITTER,0.31,-0.008,32.075,52.75,4.095,99.5,-4.039,0.676,0.0,0.0,65.42,0,0,8.7,5374.6,0
WES_CELL_0085_0008,CELL_0085_0008,WES,2023-03-13,11.78247,76.13582,1093.8,26.2,98.2,0.99,-0.143,BROADLEAF_HIGH_LITTER,0.157,-0.008,32.075,52.75,4.095,99.5,-4.039,0.676,0.0,0.0,65.42,0,0,11.2,11445.7,0
WES_CELL_0014_0000,CELL_0014_0000,WES,2023-03-13,11.46162,76.09785,886.1,27.3,66.2,0.915,0.404,BROADLEAF_HIGH_LITTER,0.15,-0.008,32.075,52.75,4.095,99.5,-4.039,0.676,0.0,0.0,65.42,0,0,4.2,6345.2,0
WES_CELL_0004_0009,CELL_0004_0009,WES,2023-03-13,11.41625,76.13892,875.3,34.0,61.6,0.88,0.476,BROADLEAF_HIGH_LITTER,0.15,-0.008,32.075,52.75,4.095,99.5,-4.039,0.676,0.0,0.0,65.42,0,0,1.7,9428.8,0
WES_CELL_0131_0100,CELL_0131_0100,WES,2023-03-13,11.98839,76.55911,1386.7,25.2,118.8,0.876,-0.482,BROADLEAF_HIGH_LITTER,0.167,-0.008,32.075,52.75,4.095,99.5,-4.039,0.676,0.0,0.0,65.42,1,1,6.7,4344.1,0
WES_CELL_0089_0041,CELL_0089_0041,WES,2023-03-13,11.79991,76.28732,1164.9,30.6,100.0,0.985,-0.174,BROADLEAF_HIGH_LITTER,0.15,-0.008,32.075,52.75,4.095,99.5,-4.039,0.676,0.0,0.0,65.42,0,0,11.2,5546.0,0
WES_CELL_0078_0019,CELL_0078_0019,WES,2023-03-13,11.75062,76.18616,1094.8,15.1,95.1,0.996,-0.089,BROADLEAF_HIGH_LITTER,0.268,-0.008,32.075,52.75,4.095,99.5,-4.039,0.676,0.0,0.0,65.42,0,0,11.2,7927.9,0
WES_CELL_0039_0127,CELL_0039_0127,WES,2023-03-13,11.57185,76.68054,1185.3,25.9,77.2,0.975,0.222,BROADLEAF_HIGH_LITTER,0.16,-0.008,32.075,52.75,4.095,99.5,-4.039,0.676,0.0,0.0,65.42,0,0,0.5,8353.8,0
WES_CELL_0083_0073,CELL_0083_0073,WES,2023-03-13,11.77208,76.43401,1206.9,23.0,97.2,0.992,-0.125,BROADLEAF_HIGH_LITTER,0.189,-0.008,32.075,52.75,4.095,99.5,-4.039,0.676,0.0,0.0,65.42,0,0,8.7,14319.5,0
WES_CELL_0095_0148,CELL_0095_0148,WES,2023-03-13,11.82438,76.77842,1376.0,33.7,102.4,0.977,-0.215,BROADLEAF_HIGH_LITTER,0.15,-0.008,32.075,52.75,4.095,99.5,-4.039,0.676,0.0,0.0,65.42,0,0,9.2,5641.5,0
WES_CELL_0045_0040,CELL_0045_0040,WES,2023-03-13,11.60102,76.28182,1043.3,32.4,80.1,0.985,0.172,BROADLEAF_HIGH_LITTER,0.15,-0.008,32.075,52.75,4.095,99.5,-4.039,0.676,0.0,0.0,65.42,0,0,9.1,9159.2,0
WES_CELL_0048_0030,CELL_0048_0030,WES,2023-03-13,11.61478,76.23602,1033.3,33.7,81.5,0.989,0.148,BROADLEAF_HIGH_LITTER,0.15,-0.008,32.075,52.75,4.095,99.5,-4.039,0.676,0.0,0.0,65.42,0,0,8.7,11097.2,0
WES_CELL_0071_0009,CELL_0071_0009,WES,2023-03-13,11.71916,76.14015,1057.6,10.0,91.9,0.999,-0.033,BROADLEAF_HIGH_LITTER,0.319,-0.008,32.075,52.75,4.095,99.5,-4.039,0.676,0.0,0.0,65.42,0,0,11.2,14063.4,0
WES_CELL_0111_0059,CELL_0111_0059,WES,2023-03-14,11.89897,76.37041,1257.5,21.5,109.9,0.94,-0.34,BROADLEAF_HIGH_LITTER,0.212,0.008,31.525000000000002,54.75,3.965,180.5,0.035,3.965,0.175,0.175,62.89,0,0,9.7,6064.5,0
WES_CELL_0080_0098,CELL_0080_0098,WES,2023-03-14,11.75792,76.54863,1244.2,17.9,95.8,0.995,-0.101,BROADLEAF_HIGH_LITTER,0.248,0.008,31.525000000000002,54.75,3.965,180.5,0.035,3.965,0.175,0.175,62.89,0,0,9.7,14000.0,0
WES_CELL_0040_0124,CELL_0040_0124,WES,2023-03-14,11.57645,76.66681,1182.6,27.2,77.6,0.977,0.215,BROADLEAF_HIGH_LITTER,0.155,0.008,31.525000000000002,54.75,3.965,180.5,0.035,3.965,0.175,0.175,62.89,0,0,1.2,8198.1,0
WES_CELL_0073_0039,CELL_0073_0039,WES,2023-03-14,11.72762,76.27781,1117.7,6.4,92.8,0.999,-0.049,BROADLEAF_HIGH_LITTER,0.363,0.008,31.525000000000002,54.75,3.965,180.5,0.035,3.965,0.175,0.175,62.89,0,0,12.2,9243.7,0
WES_CELL_0061_0096,CELL_0061_0096,WES,2023-03-14,11.67209,76.53898,1188.8,27.0,87.2,0.999,0.049,BROADLEAF_HIGH_LITTER,0.157,0.008,31.525000000000002,54.75,3.965,180.5,0.035,3.965,0.175,0.175,62.89,0,0,9.7,11941.2,0
WES_CELL_0052_0009,CELL_0052_0009,WES,2023-03-14,11.63326,76.1398,1005.9,33.7,83.3,0.993,0.117,BROADLEAF_HIGH_LITTER,0.15,0.008,31.525000000000002,54.75,3.965,180.5,0.035,3.965,0.175,0.175,62.89,0,0,5.6,12508.2,0
WES_CELL_0027_0029,CELL_0027_0029,WES,2023-03-14,11.51986,76.23102,974.3,6.3,72.0,0.951,0.309,BROADLEAF_HIGH_LITTER,0.364,0.008,31.525000000000002,54.75,3.965,180.5,0.035,3.965,0.175,0.175,62.89,0,1,9.7,1514.9,0
WES_CELL_0116_0150,CELL_0116_0150,WES,2023-03-14,11.91923,76.78821,1436.8,13.8,111.9,0.928,-0.373,BROADLEAF_HIGH_LITTER,0.289,0.008,31.525000000000002,54.75,3.965,180.5,0.035,3.965,0.175,0.175,62.89,0,0,0.5,12612.9,0
WES_CELL_0014_0052,CELL_0014_0052,WES,2023-03-14,11.46063,76.33618,980.8,27.5,66.1,0.914,0.405,BROADLEAF_HIGH_LITTER,0.152,0.008,31.525000000000002,54.75,3.965,180.5,0.035,3.965,0.175,0.175,62.89,0,0,10.1,8362.9,0
WES_CELL_0106_0095,CELL_0106_0095,WES,2023-03-14,11.87552,76.53552,1309.5,28.6,107.6,0.953,-0.302,BROADLEAF_HIGH_LITTER,0.15,0.008,31.525000000000002,54.75,3.965,180.5,0.035,3.965,0.175,0.175,62.89,0,0,10.6,7269.4,0
WES_CELL_0006_0082,CELL_0006_0082,WES,2023-03-14,11.42381,76.47347,1013.7,33.7,62.4,0.886,0.463,BROADLEAF_HIGH_LITTER,0.15,0.008,31.525000000000002,54.75,3.965,180.5,0.035,3.965,0.175,0.175,62.89,4,4,2.7,4044.3,0
WES_CELL_0124_0086,CELL_0124_0086,WES,2023-03-14,11.9571,76.49466,1342.1,13.9,115.7,0.901,-0.434,BROADLEAF_HIGH_LITTER,0.288,0.008,31.525000000000002,54.75,3.965,180.5,0.035,3.965,0.175,0.175,62.89,0,0,10.6,5464.4,0
WES_CELL_0046_0005,CELL_0046_0005,WES,2023-03-14,11.60621,76.12134,982.3,33.0,80.6,0.987,0.163,BROADLEAF_HIGH_LITTER,0.15,0.008,31.525000000000002,54.75,3.965,180.5,0.035,3.965,0.175,0.175,62.89,0,0,5.6,9162.4,1
WES_CELL_0085_0144,CELL_0085_0144,WES,2023-03-14,11.77929,76.75978,1341.5,25.3,97.9,0.991,-0.137,BROADLEAF_HIGH_LITTER,0.174,0.008,31.525000000000002,54.75,3.965,180.5,0.035,3.965,0.175,0.175,62.89,0,0,10.2,5176.6,0
WES_CELL_0007_0004,CELL_0007_0004,WES,2023-03-14,11.42991,76.11606,874.4,33.3,63.0,0.891,0.454,BROADLEAF_HIGH_LITTER,0.15,0.008,31.525000000000002,54.75,3.965,180.5,0.035,3.965,0.175,0.175,62.89,0,0,5.2,9632.1,0
WES_CELL_0116_0118,CELL_0116_0118,WES,2023-03-14,11.92012,76.64134,1378.6,13.4,112.0,0.927,-0.375,BROADLEAF_HIGH_LITTER,0.293,0.008,31.525000000000002,54.75,3.965,180.5,0.035,3.965,0.175,0.175,62.89,0,0,7.7,8412.3,0
WES_CELL_0053_0097,CELL_0053_0097,WES,2023-03-16,11.6359,76.54336,1168.9,33.5,83.6,0.994,0.111,BROADLEAF_HIGH_LITTER,0.15,0.1,30.199999999999996,70.25,2.89,244.25,2.603,1.256,2.85,3.15,26.8,0,0,12.6,10907.0,0
WES_CELL_0036_0027,CELL_0036_0027,WES,2023-03-16,11.56059,76.22203,995.2,22.3,76.1,0.971,0.24,BROADLEAF_HIGH_LITTER,0.224,0.1,30.199999999999996,70.25,2.89,244.25,2.603,1.256,2.85,3.15,26.8,0,1,11.7,4918.6,0
WES_CELL_0083_0094,CELL_0083_0094,WES,2023-03-16,11.77158,76.53035,1245.1,22.8,97.2,0.992,-0.125,BROADLEAF_HIGH_LITTER,0.219,0.1,30.199999999999996,70.25,2.89,244.25,2.603,1.256,2.85,3.15,26.8,0,0,11.7,16530.6,0
WES_CELL_0073_0038,CELL_0073_0038,WES,2023-03-16,11.72764,76.27322,1115.9,6.4,92.8,0.999,-0.049,BROADLEAF_HIGH_LITTER,0.383,0.1,30.199999999999996,70.25,2.89,244.25,2.603,1.256,2.85,3.15,26.8,0,0,14.2,9005.4,0
WES_CELL_0076_0095,CELL_0076_0095,WES,2023-03-16,11.73991,76.53476,1227.9,10.7,94.0,0.998,-0.07,BROADLEAF_HIGH_LITTER,0.34,0.1,30.199999999999996,70.25,2.89,244.25,2.603,1.256,2.85,3.15,26.8,0,0,11.7,14155.9,0
WES_CELL_0023_0005,CELL_0023_0005,WES,2023-03-16,11.50222,76.12093,919.7,13.0,70.2,0.941,0.339,BROADLEAF_HIGH_LITTER,0.317,0.1,30.199999999999996,70.25,2.89,244.25,2.603,1.256,2.85,3.15,26.8,0,6,7.2,1806.9,0
WES_CELL_0076_0101,CELL_0076_0101,WES,2023-03-16,11.73977,76.56229,1238.8,10.7,94.0,0.998,-0.07,BROADLEAF_HIGH_LITTER,0.34,0.1,30.199999999999996,70.25,2.89,244.25,2.603,1.256,2.85,3.15,26.8,0,0,11.7,11567.1,0
WES_CELL_0090_0122,CELL_0090_0122,WES,2023-03-16,11.8025,76.65899,1315.1,31.1,100.2,0.984,-0.177,BROADLEAF_HIGH_LITTER,0.15,0.1,30.199999999999996,70.25,2.89,244.25,2.603,1.256,2.85,3.15,26.8,0,0,7.6,7530.4,1
WES_CELL_0070_0135,CELL_0070_0135,WES,2023-03-16,11.71175,76.71807,1284.3,13.0,91.2,1.0,-0.021,BROADLEAF_HIGH_LITTER,0.317,0.1,30.199999999999996,70.25,2.89,244.25,2.603,1.256,2.85,3.15,26.8,0,1,7.6,4643.8,0
WES_CELL_0131_0027,CELL_0131_0027,WES,2023-03-16,11.99006,76.22393,1253.6,25.7,119.0,0.875,-0.485,BROADLEAF_HIGH_LITTER,0.19,0.1,30.199999999999996,70.25,2.89,244.25,2.603,1.256,2.85,3.15,26.8,0,0,13.6,17356.1,0
WES_CELL_0084_0105,CELL_0084_0105,WES,2023-03-16,11.77582,76.58084,1267.8,24.2,97.6,0.991,-0.132,BROADLEAF_HIGH_LITTER,0.205,0.1,30.199999999999996,70.25,2.89,244.25,2.603,1.256,2.85,3.15,26.8,0,0,11.7,13050.0,0
WES_CELL_0116_0045,CELL_0116_0045,WES,2023-03-16,11.92188,76.30626,1245.6,12.7,112.2,0.926,-0.378,BROADLEAF_HIGH_LITTER,0.32,0.1,30.199999999999996,70.25,2.89,244.25,2.603,1.256,2.85,3.15,26.8,0,0,11.7,6971.9,0
WES_CELL_0076_0125,CELL_0076_0125,WES,2023-03-16,11.73914,76.67237,1282.4,10.4,93.9,0.998,-0.068,BROADLEAF_HIGH_LITTER,0.343,0.1,30.199999999999996,70.25,2.89,244.25,2.603,1.256,2.85,3.15,26.8,0,1,7.6,3613.0,0
WES_CELL_0125_0133,CELL_0125_0133,WES,2023-03-16,11.96039,76.71044,1430.4,15.2,116.0,0.899,-0.438,BROADLEAF_HIGH_LITTER,0.295,0.1,30.199999999999996,70.25,2.89,244.25,2.603,1.256,2.85,3.15,26.8,0,0,9.7,12740.3,0
WES_CELL_0060_0034,CELL_0060_0034,WES,2023-03-16,11.66895,76.25461,1073.2,27.8,86.9,0.999,0.054,BROADLEAF_HIGH_LITTER,0.169,0.1,30.199999999999996,70.25,2.89,244.25,2.603,1.256,2.85,3.15,26.8,0,0,14.2,14717.2,0
WES_CELL_0126_0047,CELL_0126_0047,WES,2023-03-16,11.96704,76.31566,1276.5,17.8,116.7,0.893,-0.449,BROADLEAF_HIGH_LITTER,0.269,0.1,30.199999999999996,70.25,2.89,244.25,2.603,1.256,2.85,3.15,26.8,0,0,13.6,6878.8,0
WES_CELL_0056_0030,CELL_0056_0030,WES,2023-03-18,11.65095,76.23618,1055.0,31.7,85.1,0.996,0.085,BROADLEAF_HIGH_LITTER,0.15,0.1,29.8,69.0,3.7975000000000003,244.75,3.435,1.62,1.15,5.55,37.41,0,0,3.1,13848.6,0
WES_CELL_0028_0061,CELL_0028_0061,WES,2023-03-18,11.52373,76.37773,1035.3,7.9,72.4,0.953,0.302,BROADLEAF_HIGH_LITTER,0.374,0.1,29.8,69.0,3.7975000000000003,244.75,3.435,1.62,1.15,5.55,37.41,3,5,5.7,3955.3,1
WES_CELL_0015_0016,CELL_0015_0016,WES,2023-03-18,11.46586,76.1712,918.0,26.1,66.6,0.918,0.397,BROADLEAF_HIGH_LITTER,0.192,0.1,29.8,69.0,3.7975000000000003,244.75,3.435,1.62,1.15,5.55,37.41,0,0,13.7,7637.1,0
WES_CELL_0065_0061,CELL_0065_0061,WES,2023-03-18,11.69098,76.37855,1136.0,21.0,89.1,1.0,0.016,BROADLEAF_HIGH_LITTER,0.243,0.1,29.8,69.0,3.7975000000000003,244.75,3.435,1.62,1.15,5.55,37.41,0,0,14.6,14688.3,0
WES_CELL_0012_0035,CELL_0012_0035,WES,2023-03-18,11.45193,76.25823,944.5,29.7,65.2,0.908,0.419,BROADLEAF_HIGH_LITTER,0.156,0.1,29.8,69.0,3.7975000000000003,244.75,3.435,1.62,1.15,5.55,37.41,0,0,13.7,7588.4,0
WES_CELL_0054_0095,CELL_0054_0095,WES,2023-03-18,11.64047,76.53422,1168.0,33.1,84.0,0.995,0.105,BROADLEAF_HIGH_LITTER,0.15,0.1,29.8,69.0,3.7975000000000003,244.75,3.435,1.62,1.15,5.55,37.41,0,0,14.6,11092.0,0
WES_CELL_0103_0037,CELL_0103_0037,WES,2023-03-18,11.86328,76.26926,1195.7,31.2,106.3,0.96,-0.281,BROADLEAF_HIGH_LITTER,0.15,0.1,29.8,69.0,3.7975000000000003,244.75,3.435,1.62,1.15,5.55,37.41,0,0,13.7,6585.7,0
WES_CELL_0103_0052,CELL_0103_0052,WES,2023-03-18,11.86296,76.3381,1223.0,31.3,106.3,0.96,-0.281,BROADLEAF_HIGH_LITTER,0.15,0.1,29.8,69.0,3.7975000000000003,244.75,3.435,1.62,1.15,5.55,37.41,0,3,13.7,1011.3,0
WES_CELL_0074_0105,CELL_0074_0105,WES,2023-03-18,11.73062,76.58058,1240.6,6.8,93.1,0.999,-0.054,BROADLEAF_HIGH_LITTER,0.385,0.1,29.8,69.0,3.7975000000000003,244.75,3.435,1.62,1.15,5.55,37.41,0,0,13.7,9336.8,0
WES_CELL_0103_0056,CELL_0103_0056,WES,2023-03-18,11.86287,76.35646,1230.3,31.3,106.3,0.96,-0.281,BROADLEAF_HIGH_LITTER,0.15,0.1,29.8,69.0,3.7975000000000003,244.75,3.435,1.62,1.15,5.55,37.41,0,3,13.7,3048.6,0
WES_CELL_0028_0085,CELL_0028_0085,WES,2023-03-18,11.52318,76.48774,1079.0,7.7,72.3,0.953,0.304,BROADLEAF_HIGH_LITTER,0.376,0.1,29.8,69.0,3.7975000000000003,244.75,3.435,1.62,1.15,5.55,37.41,0,1,14.6,3322.5,0
WES_CELL_0084_0105,CELL_0084_0105,WES,2023-03-18,11.77582,76.58084,1267.8,24.2,97.6,0.991,-0.132,BROADLEAF_HIGH_LITTER,0.211,0.1,29.8,69.0,3.7975000000000003,244.75,3.435,1.62,1.15,5.55,37.41,0,0,1.7,9020.9,0
WES_CELL_0006_0150,CELL_0006_0150,WES,2023-03-18,11.42207,76.78503,1137.3,33.8,62.2,0.885,0.466,BROADLEAF_HIGH_LITTER,0.15,0.1,29.8,69.0,3.7975000000000003,244.75,3.435,1.62,1.15,5.55,37.41,0,0,13.7,5727.8,0
WES_CELL_0019_0135,CELL_0019_0135,WES,2023-03-18,11.48124,76.71666,1145.4,21.1,68.1,0.928,0.373,BROADLEAF_HIGH_LITTER,0.242,0.1,29.8,69.0,3.7975000000000003,244.75,3.435,1.62,1.15,5.55,37.41,0,1,12.7,998.5,0
WES_CELL_0010_0121,CELL_0010_0121,WES,2023-03-18,11.44093,76.65227,1095.5,31.8,64.1,0.9,0.437,BROADLEAF_HIGH_LITTER,0.15,0.1,29.8,69.0,3.7975000000000003,244.75,3.435,1.62,1.15,5.55,37.41,0,5,13.7,3392.2,0
WES_CELL_0024_0143,CELL_0024_0143,WES,2023-03-18,11.50362,76.75346,1173.6,12.5,70.4,0.942,0.335,BROADLEAF_HIGH_LITTER,0.328,0.1,29.8,69.0,3.7975000000000003,244.75,3.435,1.62,1.15,5.55,37.41,0,0,12.7,5682.8,0
WES_CELL_0071_0086,CELL_0071_0086,WES,2023-03-19,11.71753,76.49336,1197.9,10.6,91.8,1.0,-0.031,BROADLEAF_HIGH_LITTER,0.362,0.1,28.799999999999997,70.5,4.3325000000000005,254.0,4.165,1.194,1.4500000000000002,6.999999999999999,35.13,0,0,8.1,17351.6,0
WES_CELL_0127_0102,CELL_0127_0102,WES,2023-03-19,11.97026,76.56819,1379.4,19.0,117.0,0.891,-0.454,BROADLEAF_HIGH_LITTER,0.278,0.1,28.799999999999997,70.5,4.3325000000000005,254.0,4.165,1.194,1.4500000000000002,6.999999999999999,35.13,0,2,12.7,3533.9,0
WES_CELL_0066_0093,CELL_0066_0093,WES,2023-03-19,11.69476,76.52534,1197.0,19.6,89.5,1.0,0.009,BROADLEAF_HIGH_LITTER,0.272,0.1,28.799999999999997,70.5,4.3325000000000005,254.0,4.165,1.194,1.4500000000000002,6.999999999999999,35.13,0,0,14.7,13560.1,0
WES_CELL_0038_0054,CELL_0038_0054,WES,2023-03-19,11.56908,76.34586,1049.8,25.1,76.9,0.974,0.227,BROADLEAF_HIGH_LITTER,0.217,0.1,28.799999999999997,70.5,4.3325000000000005,254.0,4.165,1.194,1.4500000000000002,6.999999999999999,35.13,2,3,6.7,2651.9,1
WES_CELL_0040_0017,CELL_0040_0017,WES,2023-03-19,11.57886,76.17626,987.8,27.9,77.9,0.978,0.21,BROADLEAF_HIGH_LITTER,0.189,0.1,28.799999999999997,70.5,4.3325000000000005,254.0,4.165,1.194,1.4500000000000002,6.999999999999999,35.13,0,0,4.1,6846.8,0
WES_CELL_0017_0044,CELL_0017_0044,WES,2023-03-19,11.47436,76.29958,974.4,23.4,67.4,0.923,0.384,BROADLEAF_HIGH_LITTER,0.234,0.1,28.799999999999997,70.5,4.3325000000000005,254.0,4.165,1.194,1.4500000000000002,6.999999999999999,35.13,0,0,14.7,5223.6,0
WES_CELL_0103_0114,CELL_0103_0114,WES,2023-03-19,11.86147,76.62264,1335.9,31.5,106.1,0.961,-0.277,BROADLEAF_HIGH_LITTER,0.153,0.1,28.799999999999997,70.5,4.3325000000000005,254.0,4.165,1.194,1.4500000000000002,6.999999999999999,35.13,0,0,2.7,7386.7,0
WES_CELL_0077_0023,CELL_0077_0023,WES,2023-03-19,11.74602,76.20449,1099.4,13.2,94.6,0.997,-0.08,BROADLEAF_HIGH_LITTER,0.336,0.1,28.799999999999997,70.5,4.3325000000000005,254.0,4.165,1.194,1.4500000000000002,6.999999999999999,35.13,0,0,17.2,7054.3,0
WES_CELL_0066_0055,CELL_0066_0055,WES,2023-03-19,11.69564,76.35105,1127.8,19.3,89.6,1.0,0.007,BROADLEAF_HIGH_LITTER,0.275,0.1,28.799999999999997,70.5,4.3325000000000005,254.0,4.165,1.194,1.4500000000000002,6.999999999999999,35.13,0,0,7.7,16285.8,0
WES_CELL_0105_0069,CELL_0105_0069,WES,2023-03-19,11.87162,76.41617,1259.4,29.5,107.2,0.955,-0.296,BROADLEAF_HIGH_LITTER,0.173,0.1,28.799999999999997,70.5,4.3325000000000005,254.0,4.165,1.194,1.4500000000000002,6.999999999999999,35.13,0,0,14.7,9719.5,0
WES_CELL_0122_0078,CELL_0122_0078,WES,2023-03-19,11.94825,76.45789,1322.1,10.3,114.8,0.908,-0.419,BROADLEAF_HIGH_LITTER,0.365,0.1,28.799999999999997,70.5,4.3325000000000005,254.0,4.165,1.194,1.4500000000000002,6.999999999999999,35.13,0,0,16.6,8951.9,0
WES_CELL_0020_0108,CELL_0020_0108,WES,2023-03-19,11.48647,76.59296,1099.1,19.2,68.6,0.931,0.365,BROADLEAF_HIGH_LITTER,0.276,0.1,28.799999999999997,70.5,4.3325000000000005,254.0,4.165,1.194,1.4500000000000002,6.999999999999999,35.13,0,3,10.6,2669.7,0
WES_CELL_0000_0054,CELL_0000_0054,WES,2023-03-19,11.3973,76.34504,946.4,33.1,59.7,0.863,0.505,BROADLEAF_HIGH_LITTER,0.15,0.1,28.799999999999997,70.5,4.3325000000000005,254.0,4.165,1.194,1.4500000000000002,6.999999999999999,35.13,0,0,2.1,11719.1,0
WES_CELL_0121_0109,CELL_0121_0109,WES,2023-03-19,11.94296,76.60017,1375.8,8.1,114.3,0.911,-0.412,BROADLEAF_HIGH_LITTER,0.387,0.1,28.799999999999997,70.5,4.3325000000000005,254.0,4.165,1.194,1.4500000000000002,6.999999999999999,35.13,0,1,12.7,4353.9,0
WES_CELL_0025_0047,CELL_0025_0047,WES,2023-03-19,11.51046,76.31349,1001.7,9.6,71.0,0.946,0.326,BROADLEAF_HIGH_LITTER,0.372,0.1,28.799999999999997,70.5,4.3325000000000005,254.0,4.165,1.194,1.4500000000000002,6.999999999999999,35.13,0,2,15.1,3521.2,0
WES_CELL_0019_0143,CELL_0019_0143,WES,2023-03-19,11.48103,76.75332,1159.9,21.2,68.1,0.928,0.373,BROADLEAF_HIGH_LITTER,0.256,0.1,28.799999999999997,70.5,4.3325000000000005,254.0,4.165,1.194,1.4500000000000002,6.999999999999999,35.13,0,1,13.7,4656.3,0
WES_CELL_0010_0124,CELL_0010_0124,WES,2023-03-20,11.44086,76.66602,1100.9,31.8,64.1,0.9,0.437,BROADLEAF_HIGH_LITTER,0.15,0.026,30.875,57.0,4.57,252.5,4.358,1.374,0.125,7.125,63.96,0,4,16.6,3922.5,1
WES_CELL_0104_0112,CELL_0104_0112,WES,2023-03-20,11.86604,76.61348,1335.0,30.7,106.6,0.958,-0.286,BROADLEAF_HIGH_LITTER,0.15,0.026,30.875,57.0,4.57,252.5,4.358,1.374,0.125,7.125,63.96,0,0,3.7,8367.2,0
WES_CELL_0083_0020,CELL_0083_0020,WES,2023-03-20,11.7732,76.19084,1110.3,23.4,97.3,0.992,-0.127,BROADLEAF_HIGH_LITTER,0.203,0.026,30.875,57.0,4.57,252.5,4.358,1.374,0.125,7.125,63.96,0,0,18.2,5981.9,0
WES_CELL_0028_0044,CELL_0028_0044,WES,2023-03-20,11.52408,76.2998,1004.4,8.1,72.4,0.953,0.302,BROADLEAF_HIGH_LITTER,0.356,0.026,30.875,57.0,4.57,252.5,4.358,1.374,0.125,7.125,63.96,0,2,15.7,2392.3,0
WES_CELL_0057_0059,CELL_0057_0059,WES,2023-03-20,11.65486,76.3692,1110.6,31.0,85.5,0.997,0.078,BROADLEAF_HIGH_LITTER,0.15,0.026,30.875,57.0,4.57,252.5,4.358,1.374,0.125,7.125,63.96,0,0,0.6,9915.7,0
WES_CELL_0057_0058,CELL_0057_0058,WES,2023-03-20,11.65489,76.36462,1108.8,31.0,85.5,0.997,0.078,BROADLEAF_HIGH_LITTER,0.15,0.026,30.875,57.0,4.57,252.5,4.358,1.374,0.125,7.125,63.96,0,0,0.6,9794.8,0
WES_CELL_0005_0018,CELL_0005_0018,WES,2023-03-20,11.42061,76.18018,894.4,33.9,62.1,0.884,0.468,BROADLEAF_HIGH_LITTER,0.15,0.026,30.875,57.0,4.57,252.5,4.358,1.374,0.125,7.125,63.96,0,0,8.7,10314.9,0
WES_CELL_0023_0065,CELL_0023_0065,WES,2023-03-20,11.50104,76.39595,1029.0,13.5,70.1,0.94,0.34,BROADLEAF_HIGH_LITTER,0.302,0.026,30.875,57.0,4.57,252.5,4.358,1.374,0.125,7.125,63.96,1,4,1.6,3213.7,0
WES_CELL_0039_0037,CELL_0039_0037,WES,2023-03-20,11.57395,76.26794,1021.5,26.5,77.4,0.976,0.218,BROADLEAF_HIGH_LITTER,0.172,0.026,30.875,57.0,4.57,252.5,4.358,1.374,0.125,7.125,63.96,0,0,15.7,6460.2,0
WES_CELL_0068_0057,CELL_0068_0057,WES,2023-03-20,11.70463,76.36027,1136.9,15.9,90.5,1.0,-0.009,BROADLEAF_HIGH_LITTER,0.278,0.026,30.875,57.0,4.57,252.5,4.358,1.374,0.125,7.125,63.96,0,0,0.6,15172.0,0
WES_CELL_0109_0020,CELL_0109_0020,WES,2023-03-20,11.89074,76.19135,1181.0,24.2,109.1,0.945,-0.327,BROADLEAF_HIGH_LITTER,0.195,0.026,30.875,57.0,4.57,252.5,4.358,1.374,0.125,7.125,63.96,0,0,18.2,11252.4,0
WES_CELL_0042_0101,CELL_0042_0101,WES,2023-03-20,11.58608,76.56143,1146.2,29.6,78.6,0.98,0.198,BROADLEAF_HIGH_LITTER,0.15,0.026,30.875,57.0,4.57,252.5,4.358,1.374,0.125,7.125,63.96,0,0,16.6,7436.1,0
WES_CELL_0048_0075,CELL_0048_0075,WES,2023-03-20,11.61382,76.44237,1115.2,33.7,81.4,0.989,0.15,BROADLEAF_HIGH_LITTER,0.15,0.026,30.875,57.0,4.57,252.5,4.358,1.374,0.125,7.125,63.96,0,2,15.7,4950.3,0
WES_CELL_0003_0097,CELL_0003_0097,WES,2023-03-20,11.40989,76.54213,1032.8,33.9,61.0,0.875,0.485,BROADLEAF_HIGH_LITTER,0.15,0.026,30.875,57.0,4.57,252.5,4.358,1.374,0.125,7.125,63.96,0,0,9.1,6393.2,0
WES_CELL_0000_0050,CELL_0000_0050,WES,2023-03-20,11.39738,76.32672,939.1,33.1,59.7,0.863,0.505,BROADLEAF_HIGH_LITTER,0.15,0.026,30.875,57.0,4.57,252.5,4.358,1.374,0.125,7.125,63.96,0,0,3.1,12944.6,0
WES_CELL_0006_0023,CELL_0006_0023,WES,2023-03-20,11.42504,76.20311,906.3,33.6,62.5,0.887,0.462,BROADLEAF_HIGH_LITTER,0.15,0.026,30.875,57.0,4.57,252.5,4.358,1.374,0.125,7.125,63.96,0,0,15.7,10279.9,0
WES_CELL_0011_0150,CELL_0011_0150,WES,2023-03-20,11.44467,76.78517,1150.9,31.2,64.5,0.903,0.431,BROADLEAF_HIGH_LITTER,0.15,0.026,30.875,57.0,4.57,252.5,4.358,1.374,0.125,7.125,63.96,0,0,15.7,7370.6,0
WES_CELL_0125_0131,CELL_0125_0131,WES,2023-03-20,11.96045,76.70126,1426.8,15.2,116.0,0.899,-0.438,BROADLEAF_HIGH_LITTER,0.285,0.026,30.875,57.0,4.57,252.5,4.358,1.374,0.125,7.125,63.96,0,0,13.7,11739.9,0
WES_CELL_0120_0009,CELL_0120_0009,WES,2023-03-20,11.94068,76.14106,1190.8,7.1,114.1,0.913,-0.408,BROADLEAF_HIGH_LITTER,0.366,0.026,30.875,57.0,4.57,252.5,4.358,1.374,0.125,7.125,63.96,0,0,18.2,18885.6,0
WES_CELL_0125_0008,CELL_0125_0008,WES,2023-03-20,11.9633,76.13657,1202.6,16.4,116.3,0.896,-0.443,BROADLEAF_HIGH_LITTER,0.273,0.026,30.875,57.0,4.57,252.5,4.358,1.374,0.125,7.125,63.96,0,0,18.2,21262.3,0
WES_CELL_0122_0087,CELL_0122_0087,WES,2023-03-20,11.94804,76.4992,1338.5,10.2,114.8,0.908,-0.419,BROADLEAF_HIGH_LITTER,0.335,0.026,30.875,57.0,4.57,252.5,4.358,1.374,0.125,7.125,63.96,0,1,16.6,4720.2,0
WES_CELL_0045_0045,CELL_0045_0045,WES,2023-03-20,11.60092,76.30474,1052.4,32.4,80.1,0.985,0.172,BROADLEAF_HIGH_LITTER,0.15,0.026,30.875,57.0,4.57,252.5,4.358,1.374,0.125,7.125,63.96,0,0,0.6,5754.6,0
WES_CELL_0007_0141,CELL_0007_0141,WES,2023-03-20,11.42684,76.74382,1123.6,33.5,62.7,0.889,0.459,BROADLEAF_HIGH_LITTER,0.15,0.026,30.875,57.0,4.57,252.5,4.358,1.374,0.125,7.125,63.96,0,0,14.7,6267.6,0
WES_CELL_0001_0044,CELL_0001_0044,WES,2023-03-20,11.40203,76.29924,930.9,33.5,60.2,0.868,0.497,BROADLEAF_HIGH_LITTER,0.15,0.026,30.875,57.0,4.57,252.5,4.358,1.374,0.125,7.125,63.96,0,0,15.7,12939.5,1
WES_CELL_0027_0009,CELL_0027_0009,WES,2023-03-20,11.52024,76.13934,937.9,6.4,72.0,0.951,0.309,BROADLEAF_HIGH_LITTER,0.373,0.026,30.875,57.0,4.57,252.5,4.358,1.374,0.125,7.125,63.96,0,6,11.2,2875.0,0
WES_CELL_0042_0003,CELL_0042_0003,WES,2023-03-20,11.58816,76.1121,967.7,30.1,78.8,0.981,0.194,BROADLEAF_HIGH_LITTER,0.15,0.026,30.875,57.0,4.57,252.5,4.358,1.374,0.125,7.125,63.96,1,1,5.1,2055.3,0
WES_CELL_0037_0007,CELL_0037_0007,WES,2023-03-20,11.56548,76.13035,961.4,23.9,76.5,0.972,0.233,BROADLEAF_HIGH_LITTER,0.198,0.026,30.875,57.0,4.57,252.5,4.358,1.374,0.125,7.125,63.96,1,1,5.1,4502.0,0
WES_CELL_0111_0005,CELL_0111_0005,WES,2023-03-20,11.90006,76.12253,1159.1,21.1,110.0,0.94,-0.342,BROADLEAF_HIGH_LITTER,0.226,0.026,30.875,57.0,4.57,252.5,4.358,1.374,0.125,7.125,63.96,0,0,18.2,16876.5,0
WES_CELL_0073_0098,CELL_0073_0098,WES,2023-03-20,11.72628,76.54845,1225.1,7.0,92.6,0.999,-0.045,BROADLEAF_HIGH_LITTER,0.367,0.026,30.875,57.0,4.57,252.5,4.358,1.374,0.125,7.125,63.96,0,0,15.7,12108.7,0
WES_CELL_0067_0002,CELL_0067_0002,WES,2023-03-20,11.7012,76.10796,1033.9,17.2,90.1,1.0,-0.002,BROADLEAF_HIGH_LITTER,0.265,0.026,30.875,57.0,4.57,252.5,4.358,1.374,0.125,7.125,63.96,0,0,5.1,10790.6,0
WES_CELL_0052_0009,CELL_0052_0009,WES,2023-03-20,11.63326,76.1398,1005.9,33.7,83.3,0.993,0.117,BROADLEAF_HIGH_LITTER,0.15,0.026,30.875,57.0,4.57,252.5,4.358,1.374,0.125,7.125,63.96,1,1,5.1,3833.3,0
WES_CELL_0073_0110,CELL_0073_0110,WES,2023-03-20,11.72598,76.60349,1247.0,7.1,92.6,0.999,-0.045,BROADLEAF_HIGH_LITTER,0.366,0.026,30.875,57.0,4.57,252.5,4.358,1.374,0.125,7.125,63.96,0,0,15.7,7124.9,0
WES_CELL_0048_0121,CELL_0048_0121,WES,2023-03-20,11.61269,76.65327,1198.9,33.6,81.3,0.988,0.151,BROADLEAF_HIGH_LITTER,0.15,0.026,30.875,57.0,4.57,252.5,4.358,1.374,0.125,7.125,63.96,0,0,15.7,6521.3,0
WES_CELL_0061_0038,CELL_0061_0038,WES,2023-03-20,11.67339,76.27298,1083.2,26.6,87.3,0.999,0.047,BROADLEAF_HIGH_LITTER,0.171,0.026,30.875,57.0,4.57,252.5,4.358,1.374,0.125,7.125,63.96,0,0,0.6,14125.4,0
WES_CELL_0090_0058,CELL_0090_0058,WES,2023-03-20,11.80406,76.36535,1198.6,31.3,100.4,0.984,-0.181,BROADLEAF_HIGH_LITTER,0.15,0.026,30.875,57.0,4.57,252.5,4.358,1.374,0.125,7.125,63.96,0,0,15.7,6154.5,0
WES_CELL_0055_0072,CELL_0055_0072,WES,2023-03-20,11.64553,76.42877,1128.8,32.5,84.6,0.996,0.094,BROADLEAF_HIGH_LITTER,0.15,0.026,30.875,57.0,4.57,252.5,4.358,1.374,0.125,7.125,63.96,0,0,15.7,8526.9,0
WES_CELL_0081_0038,CELL_0081_0038,WES,2023-03-20,11.7638,76.27339,1137.6,20.1,96.4,0.994,-0.111,BROADLEAF_HIGH_LITTER,0.236,0.026,30.875,57.0,4.57,252.5,4.358,1.374,0.125,7.125,63.96,0,0,18.2,5701.3,0
WES_CELL_0002_0045,CELL_0002_0045,WES,2023-03-20,11.40653,76.30385,935.5,33.8,60.7,0.872,0.489,BROADLEAF_HIGH_LITTER,0.15,0.026,30.875,57.0,4.57,252.5,4.358,1.374,0.125,7.125,63.96,0,0,15.7,12547.6,1
WES_CELL_0110_0053,CELL_0110_0053,WES,2023-03-20,11.89458,76.34285,1243.9,23.0,109.5,0.943,-0.334,BROADLEAF_HIGH_LITTER,0.207,0.026,30.875,57.0,4.57,252.5,4.358,1.374,0.125,7.125,63.96,0,1,15.7,3794.2,0
WES_CELL_0002_0051,CELL_0002_0051,WES,2023-03-20,11.4064,76.33134,946.4,33.8,60.6,0.871,0.491,BROADLEAF_HIGH_LITTER,0.15,0.026,30.875,57.0,4.57,252.5,4.358,1.374,0.125,7.125,63.96,0,0,11.6,13076.7,0
WES_CELL_0092_0144,CELL_0092_0144,WES,2023-03-20,11.81093,76.75998,1360.6,32.4,101.1,0.981,-0.193,BROADLEAF_HIGH_LITTER,0.15,0.026,30.875,57.0,4.57,252.5,4.358,1.374,0.125,7.125,63.96,0,0,16.2,6071.2,0
WES_CELL_0032_0041,CELL_0032_0041,WES,2023-03-20,11.54223,76.28613,1009.8,15.5,74.2,0.962,0.272,BROADLEAF_HIGH_LITTER,0.282,0.026,30.875,57.0,4.57,252.5,4.358,1.374,0.125,7.125,63.96,0,1,15.7,2905.8,0
WES_CELL_0001_0080,CELL_0001_0080,WES,2023-03-20,11.40125,76.46419,996.4,33.5,60.1,0.867,0.498,BROADLEAF_HIGH_LITTER,0.15,0.026,30.875,57.0,4.57,252.5,4.358,1.374,0.125,7.125,63.96,0,0,11.6,5602.2,0
WES_CELL_0003_0026,CELL_0003_0026,WES,2023-03-20,11.41142,76.2168,903.6,34.0,61.1,0.875,0.483,BROADLEAF_HIGH_LITTER,0.15,0.026,30.875,57.0,4.57,252.5,4.358,1.374,0.125,7.125,63.96,0,0,9.7,10382.0,0
WES_CELL_0063_0011,CELL_0063_0011,WES,2023-03-20,11.68295,76.14917,1039.4,23.7,88.3,1.0,0.03,BROADLEAF_HIGH_LITTER,0.2,0.026,30.875,57.0,4.57,252.5,4.358,1.374,0.125,7.125,63.96,0,0,5.1,9252.0,0
WES_CELL_0046_0075,CELL_0046_0075,WES,2023-03-20,11.60478,76.44232,1109.8,32.9,80.5,0.986,0.165,BROADLEAF_HIGH_LITTER,0.15,0.026,30.875,57.0,4.57,252.5,4.358,1.374,0.125,7.125,63.96,0,4,15.7,3950.3,0
WES_CELL_0124_0098,CELL_0124_0098,WES,2023-03-20,11.9568,76.54975,1364.0,13.8,115.7,0.901,-0.434,BROADLEAF_HIGH_LITTER,0.299,0.026,30.875,57.0,4.57,252.5,4.358,1.374,0.125,7.125,63.96,0,1,16.6,2022.2,0
WES_CELL_0109_0107,CELL_0109_0107,WES,2023-03-20,11.88877,76.59067,1339.5,24.9,108.9,0.946,-0.324,BROADLEAF_HIGH_LITTER,0.188,0.026,30.875,57.0,4.57,252.5,4.358,1.374,0.125,7.125,63.96,0,0,16.6,7974.1,0
